,benchmark,Iteration 0,Iteration 1,Iteration 2,Iteration 3,Iteration 4,Iteration 5,Iteration 6,Iteration 7,Iteration 8,Iteration 9,Iteration 10,Iteration 11,Iteration 12,Iteration 13,Iteration 14,Iteration 15,Iteration 16,Iteration 17,Iteration 18,Iteration 19,Iteration 20,Iteration 21,Iteration 22,Iteration 23,Iteration 24,Iteration 25,Iteration 26,Iteration 27,Iteration 28,Iteration 29
0,org.eclipse.collections.impl.jmh.GroupByListTest.groupBy_2_keys_serial_lazy_jdk,47.209577410116495,47.18266734570782,48.3681721775526,46.92715638296142,45.947833170624726,48.547539889628595,47.334981566318405,48.19691191841035,47.16818328606372,47.37682504684665,45.82934786961076,46.289007384890375,47.48561877755006,47.198723275322045,48.33915330820084,46.65081538603871,49.99130617537616,44.99852841312531,45.77990465370556,47.59959487350142,43.71158757935915,47.445705862339224,47.45772797301908,48.03412138514796,44.41927168124788,45.97953988542488,48.239192298400695,47.966027533373186,46.81885905161962,49.15310232002437
1,org.eclipse.collections.impl.jmh.NoneSatisfyTest.process_all_parallel_lazy_ec,2438.551393176192,2372.9271474322486,2425.6583387460128,2347.2103483450114,2434.4750837591346,2412.912814221284,2417.911886457033,2531.307684816895,2453.0601537249963,2466.135873388372,2393.0886400532086,2447.413288954479,2507.6466700765395,2513.2874396578986,2414.4756787276515,2414.9672144050974,2503.508521221148,2437.994887847587,2466.08527225256,2470.777296322478,2393.122468315216,2452.3033790837103,2442.846019083353,2491.0236980640652,2574.5374644807903,2445.1706494642854,2549.8283506550906,2492.1494693644204,2432.4653222299858,2513.07972528308
2,org.eclipse.collections.impl.jmh.CountTest.serial_lazy_streams_ec,1226.6281734284169,1226.199136236747,1209.013454693078,1140.0863997441697,1137.7185113745084,1138.0865137216747,1143.3682227415784,1140.5348533896724,1197.3180962139356,1163.9790064746392,1153.5042457917393,1147.3658577746032,1143.4060497236287,1140.468037807509,1146.8025206059517,1137.2417656603395,1140.7785064451887,1138.9986527514295,1142.878769134564,1143.4648950200074,1151.6212398355667,1144.7431951800525,1142.7196006071226,1141.9480682721055,1138.9316456705483,1139.1674941169642,1139.6368421842328,1145.4853151201514,1214.8969633736392,1201.3742510062466
3,org.eclipse.collections.impl.jmh.CountTest.serial_lazy_streams_ec,405.58717917348594,408.72604891335953,413.6922638398516,405.96317873372567,409.95864378197393,407.0386780303166,407.2882023658471,402.0474238121454,402.43342243565473,402.2790772747323,402.22060225684464,379.8517548757729,381.58734114642607,386.010562020998,386.024943455575,381.25203421539,378.13295097487133,376.4177664093622,376.4671059175014,374.9766010851157,377.54396690763605,379.4440196502075,378.36156140360345,376.82198552581775,377.45350507503764,377.43447822081293,376.499867741189,375.7025529075401,377.59878165935027,377.68265252889523
4,org.eclipse.collections.impl.jmh.CountTest.serial_lazy_streams_ec,419.3034886853924,420.21699622399194,421.2649688782668,410.8935871896832,417.2125088862022,414.13580294148346,408.98808128030817,408.44243890263596,414.6592786173529,415.91980359123096,401.287317736573,382.82980076151784,380.620058967218,380.45627547937397,382.04116073560897,378.0988528057814,390.2493993784776,386.90615204376024,388.0218175630798,385.3586291363142,387.9164668438628,389.97074634446295,388.67237833549154,387.8780550182828,384.88625648905105,386.315316366929,388.9346523665133,385.55012430740305,386.294800685493,382.4009410106381
5,org.eclipse.collections.impl.jmh.CountTest.serial_lazy_streams_ec,409.6923259794973,408.5123665497845,409.80007083943957,409.3804109356571,409.1960108594713,409.7704089180465,410.46178075859495,411.0477532103371,411.74014338418766,411.4469638497155,401.0607918270914,391.7120649958077,391.20833008919004,394.25333189404586,392.568493814989,390.828936910117,387.6705556234784,391.2418948839442,391.94340102123215,391.4564279102246,392.1855921056605,390.081956548296,391.2089660815679,391.7870578283539,393.2799056725533,394.7413228532037,394.88452076051783,396.75637452551723,395.03030291918185,395.0519511671734
6,org.eclipse.collections.impl.jmh.CollectTest.parallel_eager_ec,172.65524390817185,169.51402110047715,172.11013295572437,172.37282715669366,172.33958694753562,173.71536320821463,171.9273634397845,172.20283810523475,171.35583861740196,172.52111089725918,172.33507733077866,171.1443106220203,172.81058283858238,171.44188465984067,172.4019543433724,172.52021386686704,172.21384637450808,174.06827340633197,173.57393448525463,172.54419569219837,173.2208038030066,173.6183751789256,171.71648800762446,171.7832154227658,172.289991223269,172.61459631361214,173.15135284042609,173.1322392291889,173.29796008570906,171.93603188708053
7,org.eclipse.collections.impl.jmh.AggregateByTest.aggregateByAccount_serial_lazy_jdk,10.131285688106038,10.649879933999115,10.341883719079926,11.124995892600948,10.797385961889168,11.160813630091292,11.11721340569704,10.962222908240346,11.45839306020716,10.96290503748277,10.987191363039987,11.073517670712295,12.12040638352998,11.6187006425978,10.939328188607066,11.191905465360595,11.092651985807315,10.596946568899392,10.65786632717753,11.323375808506661,11.095417494834091,10.529579666962011,11.181421129553872,10.990508794434286,11.320364480910728,11.034723615850691,11.029750866876,11.493385189035385,11.216238913116186,11.708171081188047
8,org.eclipse.collections.impl.jmh.IntIntMapSmallStressTest.jdkGet,10542.730117614603,10472.328367692466,10541.854385058412,10448.015399924741,10543.131593880007,10549.2550327081,10472.394044770723,10573.919751261725,7463.475026630102,9773.931924861172,9839.357572093528,9819.75111423354,10873.910879960174,9804.603687170495,9812.636795061668,9931.15525593393,9870.820587964994,9760.800417150333,9793.326669618156,9837.374156093563,9873.609409046336,9814.035763520445,9949.687579809994,9744.289483351971,9793.399541321087,9825.17248695873,9848.549054635887,9802.104001171549,9846.19307493893,9838.189185638266
9,org.eclipse.collections.impl.jmh.IntIntMapSmallStressTest.jdkGet,2242.9502051001045,2237.3732625269545,2242.070135042543,2239.5130850650453,2238.676350082716,2234.4557826529444,2225.115839095756,2242.4811145373883,2238.455030215254,2233.7401825106713,2240.9432943942447,2232.0360238179614,2229.7934007222493,2247.4127195925926,2228.9951586225156,2234.6865204096034,2235.386393141242,2238.4003952093344,2219.327852147371,2236.5425867832364,2231.2089427190303,2238.374949463987,2246.515803955742,2241.371687481707,2236.60885289737,2237.5916686091705,2243.349009281044,2250.556023810959,2228.551303480557,2236.90626915351
10,org.eclipse.collections.impl.jmh.IntListJMHTest.sumJDKIntStream,8360.69123686939,8328.438571627448,8350.753530244801,8387.606705121596,8372.78162948232,8363.676292272783,8183.6867258879165,8429.819778882948,8419.089795364043,8403.305407984892,8325.844323362842,8365.436098549253,8340.37207006759,8387.481944712543,8372.64310271672,8351.848622743713,8372.363080850988,8344.430475931156,8407.10428205544,8412.455158929177,8395.139544730353,8355.374537082182,8372.551975508388,8358.091124454944,8403.344866830837,8370.33236078705,8416.189625168445,8351.141920167704,8371.355874393601,8382.851858241962
11,org.eclipse.collections.impl.jmh.MinTest.parallel_lazy_intstream_jdk,1130.5538235418778,1129.977057759083,1120.9801143562768,1132.9324624971132,1131.8658432602729,1126.7433109726107,1126.9867071917886,1128.7425221357296,1156.490696373902,1155.2875237864932,1134.6038791514834,1135.3627435992726,1137.7497030295815,1138.1090370309055,1138.0257941569378,1136.7905452052553,1148.4419330177209,1150.9863619625971,1145.3499870470102,1155.3669825178474,1149.8012016718333,1154.256681118496,1153.7762516328496,1155.9238500486065,1155.3191496293787,1154.8382868398555,1152.6826088436549,1154.8894193380984,1152.1548436045996,1153.7348590383097
12,org.eclipse.collections.impl.jmh.AnySatisfyTest.process_all_serial_lazy_ec,1365.8467478973457,1358.28790669861,1367.2453489296583,1363.96337828476,1364.8569035691955,1363.7936702918278,1284.206210309902,1369.9661481364797,1368.4201716364541,1368.188275786988,1370.4833086058893,1371.7834392920058,1370.1272577095115,1365.3494014527619,1366.8966298092673,1369.3086853398845,1282.5619460975581,1366.979202778409,1361.7956565190834,1284.346049521965,1286.1512230885082,1284.4460813429748,1284.0166050666112,1286.5058531018235,1283.6920024941496,1283.4696331269727,1283.3870466461995,1284.4012481013701,1286.039692329064,1282.573804572462
13,org.eclipse.collections.impl.jmh.MinTest.serial_lazy_reverse_streams_ec,152.81947450758366,149.8749696541904,150.06658389729324,156.06792567192474,155.05875598202888,152.08041157332926,150.00581557546406,150.51219794361126,150.69741812019709,156.36402466793277,152.79289763087073,151.2111237046544,155.15705221604114,154.3518803133612,156.47445285411132,157.96134790329597,152.42353510477494,150.13301830163152,152.80823269714378,151.24377522536594,152.81528544061536,151.45219679837152,153.32648153793644,157.2870985849701,156.5775393935825,158.2272406250554,155.1561709071838,156.16684131242195,151.48226663577304,152.16106968062434
14,org.eclipse.collections.impl.jmh.MinTest.parallel_lazy_streams_ec,326.4225412241797,331.3044458628732,331.2580062478393,330.005499058099,328.6254880759442,317.05724880801654,312.05829544068274,328.6896817706126,329.4887780620213,331.24058293373986,330.15017123178967,328.37533619521054,329.05015001685507,327.5415875334596,328.67510859925096,326.296452555305,324.71687186403994,327.34603953931975,331.9562272560053,326.2344204657423,331.44070971151586,327.8522497772631,332.34898616482667,330.0845020513635,328.5370180777734,327.83999097417643,327.8139423129475,328.94660670258645,329.29631963112445,329.3663886558838
15,org.eclipse.collections.impl.jmh.MinByIntTest.minByQuantity_parallel_lazy_direct_lambda_jdk,44.83180277708092,45.53701965670789,45.44380854648726,45.93738110207404,44.892236500526145,43.39314915233465,46.12657340587995,45.91937783299913,45.57021405035878,45.99899588694008,45.9613420990059,46.0168972617284,46.13488237646708,46.45810136984539,45.94947111269727,45.72303627416607,45.939096059642544,45.51926097951936,45.96447603294661,55.39895474656944,45.69747417553032,46.104149080508755,45.52960911332058,46.14950858343842,45.731231879571006,45.94688838357633,45.715552756323795,45.49869757950519,45.995074249513394,45.50225627883656
16,org.eclipse.collections.impl.jmh.CountTest.parallel_lazy_scala,581.5119852562692,570.5774537314421,573.5239672474128,526.6543067463233,597.6058150211713,612.609992875016,573.9741119627762,560.3189457690723,335.3130926874097,331.8792207572082,301.5315017612999,324.78485926137665,364.3971020794328,397.1211270217165,480.97206177584764,452.63240228923166,429.4203329398542,364.7565264776023,423.9777531750083,388.0146091380487,359.04422141025213,291.9195373421638,356.15072085414687,393.91458513701724,484.38226584322337,389.9684499965109,321.30238312492105,410.36660570995235,444.6351759488636,397.8111223658757
17,org.eclipse.collections.impl.jmh.CountTest.parallel_lazy_scala,263.4738096045198,299.54489634671717,248.25669017532564,279.84035052034744,265.64518887831315,272.2663068302073,261.7319312769349,275.1934023586254,292.36465039128404,262.7864308397922,268.84532172606214,256.0089374333811,274.7189131024918,260.6695773291342,277.1282200220705,296.17111242342503,267.96780649914393,267.4812412635873,227.93023655841125,250.6631786229576,227.36746938435945,245.90492823664516,234.46768683823274,249.29213572847542,235.59830230299207,249.29454554712711,259.5503422690863,257.2381724318618,228.670412351651,251.24710238062792
18,org.eclipse.collections.impl.jmh.CountTest.parallel_lazy_scala,271.9775194261543,290.90640929909387,300.8354553401826,264.8790546343796,285.3571180925779,265.5530142620158,265.9297424257701,275.07196002070646,293.7734108056052,278.7179352198141,265.6687705529251,275.208792659624,278.8433191529323,274.3427562358575,280.68681638675923,304.0180717910966,287.141499177213,222.17704998589485,229.29661337754885,236.9415854917322,255.48122824879852,224.51935793929786,251.2284798506634,221.76755455945607,253.89631509232416,234.5745386166073,253.4530584380131,260.22590495961305,231.69308890824314,250.70023497134218
19,org.eclipse.collections.impl.jmh.CountTest.parallel_lazy_scala,273.19906285382956,254.7670417812963,268.2092838956594,304.3184307919294,272.3909560281056,263.0658953591887,259.28059384159286,287.4123443619867,281.27624528050626,298.7992678470574,321.0953907993167,288.1701193334102,293.8733370652448,312.82612403629344,279.0472298598427,298.943224403878,303.0352077179702,230.3010104093933,220.2946135632459,252.53209187305953,227.93287012282292,250.56629079819675,222.9017270865621,252.59386569008086,263.7193962808597,264.1611638847577,249.29873437723734,262.56021583943243,249.27497600476588,239.1644326566142
20,org.eclipse.collections.impl.jmh.AggregateByTest.aggregateInPlaceByAccount_parallel_eager_ec,15.111879485033933,17.220873555159024,15.717860744705975,14.702924841076296,13.343543703489757,13.666600823436879,14.879294908475332,15.550553168372284,14.25558252277313,15.383908603900096,15.706342871598855,14.135851469681254,14.688034200525294,14.405885447942765,15.28993571173244,15.384194157490022,15.61174517300555,15.226199382647046,15.539767307368942,15.683722491383,14.607621227336487,15.698388133043363,14.308174718180288,13.831103881562376,13.735515560359254,14.556602180451117,12.601022767053298,14.090723787368994,13.787777972064067,13.571583809467992
21,org.eclipse.collections.impl.jmh.GroupByListTest.groupBy_100_keys_serial_lazy_ec,89.39589437078067,88.90626283755864,89.09006102192053,88.95664688918191,89.01178551644952,88.64373903992376,88.73287438450778,88.42789530448383,89.43012255202913,88.5386410782964,88.73529967281111,88.79276939687325,89.65077982098292,89.80455350077038,89.75226257376245,89.56367996453851,89.48821119294205,89.06339649730525,89.36183780554778,89.40637688360535,89.80440663098855,89.83988233067686,90.13325080904572,90.13389493102169,89.83895119237346,89.49080038847679,90.16704406033416,90.02679610981907,89.8468390817326,89.69126553300369
22,org.eclipse.collections.impl.jmh.SummarizeIntTest.parallel_lazy_mapToIntSum_jdk,141.2142366803413,143.9918612860581,144.02748665849552,144.10356973601466,143.53307213244673,144.04351690940803,143.7644429665504,143.9609477137137,144.2199250974225,143.412323117967,144.13460602427702,143.48916336855663,144.1355808697309,144.5682506781243,144.46272578727005,143.96029402338482,144.2773325871827,144.22146541604866,143.96227583731505,144.20913073676863,144.26749506640985,144.242578183168,144.05058277600494,143.4019591940145,144.19702875160468,144.20275731922155,144.1822238026627,142.78791667899293,145.75754238551212,146.80933270043928
23,org.eclipse.collections.impl.jmh.GroupBySetTest.groupBy_2_keys_serial_lazy_scala,32.122868875430456,28.077441479587755,30.93928521079162,29.702521083158867,31.742958221505535,30.93755798421906,31.78686976929488,31.973208529510824,31.90461706349769,30.311342988843464,30.95759985209058,29.950623402259037,31.504686593858757,30.818744791694265,31.728520530032906,31.47701985983057,31.26533301079005,29.671969608850763,30.33935751681433,32.21966097939629,31.571870502491468,31.53095074775236,30.986568264842532,31.19339866425461,30.63205307777495,30.734559227363004,31.884109869334633,31.93022533719797,31.666604237275855,31.58236899604472
24,org.eclipse.collections.impl.jmh.IntListJMHTest.filterMapSumJDKIntStream,212.8458164062077,221.37121896063397,220.78345823356602,220.17301540255596,220.07244394499926,220.68907976239686,220.91285385558535,219.23185848349155,219.90100474578253,217.38478107017156,219.36016784945485,219.9163800952145,221.00016035652175,220.60186459343956,220.41148678313093,219.09873363451595,220.44396338938873,219.70091126295674,220.6392814721461,219.4617229402187,220.12159991287248,220.55883777157163,224.0608797429588,222.9769600783952,225.58708067021254,225.3206020546547,226.0889213344972,222.770996984375,224.3088839165447,225.95767112351075
25,org.eclipse.collections.impl.jmh.AnySatisfyTest.short_circuit_middle_parallel_lazy_ec,2936.980650377751,2983.25707978325,2998.7315065853995,2959.4613070150517,2952.9420199330984,2988.6892027573194,2830.0714705309474,2873.42730140226,2956.5338755468533,2925.872561822263,2952.250019261857,2966.628008580748,2978.111646397551,2988.577923139915,2918.177673915259,2950.7569375756643,2990.2941836926184,2967.5271536877776,2979.879508572071,2970.907041921069,2971.8979379538123,2986.846553745148,2992.464309211013,2979.8240481972675,2996.6600648755607,2987.5667327853466,2999.1834333208935,3047.0610664147507,3036.586308134489,3008.8939515326783
26,org.eclipse.collections.impl.jmh.CollectorJoiningTest.serial_lazy_collectToStringJoining_ec,2055289.257961501,2063659.8737823323,2056027.4720925188,2043542.0278469552,2064128.6053347494,2047389.7199260427,2052208.884831419,2050469.990640706,2063548.4342317595,2048263.1925050272,2053797.5321927378,2061431.805329173,2056154.9054605074,2064265.9215537212,2055413.3446693833,2049306.3070886896,2039748.9055474254,2062692.3096745773,2049832.6078317082,2073991.1769539649,2051821.5253562855,2076688.1228653928,2063539.7653447278,2067108.3123487202,2058130.4862684272,2044919.1724822994,2048585.6568780805,2069723.5862537469,2060172.7596144346,2060309.8733993198
27,org.eclipse.collections.impl.jmh.CollectIfTest.parallel_lazy_ec,91.30221170815064,90.25753555552292,90.80863045184333,92.10588324368256,91.19607694302225,90.65699653390408,92.77966740253048,91.4737180378003,90.64131437204955,92.28596951865279,91.51815690390096,91.14458437802034,92.68588420174844,91.28130603887742,91.62156610013686,92.13035623168119,91.34310968045737,91.57408745406575,91.88872105540239,92.78774487880641,91.40896725962992,91.2978350156367,91.86003818769562,90.26032127046493,90.46227734047702,91.33649761282682,90.69523806127603,91.23717845046907,82.0646195877355,82.49621590354616
28,org.eclipse.collections.impl.jmh.SelectTest.serial_eager_ec,163.22731600056238,166.32187809358072,172.93205655136947,164.87598704246213,165.96929302528164,168.46100698661425,166.67636882336768,162.83276248916093,165.88053648699386,166.61642133974996,171.42510414227067,164.32255119759634,160.33191630491928,164.41186128627461,167.70468613491005,150.89410508225305,154.8716357288276,152.63440686335835,149.19247217195868,154.46628097182236,154.72654311566527,155.407262317497,156.30790703937478,154.5928220834348,157.54518693959636,153.67274324845968,156.66273270911822,155.2137367229436,148.61214137125666,157.41638003036846
29,org.eclipse.collections.impl.jmh.AggregateByTest.aggregateByProduct_parallel_lazy_streams_ec,63.594553012064324,63.79470604233493,66.95329161578347,63.57027915267048,67.0387617523388,66.6339551061914,67.32030701661635,67.30163006482938,67.22388284061202,66.7588293852831,67.38195979063461,67.13101708653681,67.24126809777981,66.51322368615035,67.74644392776301,66.48660223307222,67.52980085627387,67.33583100658315,67.40946923291159,67.21359009053575,66.83444311413373,67.01341859626491,66.99966189562807,67.30468833038145,66.82386872178178,67.08970724513112,67.38821878915726,67.77063348466227,67.33802955695698,67.50663356571711
30,org.eclipse.collections.impl.jmh.MaxTest.parallel_lazy_streams_ec,363.8394587495424,372.2294080737998,370.18337362686225,370.93071867315837,375.72441328162176,371.9636572908644,377.5181754402765,372.2053029688101,367.9818393602639,365.8888373124097,365.75652977687565,379.52658119929805,375.6266939277873,384.0163620574407,382.9828771387579,379.4126623692245,377.1287740140461,369.9623333949124,367.67760117997847,371.5334914021907,368.5993693454584,377.1727496484054,368.97890695978265,371.8864473945409,369.23993583863336,369.11622281302147,370.8306064490768,369.13636744731116,372.01263494138726,367.42990934756295
31,org.eclipse.collections.impl.jmh.GroupBySetTest.groupBy_100_keys_serial_eager_scala,11.571584330739455,11.459384414531872,11.429640165239109,11.432664180800884,11.584897114475629,11.476976791469855,11.401904090618563,11.386758405831733,11.458305031717762,11.566401593947297,11.699016101924238,11.47082539376569,11.577538190079924,11.500752583372362,11.526559634146075,11.485514388376217,11.38943564639278,11.468100584191065,11.500644224399615,11.439650588532654,11.545704280874958,11.480300492694221,11.485725107728564,11.378910115206857,11.464958444164171,11.481627833964271,11.45068329781721,11.54567795353574,11.530195751774897,11.53164965994991
32,org.eclipse.collections.impl.jmh.MinByDoubleTest.minByMarketValue_serial_lazy_collect_methodref_jdk,19.184694180862014,18.150265499743302,22.465174467006314,19.966867140402154,21.86575063218606,20.679542937039383,21.22436459500609,21.4697039377988,20.565139936302614,20.815723066414996,20.2669065702218,19.96208541231383,23.703050670026233,23.631194795867387,23.60271719948363,22.51667711641177,22.302644048268895,21.16727707609505,21.214616012976734,21.0555315603315,20.483448178516248,20.776148324801106,22.922003733414382,23.446155729962282,23.862598371113382,23.42829341282293,22.6018780438981,21.94797268192506,21.75770706617704,21.227184627570846
33,org.eclipse.collections.impl.jmh.SumOfIntTest.serial_lazy_mapToIntSum_streams_ec,70.30708340706458,69.13659544027935,70.66384467119543,69.89935171376929,69.78996410206638,69.90071965836563,69.46101020628132,66.74473502786488,70.19910140048414,70.38772575110777,70.84891589129339,70.8498580274122,70.97919095960718,70.98133176778241,71.08295980184084,71.09658002343699,71.1257025929028,70.7473765412991,71.46013667537201,71.17332636931332,70.83091301110719,70.15981669069983,70.1868387288912,70.74410618770051,70.50940220732524,71.32646801417145,71.07724576944136,70.21819642906905,70.33161586697261,70.40728206929676
34,org.eclipse.collections.impl.jmh.GroupBySetTest.groupBy_10000_keys_parallel_lazy_streams_ec,9.03070867107307,10.771010397748865,8.942080579224264,6.978490304013294,7.883024458727432,7.655512597252677,9.866365272097571,9.174877999743451,7.701340616932698,7.486846544138128,9.837462938612655,8.67148573849561,8.771171930334978,6.849218495852715,10.63231735834964,6.830972497030213,4.884980844724898,5.473508239733096,9.086021381347267,7.93152920232008,9.278061741052984,8.511487804720414,5.873720028824358,5.640797066286127,7.224536540291618,8.934566912970968,7.183205013007932,6.459822873705489,5.901083048195951,9.12782301955874
35,org.eclipse.collections.impl.jmh.AggregateByTest.aggregateByAccount_parallel_lazy_streams_ec,8.170228927481494,7.238936354043024,8.27386651221978,7.904395701637044,8.073453914552287,7.8921491881136,8.05263881148849,7.750498697361574,7.9672079044286965,7.9271527245214175,7.813424639450985,7.989586349183715,7.667947551936528,7.693890651125387,7.961737188833627,7.897602856202822,7.782651706646019,8.052773115812121,7.559004288270376,8.030398930604623,7.369307588091592,7.869270817834046,8.327174000297779,7.95234030446684,7.7389900092947395,8.00556846527967,8.113996852288517,7.450048962932417,7.809744319514134,8.39743661781215
36,org.eclipse.collections.impl.jmh.BagAddAllTest.ec,206.24714162758963,205.66032318381667,206.85630251176525,206.4614028994877,206.79704792958256,207.60165581124429,207.22864256353196,206.54383142479185,207.29527876302194,206.62666240058803,205.61832386498216,206.18506117455485,204.20427292141738,205.77762928579912,206.4597044505992,206.9098301443919,205.10512572116318,205.26536940620568,206.2298568723348,206.82269999948923,206.24232283502752,204.74065889744713,206.4975522209116,206.01214457316857,207.01743748383666,206.21288603265202,207.13809507219509,206.67740983830538,206.5482096652636,207.68489279630842
37,org.eclipse.collections.impl.jmh.IntListJMHTest.filterMapSumECOptimizedParallelEager,399.5373441457634,396.7380544929971,399.7423632486897,401.3110184081993,402.3147441356644,401.52225115859244,401.00036463701315,403.0790208683787,402.82476921126926,403.41783296967327,400.4731615370715,394.90846653599243,403.58511127692645,404.7841921414491,402.6239082021006,405.08118877141084,403.9511005074303,405.3787388406834,403.80139755103966,404.6496955678463,404.90689935172514,399.9067637375684,403.45983465918374,399.49816039836156,402.25655667257575,403.3339230660988,400.59467790430176,402.40231264982583,398.1870052656818,398.07843647720216
38,org.eclipse.collections.impl.jmh.FunctionalInterfaceTest.serial_eager_ec,7.710789156427088,7.625724416070363,7.873897184912993,8.129449832762223,7.795158679896815,7.238996012567353,7.779776308305751,7.864996594151706,6.729392132654367,8.731956942708672,7.651141380869063,7.836964876731645,7.580575426262603,7.584753581917893,7.1823152114976585,7.793700581928637,7.5965514736711155,7.897165719332319,8.503839489056805,7.1993581743390145,7.534186149908112,7.900818621989307,8.091641379525393,8.441729818418898,8.041552345017406,7.885738439806229,8.543899768344879,8.39861368899041,7.605145087892162,6.937660829968341
39,org.eclipse.collections.impl.jmh.FunctionalInterfaceTest.serial_eager_ec,7.782014679457478,7.78864035890401,7.700432611266655,7.671122785241693,7.982879724553609,7.475320220946395,6.897991406302959,7.329274852165431,7.018463319387608,8.525053183331158,6.732320752347078,8.759719330767293,6.706687489308941,7.241303969883149,7.732788715658965,7.677939786402172,7.307793507281607,7.169147893219356,7.81265571141642,6.698047407897325,7.927585844107747,7.652037681487753,7.108003577594043,7.96222356471062,7.553020656640381,7.281425519495347,7.438983356993144,7.512591344905596,7.405027685200148,7.637252661868472
40,org.eclipse.collections.impl.jmh.FunctionalInterfaceTest.serial_eager_ec,7.191249797991051,7.066084812739196,7.658039562327518,7.878727792479465,8.996317773848787,7.6327025529918835,7.6329614901159015,7.85798974918165,7.594405833456778,6.844118795188508,7.981343760605117,6.7544187499129045,7.6098730980606115,7.614334602157286,7.68367219044836,7.382427909894743,7.684667211932228,7.472821797825872,8.86870018853891,7.64300506243803,7.960852018395792,7.512510652071022,8.177970156913139,7.4092914164164085,7.267648237115047,8.526013477677694,6.916688924571626,6.9831066840104485,7.9304259842493074,7.175546523886494
41,org.eclipse.collections.impl.jmh.FunctionalInterfaceTest.serial_eager_ec,7.185491925585479,7.558970440975851,8.291506498675966,8.164044815785987,7.590827416840813,7.588320628205295,7.989681784050987,7.581131577017859,7.4080218830069064,8.05291814746477,7.541500616295672,7.658620858167939,7.72253333879664,7.317511769298926,7.796361734240376,7.44213812032826,9.924376735569421,7.278368689981986,8.567196343797796,6.941862780827146,7.717432982680189,6.6862800349561775,7.474559242129324,7.3481929650854845,7.478409609442255,7.908871663394966,7.589313015107598,7.624820813851566,7.654165879762602,7.953377847839039
42,org.eclipse.collections.impl.jmh.GroupBySetTest.groupBy_10000_keys_parallel_lazy_ec,16.794528101693594,15.47260354332775,16.776903637828486,16.64326556628646,15.570135161968896,17.58885378857227,16.798429894631294,16.314998990768558,16.604785044469406,16.809768489500428,15.937402028556358,15.771025760280123,17.610762524003835,15.580902788942062,16.077859527777246,16.54562645504429,15.711341817043527,16.133720466194976,16.21981836711547,15.827140811165538,15.51749499169697,15.94476798400439,15.794050446742022,15.84807747665484,16.112388145822987,16.112622988539837,16.882229144617714,17.26082793168349,16.897741845120713,16.397500964908534
43,org.eclipse.collections.impl.jmh.AllSatisfyTest.process_all_serial_lazy_streams_ec,1040.646522555037,1046.3946638261605,1055.5253714059681,1009.3736684980919,1055.494474088119,1027.8694503011172,1046.3711068982186,1064.1130202971744,1048.2941709551658,1044.0984084950835,1046.8324869122769,1051.4182187570152,1059.6329495040895,1050.5362533773816,1042.5685267597894,1051.4869700439328,1061.357662097468,1123.3508436312366,1130.0737384505003,1107.1366470926407,1108.8543386763629,1102.5221525662898,1099.1095438517975,1069.865558554181,1049.234745884263,1100.20552398784,1106.3296825896268,1113.6947474066833,1111.0456039778608,1121.3866295483028
44,org.eclipse.collections.impl.jmh.IntListJMHTest.filterECParallelEager,408.3940375872432,410.80810660370815,409.62036343754573,410.48392032262615,408.1191979631942,409.7008982689197,415.71384545305165,401.482712810541,406.7773199256397,402.781725332971,407.1255903136456,402.3897321107732,410.65288825445094,408.42441033748224,416.306733970973,416.55597632259867,410.9281578410928,409.2803864440582,408.61655177611397,415.7012629386094,416.1349640210259,414.59575669934543,414.94188282494963,407.6370688960868,409.9784101269443,415.3304403977391,409.4023442228449,413.46490447072154,413.9273181172095,418.62997254863427
45,org.eclipse.collections.impl.jmh.MaxTest.parallel_lazy_intstream_streams_ec,1000.206684068118,1001.9295244690439,998.4983823706517,990.2509217773664,1001.814233586666,1010.2989182890211,992.2481481889428,1004.3783768741044,1006.1176584971882,1007.7039043383908,1006.4905600681225,1006.3885153578407,1002.9105863697347,1008.0385076704213,1000.3868312172548,1001.0015410029113,1000.4945518458593,991.7743493906335,1003.8589036156612,995.5618034722017,989.9402995974302,1006.6059829511115,1008.237850827327,1012.2419967521201,1010.5234978436896,1009.885864627453,1009.2279507099863,1008.3986246648844,1009.722541372024,1009.5197512639287
46,org.eclipse.collections.impl.jmh.NoneSatisfyTest.process_none_serial_lazy_ec,1651.8426950201533,1659.9167302772257,1661.183428673801,1662.2221166183092,1650.9325759135997,1661.3808681442965,1553.850424804258,1558.7233468693341,1558.1956422693086,1662.9435098089718,1658.798829171992,1660.9181848311334,1659.3045953998956,1557.8551584166462,1557.9093935475807,1559.2526174761388,1555.6262359068037,1558.3901100049386,1658.5032533980584,1661.8880818090186,1659.9326185081186,1559.1226240119313,1559.4768921902375,1555.581127114321,1558.2343787076045,1559.1883395628272,1558.8757887771503,1559.1755631684127,1555.6952455241828,1559.1811102849729
47,org.eclipse.collections.impl.jmh.MinTest.serial_lazy_ec,210.71182923806305,210.3159467522405,210.09824907066573,210.69063661753538,210.04040290404012,209.7275982452056,210.53668770162662,209.75397997639365,206.07032178003195,210.8237945266536,210.61680252578378,210.4752271675087,210.54300167685028,210.50260717854474,210.90467340757118,210.4982067967026,209.3684334207963,209.23137640336242,210.35437341541908,209.18902560821724,209.44328696720066,209.18829294254382,210.0628355384819,215.75567848543878,345.9536608909383,342.889189186509,346.25592648450635,345.50046747761013,346.0022438245512,346.5328110482681
48,org.eclipse.collections.impl.jmh.AnySatisfyTest.short_circuit_middle_serial_lazy_streams_ec,1507.8143955869753,1410.7502605243803,1272.1155375023563,1485.0786097080215,1305.6423662768836,1336.571735684452,1318.1772214600862,1357.7394579444572,1175.6645899464759,1249.122890888476,1103.918149988769,1490.298093442758,1497.8885196469253,1372.8057603401637,1281.5666971734188,1277.2803636384813,1370.970931396272,1297.5818996482049,1482.918714989778,1333.8689860543207,1491.9910629735327,1325.8659761636654,1491.6130487261255,1383.9003231953216,1492.6936291107058,1356.328039824542,1310.853695619032,1375.8125923119255,1291.1327654884128,1316.1378441631132
49,org.eclipse.collections.impl.jmh.MinByDoubleTest.minByMarketValue_serial_eager_ec,49.62976596590539,50.29252380214983,50.56349470446289,50.6109349662575,50.8690671923105,50.996833300639366,50.18561854601936,50.649317849177436,50.41610841165198,50.55846824543355,50.810612131893045,50.76605650784084,50.614651475365136,50.67988516788648,50.720082206313634,50.63734470513062,50.698630004322844,50.78246179727255,50.923677832306765,51.0132725616403,50.971818548045704,50.29365022587884,50.48680780850392,50.54020006805941,50.46416533583592,50.695817843437425,50.44589502483829,50.527221037042956,50.748313485526964,50.6996597280408
50,org.eclipse.collections.impl.jmh.NoneSatisfyTest.process_all_parallel_lazy_jdk,1301.7083785596658,1281.2699848946763,1290.5202288511484,1292.354871956178,1305.189971683599,1288.3708421863469,1283.6087586175909,1307.3897732085754,1297.821774029238,1303.3625957360057,1311.1054395288265,1305.3172042342715,1307.6652647565977,1300.8599211616543,1295.2617263816526,1286.3718841292734,1285.9175791127668,1295.8848586819827,1311.4817631369046,1304.3956786996412,1305.9202710374823,1317.7448427662857,1322.6316893987166,1305.3127033218332,1313.359651882229,1302.4265918338958,1314.9958253825012,1305.9617108133584,1305.2063210038798,1304.3947764764523
51,org.eclipse.collections.impl.jmh.SelectTest.parallel_eager_ec,842.1625358888988,841.0782421685296,850.4346217087073,841.0057041861119,832.2938569229708,855.0171039729056,856.0571583351243,853.5381274736945,856.3091215987333,851.1550481058731,858.6605955090919,850.7775888719395,849.1875796949431,848.1544815825462,851.0837572702732,855.1288901570978,860.4333968642643,849.599858856875,854.2201567922597,857.7796955830037,859.3534156152638,853.9442425646259,850.8891095785724,860.6107724265654,857.8789752279107,859.4338599768143,855.7305826390925,855.576095412191,845.6494613852666,848.5323916181594
52,org.eclipse.collections.impl.jmh.IntIntMapSmallStressTest.kolobokeRemove,2723.3465139405544,2708.221481111932,2737.7875093602484,2779.3364389838653,2801.8958877083855,2768.5649698491575,2700.055914649219,2731.4278669247105,2757.013537799162,2732.872681820131,2743.250746896503,2723.891872388234,2745.837254225942,2784.737471659597,2784.8232277759703,2790.922514126816,2779.514807895134,2766.650336897171,2747.474872380167,2728.7911983550844,2743.8712630480804,2729.23070901082,2759.7836522801467,2780.5341048275313,2768.426847053001,2783.518483421273,2793.866369371553,2792.7735925756506,2759.64589603685,2743.8505872697397
53,org.eclipse.collections.impl.jmh.IntIntMapSmallStressTest.kolobokeRemove,96.69865006750533,96.40667083235584,96.47377712597574,96.9692491117217,97.36914192157018,96.50654159344589,96.91204137139478,97.17853353007663,97.24602820428541,97.1412827177292,97.49809540455263,97.52945587611966,97.15074298479293,97.20499032328289,98.27714477055207,96.67265739151519,97.28402431146431,97.58689583565676,96.4928669742084,97.52852235071198,97.39257923483596,97.6749520202197,97.08821140255036,97.12836567565026,97.44808261237173,96.70000708452166,97.12990862730813,97.58310079280415,96.97028762507966,96.5831453097633
54,org.eclipse.collections.impl.jmh.IntIntMapLargeStressTest.ecRemove,114.23767951270466,115.80744383633235,116.99644026630845,109.67890130656238,116.84997526510735,117.36570456110461,120.26562968247023,118.67355847168689,116.27165308734834,115.63746313911315,112.67277774697723,112.60542383854431,109.80829733336519,105.82254300296205,109.76608868454541,108.27430575786626,109.21632752523055,118.06681500673905,110.82120284446998,107.71983128120375,109.30420386899421,112.40162377375113,121.76795958505451,129.61017820673686,131.53932036144374,128.08447611651619,128.10469969697786,130.85765317573308,127.46665834203165,126.40848577497489
55,org.eclipse.collections.impl.jmh.IntIntMapLargeStressTest.ecRemove,55.87392551572706,68.4427832255452,70.01377117629127,68.9235964839923,69.46201812829871,70.18321129609659,71.02863028047048,69.8421876658066,68.56780682838964,69.2853689490536,68.1377622034779,69.9865145084789,68.95367843580775,70.12502447400392,69.25215210362236,69.64312474123413,69.43360887515466,69.11376940901128,65.08272460014732,64.09864112665713,63.99710892174332,65.21357804991986,64.28117873995585,64.80708337592696,64.32808084458676,64.11733037433498,64.38435792840701,63.27339490770577,64.10486492352469,64.13596319002237
56,org.eclipse.collections.impl.jmh.GroupByListTest.groupBy_2_keys_serial_lazy_ec,60.728129395372584,58.96608471979543,59.340963355500286,57.72444169853035,56.69427799539328,58.88224246317825,57.65058155471432,58.161560393830655,58.40220877391151,58.19818613022801,59.856922621149444,59.4780537297437,58.54012141763654,58.43168663768621,59.18921010057715,58.181999315201814,58.72468310399257,58.561354076242544,58.0282538131863,58.442656043973656,57.93035548939674,59.747285770179445,59.852125806706525,58.62016775067131,57.5850099404237,61.525223142457854,59.961955937816136,58.719844626574535,55.73894470162686,58.03486550385
57,org.eclipse.collections.impl.jmh.MaxTest.parallel_lazy_reverse_jdk,268.33462137276683,266.53757064181497,266.0126647334487,268.4126928969894,266.2002941202185,267.02690961489634,267.4679538161407,268.1528670153913,269.0474713277455,267.42122692409885,269.213663501969,268.1332333143876,268.2050945454016,270.4024724580339,267.2359542347978,269.31041855432284,266.8226363230701,267.1050029862389,266.7471303890694,267.8486850459031,267.91128626786684,268.54067326271445,268.1025291964377,269.8892139931869,265.76243283518914,270.39645672163823,268.7552974953646,268.1375612753637,268.39593897428256,269.67506527774606
58,org.eclipse.collections.impl.jmh.AnySatisfyTest.process_all_serial_eager_ec,1306.311624719926,1303.6386066091145,1308.3012585389358,1309.6242491585526,1386.4867281591823,1308.3780467949196,1310.1160974219717,1305.6454506722246,1306.7586429853993,1309.4844415710247,1309.1434640874645,1311.408902108508,1307.0230643035632,1308.3872848512788,1306.663897299009,1306.6287384301486,1308.775187759673,1307.6964235060689,1308.6422224509508,1307.6562577071927,1309.132657722014,1306.852664123794,1309.813693410063,1385.247670604847,1383.4459962838962,1391.2510951005117,1394.3284384395668,1387.346577797363,1389.6270713413724,1392.8431616814653
59,org.eclipse.collections.impl.jmh.AnagramSetTest.serial_eager_scala,1.5255181168857306,1.439030881659562,1.5041472739716237,1.5828503357866617,1.4416524089586107,1.5628541366424642,1.6254331934892698,1.5784258270361595,1.4203850293093965,1.5407241618183423,1.46086322476612,1.6270587749234235,1.475877235619449,1.5249856659544199,1.5444359894982616,1.4660484470355146,1.6915783822111932,1.4143762104501225,1.567554804578715,1.5694901584829257,1.4731642037214912,1.691439928587474,1.4335619701010653,1.5667452823936479,1.55497079738408,1.4907050566985867,1.722896048254583,1.4448587077509967,1.57357641545258,1.556911995930095
60,org.eclipse.collections.impl.jmh.GroupBySetTest.groupBy_100_keys_serial_lazy_streams_ec,14.699808233651687,14.183366143052341,14.380323529860938,14.14963411456334,14.387644981648755,14.098451509549024,14.431324827627854,14.303991762914746,14.65156191696246,14.316247405530905,14.456212758952766,14.341909095405931,14.493423513424188,14.297901449249302,14.578453208270576,14.273552389852707,14.615741558026844,14.205642221600689,14.487646398886238,14.251668786330033,14.494921643323591,14.306979908135835,14.677027791148795,14.156713859771124,14.443143796551064,14.301645324300692,14.502037477290607,14.120993634637337,14.486121932552695,14.220658173982793
61,org.eclipse.collections.impl.jmh.list.JDKListIterationTest.synchArrayList_listIterate_forEach,419.57994928201487,420.6532630869961,421.6628809483447,430.5528975102153,432.38006254630244,421.3987953953949,421.07163893548386,420.8980349256511,420.18807520435143,421.69867731861535,420.52666485814893,421.1424982826867,421.20444420913776,421.04140576857577,420.5253778170552,416.1735176818475,431.3322472154376,426.88665390942725,418.963601280248,418.6400202380377,418.0598511205258,419.3416855520523,419.5175087180483,417.37568027517943,420.3005694164227,418.13253930702587,414.22005635726373,415.46526919330574,432.38032894301136,427.59083191907416
62,org.eclipse.collections.impl.jmh.MaxByDoubleTest.maxByMarketValue_serial_lazy_direct_lambda_jdk,35.62491214006044,35.02844645541458,34.623271282940934,32.97127194940848,34.56566680744868,34.36838422719213,34.80857085632137,35.80080418232632,35.02227689692552,35.354727087581,35.92954514412462,35.55709913751653,35.25687232170374,34.753283797075,34.432589760704836,34.72075998910486,35.11739195421043,34.68625938461276,35.11449958012081,35.7370398562777,35.270972523674324,35.09135754693865,35.05204652985085,34.646147016888094,34.765321218605564,34.81411044025945,34.872874249845246,32.618624703516346,30.38826662835314,32.17871250311168
63,org.eclipse.collections.impl.jmh.SummarizeIntTest.serial_eager_summaryStatistics_intList,494.34956795989945,492.5717556527767,492.43886591229295,492.259434569186,490.1055064797019,492.9686107166812,490.7897265403508,492.39138160233597,493.2360597139251,490.3059880540072,492.89462455111186,490.4497756770128,491.1442994240298,494.53550456012886,491.9792468703651,492.81090796180416,490.36780899402436,494.32740676083085,490.33824979517965,490.34695984165853,490.8492665712764,491.0227233659574,491.48298398351557,493.9280707368428,487.38788954951474,494.48021574817136,492.7411202210704,491.17250154856856,491.95673584877926,495.129739669238
64,org.eclipse.collections.impl.jmh.list.ListIterationTest.parallel_mutable_ec,116.71636196640007,119.2914132994919,115.27129155108476,117.63267350863953,117.357391879796,118.40540193542525,117.38092828896686,117.19340991065239,117.08584965294594,114.52888577196369,116.2111005949777,120.72407655163181,118.53796426388575,117.55620264666175,117.26948848460331,116.8380739964103,116.91367865598322,116.69411263988987,119.08478673272263,118.72402386948296,120.66290323818859,119.07787037893726,119.32784711954882,117.00035158605651,116.61564439854524,118.60822044272682,117.07110726027861,119.03343827831395,116.98233660303164,116.89549939798518
65,org.eclipse.collections.impl.jmh.FunctionalInterfaceTest.parallel_lazy_ec_hand_coded,106.32333141904634,106.37475926907327,105.51112454451321,105.04827294187734,105.65986767845958,106.97921062302042,106.84672506065202,106.3576560208342,106.74838743242177,106.15944027401383,105.22764696001349,103.86035445655509,104.28634756207684,103.71394956341369,103.73101324240288,105.2102644007393,105.87862857521988,104.72996760289166,104.98552435324696,105.63203008377894,106.32045430479725,106.15922246136037,105.85312666968328,106.09334936467961,106.70325621709839,106.87493345662,105.03884374096975,105.98494197739868,103.63065227211132,105.73193623608162
66,org.eclipse.collections.impl.jmh.FunctionalInterfaceTest.parallel_lazy_ec_hand_coded,101.67214819427703,101.26870888017584,101.36885480337074,101.14918043202228,100.99001218878455,102.25318070406753,103.15923971406238,103.60839941418935,101.86366485604735,102.86050048637988,103.62607133191094,103.7004740395954,103.5877333553614,104.50434799994065,104.67151900169672,104.47935357473675,105.21556650132064,105.00863177887754,104.88690056001303,104.53283856314775,105.03210041587222,105.30451799576923,105.12625219573286,103.9183688997598,104.78703983193101,103.88532120169609,104.51374228901093,103.79514450545652,103.7279013840011,103.77951574871365
67,org.eclipse.collections.impl.jmh.FunctionalInterfaceTest.parallel_lazy_ec_hand_coded,84.48436169517288,82.18996024443896,81.86645133979584,88.47695573548803,100.54983987512665,100.86296224463482,101.61155639547624,101.69144324678565,101.45523015581975,102.10356105866258,101.61981021053855,102.68582204811828,101.95496771422025,103.86883453961221,104.03980777070055,104.15536425971347,103.12407064079355,104.29108323892292,103.10780343392727,103.58966115219224,103.71562637637929,102.99320461135295,103.29423634569083,103.30722505461496,103.6803714551883,104.25771385249922,103.97078358598763,104.40463694282828,104.67597739613785,102.85400316522909
68,org.eclipse.collections.impl.jmh.FunctionalInterfaceTest.parallel_lazy_ec_hand_coded,81.71384066312679,84.84061688997939,83.91155713486829,93.12711194333197,99.58562560605198,102.49329722444718,101.69864068938804,101.84742308840322,100.53505272667347,102.73570192774928,102.05455466519871,103.07218980832553,102.52125169247283,102.54315180095941,102.41185730608716,102.75086419237817,103.07682253737617,103.10687453952433,103.09551960383263,103.96500745778985,103.51496788563082,103.57649910345476,104.0235387395933,104.1575040095704,102.53338900265892,101.35730004996498,102.69728066354999,104.02310064970976,103.20513131387744,103.53145329253246
69,org.eclipse.collections.impl.jmh.GroupBySetTest.groupBy_10000_keys_parallel_lazy_jdk,15.378642231249831,15.451237495598377,15.703940226272913,15.280286700046478,15.196348755049005,14.800185960192538,15.544062250021119,15.388406895719404,15.28724172562205,15.582659737399402,14.913853510640532,15.355021946107534,15.06926069083449,15.31833914683771,15.162620062044134,14.678346537535159,14.989702449159989,14.99106114505149,15.621584761542415,14.817408922375883,15.173897210299957,15.229934270564007,15.051081975295608,14.926313180165597,15.619035572308611,14.978700931359747,15.36732578369145,15.323162959336566,15.26250515855981,15.792682554702148
70,org.eclipse.collections.impl.jmh.list.ListIterationTest.serial_mutable_ec,53.33307670246944,53.36737565752313,52.85076682239584,53.41329580673432,53.178110446840684,53.333538871574,53.36961950894736,53.21649445679304,53.29544282640127,53.12656960420756,53.337227187972395,53.32191675547654,53.262877409517266,53.179000992010934,53.437383228184856,53.424027228303416,53.37510413631081,53.05982724366793,53.24757418399281,53.02262598188207,52.54600998778496,53.269454760268914,52.823338050809575,53.25241795414265,53.06848547802122,53.17649952876315,53.21486568980315,52.91057895223698,53.419365049275626,53.149339087771594
71,org.eclipse.collections.impl.jmh.MinTest.serial_eager_reverse_ec,425.69809363489986,428.0751274203535,426.320966622388,425.40745421110387,423.16599314642355,424.87389530350447,427.1506297673354,425.97534326920555,424.80767851893484,424.03427127592306,437.47205697175826,479.4660929295488,477.56572179036414,480.2437601508904,478.64161948062196,479.4618965572605,481.1155287587027,475.8802000149274,477.5909710335861,479.9167094952337,477.7535298204868,479.7891403494427,478.10392423828273,479.5025999654908,478.6182167780769,474.9799914678594,475.7893166842577,471.05025246527094,476.5516478193887,477.7721676530443
72,org.eclipse.collections.impl.jmh.PartitionTest.serial_lazy_jdk,76.86927116234983,75.62652126123702,77.64280241619447,78.83925283409376,80.29326574075723,75.33305462085572,79.82686550707335,78.498924253723,75.96141114736866,76.31435641213203,76.94930241380048,80.53337440787303,72.88875848879206,78.88398461387251,76.76745808867913,78.37195583011331,77.44083350546047,75.47509756556622,78.26956323310927,80.3077168036051,76.74427196950052,78.98241053819073,77.49840097698299,80.33270784700184,80.88055212276136,77.5217938683833,75.3437483664717,75.73816006712651,76.73119680597325,79.91763313116627
73,org.eclipse.collections.impl.jmh.FlatCollectTest.serial_lazy_jdk,62.517627738249764,59.59948478708847,61.33528510388572,63.44824247243137,61.29710275140894,60.49189350118532,62.63447578454779,59.71251826071009,61.67171566039843,61.61033379953177,66.27303001315579,65.77933139256399,62.236616060911736,63.879192437811916,61.75804845555009,59.899409801688435,65.45883570237488,58.139460920335,65.89819993355704,60.6447146976406,61.58610828061413,61.62174649403471,58.66557327596346,58.26073949736513,62.72319657481168,62.79851554715858,62.838503287074126,63.64710303627033,62.47744688130773,59.94187041209794
74,org.eclipse.collections.impl.jmh.AnySatisfyTest.process_all_parallel_lazy_jdk,1251.6870970010561,1251.1848136032295,1243.1510223312255,1275.9729455456356,1276.6317099631567,1272.400168007159,1278.926478066796,1272.8572275082859,1268.5168538999708,1271.6829783352819,1278.028273316267,1266.1028613437397,1270.0581116287144,1276.3926183534256,1266.871048135391,1272.0042317204518,1279.4920252453305,1283.082484395481,1280.5809485528991,1281.8409401942622,1280.6772245157192,1286.0426610744419,1279.71940270978,1279.9799570926139,1281.3700579775773,1271.7493972517257,1277.388077460597,1276.8714752247897,1280.2492157709003,1268.1510889746207
75,org.eclipse.collections.impl.jmh.MaxTest.parallel_lazy_jdk,312.90278986446725,313.2137523592165,313.4215207200008,315.328468295378,312.20058231094043,313.95713142216914,310.8352824779446,311.4441556491999,313.199291916248,313.4994035254517,313.4309340280242,314.8614549774423,313.66836251799845,315.70011015136504,311.6957388279346,310.831604203852,315.1572216853158,313.95445036607833,314.8766502210424,314.8653235997327,313.49835247630153,312.38558534861386,314.89859572440764,314.8490981796771,312.5998983884542,311.58266617692266,316.5533065642543,314.8578760392924,313.2479008741902,313.13945894775003
76,org.eclipse.collections.impl.jmh.SumOfIntTest.serial_eager_collectIntSum_ec,64.28475413286512,76.02664177713709,75.72743718869677,75.99229065810502,76.38932752125763,76.15205019561004,75.33140761739716,76.55359691454565,76.39189136304763,76.63494552859233,76.57391585473977,74.98795350594143,76.16362891165024,76.18278724126297,76.88905808520285,77.15472126673903,76.67474359079503,77.24324208678932,77.23832208780168,76.82094704258924,77.01024522976623,77.19045919274123,75.88156685806591,77.46536080527149,77.57707901178652,76.88261531540597,76.97999813312508,76.95989727496858,77.2196517131161,76.6637760606497
77,org.eclipse.collections.impl.jmh.MinByIntTest.minByQuantity_serial_eager_ec,58.26280268035792,57.82295201885936,56.76805871198826,56.89648691274045,57.92715185651398,57.466495764743044,57.16487215176382,57.60527311519097,57.97174590439635,57.58319046753489,58.15936936064822,57.768801170085155,58.14025120965794,58.18413318234479,57.376005530572094,58.15014086659722,58.319235251288305,58.528748814002945,58.39674515467012,58.80297469418668,58.294512004259836,58.41937722898206,58.9173349138198,58.85056916534982,58.39271922363733,58.67640654173829,58.623628333286845,57.53490748483099,56.13909264271623,58.52280893695626
78,org.eclipse.collections.impl.jmh.FunctionalInterfaceSetTest.parallel_lazy_ec,12.755385382579535,12.448381457660481,11.613352703476574,11.637588649852807,12.464126565880205,11.345482860479262,12.077474535339396,12.593720640495203,11.690465743631915,11.917262510178348,12.467100146432681,10.898778024153021,11.573187075458549,11.29363267455585,12.978651299669313,11.611033278980896,12.28877354158693,10.875946353818184,12.946333900536265,12.472220299927944,10.709240877762866,12.715086620265872,11.812608057862501,12.207104564153388,11.982428053151425,11.879816476830078,12.039905009298613,11.945401923285976,11.989914970780287,11.632324003230876
79,org.eclipse.collections.impl.jmh.FunctionalInterfaceSetTest.parallel_lazy_ec,11.071406249694238,10.990100538721906,12.415992321491911,9.98478894287428,11.423638084017087,11.438637067176536,11.531364615548153,10.639324134961216,11.842677069679487,10.462072019602681,11.52755427428217,11.376344456387855,12.553696263009902,11.753923478267424,10.519427306081909,10.548385853340678,11.562606967733869,11.755914601956281,12.675905107476215,11.471155931836108,10.637671782599929,11.467560500828045,11.867726826527717,10.892281207977295,11.951362448546696,11.780809932736103,10.852201596537917,11.453855257722738,11.657083062967935,11.596185151560936
80,org.eclipse.collections.impl.jmh.FunctionalInterfaceSetTest.parallel_lazy_ec,11.818143345520758,11.411702096250078,10.590717078582658,10.886960320832149,11.784767450147829,11.067001200470822,11.031668288398514,11.53011179735721,11.759695053232534,11.96665125252291,10.757041745574579,11.507581220879857,11.444490736985605,11.680559020652874,10.338124016843867,11.597813381898636,11.32935964352034,11.634876357875394,11.100538777714057,10.831279254935508,11.483887037527863,11.922860582389513,11.196403342033094,11.562687447724668,11.339911175439655,11.540053522133533,11.60834106596185,11.64152995827245,11.9247318557096,10.811974487420212
81,org.eclipse.collections.impl.jmh.FunctionalInterfaceSetTest.parallel_lazy_ec,10.669734314866378,10.616816428203077,11.065564183359555,11.083435229433894,11.690768385621102,10.9370998854649,12.950768946925159,10.491645099079268,11.586223826575548,12.507378968749132,11.217100622451495,12.52042540063813,10.74622603458854,10.97576705757861,11.552869788886978,10.565203066684656,10.791229269779915,11.755871114702964,10.753643228011223,11.930351952513279,12.89564930849114,10.903510528447113,10.49740256756122,11.400344003100225,11.430889504097244,11.241252443766314,10.926859622769522,10.83948907342992,10.746106113769061,10.62851036085017
82,org.eclipse.collections.impl.jmh.CountSetTest.serial_lazy_ec,730.726775412859,728.1367916490897,726.9057341374913,729.1326915594611,724.6646715685371,610.1640770449407,491.1852969807188,488.22635066601845,491.3605679249309,491.36601598061304,493.8037688017272,493.6550417553021,487.8547392999545,489.66855266040665,495.9895848973347,494.4565680033924,492.49186708370956,493.36015381611355,489.57886475012083,491.9707090479247,490.989097147004,493.04008743473105,491.6119171281118,491.71314291154886,492.5970782494575,486.91846501611457,490.32052509369726,492.18979161832334,492.08657708553596,492.21046881307944
83,org.eclipse.collections.impl.jmh.CountSetTest.serial_lazy_ec,250.6115848735636,247.2805062098387,245.9257210870543,247.78383610700246,250.15060486590664,250.2397401392497,249.45649715573495,250.69447137759246,249.26860155323175,251.1908151639848,250.39635623302217,250.0122491061091,249.77005569224838,251.6336186832274,251.42273465833813,250.64313680824378,249.92350066575773,250.28063239402528,251.41355124189187,261.6376872703203,314.60468882653475,293.993773969275,315.3632979004305,314.56420715131145,315.6506662511532,316.3011976618129,316.23826424338637,313.9301226079388,315.07745761518714,316.6169353017204
84,org.eclipse.collections.impl.jmh.CountSetTest.serial_lazy_ec,255.80973179121048,254.94971473806393,254.83752094823134,255.83187113177027,255.5458781085731,255.5049004891751,256.42572356576835,256.4853774792106,256.7137408180375,256.88529352365344,254.81674777138997,256.63400551917294,257.3433495846889,257.1007756395572,256.5708513837084,256.41669177080865,252.67255001949243,254.8457202236624,255.93758015138962,298.87533610855576,316.1878291915524,313.55634285936145,313.8747671066721,315.79616967807743,315.4421166431158,316.437719600977,316.79904739465854,317.1369315034032,316.47713325372627,316.4446279694624
85,org.eclipse.collections.impl.jmh.CountSetTest.serial_lazy_ec,156.46370734366445,156.65571835439542,157.55578957022257,157.28197225094868,156.20656732982965,157.51089983152843,157.2670258869826,155.62056407322987,145.68010877019728,156.33281843078294,155.8310166896707,158.58331915724796,155.88169249830656,156.46161464523607,156.90115572371948,157.64499592313578,156.26996236792365,158.52812044085215,157.9354015779174,157.26502536379286,157.14345830893893,157.5491879658087,156.3137250671905,156.18984903209494,156.11607608515246,157.75246051804368,159.15419334221502,159.23555880824262,159.6419821016793,156.93025878062556
86,org.eclipse.collections.impl.jmh.SelectTest.serial_lazy_ec,127.79535427046223,137.69310341491916,131.4122831377633,130.54357007247,125.2621762201895,136.1413116844321,138.68450052763166,128.40501648059973,129.0289916779824,129.86711996285402,133.32160487919506,133.86431847340333,129.27059326292581,134.46295924359578,138.89050303301437,130.07548481409512,130.31250056731946,134.8123287009018,136.77204167666852,127.35612069372006,131.67636753566362,131.78437440659593,139.32220014342406,129.78026604661036,133.43341304004815,134.95890541817687,130.81560955588947,127.10525779041531,129.0774490082591,136.5360164819901
87,org.eclipse.collections.impl.jmh.IntListJMHTest.mapECPrimitiveLazy,321.9331235445136,317.86408894430554,323.9145529605018,322.6704050880188,313.87435829149643,324.61470247427457,336.3098384020249,341.3480937519007,322.7709962375664,308.54212287257286,313.33994345565173,315.2460946391003,317.96566638530936,314.42575073113244,317.03239620265134,311.17836371491205,312.1308619388745,314.95638169069963,317.7290927372849,311.0629765968968,316.0581312819314,315.1357968017147,315.69013781781644,310.45604375661316,310.53673849867704,314.3825743164401,314.1977648168507,314.5636084225443,313.97095957006553,320.1435906037912
88,org.eclipse.collections.impl.jmh.MaxByDoubleTest.maxByMarketValue_parallel_lazy_direct_methodref_jdk,54.03963086329909,53.11491776196627,53.195614536987826,54.182472958286304,52.36416410531063,56.68677078573157,57.301931482329856,57.543902939682965,58.24189622157258,58.90778710494502,58.683792828061115,58.96769745405728,57.93278834867267,58.4093742206556,58.25877753501883,57.803380068595274,58.17628557941083,57.26134389526851,56.46535076808355,57.70427872809407,56.859690695991254,57.03031284923047,56.07677171345652,57.39122527528006,56.14446342371367,58.43979235192791,58.538231057265804,58.14868745733038,57.820350724789314,58.80888599915092
89,org.eclipse.collections.impl.jmh.SumByDoubleTest.sumByProduct_serial_lazy_jdk,6.735666008144336,6.713936365842485,7.303970004421184,7.586783751767992,7.5415279942282725,7.526119560215681,7.3361607404244715,7.686978546603749,7.834849397584698,7.968456133298374,7.802994923468065,7.623506411914926,7.8399773136144475,7.82952479703381,7.760916108549035,7.8215298875112165,7.729560554665806,7.844761782011929,7.860712297108481,7.520062122781993,7.7316633680120885,7.493419014809835,7.780284614656687,7.893417005658504,7.674431704950702,7.556571212462128,7.775473619843519,7.778923900656366,7.740142831835631,7.7861661216616405
90,org.eclipse.collections.impl.jmh.AnagramSetTest.serial_lazy_jdk,2.716516189976043,3.2350980811698338,3.159479710624991,3.7632189274136634,2.779297147472449,3.396523389476045,3.396498387459745,3.459799269348692,3.041549176817946,3.0485545671402376,3.3089804970451535,3.4028757469840776,3.27301990629596,3.110940205389048,3.386181954811182,3.22993941957924,3.3069478823715763,3.304544887305304,3.1295241770670508,3.442836773559289,3.153797701324269,3.1652491724703324,3.5131712121866063,3.033671614667485,3.249774613912761,3.249479808243452,3.105780457545922,3.246101436435349,3.3018674555021725,3.0708988285486765
91,org.eclipse.collections.impl.jmh.CollectIfTest.serial_eager_ec,15.591489807817776,15.82946192881299,15.24450012045013,16.016165232392847,14.376638320707144,16.946186216383026,14.628073193612154,14.709509141051864,14.801818407091766,15.690027897460284,15.866609925554025,15.07243784898387,13.942243697792149,14.850421781122536,14.889313910558347,16.030577999378455,14.125664116884531,15.855587766435352,14.384766017237732,15.226541744260807,15.170752743462096,16.072484271960885,15.22265644892028,15.013018886503493,15.424825457374876,15.920229841631842,15.05842388113459,16.84615858869051,13.889974070672633,14.555288045129515
92,org.eclipse.collections.impl.jmh.AggregateByTest.aggregateByAccount_parallel_lazy_jdk,6.40474494931794,6.51478528099745,6.132564099652707,5.888440902084454,5.519245588670523,6.322180966669761,5.781866983929272,6.37725050061257,6.057828491171691,5.4716577408045906,6.2066504974731895,6.3846943111423435,6.480136835087821,5.855565822910699,6.072083758663403,6.265481478881406,5.963059727520848,6.017443642433093,6.27165507114646,5.974922396288873,6.340132862864197,6.128003702294717,5.902617442807688,6.339686535023435,5.661165221786337,6.103590082043725,6.832126794544358,5.847060434073546,6.020649726783969,6.2869224208432275
93,org.eclipse.collections.impl.jmh.SumByDoubleTest.sumByProduct_parallel_eager_ec,10.803218245323517,10.919067110244173,10.960215044122094,10.895097641865066,10.915382178147704,10.915728242005871,10.917483216334702,10.902156460026823,10.851278935927928,10.930032327110748,10.916462783778176,10.877052477306746,10.94746069484172,10.921177179113329,10.851263071780464,10.847542433840532,10.927746342211348,10.940773381488253,10.844597984497353,10.860606783641234,10.889604543139848,10.872339049749916,10.902797104568753,10.903747528515696,10.906765640739438,10.903592193305139,10.900017475106198,10.955704367197834,10.936744114076724,10.936074304071205
94,org.eclipse.collections.impl.jmh.SumByBigDecimalTest.sumByBigDecimalCategory_parallel_eager_ec,8.25575746618783,8.388279320138722,8.290897839005023,8.369659219783456,8.449552214196615,8.411290812108726,8.340189386018109,8.408139475876832,8.458056587601355,8.21426897999441,8.167815553568758,8.270457585405337,8.183018831536685,8.262261573484997,8.331247358705308,8.279350998896247,8.320987399577783,8.291912642301186,8.228543780664326,8.22394425218462,8.22287556014057,8.283109366937385,8.247246270586531,8.264848290334585,8.2127380355354,8.21071161628161,8.213345564233839,8.087782272587738,8.234117297602886,8.220935808360055
95,org.eclipse.collections.impl.jmh.LongLongMapSmallStressTest.ecRemove,1822.3963111755636,1825.383606289212,1812.3643222757835,1777.9462628104739,1717.8157350595475,1778.6215609118633,1806.859321546943,1807.9933563070356,1816.7347857890313,1817.9846192304674,1809.7495523789453,1778.4569872849863,1813.2797689023516,1797.1367058463393,1823.2457360017363,1828.6841880694046,1821.2425057246073,1821.5788673600762,1818.8970608380432,1818.2070962491896,1823.8499482170603,1825.0168214628911,1836.173255646952,1823.973154185442,1824.7496717162855,1821.378707687642,1827.5363759518575,1818.7980188424115,1835.7640620954473,1824.300059850237
96,org.eclipse.collections.impl.jmh.LongLongMapSmallStressTest.ecRemove,1295.1701210401136,1307.8882174098344,1312.5243647956365,1314.7619031931413,1312.1128136089656,1303.8375535753626,1308.82615516594,1302.0990672385851,1305.8431852094177,1307.5195231857758,1311.1381207340592,1311.2667108074488,1305.2736165376705,1314.6515226915772,1306.7714535134091,1308.0486183064957,1307.343875485147,1315.3499290734032,1302.4858801684081,1307.745738919219,1307.6595626018127,1312.581890164707,1310.2944418210293,1309.6867975701687,1308.6791537492336,1307.8642109982932,1301.4505353926604,1310.0114522580116,1309.3426209689753,1307.0231282998625
97,org.eclipse.collections.impl.jmh.AnagramSetTest.parallel_lazy_streams_ec,0.8247959039236558,0.6545504975357133,0.9190415363974688,0.5789189238491177,0.8069062590290289,0.6854870795724459,0.6877953037100061,0.6998687063803548,0.7495706361951692,0.6836373878295807,0.7833928646888889,0.7110738591841564,0.7409494585192853,0.675081185043912,0.7207338321028152,0.6915577068053219,0.7630498302343465,0.6709521557255638,0.8682568916666534,0.7594540491108662,0.7077061529941779,0.711297847724102,0.8467362881693139,0.7527563785699991,0.7045766321895338,0.7705599757050453,0.765606526919364,0.7785767457945788,0.6790389551617819,0.7385521094019071
98,org.eclipse.collections.impl.jmh.list.ListIterationTest.serial_mutable_scala,45.811885358055456,46.0309256972235,46.08652972466196,46.08276617957513,45.98909377056257,46.09881247105093,45.87760643697446,46.08074177962289,46.356426865080905,45.94570260919043,46.1043931179168,46.2900941897048,46.25124329369396,46.26755681508315,46.055943519609194,45.664774343566584,46.152051586838624,45.83440789279504,45.67674376594517,45.91758376866838,46.04446473204924,46.167492811357924,46.04839522327299,45.75312692485146,45.81995264960117,46.007215225422634,46.19375557785299,46.33544733028062,46.343650770016474,46.23735027872539
99,org.eclipse.collections.impl.jmh.MinTest.serial_lazy_streams_ec,174.90383122724566,176.57849089700767,174.42032260442002,176.0332808520779,175.72033704202985,175.1667104130597,175.89769473458387,175.27736752084925,175.43515861265632,175.59043706145852,176.12464361327622,174.693083991745,175.04773855180082,176.59358857481544,175.42274252098218,174.05614071809987,175.03619609301865,175.08513517184736,174.45075401254428,175.71162717312066,175.93614432828835,175.73594005515284,176.02308858057125,175.3070901361893,174.8347917866839,176.37413672856695,176.47292091523977,174.67942709264358,175.07939368040306,175.16512308572536
100,org.eclipse.collections.impl.jmh.SumByDoubleTest.sumByCategory_parallel_lazy_jdk,13.927747553272296,16.641609965577132,14.330168474545914,17.303981651849952,14.32308270377027,17.716265504143696,15.61307318254414,18.038246444568586,18.03721948913781,15.362367294098425,17.928024324886827,19.28704863468762,15.858938186223131,18.778460808160354,18.474365972254336,15.88624744656125,18.958002715743866,17.44765929274077,16.68235044759801,19.03031199381065,17.411715353114896,16.979787981084986,17.73300992290174,18.292143983676922,16.780199174666695,21.37293069519452,18.86708825351462,18.58832865356669,17.708723045143138,17.216774280608494
101,org.eclipse.collections.impl.jmh.MinByDoubleTest.minByMarketValue_parallel_lazy_collect_methodref_jdk,69.64007945590835,70.19206331004588,67.87889846922371,70.69974088704288,70.63409469369691,71.47959736607055,71.75913400837882,71.73825108237627,71.52733051947729,71.33199371188661,71.85276685470187,71.23372295703099,71.74687580247199,71.65477267933889,71.73169083834526,71.98177006651383,71.74619482247532,71.6247409355503,71.53963124124051,71.64621500250567,72.07687171748103,71.57340838605765,72.14649120891694,71.42639419901968,71.98274410725813,71.80973271676446,71.7392319094063,71.97515539993358,71.95444290792616,71.24249803879792
102,org.eclipse.collections.impl.jmh.FunctionalInterfaceTest.parallel_lazy_jdk,13.87503630958252,14.808635363241526,17.514908052386147,13.84977920088436,13.864403120586545,14.66666191597191,14.518622624427516,14.787712347471135,15.973381589531428,14.04074764813335,14.786463898809453,16.369360609991784,13.958410789427205,12.497881609067264,15.431036393347071,15.311539472438687,16.863591972845704,14.812436968822123,12.934045311877895,15.218825045869206,16.613654872003057,13.210502259464858,15.735407749708182,16.541041236964674,12.940454511505761,14.442793474814463,15.322346400156924,14.812064843644078,14.801232442903233,14.31045802593072
103,org.eclipse.collections.impl.jmh.FunctionalInterfaceTest.parallel_lazy_jdk,12.595743972426607,13.757066777966578,13.189658546091295,13.347727408161202,12.988841831513904,12.758460525288784,13.119402983899755,13.525609589544937,12.576099392233587,12.871960459690067,13.172569510078887,12.575643348085965,14.298667830199472,11.218931168500951,12.472604775106612,12.564363285809067,13.58214497537235,12.168943209628546,12.542210214963154,13.292341095288943,12.746662829542023,12.93820253695829,12.95528604431343,12.116925941026338,12.966702726268997,12.861549330510613,12.73326388999269,13.670916340342139,12.282421961451938,11.973433063041464
104,org.eclipse.collections.impl.jmh.FunctionalInterfaceTest.parallel_lazy_jdk,13.70727027383085,13.904540742778515,12.635973613581562,14.757937113000217,12.810678729517099,14.493703948049301,11.88008453224801,12.594145536851101,14.07428950453209,12.422555878901276,14.158487426467792,13.103960289549075,13.299670755390062,13.556783181583574,13.26834858862818,13.843713692326947,13.279336564486885,13.554099346896447,13.020973433129951,14.543860369120441,11.525056678548008,13.04606994369537,11.892354389262724,11.967333571361603,12.164742921766639,12.896658095951791,12.755423738739008,12.539008530004892,12.469698912211552,13.578573539839573
105,org.eclipse.collections.impl.jmh.FunctionalInterfaceTest.parallel_lazy_jdk,12.60776618426249,13.162234106778156,13.812991420540873,13.865465660631264,11.145760938400915,12.994158232742572,12.246495840434354,12.844788824446532,13.584307249600553,11.93157913500297,13.83605415912302,13.619407244406306,11.603027493427517,12.737379212388232,13.755540982455086,12.411886632393896,12.618281983972368,12.786040788094803,12.552309267831308,13.165294648703036,13.167323348879759,13.6535470597694,12.852817439169357,10.51623854215566,13.724967509845161,12.582296204689923,13.41124966593024,12.756437949769003,11.849619079330791,13.830410879427964
106,org.eclipse.collections.impl.jmh.FunctionalInterfaceTest.parallel_lazy_scala_hand_coded,46.79815993495984,47.2433459415522,46.696931830239,47.01149097172673,46.82650107051758,48.515270301625506,51.88324500654872,49.71639204611069,47.955467737416086,49.86414399281626,49.81801777016665,48.32457800463636,51.676281633473074,45.66263989584812,49.33343499309838,50.52791836320833,50.04634733348498,52.050309826031956,48.25359120631517,50.54675678524375,47.60148743977582,48.321804774676146,52.64879144237325,48.772199589831374,50.25565871474401,47.551977488957256,48.57121164361774,47.44640071050669,47.39523546835717,51.716528262297004
107,org.eclipse.collections.impl.jmh.FunctionalInterfaceTest.parallel_lazy_scala_hand_coded,43.60727523403514,46.66047537753867,43.56089662221174,44.509804839886385,42.263162471263136,40.01695142072353,43.343700864189266,42.70974555155578,43.61234283738431,45.905162413332825,47.13839397028762,44.42286896994537,45.28601052344892,45.97574756034856,46.00630539320681,45.77105255432851,46.493031062631104,46.09578544154494,44.98991501566017,46.42053524378396,45.94580063357801,43.46729431174085,46.73056692546429,45.036844123274484,47.369566585874054,44.89336595507443,46.15623000603569,44.62613367634976,45.472010705677135,47.711350670178334
108,org.eclipse.collections.impl.jmh.FunctionalInterfaceTest.parallel_lazy_scala_hand_coded,47.96096610443851,44.96572262963942,46.824358693309364,42.21890607660701,41.94052456152455,45.78314187621288,43.617176880030605,45.85439473448483,44.34537328148881,46.80844430549839,43.18376216266613,46.904038137198384,46.612870415720394,45.93651918842638,45.39839463854908,42.470079665908784,44.820852219022726,46.10439791185766,44.46838020338981,46.021342573870584,43.83996527555914,44.84865279445811,45.44881468236526,43.5976600329788,46.51139123050598,44.54818733915747,45.53271878872017,45.06005156010114,45.91065286526304,44.6238384836829
109,org.eclipse.collections.impl.jmh.FunctionalInterfaceTest.parallel_lazy_scala_hand_coded,41.703280988950496,42.387688267640605,43.38584246579105,41.836689478539974,41.94254006227597,43.31649806512326,41.49769937430213,43.009015162677265,43.66438315042105,43.84234577434792,44.28718757327935,44.83023416483201,46.68062530588659,42.900627474753875,46.60313816112594,41.35907206730764,44.73461275976037,43.59899536261862,43.368366756681425,45.143803835341615,44.054993299896346,45.018059909773804,44.46895656778379,44.44642401134893,43.70413880700206,44.77845683843204,45.992087475278666,43.157659420220355,45.03106028151214,44.77286216612496
110,org.eclipse.collections.impl.jmh.GroupBySetTest.groupBy_10000_keys_parallel_lazy_scala,9.454766282129597,9.067226492705059,9.56285295844777,9.318002856830722,7.66979729448629,9.890127957526062,8.304575955516528,8.96215044577333,9.205008925489624,9.453916726454576,9.621359377793848,9.154937760173947,8.363076421035013,7.85073379425083,9.434560566599856,8.29321606779873,9.053227467715933,7.867004907100363,8.858135780008546,8.5580948884305,9.601867254384928,7.586117230607985,9.64289883771855,7.927399378215817,9.21040317875845,9.931551893324485,9.079048997145225,10.242739975702284,9.55019452838986,9.441399619817686
111,org.eclipse.collections.impl.jmh.AnagramSetTest.serial_eager_ec,3.817939642972953,3.5689615267731893,3.3540221100256735,3.612921738883625,3.417869320960512,3.6985559371144077,3.7695733342529483,3.5517424238319557,3.8857433273158293,3.625074774530658,3.7674551140217463,3.9620528484976396,3.6029974950304036,3.494265230249008,3.3114813535650893,3.7241412009588757,3.7772909055453034,3.8465280319624937,3.4733154241317217,3.9211373753804826,3.5991980619599753,3.635699929425974,3.5616007507370004,3.8711672106942148,3.6521338924839193,3.4079557616261584,3.6605317515009146,3.7800424663200816,3.653795970012485,3.572101596831308
112,org.eclipse.collections.impl.jmh.MaxByDoubleTest.maxByMarketValue_parallel_lazy_collect_methodref_jdk,50.199334124337696,49.77580796897863,47.620785352527406,49.06807440067292,48.131246168009966,52.12336039638852,53.019377193060016,52.58291724322099,53.65277655995083,53.723796667117526,52.966923956864356,50.964480146787736,50.21558510690226,49.69052132127697,50.48450464151665,49.81463798853234,49.97418713296533,49.84279865408454,50.45627785195813,50.49736983409567,49.35914806773822,49.68214061981411,49.24003559337638,49.574353559278606,49.73416531615862,47.944563954094384,42.733847784196726,49.27872630466695,50.317460057807814,50.375916348289884
113,org.eclipse.collections.impl.jmh.SumByDoubleTest.sumByProduct_serial_eager_ec,3.287694803396607,3.1532422581688704,3.480157161809333,3.488247433808641,3.4737911485357724,3.377955066972038,3.250068789127827,3.151425602324195,3.2974381498186656,3.1969858280519508,3.391461191994559,3.4888620316871166,3.4916491366748676,3.4138828989278864,3.2790856406756754,3.212667328816144,3.1037867306942277,3.129663222652246,3.3235649908456266,3.4603750754526135,3.436688976305464,3.420960843373445,3.272625899272394,3.1857614228205615,3.118807580746176,2.983658757579391,2.8696392478455524,2.888400839436295,3.291932004821831,3.456373982429998
114,org.eclipse.collections.impl.jmh.MaxTest.serial_lazy_jdk,128.64097179530538,128.1787669716326,129.9284635967275,129.97689621974283,129.92515115981803,129.5669902282649,129.1303975511624,129.86999519974523,130.64494596905,129.78003568773283,130.1600868517125,129.89234794975854,129.49598247081818,129.66844944492976,125.98393490657251,124.58270648714013,126.40832925542884,128.4996922307856,127.75153578255345,129.23860985733975,128.55044367242428,128.23942148091388,128.45535085384392,128.29153182505652,127.16206493728544,127.71035495832021,128.74675950145047,128.20339512762817,128.68866043528107,128.46560748134303
115,org.eclipse.collections.impl.jmh.ListEqualTest.jdk,128.88597650987137,128.54120584353743,128.7538256467015,128.74064167808817,129.824136330203,130.49733574647016,126.48883055520604,126.91632736519264,127.58456895059489,126.90941409077263,127.1291022124229,127.31463261278479,126.9644569351033,126.3557718121656,128.2407404369836,128.01979239183098,128.46562807862836,127.95902892648705,127.99995554730226,128.13592627273354,127.96657551437538,127.76800396911304,127.02113159170618,126.9555342050113,128.2434595149694,127.22891048535367,127.9047115015502,128.06278607476713,128.3241449598086,127.75940514909549
116,org.eclipse.collections.impl.jmh.IntListJMHTest.filterJDKIntStream,45.60727751202775,41.84709548367155,34.90339824860472,50.82920102476892,33.74415878732345,48.73563690039276,37.68306331754131,41.785664736656784,39.838408580297994,43.90875050323669,41.87873580696115,43.71741782455601,44.08932816479506,43.89383284525752,39.51044364912345,37.74094633307451,43.1497130482554,42.77841993381411,41.17027562420869,43.72759457682422,38.89717317756738,39.66072376632701,41.25230555084158,52.4709929584472,31.139769412849002,42.90250094873724,43.624580947108825,46.641038534053976,45.819561010874104,37.71667583875016
117,org.eclipse.collections.impl.jmh.NoneSatisfyTest.short_circuit_middle_serial_lazy_streams_ec,1327.4151515035687,1457.6986470432994,1560.0702402587024,1511.0674326454034,1544.0988654462244,1554.7406537115544,1543.5101439031803,1541.1742034148037,1542.6945896666946,1543.7882123265156,1550.604606679529,1539.3078979222441,1552.1665920873772,1547.0609000523305,1546.6723993191001,1548.6302490417388,1549.4159151330564,1544.0641164899055,1545.6394981347341,1535.7090138560545,1538.9880312900807,1536.865997579939,1549.8947745439666,1539.8721775987883,1545.9891347883606,1542.842642393217,1547.8807667445376,1542.9030439727167,1553.4411806041012,1542.8918417390023
118,org.eclipse.collections.impl.jmh.MaxTest.serial_lazy_ec,142.69416203287915,141.84296905319246,142.18980278809306,142.36535758723724,143.6733593359166,143.58992755666787,144.1648755100557,143.98182704573577,145.085774058725,143.53931358736693,143.7675119749427,143.52214059301915,145.2076182902434,146.36145410168373,145.1422212290562,145.0070668647777,144.825594501949,146.305107068889,145.77429430731522,145.77946511673034,146.2625193664635,144.19638876692113,145.2136883527002,146.8954456975703,146.72706916374472,146.4019041545555,145.89129887336154,146.55367474052693,147.050737784452,147.10048465514734
119,org.eclipse.collections.impl.jmh.MaxTest.serial_lazy_reverse_streams_ec,150.35075806284667,153.53231018378278,155.07157670078308,157.02840636417247,155.19742569015938,156.45351460099982,156.00924844685963,156.29728988543172,154.7107586446468,151.92935786226286,152.93520395398318,155.6065730546567,153.01625695388094,157.49338190381386,153.4981031078196,152.51233981079457,156.52609860985294,156.17256930441758,154.64463467104693,156.417142644945,158.16671920156008,155.0305778286877,154.45657050538065,153.79675297703827,156.3722341273893,153.69547792394303,152.80900555205054,155.16245309415422,155.04428470271546,158.31868346165695
120,org.eclipse.collections.impl.jmh.IntListJMHTest.filterJDKBoxedStream,85.28933675095375,94.43129470442102,90.19654460427425,87.15283582705476,91.97143229355814,87.34318353959821,99.22077834866724,87.27536624899176,89.23055988519857,86.82275014007054,94.43616641309032,88.6571062296619,94.80197375034935,95.16420079702148,95.73749019532168,91.30588082420985,92.54433547601035,88.31835951945735,89.92819188913556,90.2623844593868,88.63911663973985,91.66376740148448,86.60184214182769,92.45415492223027,85.83852760063695,89.4233161491398,92.38600290187216,87.76668858300616,90.47646814094333,94.66435610292676
121,org.eclipse.collections.impl.jmh.list.ListIterationTest.parallel_mutable_scala,12.36676255737028,14.016298416356172,13.613348171818014,13.969806145284196,14.953457345320867,13.301515007310318,14.084623964469925,13.3986581722364,13.383255668340999,14.836780797003872,13.575545931076736,14.54527643369619,14.555702792352013,13.403150972228048,13.947943188874362,13.76543742530994,14.12599139162273,14.78437462706415,14.837215864731268,13.253315745299785,14.020990855203932,14.440253410120235,13.802743733258325,14.921879899972312,13.073443950469345,13.638309796049894,13.823759125468237,13.944116346192875,15.000771166206949,14.906142490006271
122,org.eclipse.collections.impl.jmh.AnySatisfyTest.process_all_parallel_lazy_scala,647.189615051617,617.3916882912685,656.8774260154281,670.8067019578871,614.291557204406,702.8538731654995,588.4395319162994,337.09252904590437,295.4765281686424,395.71961445005985,353.3570904488534,370.6698782009769,307.97184059475524,422.3009909300739,381.6840263139722,394.027698040371,330.3825859502562,536.5249918906296,343.286379275781,430.1455322457241,430.88994520118223,490.19121880236145,382.6434615834375,378.7429846318858,322.8545369198272,383.0617908884697,516.6192784559804,358.2745527876317,364.7335311531425,360.27427359095805
123,org.eclipse.collections.impl.jmh.GroupBySetTest.groupBy_2_keys_parallel_lazy_ec,7.980221969495021,8.086358056004698,7.885360422279976,8.271575210071449,8.098810899378629,7.601244555951831,8.528239164150085,7.9904847629441065,8.104084992084804,8.178567677010507,8.336792816739933,7.769883682791962,7.760480988170448,8.31931720191291,8.194645095893883,8.318552751649838,7.889651709836097,7.846416741704811,7.663203919616922,7.955406486043903,7.939878682822163,7.983395042153253,8.466131719333928,7.796189769538267,8.32252836429096,8.053165026956515,8.295447815772505,7.808630998729303,7.692514798475344,7.638554406404853
124,org.eclipse.collections.impl.jmh.SumByDoubleTest.sumByAccount_serial_lazy_streams_ec,4.406617573074954,4.284070743590195,4.154181292102342,4.780146241557006,4.787180280481544,4.409953636499277,4.657828142769978,4.652120374500454,4.179158935421146,4.511343563160958,4.554915996257809,4.845671168699634,4.457996953315722,4.943709358092888,4.458216056133342,4.65528373880369,4.348460633238474,4.5623658295464775,4.321607327461545,4.662696480084732,4.53239268829009,4.671691454527602,4.434442639875604,4.596465742006256,4.460129825048615,4.255669638643916,4.499436606644848,4.3468072558130775,4.594685252950224,4.731411683284522
125,org.eclipse.collections.impl.jmh.AnagramSetTest.parallel_lazy_scala,1.690650712464767,2.3052574468984695,1.7510840655009805,1.646188737250762,1.9765621278967376,1.9073736842635916,2.124717074887555,2.9765930131479963,2.444965638856331,2.887050758364611,2.7102454574271517,2.373394364990106,2.1039282648714455,2.823437950976568,2.62134724501656,2.4136221474238573,2.731019022478769,2.0915525436758924,1.9705309636372985,1.8423812004689863,1.7281918907958587,1.8199240016480212,1.8390500253946602,1.8215486660670699,2.0541791363157533,2.0578856056787433,1.52325267833785,1.5644888393253957,1.6514321018538276,2.0030703663496516
126,org.eclipse.collections.impl.jmh.GroupBySetTest.groupBy_100_keys_parallel_lazy_jdk,9.019161960882085,10.697323406178313,10.25482972181537,6.862632059724279,8.305411010617556,9.726746633279,10.487445632807736,10.074111815428088,10.117341459709534,7.941022113467513,7.432971191636818,9.878193009574622,10.737864020691934,9.698649178543521,9.876689726300928,10.361634094993915,10.406935433052773,10.556299853067726,10.264712528177942,10.487281425510613,10.889471785154381,10.671285747577631,10.66745563944391,10.41453122424016,10.617074709642552,10.558050997300203,10.684851034618934,10.529670018377098,10.500830645297293,10.393440074095174
127,org.eclipse.collections.impl.jmh.MinByDoubleTest.minByMarketValue_serial_lazy_direct_methodref_jdk,21.308365879368168,21.39173256617576,21.27965637254939,21.324286480238854,21.400979062885213,21.28497008354885,21.053782163105794,21.263826528945412,21.14366352813457,21.315341221747108,21.27244642439609,21.283015970221825,21.364760901799215,21.34114277401938,25.52257353980348,24.816949830612106,23.30893578607489,21.887624253132827,22.615348140231713,22.810603332424844,22.52323763311181,22.56756290965971,22.703208851402298,22.56599556383531,22.523301221771383,22.56733231214454,22.552593066214477,22.730444882144965,22.836610673249993,22.64347655951835
128,org.eclipse.collections.impl.jmh.AggregateByTest.aggregateByAccount_parallel_eager_ec,12.01847510038619,11.133092209651013,11.573990654633855,11.204954791893497,11.151701242257852,11.38034026758393,12.014219309121117,10.405257778420276,11.539187918236948,10.667493337662373,10.329448654253708,10.947886080688543,11.4672463341619,11.961801267564768,11.521114249105361,10.646232974133017,11.313380434391805,10.730750537182713,10.723524060902822,10.546253001397691,10.661031335959715,10.711930991878623,10.983312339647073,10.666284842112745,11.006294587925192,10.91536611518248,10.714915364806862,10.85005646206632,11.044786166112138,10.893670401862956
129,org.eclipse.collections.impl.jmh.CollectIfTest.serial_lazy_jdk,17.46480226250226,15.878022601041343,16.85603180732453,17.74794575187562,16.519826271443183,15.902079605393075,16.852213619496503,15.470808898910999,16.13947045292365,16.92019320153405,16.545095977834126,15.990659723967445,15.331866084609109,16.145439363837475,16.723322853418413,17.086372881204568,16.965176379808458,15.697724106578823,15.73274519847949,16.749367209153153,15.985919570070843,16.787010075727366,15.937515405434812,15.599190469091173,16.360088425623537,16.20390538540027,17.901953667156082,14.676304042724071,15.949073534924157,15.984385309076416
130,org.eclipse.collections.impl.jmh.list.JDKListIterationTest.arrayList_arrayListIterate_forEach,936.2019795602189,944.9006597589375,951.431896209046,951.2070177088239,951.154815245031,950.3058595382647,955.7756765813793,949.2553566354873,945.8722155013024,943.9263067293074,946.4720219402249,953.6152010085499,950.2193292558826,953.1190235084999,958.52588050962,957.8984273244617,953.738562139085,954.3746813019401,952.5205887675086,957.2895753030865,952.6617869650535,955.0004936183775,953.4858518241209,957.1730962478053,954.3102388739954,949.3112291363226,954.1262865227791,949.45046092157,951.6917489458999,959.4121307704039
131,org.eclipse.collections.impl.jmh.AnySatisfyTest.short_circuit_middle_parallel_lazy_jdk,1460.6446981771685,1447.8957434885838,1455.4714062610883,1475.6787889979987,1447.3140411682461,1445.88836054354,1442.765257764266,1452.8705100100544,1436.3876320427694,1457.3873027188386,1453.902234253503,1457.2559702765118,1434.0909715607809,1461.8107218241169,1458.4846998537253,1445.349131824306,1442.020835759056,1450.7004219424123,1462.399607453961,1461.8631052913681,1462.2323192589952,1469.990015032905,1439.9085349314366,1464.6397820980715,1469.5114109680358,1452.080362656401,1435.3458049466735,1455.0664397887072,1459.0458986658803,1467.591874440453
132,org.eclipse.collections.impl.jmh.SumByDoubleTest.sumByProduct_parallel_lazy_jdk,12.288549197027582,16.383322800864534,12.358092381664777,14.711734363559083,14.482933620473649,12.342158285694493,15.826853124523938,13.661120083100515,14.911879945416873,14.695469978539148,13.643809218097239,16.66482383123606,13.957807418520009,16.29868175715463,12.964189421450998,16.785762358233413,14.240953598709433,14.785805639154347,16.28646459547398,14.426636626305633,15.73813471875189,14.277104905913921,14.871708227443218,15.710887324511978,13.727774026625392,15.812418543808286,14.82253755451455,13.610122074881698,15.504858559355272,14.45634461392037
133,org.eclipse.collections.impl.jmh.IntListJMHTest.mapJDKIntStreamToEC,995.1594932677835,1010.3588878816424,1004.2853134124191,1007.2239129264109,1017.6891549891218,1005.738084682249,1020.7720452699385,1011.7882519428451,1017.9017053039256,1015.741394272501,1029.3550956509584,1041.9121478617149,1022.0338356439815,1027.4015663274565,1015.0263288888291,984.6719417725194,1021.282511248395,1050.24517513944,1020.5655697305394,1013.7784772373819,1024.786670158873,1023.0421420111093,1023.0371011118399,996.7123099555668,1014.929532508543,1021.3302800314841,1012.2359218123073,1028.7075147932715,1015.7194471157927,1017.2030874991451
134,org.eclipse.collections.impl.jmh.SumOfIntTest.parallel_lazy_mapToIntSum_jdk,99.36687748128098,101.71133965815328,103.33380150500575,99.4622383118174,99.26461408813095,98.93681172964219,99.86407241457064,99.9226083410781,99.75975168257516,100.09525282287889,99.58318789499192,99.22313799754396,98.25698714814686,98.0995071498597,97.87797318176294,98.26455095664025,99.05220334207324,97.38253058102863,97.10488994056963,97.19595414779276,97.08512915890552,97.83822254226192,97.61372715628741,96.7137338276902,98.09453214300395,99.0601452765768,99.28723520729808,99.22668851183228,99.9189096098792,99.38751904694716
135,org.eclipse.collections.impl.jmh.MinByDoubleTest.minByMarketValue_serial_lazy_direct_lambda_jdk,25.78967242965861,25.514553872471218,25.315914103263133,25.223154241701113,23.96324177506801,19.980014151684184,20.307352731264142,19.882342599200534,19.632251993147204,20.612258295125823,20.959833350880206,20.679559248597027,21.015955036990857,20.78585468822389,20.732052915097878,21.042809761910192,21.308035297399712,21.208894083156995,21.201738373318193,21.142764336555796,20.972758316440707,19.996164175818482,20.311867877745087,19.11460709841483,19.913336165341626,20.292064280285185,19.810601261713025,20.171233020792563,20.212868241318212,20.537857359610477
136,org.eclipse.collections.impl.jmh.set.sorted.SortedSetIterationTest.parallel_immutable_ec,107.2393568185327,106.20800109439901,107.50434476818559,104.53468767173804,107.52856145273715,107.94934347518215,107.08414411770808,107.75338095787998,107.26160819313503,108.14605914257353,106.60797274060839,108.22008823394277,107.41219043983249,107.8383845541596,108.12600871336318,108.17570942372087,106.79193161965306,108.31800815704163,106.12770234741414,108.16525412106641,107.43777319075521,108.1179860118021,107.63830708695139,107.58674725408139,107.63400552533786,108.61001131711336,108.13034268799152,109.1412317135491,107.79337895638193,109.25872749850402
137,org.eclipse.collections.impl.jmh.SumOfIntTest.parallel_lazy_mapToIntSum_streams_ec,108.27881447838625,120.2033242209445,115.43714027858991,113.91241809560994,111.81755869486857,111.5550661882702,110.96923832841222,109.24954998322642,109.40632474024696,108.8356951045285,108.63734399370925,107.49349142087925,108.93142831946147,109.58389799466936,110.30180326277026,104.9939483588045,108.28892661101084,107.1062604849901,105.77439854519089,109.46619194629064,108.80630041265418,110.18925883741308,108.6453889470088,109.55705349240762,111.1076029546833,106.30723740626047,108.59326436270256,110.34179058524418,110.70613885736354,110.35944815949034
138,org.eclipse.collections.impl.jmh.SumOfIntTest.parallel_lazy_sumOfInt_ec,106.93215090865556,105.94171235304732,105.09160383509838,104.75380164440861,105.08661019812553,104.78705070768135,105.39288680498915,105.00437952266113,105.59433297130748,105.83548593392875,105.42233966032168,105.42559423735428,104.65066853358675,105.01425783532133,105.18188405138672,105.1575075983814,105.01861781945604,105.0850954268978,104.7888197203505,104.43316279619977,104.93786912101591,104.44597707255427,104.30867413062518,105.28923438904408,105.25458931407866,104.82122624560463,104.73308897953272,104.30478244450697,104.68593925104058,104.92672190551596
139,org.eclipse.collections.impl.jmh.AggregateByTest.aggregateInPlaceByProduct_serial_eager_ec,22.131008789406017,22.226745117889877,21.991820688948575,22.52531554173606,22.513454058053522,22.619412339935682,22.47951615653456,22.548337021248802,22.26494846984953,22.534336369832086,22.363033706861458,22.231406851540683,22.489875134884304,22.505626322184447,22.466666520905658,22.48779209830135,22.070810019411216,22.3167433459655,22.291178587168424,22.524728599237953,22.54246535791247,22.413889686936564,22.421373778708663,22.404877761863922,22.61811899349634,22.67485611971522,22.757021420356736,22.59185889877446,22.03653096266236,22.107523151808852
140,org.eclipse.collections.impl.jmh.AllSatisfyTest.short_circuit_middle_parallel_lazy_streams_ec,1637.4457491755902,1641.7139297060348,1587.8543593976701,1641.8137641392923,1657.8322290362537,1673.1061162876754,1657.1482539689803,1675.5608321547707,1662.7882555551728,1683.7953019836,1685.597898935611,1675.8547620470472,1659.0272710902823,1641.2470483741115,1641.8975899216239,1658.591507156294,1648.7301028821582,1661.8751183942284,1650.2117878909964,1648.9917685059247,1628.5201555920128,1655.7615272902706,1647.7703233840791,1661.54368028982,1657.7853350347516,1660.6126056489038,1655.0328401840175,1624.9610843806233,1627.0816279438213,1644.4817908980522
141,org.eclipse.collections.impl.jmh.MinByIntTest.minByQuantity_serial_lazy_direct_lambda_jdk,24.358713508381804,27.487207993327207,26.186464733513432,25.808375752194788,27.52452779237143,27.412466816902974,27.178753889738324,26.464145124039824,26.8315666648082,26.98217506249239,27.328207455637443,28.500748988381392,28.10785180850818,28.355142195552858,28.154422163003463,28.293701665710902,28.71491880299243,28.442946904327968,27.58025725085037,28.172004886937458,28.444323584186588,28.892618877278082,28.77168448442189,29.07516342029965,28.620848543081415,29.17187147956286,28.971969735169104,29.625366970901936,28.97602483139016,29.244630125143242
142,org.eclipse.collections.impl.jmh.AggregateByTest.aggregateByCategory_parallel_lazy_ec,16.117984858009493,16.029414599869302,16.91231640647304,15.747286389028591,16.615103803515233,16.063206033185175,16.049806175819764,16.715095836179575,16.16560044327208,16.24595623933991,16.186820610938483,16.49099342178292,16.45441178208283,16.42127634986227,16.92673088182425,17.318097216406002,15.908440873324237,16.225600160510126,16.83506857663648,16.506210431241428,16.65694241308983,15.977760082799053,15.887356338831855,16.143189021167277,17.191881790352134,16.28116853548788,16.82820865245003,16.01132503435535,16.87238858989663,15.840315410839791
143,org.eclipse.collections.impl.jmh.CollectTest.parallel_eager_fixed_pool_ec,182.02743125736794,181.9477587955991,184.50667380486087,182.86921778725352,185.32285161233645,180.5677210563588,182.8484614120294,184.75958380868394,186.4892847340808,185.3123182177071,185.06596132374563,186.32317194806325,183.7920385731863,183.2160109938847,184.61660190279682,184.99749235899108,185.818234646869,185.84658160257467,186.94960436904944,187.5690623301253,187.1370744579449,187.6719795948569,185.65816470188557,186.85703605542807,187.11537278094977,185.94262219752753,185.55952066543958,184.41868133409648,184.84159685127116,186.0932491059498
144,org.eclipse.collections.impl.jmh.SelectTest.parallel_lazy_ec,668.6584786700683,669.0115608412963,670.7248418408832,673.864108563867,674.9140679161308,675.4506431583571,666.2846647907567,668.6628768940419,668.3741698511824,667.409642133641,661.2158911844958,661.6288182933915,671.826441029051,667.3705201085411,663.0113434610753,659.9568276042086,665.0806025512422,663.8843261227851,659.4028105258417,658.3185468228047,653.562494808975,665.8458899687668,666.1586176841547,672.1335197451541,671.9751671576977,674.8904861148416,668.0467287163181,670.279539982257,669.5408248850489,668.6143191905754
145,org.eclipse.collections.impl.jmh.AggregateByTest.aggregateByProduct_parallel_lazy_ec,24.763273884011024,27.746996082457116,28.101413254418738,28.15402172280688,28.113878208351355,28.06380780254681,28.25209375063456,28.3788184673799,28.361503624400584,28.356689751448698,28.347339552575146,28.385002065492497,28.33173805011413,28.396010817340425,28.479632612739294,28.21926486695441,28.419569154642385,28.41902770106833,28.35301113514737,28.40373717522086,28.411428065927634,28.445103894060665,28.41988125382066,28.32361504293882,28.468643608516565,28.474659504064036,28.427097040337745,28.525835582876482,28.509461801638334,28.507184344455453
146,org.eclipse.collections.impl.jmh.ListAddAllTest.ec,53.85472434989411,52.210015168230925,56.08354809886444,56.39187548478401,46.516376812450375,56.814659105436924,45.77824746834673,54.457797366540134,50.95582059016684,44.00014084445084,53.60633363358638,52.611145865019346,49.74191210855972,59.916001733776575,49.152072631636074,53.96797098064646,43.914970385146255,49.85083730209208,63.96421379763317,54.424733559635,48.2097326855461,57.78563545963154,51.89244641824239,41.6475660929843,46.76228104504608,48.56903081608164,57.89332223296089,58.08157487493295,47.5065362170592,44.59476734909874
147,org.eclipse.collections.impl.jmh.IntListJMHTest.filterJDKIntStreamToEC,162.77841999190548,162.88672091859732,163.03246816654868,163.33208837764653,163.26734334781634,163.0659928888551,162.4521747151213,163.20091787699062,163.32729651411896,163.100546156102,163.32930828503243,162.64716560013167,163.05809880564357,162.8972981404414,163.31576524734183,163.2268104319843,163.1449378035789,162.6049361852788,163.26175857202156,163.26146472402314,163.6081661316984,163.1158540020648,164.64043993218726,163.32442192132504,163.41326320773325,163.3546307763262,162.9099127731554,163.4058367688082,162.97357627920996,163.9308551128294
148,org.eclipse.collections.impl.jmh.AnySatisfyTest.short_circuit_middle_serial_eager_scala,2666.4499327104813,2683.1601038085055,2680.249122847736,2665.670994888798,2665.613518027248,2666.3647386010284,2662.57923526603,2686.5530918931636,2680.8463312074487,2666.358807365799,2667.259640739741,2674.485204389918,2680.708730273621,2668.74611417592,2659.6162599275526,2667.9132928179833,2670.860946966518,2672.268140579803,2669.954164896851,2665.56239195655,2667.717803475313,2694.219050971666,2671.163923987687,2689.6180661657504,2675.482133678205,2689.0151213216645,2677.3013662403837,2683.7021734675973,2685.2849033576763,2693.0580084695025
149,org.eclipse.collections.impl.jmh.IntListJMHTest.filterMapSumECPrimitiveLazy,235.2197427122201,234.85110604272666,234.86555590983053,235.751250368691,235.18250467302653,234.8702656508435,235.37141662402107,236.45636010854176,235.68337870674455,236.3197665495742,237.17894200265923,234.74003456657886,235.55597792383747,234.1993592785888,235.15136670059022,235.251933433715,232.90625709476942,232.95251006834496,234.90347111661404,233.90334248446175,234.4008706713614,233.26306110829992,234.1339040371488,234.55790151429943,233.69430681419942,234.77244657138823,234.7025598030437,234.413359236894,235.41117849602037,234.19667075819214
150,org.eclipse.collections.impl.jmh.PartitionTest.serial_eager_ec,65.9551249244629,65.40446189595806,66.35810136327153,64.82883398552005,65.59668474433626,66.60128501354306,64.81084357765523,66.29743632157711,63.56850739702421,61.417651889426736,65.37806591207791,63.212771969111714,65.55074163379088,65.89482415096064,67.28842264274658,65.49569792798226,64.14971072368922,65.51414950595472,64.44201829115707,64.77191414431748,64.56035957490194,61.84294927373281,64.75746806409497,64.19427619854383,64.50394588549231,65.52810654878067,66.77971076301904,65.42722773769952,64.40886197013317,66.93366331802511
151,org.eclipse.collections.impl.jmh.FlatCollectTest.serial_eager_ec,97.82058403873528,94.48724023520671,104.11717423736222,99.9573923202979,90.98916424697028,89.06003597784002,95.88526210584351,81.73376084359641,99.38866281971252,87.63108148862416,97.40148547609388,99.65556684227931,102.74188013614763,99.00632915309725,100.87366833961318,76.89442300625227,91.23707955908263,99.97319418744252,92.42605035466009,99.4464274835557,96.93746215341619,103.84717876074933,86.72494419979118,102.66778253313544,100.81285062085604,96.56624941827172,95.73860966097313,88.83812680541408,94.55487891087752,101.38347522528842
152,org.eclipse.collections.impl.jmh.CountSetTest.parallel_lazy_streams_ec,285.01865597086925,288.7390959303955,283.91028009283644,284.5656384403534,285.84888738803505,248.84351027937763,270.49148223470286,290.61739464389905,283.79084869862675,270.8707607882589,294.2855796725071,296.12757352147963,294.5015193657835,301.42905960106094,298.8538903330162,301.56271657033545,277.95456054435135,299.2308993870034,285.7283472026373,299.6504394836655,284.5222206133905,293.53462052597564,290.7160942210022,296.6236563630002,300.0213797627416,306.4961295578907,301.53371158527534,305.4535304994347,299.92419985704595,302.51995860700276
153,org.eclipse.collections.impl.jmh.CountSetTest.parallel_lazy_streams_ec,247.73225444764455,266.40681698286505,243.90426074833698,242.12836838199922,268.9384590235881,261.3199164852666,264.1466717994319,252.6485136193132,230.57104447600162,251.62165006661454,260.63427199494845,238.4173585202565,266.5250172389724,242.55250881267878,256.5959560531241,248.70766055971765,245.72912860414448,257.9625786585269,237.95836347330962,226.94508065215265,254.4335007573617,260.8713632872776,243.52569109958762,225.32604214685333,249.53313971524685,234.76293404157548,251.53053159389816,234.31073467251443,253.995051054843,276.7782146059265
154,org.eclipse.collections.impl.jmh.CountSetTest.parallel_lazy_streams_ec,216.59268921740448,268.16772644358963,243.76726417959358,246.43382739960103,250.65827961941085,248.84586903439995,259.51505874257106,247.5946528899677,253.82235075199807,258.6247817355377,248.63514805966943,231.25726641231822,273.27305486927395,216.65042435772887,261.1884959622656,248.81179477744163,230.4614903149636,256.989075394405,241.7584265186776,234.31941854587524,251.654449459848,254.66030352791805,267.1501915007335,264.63866025617693,263.6128297280757,256.72800053435384,251.9742756942201,258.89256553983,260.13267914808375,263.1746933726975
155,org.eclipse.collections.impl.jmh.CountSetTest.parallel_lazy_streams_ec,229.5250607765895,213.95395582498273,246.10722365045063,225.71457985091607,233.58170421990005,213.45829535712429,228.89108904201203,259.38535889724494,243.2562163871875,251.1377266519478,256.8052519939556,248.35262418159832,249.3089370670188,247.17672231157877,257.73938527414373,246.92443371555004,250.6576377615176,248.92462288601925,237.85088789273686,242.9419526645401,230.44830767322352,248.18367697969882,235.24876951810322,250.5497398186191,247.49547058339692,236.9495651397044,236.94859746640623,253.11799314087708,257.70102557816523,259.73039699088906
156,org.eclipse.collections.impl.jmh.AggregateByTest.aggregateByCategory_serial_lazy_streams_ec,42.64662460043142,44.234410942071605,44.3021593165689,43.0222434746975,43.95965407649998,43.08778071262197,43.357146749164365,44.409308739249504,42.70173146772454,43.227992475887454,42.594407402927956,44.32647359237513,43.84716421973182,43.98191747550931,43.088673327419585,44.235273483440835,44.27809739570969,43.242278994581405,43.22521701133223,44.19589021869669,42.34296349549709,43.07565383702338,44.083438079343296,42.2686257010883,43.382719974859185,43.40613892302882,43.24288740302437,43.091075764323776,44.09837153092627,43.20545566627496
157,org.eclipse.collections.impl.jmh.GroupBySetTest.groupBy_2_keys_parallel_lazy_scala,22.075922100348148,19.639154033070554,20.35285782564568,20.487092586811205,19.87900146793604,20.335573252828116,21.407347496170413,20.971186093615838,21.7970431322198,20.512693133299518,20.924881558444525,20.80211643506226,21.34046805451051,21.515601302353037,21.406876421153875,20.40753749365351,20.81107571049384,20.986490156826445,21.484333646853887,19.883940778179817,20.231144174786543,21.447059629571847,21.868184444839937,20.547899626136545,22.62201882216488,20.740799777762923,20.508328813200006,20.943247735966107,21.481341683513605,20.709437866181457
158,org.eclipse.collections.impl.jmh.CountSetTest.parallel_lazy_scala,203.81191462033559,207.13917660263255,215.9251782550066,212.41072888147264,213.00040825410025,211.93559531581067,213.9550801886325,207.53969563365715,215.81948362005207,213.3791489397059,212.84834066176666,213.01095838160143,205.3744444345867,215.96348726917088,214.71199499195757,208.62883865596027,205.9722551252901,208.8820228068726,209.53438170694923,210.10047080189744,207.8259349725119,205.21036549393602,207.82780095027783,210.28676847478317,216.20499951484396,210.57941100587442,209.71650522823248,212.6455417843363,210.38966798875134,205.2316075254031
159,org.eclipse.collections.impl.jmh.CountSetTest.parallel_lazy_scala,153.34186102604832,144.95559459306355,158.4824833746642,162.53023496116612,162.09376746162567,158.5234716277776,152.98037460668283,160.77401620359825,161.50828302557187,157.3608320869509,148.9662396927118,156.53295855979755,161.34129094341756,160.65006560110504,161.28594341998905,161.1477094248724,163.28565351429302,160.75523038883966,163.87576594571232,162.92535542256243,157.66751909211706,159.25386173669105,163.33072881903902,162.85236732636685,160.37658701772327,160.20927909257463,161.36661891589353,159.46752215623565,159.86225516742175,159.44610114590586
160,org.eclipse.collections.impl.jmh.CountSetTest.parallel_lazy_scala,155.74632303672527,152.51702829195062,155.87488811218097,148.37256875800176,160.77988911620213,159.36722653047337,164.7740654265166,164.91738100980075,162.27101143642884,159.7488218154972,161.96878797264455,158.8188888154937,156.48369176102338,162.87539934225077,165.76174302171472,166.2328558170456,163.55138101514618,171.70193899835203,164.22447651402769,168.81170708429477,169.0845606329536,169.98271853693723,167.53240315759768,168.04405751656088,169.12309960364777,168.3267629720452,165.87575424967014,170.66471159560513,169.8082806776334,169.2404780132791
161,org.eclipse.collections.impl.jmh.CountSetTest.parallel_lazy_scala,158.65929407993698,157.6237934600685,151.58638336497333,162.96242977992375,164.06098220287345,164.5887222444923,164.15275624520578,159.207813601872,163.12927530746495,165.27076423799917,159.9646650852,163.72494945254246,162.6479899010965,164.18852416112048,163.87819310826106,159.98886637478898,161.0870116544822,163.1852600565578,161.54467083695764,159.67160914963986,158.59777763856638,156.1600618751919,158.95664282714583,158.4523909137878,155.81092764619638,155.62279307052484,155.18901464397464,158.81471658748717,157.71088692546243,156.65104757275
162,org.eclipse.collections.impl.jmh.AggregateByTest.aggregateInPlaceByCategory_serial_eager_ec,42.75500911038855,43.36133649690453,43.065936948327646,45.03038691350437,42.275790837392194,42.12705654850976,44.55953248254581,45.06639592285197,45.58858777069472,44.65338272214845,43.2872754821786,43.900347440519745,43.421996345821896,45.07284733333742,43.78679691895955,44.209926689573265,44.55237802550187,43.73456047011953,45.51435102968471,43.90458878886875,44.47628753556634,43.053494815777476,44.37121095807653,42.47221977825674,44.28464618071798,44.555806421094346,43.80237308304376,43.989004818373346,43.57402055351483,43.66217834928261
163,org.eclipse.collections.impl.jmh.AnagramBagTest.parallel_eager_forkjoin_ec,5.74937059124788,5.979805974824455,5.907652183645772,5.747975232135668,5.91366141851162,5.882273518950095,6.03114797572768,5.8016734706662545,5.898210372283302,5.890542498061061,5.933527398642766,6.3457765217491655,5.815189571153001,6.260978278822045,5.549667112097748,5.941949359223598,6.0264866498857135,5.996865863990369,6.009924874075997,5.913491279261209,5.918001199198119,5.615054461124458,5.5942336154064956,6.226071013294081,5.877523115367805,6.0355372346152185,6.1670864954849085,5.865555399396005,6.04657670433942,5.831003030472374
164,org.eclipse.collections.impl.jmh.FunctionalInterfaceTest.serial_lazy_jdk,16.667689098665896,12.99179616142052,15.247399026725358,16.737795454543864,15.550667294003912,14.736429439736888,15.085240731992261,17.876296581819005,13.467049429053372,16.389534122084033,14.5851294255534,14.658137107107605,17.804955983581927,14.71721886792003,14.434035535945108,14.780818330473238,14.927017438128878,16.90222545975182,13.828631395838821,13.641275462820694,16.880951260827974,16.708546261108797,15.535359172197765,14.576107822714034,14.06872730671493,14.914871773461687,17.59375897917038,15.86625360647134,16.405555048323674,14.084972057936646
165,org.eclipse.collections.impl.jmh.FunctionalInterfaceTest.serial_lazy_jdk,12.461306015267194,12.074896342796915,12.089896381245984,12.156726083694046,11.83477087473011,11.847711877681595,12.932325181124153,13.544882716655254,11.046668703461963,13.80487449583509,12.325413025135635,11.805945055409152,11.299677820841765,14.63785717392495,11.77415380966846,11.424641863995916,12.723501741165213,11.80213510419807,10.785345764123804,11.729881373340236,14.713444154465021,10.373203259349484,12.57405544968585,12.727889509227536,11.694813099620111,14.483268369807815,10.430088323590365,11.787190144005802,12.877207150581585,12.024437635646715
166,org.eclipse.collections.impl.jmh.FunctionalInterfaceTest.serial_lazy_jdk,11.207069265382184,14.633690812514386,9.903102136544078,12.918292150939198,10.754343541118134,13.551305068694914,13.918278756688709,12.808833400313187,11.822433771713676,11.626285141164539,11.985433092961335,13.494655774127532,13.692731102098692,11.728591467972997,12.712494951501547,11.379221002549075,14.785648141483653,10.705673563863176,12.830137597314703,13.802314473833748,10.52100343028637,12.763176891588843,11.033819552506786,13.59082816670558,10.720194388713107,12.784103165179324,13.902887400017422,11.971584104310999,10.425791910146385,12.57808857146687
167,org.eclipse.collections.impl.jmh.FunctionalInterfaceTest.serial_lazy_jdk,11.19114933033678,11.758877293439458,12.5606964374374,11.856552667592446,12.5359850936607,14.668391812968148,10.433727609545418,12.77808780476796,13.034025702082031,13.465651467092634,10.839647417415431,13.644738908901694,13.7942125845098,11.664572945486373,11.4431550078299,14.494731474813001,10.8456868561149,12.776421993015964,14.86761963654859,10.080876775716316,13.628356874929418,9.80231921617958,13.730637839127139,10.279108328640243,13.714474931496907,11.66206033748265,14.5201295949445,11.910109520305353,11.98336684714882,12.517682131307126
168,org.eclipse.collections.impl.jmh.GroupByListTest.groupBy_2_keys_serial_lazy_scala,42.68100193544845,42.95389749590984,42.64915060100439,41.85182738349279,44.76542879499082,39.89198483169907,40.74627550941821,42.512293738168324,43.329492013022055,40.36350474531771,40.965494995702926,42.7489620639,40.270327637568585,40.386787216301286,44.173479652049075,39.54510529836334,41.27887388307144,44.50019868844268,41.48014346519943,40.93356004282397,42.640384064265106,41.38311286171225,40.95561206191363,42.54531389943715,42.227178780816736,39.758947346801605,43.22965400681697,42.2778963627434,39.53989527392166,41.85861017540001
169,org.eclipse.collections.impl.jmh.SelectTest.serial_lazy_jdk,140.4892499269979,141.7933526365611,140.01648722934843,139.36001028409666,143.91301558995306,139.95349730404848,137.5606369498471,139.16261650935303,137.66238938150994,139.8239644252679,138.99058049220363,140.65812166002152,145.32476764998367,143.9491505383689,141.64017729360333,140.91763814986584,138.3437806641727,142.15744646193497,143.4444188230133,133.8478511321825,141.59470625096785,138.83245990287088,142.70567738919704,145.4142666805542,141.82743968875022,144.91508150122127,147.66497283668403,141.8543754189911,139.49183820800016,136.95944299682492
170,org.eclipse.collections.impl.jmh.AnagramBagTest.serial_lazy_jdk,2.3470555930973185,2.233554205810973,2.3375038464015376,2.345114160235491,2.3244307408680416,2.318737128637061,2.3922618405733425,2.3407133359001855,2.265092736475478,1.981567543913917,2.308641754372576,2.379064978074228,2.2317876292846397,2.37393643226378,2.2389861550664105,2.4361047958883773,2.299943543132517,2.3681350884789696,2.377678353713198,2.2696511440350218,2.41942288692952,2.2176316229160005,2.398834016980505,2.3257871950627558,2.357239972398983,2.2307698647654663,2.3247879758494205,2.420814117173126,2.2358519058806334,2.3605769541843338
171,org.eclipse.collections.impl.jmh.AnagramSetTest.serial_lazy_streams_ec,3.3729315355062957,2.7702613789167163,3.4888248917845455,2.9884742318908972,3.242462581817656,2.969316408549171,3.502216898043136,2.8667570757756824,3.3029631214109973,3.029163413130595,3.350177944282738,3.0142648849833233,3.3191767926086175,3.4909317527686,2.8762625246492104,3.4901769619451515,2.8467459877136494,3.2723265825844043,2.9730585919714025,3.3020593994306657,3.426570279220701,3.226431289061441,3.286580053182173,3.3516209896223037,3.3228444453262536,3.256110997893418,3.3135924324533894,3.295851072012351,3.187016241161449,3.2668166931543157
172,org.eclipse.collections.impl.jmh.SumOfDoubleTest.serial_lazy_collectDoubleSum_jdk,119.80955851340839,119.35468929814056,119.78454641119929,119.89520595492073,119.87098992593113,119.90841023909866,119.80565653541713,119.4444218301869,119.84776194221975,119.6357881044778,119.95773589070231,119.90926561798099,119.86716476627915,119.63896406248108,119.41780286337142,118.81362538281576,119.93389028086716,119.9625878675347,119.56275351052535,119.47492550417306,119.59424602383142,119.93431581312726,119.90095833129057,119.39161982400304,119.89742667240492,119.94767450626408,119.91514564463894,119.9394015768685,119.89645586206359,119.23703180426837
173,org.eclipse.collections.impl.jmh.SumByDoubleTest.sumByProduct_serial_lazy_streams_ec,10.746956965917233,10.898219511808609,10.838004028643741,10.96491700243635,10.814151496171874,11.10420482007825,11.149479847079643,11.079848416002896,11.102920137389384,10.964262206622758,11.007312652206654,10.91130359521353,11.11658220909724,11.122489015728766,11.274843003166731,11.04251081121392,11.147845294807059,10.971636678925295,10.889163020818149,10.859011481479635,10.823124984805808,10.833497688162616,11.125959579824613,11.060726174925062,11.102662016157543,10.894746237911654,10.924945721219732,11.039663208137057,11.007629264924994,10.945857748554142
174,org.eclipse.collections.impl.jmh.GroupByListTest.groupBy_100_keys_serial_eager_guava,90.6414826618173,91.23035680761745,90.76156048597043,91.1363256486358,90.50825858469265,90.63111838791127,90.90140878653716,90.69929700190862,91.412428334395,90.86813996993567,90.25527287619519,90.45330492858349,91.11442843779398,91.66591404301516,91.96818958274618,91.57068585695217,91.73513205240351,91.35481738210731,91.69124367399685,91.43453382340958,91.38219504404935,91.69998945440153,91.65549997158679,91.80991317517551,91.83517239588042,91.38426715523795,91.52987719694053,91.26032022911086,91.26045502339872,91.59112284780113
175,org.eclipse.collections.impl.jmh.AggregateByTest.aggregateByAccount_serial_lazy_ec,9.418093625402676,9.109235003883667,8.616864600913482,9.424915175449257,9.685898703011672,8.8440766903969,9.438469113365429,9.085798577004033,9.242632248796602,9.402460986222891,9.562734721507436,9.295146634614907,9.118498508157414,9.245885095980151,9.683890161482967,9.06639622049987,8.208016778811484,8.321474400165657,8.55867605241038,7.916470015779049,8.381545985188083,8.423959944104162,8.169562179570688,8.314142957659955,8.474709272052824,8.028030688006304,8.339816863334455,8.221622111408093,8.143423862191835,8.132470213938353
176,org.eclipse.collections.impl.jmh.MaxByIntTest.maxByQuantity_parallel_lazy_direct_lambda_jdk,64.97852381813583,65.98304519465592,66.31116170782512,62.41402307333097,66.66996566904749,67.2905716528017,68.10513462672617,67.92340569610295,67.88839426325538,67.5742934389644,67.3660578429799,67.65506639466743,66.1601402224476,67.60506681642886,67.8953636035453,67.59077066514631,67.36657873729837,67.86859967204356,66.6066215594961,66.26278896799252,67.08482631724162,66.62189483091746,64.11239391090389,61.6870097971498,62.12720374165601,58.938929485191046,63.21279894114137,66.11076270793983,64.61582030800835,66.03483869370824
177,org.eclipse.collections.impl.jmh.SelectTest.parallel_lazy_jdk,168.63353881647043,189.18426186759672,183.80562242958513,178.4556459110199,184.88002100109122,180.79896294354145,179.4955761470443,183.96577188038125,185.93700751684543,185.03711992655423,176.85809495724138,179.37217550819696,186.5386457194767,184.61452173718823,187.25033989372935,181.56082053404117,186.0483647608065,177.89292215861553,187.87388232940498,181.18037152460732,183.47483777015245,187.6469404051583,183.92987605045752,183.00326084459795,188.75581226834282,178.24219067116601,181.64259091231776,185.5498567896278,183.08216706479715,185.13019797745736
178,org.eclipse.collections.impl.jmh.CountSetTest.serial_lazy_streams_ec,419.13625030242054,419.70132920220385,418.6154941335594,420.34143468096937,420.0198672589764,419.61370152830455,415.45686244185134,419.7960609745982,420.6340866223404,421.3541210152899,417.8000981116572,409.9456865154292,400.6309908132916,391.7784066072173,398.6685756503418,403.1711011808694,400.49552542329315,400.9791447894058,395.9865431893028,398.19964419993534,403.120927898643,407.8512444156243,407.4802837543686,390.42663701008564,398.6440865730667,400.24603852615655,398.4454428357703,406.79242968803493,404.0376312509137,395.6984303122904
179,org.eclipse.collections.impl.jmh.CountSetTest.serial_lazy_streams_ec,237.6116971030994,237.17226760021393,237.51467201978167,237.0866318118902,237.18131390616935,231.466526135091,236.78535502281323,236.6679177545273,236.18818977870137,236.98074981671164,238.24082060984057,237.78048984964892,237.9830744057652,238.8483795263734,237.30810141451053,236.50621452061878,237.47190996661624,236.7456816334017,236.09529910440756,236.80374439755937,243.89119062810437,243.06257981922346,246.4905147051965,246.47831213831236,246.71396229924989,246.53051714437095,246.73659708599064,246.40377751874922,243.4448532256014,245.96770050544043
180,org.eclipse.collections.impl.jmh.CountSetTest.serial_lazy_streams_ec,237.62640803855712,237.47592743691547,238.12392327448325,237.73424307076152,237.94470783646122,238.1034260730869,237.54669913590692,237.6775644769325,238.20150211561554,238.8340573804299,238.54691543906696,238.42061834692626,238.09577961014628,238.49705407341122,238.41573506183718,237.79066693113384,237.83172097666434,237.29363829783966,237.07488472530073,237.4383168673718,244.90279293852404,244.76129556745266,244.20368012673362,244.88125389652927,245.0915441725531,244.96377377727873,244.98458238527675,245.17561929111497,244.46145556922573,243.7306425427777
181,org.eclipse.collections.impl.jmh.CountSetTest.serial_lazy_streams_ec,207.15401696796164,200.93537837857193,207.6199508494902,204.56591072830273,206.97407856640035,205.89800368821895,207.21046018167686,206.7927572616985,207.0754697361182,207.10394015753954,207.09815071855667,207.23171246491498,207.2784512744067,206.8596147224686,208.0766188048828,207.11943421088563,206.65664700732333,206.63517897918652,207.3094445696889,207.1493705251491,208.4192944502887,207.2747592973527,204.89076617604704,212.81720725715988,205.5866794937319,213.682084222458,213.8907837296843,214.19443422457488,211.2829016062902,213.95588015795263
182,org.eclipse.collections.impl.jmh.CountSetTest.serial_eager_scala,110.49603256777982,111.01828924812926,111.20619262645394,110.29223257482857,111.20803608571293,112.32344187558049,112.84567146977822,111.95362377112093,112.16890268690362,112.60013518812089,111.91035376347635,112.08362957549107,112.49942570536533,112.68106818070774,111.56641497881125,111.62137326972258,111.3104567651924,111.60348031188505,112.04794597052012,111.87806745062758,111.34753440301292,111.5988630204208,111.62368163100952,111.44480693548417,111.15084367832182,111.27059101032656,111.49873580244537,111.80035051166747,111.50103598599169,111.32692476047521
183,org.eclipse.collections.impl.jmh.CountSetTest.serial_eager_scala,78.07612868272312,77.34914668808119,77.38021819007265,77.9794417339196,77.03931557466093,77.61670557807719,77.61030577141099,77.6137491236139,77.41952704432765,77.46183313964399,77.62709387964166,77.71689065692513,77.83193291517223,77.46370205848943,77.4751998086148,77.82780170819153,77.67635780441907,77.86120158546689,77.63529531280906,77.43657542646241,77.91128864851902,77.67389941554065,77.48080253685498,77.63697486249424,77.61802246219398,77.6736396779226,77.72996516824593,77.52638857874882,77.70344309993335,77.7136758515175
184,org.eclipse.collections.impl.jmh.CountSetTest.serial_eager_scala,73.5143779137194,73.02926182352755,73.14223258613393,72.88640799087439,72.99715609097203,73.14855643552929,72.89422144579869,72.98479370798252,73.39417992524096,73.13099108782359,73.04244135002884,72.46720660360894,72.64029441473532,72.65438960753204,72.70267781879134,72.87430137665875,72.80150219058423,72.83230354824785,72.58131244911658,72.72827893161596,73.70482808376738,72.84602739159116,73.01677386619389,73.23644727353805,73.11488805474836,73.35802245162525,73.05219186107425,72.45408167984849,73.26061098323912,73.30789263492078
185,org.eclipse.collections.impl.jmh.CountSetTest.serial_eager_scala,64.58148414810064,65.02852770474064,63.75716699419736,65.4522210027603,64.27777828985741,64.24823157088554,64.71146581047357,64.81307895068008,64.80591244877759,64.58374163919994,64.51883069025227,65.13908311973512,64.83064543332968,65.29672469561197,64.7017469451767,65.03408931767046,65.06854507857116,64.92004531614921,65.02410208490828,65.5429123156323,64.0361456102507,64.83726798842744,65.32310015297631,65.42171074127815,64.67964900726734,65.06718512199772,64.8692279826253,65.01413213667848,64.98659242115781,64.83364801059228
186,org.eclipse.collections.impl.jmh.RejectTest.serial_lazy_jdk_lambda_not,72.55282393650532,71.18544988308082,74.84880474078437,74.84588364345562,74.25844043637274,72.35109797890449,76.27232079627795,74.25395418641912,74.62929947790089,75.88374382794328,76.4506054603993,73.43878098260846,73.8768651440063,74.2625459613001,71.5879930558666,74.71078952811378,75.63401991106775,72.78331497340979,75.54971508542336,75.93299755821761,73.93378733987339,73.21161305757019,76.54348835886171,74.47403014108976,71.42724319899592,72.2179875047384,73.2584206847107,75.5784004795561,74.41949740822193,73.01901507740727
187,org.eclipse.collections.impl.jmh.AnySatisfyTest.short_circuit_middle_serial_lazy_ec,2723.660029982386,2726.544887853864,2698.6313021969686,2721.5663782720826,2726.903370355805,2714.103007954592,2708.0245265781373,2713.922683056682,2707.21243129555,2728.841768110076,2727.7720373630655,2743.6977569987866,2715.44121922135,2723.3804881299407,2738.4343763795587,2735.30955589721,2738.441368287534,2723.064099207487,2731.0672033706733,2720.7232779561223,2728.759410740274,2724.626532716534,2726.271011489154,2741.363145703532,2713.2971610698823,2740.9082042433315,2737.9394367796585,2718.609890355174,2710.134421007812,2717.18689898366
188,org.eclipse.collections.impl.jmh.AggregateByTest.aggregateByProduct_serial_lazy_streams_ec,28.57355368574892,28.55961362549168,28.666731940815296,28.81926472001893,28.62743170417235,28.752767936549642,28.5681011283016,28.587109190712408,28.43701816138696,28.46457970806162,28.799660443774894,28.546878920140674,28.794572107979356,28.645337400272844,28.87744372660276,28.617798217004967,28.63049737758959,28.542456648968923,28.636545709473747,28.89115725058503,28.278314357163502,28.621876794850067,28.726917998335438,28.96416961846812,28.68118329453949,28.745531249227497,28.84942159794638,28.524338269607764,28.609843144055443,28.664033963186682
189,org.eclipse.collections.impl.jmh.AnagramListTest.serial_eager_ec,4.3340453941656225,4.6537364887963815,3.820794352315753,4.6417491981046375,4.41978725281574,4.614023123638287,4.404711860523228,4.658223287901148,4.432365617755174,4.183482600299301,4.531073486651677,4.5527122475451405,4.378787725822227,4.421373485719484,4.602746572291362,4.543844070800532,4.6277488310905746,4.68835264871957,4.443099153009342,4.533613386117348,4.75362453198677,4.422802914956531,4.581668456958198,4.670135858408542,4.577861753178552,4.447201412840311,4.585967953578793,4.5047428053989105,4.540232695879003,4.561358617961032
190,org.eclipse.collections.impl.jmh.SumByBigDecimalTest.sumByBigDecimalProduct_serial_eager_ec,1.673616243755083,1.6775338089660599,1.6737702746398173,1.6739216061149254,1.6729301240215455,1.673720791685065,1.6669022527402169,1.6690395387880954,1.6797528724057575,1.6844348816942594,1.6758510440211387,1.672849984424972,1.685325463843153,1.6804342939931998,1.6834757114959258,1.6806406149595772,1.675514369695877,1.6799682139934102,1.6835368308758243,1.6782602943670402,1.6898173502449307,1.6828963578643428,1.6840554386368725,1.6821097391084885,1.6778392655067342,1.6794270612412139,1.6826824211241016,1.6846798149810838,1.6822711715263177,1.674925314431196
191,org.eclipse.collections.impl.jmh.AnySatisfyTest.process_all_parallel_lazy_ec,2098.600898457214,2235.6705296775795,2234.364526619349,2144.034112632259,2161.9308268612635,2226.1961517363543,2202.6449402435674,2200.879398411605,2202.898257885589,2202.8620988938505,2198.598047907685,2224.3097188434026,2207.814399251973,2165.6812192499438,2246.4404341522572,2217.6295005334114,2218.048752085839,2231.1655708504886,2262.3458630548103,2208.2164500718745,2231.6393003377657,2202.9418521283997,2199.4228076720055,2275.5628000467464,2196.7718441747616,2212.826660436381,2242.9796864844557,2227.9932424964954,2261.2903324710896,2265.697715142241
192,org.eclipse.collections.impl.jmh.AggregateByTest.aggregateByCategory_parallel_lazy_streams_ec,102.57932226601078,99.75724625971296,102.52169440965372,103.8272577008873,103.38496861128968,98.63086591755783,99.8559991352092,103.4858713105291,104.38295982342578,102.68844130107385,103.83152333103139,104.73442034423502,104.21154023922782,103.74759804990171,104.55372645417606,104.33987349150786,104.20066004887153,103.70736078739776,104.12768397454066,103.58307950863417,103.34020992833939,103.65549775469975,101.53778359801755,104.23617905890046,102.63858675977573,103.84145406263609,103.07868083219618,102.56259180600956,102.88605829091941,102.96422077170477
193,org.eclipse.collections.impl.jmh.MinTest.serial_lazy_intstream_jdk,461.9875833163799,464.5411754682371,459.8491317771483,461.7996399138299,458.6439152851874,459.28071771230645,461.47792540820643,462.6513981859351,462.8283235527729,460.96683666287,462.2022352443504,461.1271968868205,463.33146736570444,462.36016381202904,462.02291587460445,463.89359487057015,462.75342091415905,462.0255322474008,461.73335452856,463.9389335739294,463.935006417081,461.84998465908296,463.4133659468746,462.7023297102275,463.52705731756714,462.2670100137078,464.6335908794996,461.7158978971377,465.05091618438536,462.272902508467
194,org.eclipse.collections.impl.jmh.GroupBySetTest.groupBy_2_keys_serial_lazy_jdk,14.843296865843309,15.858761911196565,15.316988230560268,14.281825589437577,14.891181352063475,15.799108287071412,14.604007943412,16.236605003829403,15.69691176828977,15.623969702951014,13.643307419823183,16.67840919877135,15.597546900880367,15.274503397209937,15.680107477415092,15.851155023041903,15.67832258755475,14.558020671565005,14.974178465820938,15.920552368022163,15.793454107410174,16.562576023746246,14.706686996158034,15.476745025007567,15.14160237746551,14.5408563697585,15.385847465527522,14.878375794607681,15.552015817395416,15.106357751295025
195,org.eclipse.collections.impl.jmh.GroupByListTest.groupBy_10000_keys_serial_lazy_scala,24.275082555550384,23.614212183297614,24.59888611068085,23.51734132787583,23.52585262610741,22.514683259040655,23.267137383864554,23.67850836762968,22.607129216583818,22.99395029167826,23.745972378839276,22.3674062032327,22.91899371247393,24.123416231143796,22.544409033069893,22.666177233602195,24.506801045573454,22.228083112708575,22.403414043408464,24.46853382909819,22.55677975928605,22.372235083555434,23.968089568160142,22.24005788913016,22.369266498291058,23.90332834286284,22.238779627513843,21.97602670408494,24.029975190982626,22.26385259352553
196,org.eclipse.collections.impl.jmh.GroupByListTest.groupBy_2_keys_serial_eager_ec,55.3952445754454,59.97314314165151,61.10578665620065,59.95433282400227,60.34975301645923,61.061371497278806,56.62627080304395,57.49653258981831,57.90628267702075,59.91788337967852,60.00366835329881,60.81968587025084,56.77245418690037,58.67337721971343,58.56415833031433,59.57339629591549,59.767760374321526,61.225085783233006,60.62639559664327,58.77082680466646,56.9098338234949,60.459574535567015,59.990682148903254,60.26662091409229,60.729391350377504,58.705860041436665,57.439438923162555,59.032218722398746,61.11816770193729,61.74500996523132
197,org.eclipse.collections.impl.jmh.FunctionalInterfaceTest.serial_eager_ec_hand_coded,34.372587231584184,36.65281689458854,32.13769202099338,37.38899311256571,34.79338418512351,35.96775318281945,32.527311932020645,37.32623825719,35.41194074234299,33.436208417044654,38.578528495982596,34.71407223280148,34.647405138028034,33.587286908434145,35.77804133208136,34.050579573406964,35.48084432137055,36.28232320222317,34.416483352526164,37.22377715354178,35.434657159952366,33.78590570920326,33.33790788261085,36.54224573871342,34.15951427192949,37.669440339593415,31.5499252111413,35.352143650536846,36.267217355413784,32.93310681102997
198,org.eclipse.collections.impl.jmh.FunctionalInterfaceTest.serial_eager_ec_hand_coded,36.81651338199215,38.31886015083657,36.920652754466445,36.977720849232895,31.615323991404896,38.59903041571332,35.67263041569836,35.92201320157334,34.79987140314035,35.11936225438959,35.33758453898693,36.8215986549066,35.68082439291967,35.90965991397482,34.75611757420206,34.58701342038378,35.93690970038365,35.40099794528183,35.41774899454274,33.91006361688765,36.722568668724634,33.266259162036555,37.41185131582389,33.373303786743435,36.74071737732224,35.59100537686496,35.402994259526,35.51373875076306,34.292020523903616,36.64466906660395
199,org.eclipse.collections.impl.jmh.FunctionalInterfaceTest.serial_eager_ec_hand_coded,34.82474655245954,37.833713301132576,36.62105201874153,36.11539038630114,34.539438928900104,35.90140619986235,34.32650578675548,33.43526053401264,36.06980106403635,32.72885339564854,37.808056361926226,33.04105741949106,37.006406949424594,33.81983971844928,36.37948562732605,32.843975613479486,36.815129002876276,35.253804023531536,35.807396627854104,35.876183005051296,35.37562881838457,35.81216868484054,35.69022533299372,33.326640690419154,36.313690860725956,33.73278115270781,36.98894174898578,33.382891282748965,37.3491949834126,32.71324855221125
200,org.eclipse.collections.impl.jmh.FunctionalInterfaceTest.serial_eager_ec_hand_coded,38.80678821951763,37.43734758898664,36.64233453898828,38.1762683668719,36.994645727929154,35.55216716189733,33.96146185855026,35.62649535835198,33.92240931388324,37.48942577449501,35.269130090785914,34.85688734563041,36.91276299673968,35.075886212141484,35.54975538035574,33.796888372773296,35.92821402717336,37.26796664840236,34.91178800122763,36.26328162536325,36.38277878842329,35.36919312860992,35.40240377778343,34.9456279227868,34.68380450659099,33.77801883184953,34.65130049795899,35.72898429424246,37.640363714555455,35.77377722957311
201,org.eclipse.collections.impl.jmh.AnySatisfyTest.process_all_serial_lazy_streams_ec,955.7225422773064,955.6039738231483,952.0323638257312,979.4098742096727,973.1398032104088,985.0758983296251,980.6998705344212,984.9459491211501,982.1750917661026,980.0409931546617,987.983046210927,982.4484249632213,980.0165974452107,981.9879411880822,981.4277412612034,978.511182781619,982.1898210822839,975.2021705258559,979.3143751507563,978.5567157648719,975.0590368275722,982.2261511623544,978.1584140200622,979.4622869580076,979.9164787787643,986.5444187201571,981.4547734111817,986.469361360545,981.97924337828,975.3516671658565
202,org.eclipse.collections.impl.jmh.SetAddAllTest.ec,295.9202994898181,293.0232518226069,292.83010904846344,290.7572883182753,291.4572782764932,296.1433975229366,291.2591169028563,290.94853818635977,292.37252791531233,290.51161279340783,290.87726055850294,291.56392911538893,291.5585188835628,290.9581942169123,291.2356279219617,291.3320577472259,295.2872792678207,292.30514623701237,289.6116365875688,293.89896723373096,296.3992582797179,294.6647086892649,295.33469745968966,293.44490025930605,297.2534455933647,293.88823694848264,292.79330666426665,293.26935781329405,294.3042559099013,293.83091940489226
203,org.eclipse.collections.impl.jmh.AggregateByTest.aggregateInPlaceByCategory_parallel_eager_ec,28.707045423327028,29.24739960430023,29.188039365258216,28.40725382298562,28.63933929409135,28.73430219030882,29.01977689918883,29.125656559001794,28.8550383838171,29.121793925803264,29.38275346523588,29.2111446509301,29.083875567309946,29.364870580683068,28.952224955429447,29.00907147128943,29.10417578720941,29.25861185441918,29.261828418764836,29.33895734041941,29.338031207123645,29.384869524987497,28.973284029702853,29.181442416458218,29.267693133723096,29.301580575080585,29.069554822452528,29.39823855162035,29.208730098029317,29.232463186157517
204,org.eclipse.collections.impl.jmh.AggregateByTest.aggregateByAccount_serial_eager_ec,10.516143700785912,9.585909014362993,9.533030112643173,10.307259073454652,10.471332322502116,10.128524873139643,10.065606151315778,10.410232351462044,9.8484728154417,10.220740427905833,9.981603276320735,10.41938479111347,10.317225262409881,10.521345782603502,10.085829063918682,10.104115595835392,10.191735437142617,10.556440693167733,10.329107414882486,10.285668954714069,10.333559562852775,10.581108556502315,9.953857054161878,10.23468882466426,10.539142236202492,10.225785089354096,10.440040677989856,10.226138244144167,10.123294867897066,9.222589276493343
205,org.eclipse.collections.impl.jmh.SumByBigDecimalTest.sumByBigDecimalAccount_parallel_eager_ec,1.35033111688746,1.396177750212451,1.3108792546155987,1.3982211078822566,1.4621774765111204,1.3914882062517697,1.30427881924648,1.4099818233462227,1.476698031051104,1.3734619845651606,1.4051117648449802,1.4022330291760887,1.4299228629684486,1.397573496000304,1.445601583781435,1.4055467703611608,1.4526150675153258,1.335981778266642,1.4720070606879476,1.3452202437731045,1.4381070221427732,1.336270450438315,1.3889731387908386,1.3918375150290005,1.4582968611769294,1.3499284291908074,1.4723348455520122,1.341049651672042,1.4215827591682588,1.4070691436598368
206,org.eclipse.collections.impl.jmh.RejectTest.serial_lazy_jdk_lambda_negate,68.31876408955694,67.88432497447485,68.59563933842409,69.30712365508091,69.36586599318937,68.82121226315247,70.91938586316995,69.28165256187731,67.03009130946286,69.2750929288051,68.79633958167547,68.91681024268881,70.96809657605662,69.5274217666152,68.50009466613807,69.9963152539724,68.75802688928728,67.66065515609405,68.67067491270579,68.28010165315914,67.85845540896537,68.96908270513075,70.46856400238147,69.31107714247833,69.42664215853301,69.40246318364159,68.51802910927893,69.58901092013426,67.37782801539095,68.7897184294759
207,org.eclipse.collections.impl.jmh.MinByIntTest.minByQuantity_serial_lazy_ec,28.462004725797897,28.473456904542754,28.517930002410395,28.349017596761147,28.464068722453995,27.453245634816042,27.291642605144293,27.22679260616657,29.03740753026683,28.699089614901414,28.597925690680484,27.333509249846472,27.901507511076854,27.544553344546827,27.612285380689016,27.86501210076465,26.885314855371092,28.279754857588625,27.71411191908987,28.808606736961828,28.26376716281322,26.663350483223407,26.83218707472381,27.194692068518876,27.191038093324632,28.752568278545425,27.717762250535944,28.949513467039644,27.744937707962613,28.90666696309623
208,org.eclipse.collections.impl.jmh.AllSatisfyTest.process_all_parallel_lazy_jdk,1537.9906490348421,1516.1960597822413,1544.60407781515,1508.418094534835,1440.6839312336945,1471.745245313272,1542.8669616676293,1524.8447906232968,1538.0146280571275,1534.8031047141055,1546.3520115719143,1534.1517659454678,1534.4395884870382,1531.0454436903588,1538.4250389048461,1529.6384305919694,1502.4255691829883,1499.4036613913033,1497.1143939571698,1484.3040588088584,1490.9079174050405,1487.1952409848172,1485.8566036263774,1478.029943821361,1483.9668222312584,1485.171872619343,1497.3150038400981,1493.9250716114482,1493.1806221255263,1502.1462283781907
209,org.eclipse.collections.impl.jmh.IntListJMHTest.filterMapSumJDKIntStreamParallel,854.7176517162144,848.7876197739064,844.7735273811011,851.0797444938737,849.9517655369363,851.6101635251041,859.544665387977,858.9560317586463,855.6635237403266,857.2035670565552,854.6441398544708,853.4365475363318,858.8994569109823,857.2262393079347,858.9953062049332,853.7923696048674,859.4299572979235,859.6758514831156,854.9657095077515,857.6590205032186,857.7701840074619,858.7822806574254,860.4374313799275,859.4826778753057,856.5307653691777,857.8360426550034,859.7286120482206,860.7139838824419,860.4413268847335,860.0003115578364
210,org.eclipse.collections.impl.jmh.IntListJMHTest.sumJDKIntStreamParallel,17848.36476851664,17825.43804599122,17914.80207301498,18084.317553177338,17779.07307024641,18651.85225786436,17908.27339172921,17951.6513103887,17933.471906792292,17981.216119511217,18001.35062624887,17957.35585118034,17956.066583351905,17977.50112584363,17974.61462455243,17994.0603302667,17955.69147898347,18300.81515032472,18498.986256153064,18442.40635478207,17886.80285949555,17843.269426636372,17848.90554081005,17853.074835808933,17902.856851129083,17888.460751617706,17890.186492676956,17884.423590616243,17855.824424671813,17879.799229152282
211,org.eclipse.collections.impl.jmh.IntListJMHTest.sumECParallelEager,794.0815505870822,793.5672860109858,802.1756289735483,796.5000098628087,789.5483483419112,792.752585089204,803.7285904997314,808.8059399556026,794.167764597774,799.8709088340232,807.0946883448411,800.7239336086858,810.3918786926615,810.2427196060038,814.5793227274672,814.7958504552809,805.3527066209332,807.8241819137515,806.2929625074702,811.2701132594223,812.6969314983965,807.1718392713921,809.2287742274679,811.6183405334558,812.2097304909588,814.4589435213935,813.1733588020163,802.6822502044341,803.867374745045,808.1865206658103
212,org.eclipse.collections.impl.jmh.GroupBySetTest.groupBy_unordered_lists_2_keys_serial_eager_guava,55.82296383401829,55.173305270886765,52.90310070863204,53.97876410645535,58.50204637679326,53.67151041537495,52.65796423142054,52.97753477042553,54.481368049182,55.58312500612655,54.31875869794886,52.75234404518218,55.683276253152606,55.866724398142516,56.54919720780422,53.21776306358752,51.29062718619826,56.93078821601161,54.58485125658302,53.88285963304922,51.65443102993881,51.87869997329354,53.94431382428233,56.49097490819258,53.79962271340806,53.27876590584398,53.64833068589419,53.40374515599105,55.5736169810744,55.81948536627401
213,org.eclipse.collections.impl.jmh.SumOfDoubleTest.parallel_lazy_directSumOfDouble_ec,447.2452785122087,464.7051075824135,460.1235782339881,456.58565743823647,456.59956811455794,450.8357563328171,453.37207010728474,456.5904573162667,453.5632852271387,447.2942935053678,457.6114284576025,455.6922261963437,455.7468342969741,459.4827704316893,459.6149442516198,456.63433726867066,451.3931680659518,454.9008190568057,467.0296430346454,458.71152062260796,459.7629837844528,462.87937780005973,462.60809320396555,453.4090529241926,407.068154235777,456.3680602187899,463.556475863033,457.12050517636624,469.06620972645055,466.56029211893366
214,org.eclipse.collections.impl.jmh.CountSetTest.parallel_lazy_jdk,379.7683291666218,382.1568595497948,378.8688806789058,379.0257009747317,381.70983868560506,367.8994424133046,379.5341351328192,382.829913263496,374.4856854789058,377.6560293778186,376.1586253140357,374.3781799314465,378.6127669775439,405.4647970100315,408.89819171043155,408.8523985601862,410.8086170004066,412.57915152454143,410.449790824051,410.38462988901995,411.5717394380994,412.9091500771634,406.45904528246973,411.1397217899132,415.4291131584066,412.1505502971277,411.09564712970524,408.6787576538674,411.05097496317745,412.71142639270624
215,org.eclipse.collections.impl.jmh.CountSetTest.parallel_lazy_jdk,217.1101765467453,214.5149923280958,209.50642716035574,206.31692797801966,210.39620832768057,212.2592885247624,212.34663403927073,211.2875510550953,210.22116631639602,211.12653426959545,210.50964430780016,210.0809607119023,211.62984923545443,211.93555811003904,211.9565698122563,211.5719508027152,211.74914882984893,211.8904231984376,215.23490963236765,217.66866388915327,211.6509406124213,210.02460248101008,210.02008220984294,212.28106770799334,212.20961066262393,212.00901115536374,211.9663585585046,211.71964000582574,211.43235234054197,212.57508557462066
216,org.eclipse.collections.impl.jmh.CountSetTest.parallel_lazy_jdk,284.4647099543669,235.86522519513215,225.36892082107224,225.59381990641523,197.10611744996862,188.50634411019647,189.28352438207602,188.6234186261686,190.4285970951274,198.51149313207654,195.91242107449466,188.58075386832633,188.58969859404783,188.91386415689607,188.65477120143993,188.60407308817372,187.82737799955902,188.15293473521035,188.87562181439841,189.19905625638665,188.4104090028012,188.58145722214184,188.43054067128756,188.6304360043021,192.8266351642962,187.3649510432475,188.27131245302607,186.3795072083969,186.4162888423858,185.84877058085664
217,org.eclipse.collections.impl.jmh.CountSetTest.parallel_lazy_jdk,296.7247062356722,301.2661707397871,299.4538632311318,300.3888909429878,298.6142686019047,298.005910691093,298.52320530399896,299.1729152345571,300.5858717228502,300.96824664610585,299.1799334417992,299.8154372146359,300.2930180455642,301.13080400209617,297.906391555739,298.0557076564512,296.60605466013965,299.8927400626964,298.945998992634,298.42136515087157,301.02538396151544,300.56464503594515,299.2293906602506,300.40721395488316,300.18482738847354,300.69881675744875,298.8565778317288,299.42924474171105,298.4974490977042,299.5797249962378
218,org.eclipse.collections.impl.jmh.CollectorJoiningTest.serial_eager_collectToStringJoining_ec,2344213.6968832435,2341101.601539184,2347779.9071333925,2348093.8146780822,2348577.2443226874,2338242.713613807,2334862.4110244154,2345492.191956337,2344101.385744849,2336855.5447051562,2344976.669868029,2351448.9340906097,2347662.323586546,2354458.0415118174,2341323.7644116594,2346272.679513046,2313085.1614096602,2345057.9390551685,2339472.528173584,2350748.382183406,2353654.432429673,2347428.708423453,2346910.995822497,2349839.3429643717,2353114.085306213,2351304.356118054,2348444.6344749513,2348043.9448892167,2333781.22395235,2345037.9813444084
219,org.eclipse.collections.impl.jmh.SummarizeIntTest.serial_eager_summarizeInt_ec,78.39147986622008,78.55872816084138,78.37800765013405,78.5832943220329,78.51294752098086,78.28807936491108,78.96777206770258,78.71273747103577,79.12456110842274,79.12992821947158,78.76171289609333,78.53161373911259,79.22642777183867,78.51737864201395,78.38884590942027,78.40991123669521,78.22167679424169,78.39700193351618,77.88169295761412,78.40210367571848,78.5364775524127,78.50630244024737,77.97155893821858,77.77835362566259,78.50281708799994,78.39038906522421,78.24906593693794,78.29956676245119,78.22405995733591,78.07315037932176
220,org.eclipse.collections.impl.jmh.AggregateByTest.aggregateInPlaceByAccount_parallel_lazy_ec,19.628393193906312,18.879394195649613,21.003826799575087,21.17541213792875,18.834406825811698,21.350490354221076,20.49210440344401,20.22384778050157,21.481581197693263,19.346236873505735,21.508713774000036,20.94220527046574,20.21588550192269,20.42726202575513,20.647243363671695,20.933559728386225,20.648156344032316,20.732098926195448,21.617387796405243,19.895400997325456,20.45276634509897,20.121931661976177,20.5487364585034,20.765676678028473,20.290501627827812,20.91794846128549,21.56937376943834,20.017438191280334,21.02767496039101,20.24104108547975
221,org.eclipse.collections.impl.jmh.IntListJMHTest.sumECPrimitiveEager,8525.544352282091,8564.762905645908,8539.174338694018,8550.129750693715,8560.356200112072,8611.761645559784,8715.359281323135,8741.1331649311,8743.673672140672,8714.327802896269,8724.55375689738,8725.679734850679,8723.328399669837,8736.84669255235,8737.883875141093,8799.040484385268,8806.884898654787,8796.807763359948,8801.571090639181,8746.795945997375,8793.348588736546,8799.866541989926,8800.369550325784,8809.626401363572,8801.04886184845,8799.276514685685,8808.735359163604,8803.1516342869,8803.150020652905,8796.55788649772
222,org.eclipse.collections.impl.jmh.AnySatisfyTest.short_circuit_middle_parallel_lazy_scala,656.5955181195683,655.6614147688363,590.6744031394319,671.9274558210883,663.7201868524662,617.7626734959604,733.8527502441053,307.4480001742871,284.22996106295864,367.7322452907536,389.4257784492002,292.7428910865829,427.30413628182737,480.41135820813525,375.1470001297799,386.77877027897586,340.8671698875406,511.9129364073405,263.7737182867094,470.26258781971615,386.36831677968894,413.62977115983864,458.43837094881627,247.9172439843718,433.18044115143925,456.36752162088817,413.8510596527241,428.4545507926588,416.5443242522945,315.99566434410616
223,org.eclipse.collections.impl.jmh.AggregateByTest.aggregateByProduct_parallel_lazy_jdk,67.21790240945943,68.12190425246271,67.68939232319752,65.91601839727373,68.05713301664981,64.13280963700558,65.07522919535083,67.8719049778294,68.42215574077613,68.21603078717506,68.43800515769654,68.19088435063634,68.04766698872092,68.12274927938603,68.38235491297084,68.12892790848507,67.80003428668921,68.10527057238043,66.95434668806092,68.27245389865,68.33349031288199,68.25093709901655,68.50580520143058,68.21210946240251,68.42024620895073,68.2669964409306,68.09048500975035,67.68937700262724,68.36075923348065,68.30920673169787
224,org.eclipse.collections.impl.jmh.SumByDoubleTest.sumByAccount_parallel_eager_ec,1.5542388912315888,1.6021580671829754,1.6380740392642728,1.5949162007822077,1.6139286379696964,1.5988776428960778,1.6172621463895334,1.613313071078393,1.6870281417609647,1.564167123536421,1.8159408316357086,1.667212254930375,1.7675074971437565,1.742924119795825,1.6870526936889465,1.8693181164557744,1.643441236017757,1.7705534726430066,1.5780027651689614,1.6633726509938749,1.5256898397647067,1.667200180449745,1.6048059470333893,1.635744084759469,1.8146992766420862,1.6007467150470378,1.6986536973596222,1.6202129314294487,1.6572375525962557,1.5996848825541032
225,org.eclipse.collections.impl.jmh.MinTest.parallel_lazy_reverse_ec,593.3552790952313,603.0177636613405,607.7433235491482,601.9158094338187,605.5178630273464,606.8931131404539,599.8890851994589,601.7481870379185,596.8980718416558,600.2071831167113,609.881853587506,603.8227209372764,608.2470435771046,610.2749786787302,608.6921773789115,602.7339049947088,606.516441980905,604.9939634031783,603.3767016098332,605.3767693671966,602.9958828139958,615.6231821468095,604.7575594605117,614.1270300951334,605.6354186129065,611.3943875691541,607.807145655066,602.1171927847404,612.2236770810541,617.2078733672672
226,org.eclipse.collections.impl.jmh.RejectTest.serial_lazy_ec,63.370520041681075,68.58492001754354,66.48319441731051,63.81480185106678,67.5663656193922,62.666752679395834,64.52495245925589,64.57868651805953,65.99317927495603,63.96150758096873,62.393890646934146,65.63764997879804,67.0019199695764,64.81098621197619,69.94930515043319,65.10161781484666,63.71646028624761,67.70920898931675,64.76186371428425,63.06799815167406,64.8728788691949,66.78892895150244,64.25487832723918,62.36542426191864,64.44071874425573,65.30107060062382,63.01708969859625,67.51686444183188,64.8172288964955,62.98622063048511
227,org.eclipse.collections.impl.jmh.IntListJMHTest.filterJDKBoxedParallelStream,131.12288714502535,137.4606110229945,138.94714718856466,138.7330465188475,143.39923578484272,137.53241321121203,138.08531349361695,142.9402326863873,139.78714625218893,141.72903166585482,140.8999304740785,145.56820844726153,137.3150673633342,139.61282209184154,142.4905506843273,141.92727887506817,136.9050582607511,140.92454110891597,143.21536155895078,137.65088047667518,138.79390548492105,139.82766584375935,139.47551297711283,142.38519610083776,140.18960763203984,142.33431554121702,138.63262318415624,135.6333030975801,143.29303714872188,139.97614918398824
228,org.eclipse.collections.impl.jmh.GroupBySetTest.groupBy_100_keys_serial_eager_ec,18.34823658227065,18.380221504112342,18.33799422733068,18.393739797924322,18.416274396548776,18.361173835216345,18.424946386727353,18.401616171721496,18.389992474273058,18.39616271769587,18.290747230433347,18.49019415421087,18.204338324538774,18.472294284694705,18.32933689475565,18.449120587031285,18.323374932666418,18.366243954093484,18.237894734154416,18.431297773111396,18.32181128462054,18.483972784085623,18.392030661869292,18.366147499143416,18.33560219361586,18.340930209371344,18.36598628156328,18.26704350154504,18.39354004313746,18.423457017754306
229,org.eclipse.collections.impl.jmh.AnySatisfyTest.short_circuit_middle_parallel_lazy_streams_ec,1644.6659699861618,1626.3611767143148,1637.9212977917005,1617.5113643744248,1638.6357030477209,1608.9077484475195,1607.0707964866838,1609.2019581281172,1624.9968098444394,1617.245947756137,1613.841865117703,1610.7609856203878,1618.7888484201899,1610.3308608277312,1606.779337779984,1614.973803655838,1602.5657335323958,1610.313491152452,1609.172505567427,1614.613863479935,1624.1625039551707,1612.9798080142089,1614.8630895539245,1607.4601987906442,1630.9434894390345,1613.1572124669756,1622.8776946778066,1622.4125552395863,1614.5611332218898,1600.5410000530867
230,org.eclipse.collections.impl.jmh.SumOfDoubleTest.parallel_lazy_collectDoubleSum_jdk,366.39361270866937,369.27446209221296,371.7656467433716,371.1875550727084,372.01510822970215,368.4487042049489,372.0711389392733,371.9996514363266,368.44394660644525,369.01689139813635,369.4330587921511,370.8540629925474,367.15863373044635,372.8414495464218,373.23391682302014,370.3384887997972,370.0134505274907,372.1055635311456,372.2698823428262,370.5222380066688,373.10365801061727,371.86616313669015,372.8779899927005,372.61451304536115,371.8795827879362,372.638657823307,373.5184197133163,373.15009066836916,373.03562610098044,374.1681456369385
231,org.eclipse.collections.impl.jmh.NoneSatisfyTest.short_circuit_middle_parallel_lazy_jdk,1242.0756820555334,1248.4372369529497,1242.3568691195628,1243.1574065571967,1226.9216487475426,1216.2020923742664,1213.077704299887,1227.7247870731057,1212.7366724226335,1204.5103520877522,1216.6102151196187,1225.8693725855267,1229.2210401684033,1231.8163435740712,1241.7500506158117,1255.852719872277,1269.8164700986774,1248.0271154384852,1248.0742384374905,1254.8872182661455,1255.777736131149,1255.4026179196655,1254.284346743132,1265.1306427065126,1257.9027968012956,1250.2698624046734,1256.9148840130786,1256.8754700353043,1272.4185581605002,1256.7683725618633
232,org.eclipse.collections.impl.jmh.SummarizeIntTest.serial_lazy_summarizeInt_ec,79.4817065475485,79.24602675404307,79.865294402543,80.34645534382399,79.98316346410765,80.16218095761246,79.7840594167927,80.33229348072089,80.26182533070202,79.82428232836487,79.97500541155873,79.84745598664252,79.79498497935214,79.8607378869439,79.53292713786333,80.42464929714664,79.85596459521925,79.98194183713589,80.17072793989637,80.40759750780681,79.81706487450218,80.58059011553715,80.16955199094718,79.93790415611363,80.10602089224956,80.17184924966499,79.9851060533869,80.25834777702029,80.47270213641492,79.94634289271875
233,org.eclipse.collections.impl.jmh.RejectTest.serial_lazy_streams_ec_lambda_negate,67.42741194679559,66.27644061255916,68.23831303180886,66.93052088791072,68.71455746072775,68.8688630101549,68.5469901474103,67.7094529145308,67.66584676391346,67.99589889535403,65.69970975301679,67.5840242506109,66.79322054593558,66.42115267300072,67.20760041423088,67.36432843817926,68.36365726868432,67.44035859323998,69.06931235838823,66.98046795969921,68.29213217697519,68.2529393632815,68.22393965564457,67.30916264932011,63.43714869634548,66.77700932910601,68.22561794987611,67.42830359881654,67.76759597663265,68.22349673843287
234,org.eclipse.collections.impl.jmh.SumOfDoubleTest.serial_eager_collectDoubleSum_ec,52.182254036466944,52.77129054605566,58.91218526100121,61.77288580803817,63.02188006531899,62.63655371462338,61.92790805018526,62.101261721980336,59.890802776240555,60.03018227027225,59.727703609170824,60.8477485282174,59.79140661660774,60.43870915310157,60.588884906289884,60.03568828379371,61.0164186266254,61.091823732612326,59.15352798044245,58.97094371866905,59.37723528694802,59.80978580182852,60.21109247004203,62.552480786707655,62.91227374142493,62.05581384214068,61.32009310937885,60.91514976501357,61.0659050776502,60.99403575920732
235,org.eclipse.collections.impl.jmh.AggregateByTest.aggregateByProduct_serial_eager_ec,20.494671692779953,20.642759229605495,20.6188565034558,20.715801564211024,20.635882694511768,20.833472331656544,20.970896912217036,20.94589394917948,20.523963024972318,20.79306102949926,20.769884559662728,20.679211086939,20.831859826448277,20.676318276927272,20.872788861723812,21.01176065224405,20.81259698416541,20.800846722594827,20.587239625576043,20.671204126890146,20.54018914564632,20.130250518679212,19.888585608893706,20.12589629434519,20.530757129822533,20.56260100921513,20.777482313783715,20.813265702874265,20.73347800919309,20.762669016768257
236,org.eclipse.collections.impl.jmh.SelectTest.parallel_lazy_streams_ec,151.29985703686464,165.55788165044166,167.29598201537704,173.7382692045445,174.63131382982831,166.53738343156368,178.35437428710063,172.6054725644609,166.88049504181512,165.02572041370652,170.99083832768497,169.88518428739565,163.21446266737877,180.539389134344,171.00510617709008,173.73947158148206,166.27701837885274,172.5454844070276,169.55007496950785,168.04493359246553,173.45963749651304,169.18550767659585,167.24914882801596,175.61254148379822,167.89657587715624,165.95423065295708,174.07607781314871,173.77466881978674,171.91852609130007,168.71310033604274
237,org.eclipse.collections.impl.jmh.AnagramBagTest.parallel_lazy_ec,2.4421182184836487,2.548542648253088,2.6356417150893057,2.812218119953201,2.6584741991463448,2.4937747775539183,2.470690661990218,2.7916464394822063,2.6739716982681885,2.6196294135836173,2.819251737885445,2.457521668333082,2.6886831337275887,2.9437845771416833,2.8567132054362503,2.890722619853431,2.61211356870752,2.877023301880583,2.947551536916191,2.9161117836512718,2.9135873520380553,2.859950778607395,2.7380553085566004,2.886844678247044,2.83393523519955,2.9817113010212735,2.8974708470511956,2.7224912134795014,2.955242404585704,2.8434082367247
238,org.eclipse.collections.impl.jmh.AllSatisfyTest.process_all_serial_eager_ec,1404.9501243255454,1408.1396027643377,1408.7245985671539,1412.3292791760023,1405.2066020847772,1411.1545787030536,1406.1152736759184,1414.7026196064403,1404.7283676755426,1417.0983201782471,1413.4586651196805,1422.7305376816241,1421.732327611216,1417.7745525795215,1403.999034332462,1411.638207009011,1405.810544536155,1414.2800027791052,1416.19720029307,1416.8545386287917,1402.14271872463,1409.3042546755519,1404.4082764476595,1415.9741493843574,1407.7056966008345,1412.1026172593474,1409.482223886091,1419.1519460184022,1401.9713437057346,1400.7308929815713
239,org.eclipse.collections.impl.jmh.AnagramSetTest.serial_lazy_scala,2.5767012324609357,2.6334772178087786,2.370393905279853,2.6786925341742505,2.4105034660942706,2.6385676683172328,2.568015792167195,2.6092193315693044,2.461583853649663,2.7452714104618665,2.279054688226686,2.4979347429419443,2.453534814559017,1.9651776398106693,2.2177562804024675,2.1081283336052934,2.4083126146667375,2.366149518582864,2.260007081400722,2.268174424627393,2.428639586606684,2.9603453831800857,2.830524422166649,2.952607618350065,2.8957698224499056,3.0913878327840747,2.945278729878943,2.719650646732244,2.9707939082203305,2.760958621178148
240,org.eclipse.collections.impl.jmh.SumOfDoubleTest.serial_lazy_directSumOfDouble_ec,134.3298413173326,134.5046178782988,134.47795027656272,134.69360141997467,134.64934308380626,134.51213685474443,134.4634452702637,133.9045299533746,134.0652802420576,134.30010280364476,134.26007860947493,134.69447844110908,134.5832169068047,134.54245474701906,134.55012814823306,134.68456040907918,134.38867853388513,134.4803750925825,134.5848481377223,134.53584688855156,134.58513808181948,134.65311069581875,134.49395439214368,134.58952885489833,134.6511012227864,134.66663933299648,134.53000597113922,134.07770547511157,134.23431231408318,132.94541420827105
241,org.eclipse.collections.impl.jmh.IntListJMHTest.sumECPrimitiveLazy,8723.464405455898,8708.166454306995,8678.10311804275,8697.622183577034,8703.387829810215,8682.891663610706,8410.7546363825,8651.048012723535,8664.928295673606,8882.207511681392,9447.50978761214,9657.760658205774,9670.266577971926,9699.149132443208,9706.360098504147,9708.327280877726,9692.333286983303,9706.496890717492,9691.807054853232,9689.147200020043,9710.50174726441,9696.906082327947,9608.358248144248,9701.401063583706,9692.337541187922,9716.71415806532,9705.488098474996,9625.73806573958,9707.537578878817,9697.998953152057
242,org.eclipse.collections.impl.jmh.GroupByListTest.groupBy_2_keys_serial_eager_scala,72.22286953707743,74.36007902180161,64.8994551680754,66.9868724486325,72.74078609925252,72.65753016437671,73.35105565545743,70.49236579344448,68.98220831577783,67.27550543990776,70.68768274569999,73.87244371271682,71.76045244953788,74.72021640032249,73.27958285173628,68.84517195858201,70.75032161975165,68.47396003178525,71.21482789410666,72.98988005768307,72.92031421195577,69.40860109917325,69.60822534783108,69.10730848497194,71.55647635842794,75.951320292431,74.30852307880946,67.56890551783502,64.92454449960893,72.40496183228973
243,org.eclipse.collections.impl.jmh.MinTest.parallel_lazy_ec,527.7372687880645,517.0526628179259,519.5937361800283,521.1819505781592,520.3797072354533,525.5767916570255,526.4327907781138,522.5961687254149,518.4288143819746,521.5391635874,535.255305181709,537.2297420223078,542.5959521270744,541.110108553773,544.3452240047467,542.5614839500209,545.4786473277649,549.8128415094988,540.6510448260494,548.8394367503547,543.3156434187592,546.2692638317102,530.7520872005407,532.7444757665163,541.0058481943639,539.5419386278006,543.6051738130114,536.6976666165137,540.4926233656513,551.0566870210299
244,org.eclipse.collections.impl.jmh.IntIntMapLargeStressTest.ecGet,340.7468622227765,340.5915357236289,342.52427625329443,340.8019415884381,340.95350144338016,341.8902323801018,341.4053994797257,341.0233265848506,341.3305770110766,340.2015174410339,341.0572332251718,340.85131179566065,343.30092191406766,340.31418456207473,341.00583159855756,341.2660711398103,341.1640821540547,341.29137977978564,341.7919573877933,340.18776395272107,342.4234992209466,345.7691005811684,338.6924692700576,339.28216985620577,344.58368880428526,345.19204453613486,348.0584295519087,344.7556592530836,342.5268717423847,342.2520324829029
245,org.eclipse.collections.impl.jmh.IntIntMapLargeStressTest.ecGet,179.01127466711236,179.18890661070495,179.891592469305,179.46141672710752,179.02470473791118,179.75138011412,178.93728838535145,179.69296366438965,179.79253326064227,178.7657248361164,179.41153357868106,179.3266890742737,178.52272591907348,179.24654432080925,175.47377380542022,176.22315230567415,176.33450932976126,175.88057849424703,174.95307898384115,176.02390555003552,179.43982886935171,179.62201636155393,179.6982176883856,179.3540744157532,179.18670737257736,179.92078267859443,179.81186284790223,179.98132225830133,180.05410162189034,180.08391779237206
246,org.eclipse.collections.impl.jmh.CollectTest.serial_eager_scala,21.62031031527225,20.404103057002914,19.71506607361695,21.34423047108881,19.329629580432144,20.481465474836927,20.450679353211193,19.492324513224126,20.879196788276047,19.204792422283624,19.96148931669725,21.882130830059474,18.828719077751977,20.215886722395904,20.629749590932203,19.629585790221366,20.11024492944649,20.416257349062732,19.287031653347885,20.84067508138894,18.887946182658446,19.850861509722254,19.620701102058582,19.873609645747067,20.465480532893825,19.941799724558546,19.77662455385789,19.641894923253407,19.77040158153723,19.235776525350047
247,org.eclipse.collections.impl.jmh.AllSatisfyTest.process_all_parallel_lazy_streams_ec,1906.4098441430076,1962.9612213644216,1930.8813284553087,1989.285935866891,2000.8696227127357,1966.0909494012283,1986.8332649524052,2014.8522367815112,2011.8420301637916,2008.016451453897,2007.1028551302995,2006.5008829053772,1992.8777170232834,2003.9245578154064,2006.2432330150473,2006.7133389928115,1997.116960755983,1991.9769684364583,2005.025359177929,2003.773411298877,2001.8908769282987,2000.3411990576108,1995.3605718469591,1997.2917263998593,1994.6878134050119,1996.6954410633223,1997.9850440709647,2010.84666682916,1983.8669561680629,1994.5157870606063
248,org.eclipse.collections.impl.jmh.CountSetTest.parallel_lazy_ec,931.3957728261072,920.022880949092,945.4330001939587,908.2755394476746,934.4561530601121,942.6145573775557,945.0493221241217,949.0586116800196,934.0963657841212,942.3926042849309,944.3754230684597,949.9483122235373,951.1800884708186,935.900681700268,934.7864228024773,944.1330036069207,947.8062408830266,946.4502738036215,945.1202650451312,953.2936380130415,949.1873845439064,945.9343340276428,955.2033947560956,936.588550093824,939.5701551101685,939.9019163507351,942.6523577950302,942.7183433025748,948.6256163628718,948.6798095875395
249,org.eclipse.collections.impl.jmh.CountSetTest.parallel_lazy_ec,496.37988851534965,500.27349463637006,500.6883652151155,458.146823865752,503.4075346384087,500.9765489963368,507.1799660718567,500.79981221643123,494.1361072791411,501.13336851708857,502.7346340191514,501.81065255066187,506.05167423346245,507.69841155151175,499.98131506953683,496.3185204991269,502.93212923930747,501.7114584748906,500.4012011486891,502.73262914031193,500.0477909220896,502.2711835906234,497.46419768612316,503.76367728858133,508.9331470507366,502.7457388702602,506.49447404608304,500.2244557952769,506.28617042087996,508.68211183126385
250,org.eclipse.collections.impl.jmh.CountSetTest.parallel_lazy_ec,496.6386578153983,507.356223805313,504.2466582280955,505.031075155915,502.551192653942,503.7965001887626,510.6636141321081,514.1683134318542,509.0440590349215,510.0972752409361,506.9140163055659,511.99655696061654,506.9775692105768,510.90076940598146,509.4882835576724,508.0779198679069,509.95460478913816,506.64545045625096,511.18398362647207,511.14390817230543,509.392613645213,511.9359030652567,509.3386166755062,513.0385175924112,511.5799226863324,508.9018173588378,512.7843094194635,512.9190763900918,513.1856383338982,510.62971341955523
251,org.eclipse.collections.impl.jmh.CountSetTest.parallel_lazy_ec,496.96749933939674,492.17531350556663,493.96466340255415,482.8661041265223,485.79404372880884,496.03844881247653,504.5134532798184,490.9324056264821,482.8489990415547,502.602439531721,499.0348094041582,482.1922991636272,491.9231084827593,488.18783558290136,510.0052234734988,489.9198574399604,495.7252989065459,505.278272371347,492.96996194114223,506.49514033247567,505.30878354826865,503.490511909113,503.99989788263457,493.8984912860836,496.8004222228976,496.761707383062,495.28449794300974,494.38930239470596,490.691483617973,492.72227555137385
252,org.eclipse.collections.impl.jmh.GroupByListTest.groupBy_10000_keys_serial_eager_scala,32.82212776508946,32.763742812982606,32.99253339378259,32.96293354382224,31.93893588460435,32.46527660354179,32.0898139826901,31.96711609897842,31.797367226556894,32.48398373244619,32.560520592364,32.566714164824525,32.29422135364728,32.427017933104885,32.47428692112019,32.294065517356564,32.23812011792259,32.05217967419262,32.577393991506405,32.33130747450803,33.04865320663063,32.764235800078744,32.60376716750002,31.805427498400913,31.962483076614333,32.51047934170898,32.25424694381798,32.437943120917986,32.268794884041895,32.461685052606036
253,org.eclipse.collections.impl.jmh.GroupByListTest.groupBy_100_keys_serial_lazy_jdk,82.8749434507067,82.94785507974768,83.23291472088631,83.05916155065162,82.00253601042866,83.1243403520772,83.16411029217575,82.98554466498926,83.2228431201138,82.72095187075062,83.06560834528682,83.09072999873233,82.8264295967485,82.93095293255266,82.72271132086198,82.79385514022213,83.2814967155473,82.84824546037007,83.15420004776536,82.8677520174973,83.10675126805988,82.72966303914205,82.9162081138123,83.10009494482634,82.96891901324845,83.10386139450453,82.62970612700217,82.9979347623893,83.32936212708546,83.21491438244318
254,org.eclipse.collections.impl.jmh.GroupBySetTest.groupBy_10000_keys_serial_eager_scala,11.601620447828195,11.666628913779574,11.392109301061057,11.623685540242803,11.327258657925023,11.349070766316467,11.406305765696224,11.363453590663601,11.390001553093153,11.376769993490791,11.403347896365212,11.394475652262113,11.402226259022065,11.406289676214264,11.348750961434263,11.600050590527303,11.409058071055949,11.52769122763188,11.365952865378313,11.602305466660491,11.396021460873655,11.60250598814036,11.367894770558383,11.408637908725481,11.60655711980221,11.634137237609146,11.508132508101646,11.508756795338257,11.364152657753701,11.396002619033121
255,org.eclipse.collections.impl.jmh.MaxTest.parallel_lazy_reverse_ec,416.45384057164034,409.96871897677335,415.9341867336331,415.0323704497332,417.05341469876504,422.4362163208268,421.7074821703248,418.32737113409644,422.9016112615073,415.4861202303146,417.03632845160774,410.5325039428857,415.7469698140033,413.7155109752823,420.5561471450838,416.2817042541826,418.3228837389183,419.64595441693206,415.23279124778736,417.4886967625613,420.4906106882888,424.70370970396215,421.30222198655474,427.4381900090986,418.9055514598401,425.0873005621919,420.3421787818405,420.25444667968577,424.9756416881045,421.16407859078197
256,org.eclipse.collections.impl.jmh.AggregateByTest.aggregateByCategory_parallel_eager_ec,14.30227811885777,14.568405937592761,14.068659221323186,14.270704533429345,14.835327111402087,14.779779745746975,14.66442738765539,14.590675954219707,15.267449842737634,14.79850966027314,15.701152864790325,15.316908303216751,15.368509832576386,14.386858333298617,15.546371296031566,15.430592647514148,14.391185625773769,14.63053933237461,14.579735813895704,14.99947387845424,15.166976351888088,14.691571589356588,15.515234371392708,14.740789750824913,14.42677246569108,14.94945603862796,15.344801683476147,14.956359213360317,14.894549927150544,15.396150496385749
257,org.eclipse.collections.impl.jmh.AnagramListTest.parallel_eager_ec,5.031004677337626,5.3037450550002605,5.227141869339989,5.567574825779124,4.945635810524368,5.469708844945931,4.974181886953591,4.87802388590932,4.919921444716355,5.112306915484791,5.228669685806859,4.675322106690566,5.314023583978535,5.192317584671214,4.91950567559385,4.761908580501928,4.990904475865094,4.781846285980778,5.0688225549465304,5.028599223602885,5.154259199195754,5.301249998701194,5.19918591181654,5.165268423482641,5.002404038658218,5.117672053684359,4.872589649887721,5.1000854669772515,5.003290551621764,4.8818255226458485
258,org.eclipse.collections.impl.jmh.MinTest.parallel_lazy_intstream_streams_ec,1006.701109433908,1005.926484880632,999.1901384073983,990.020711233279,1010.8074078321636,991.9022966318795,1004.5038253354755,997.4864370226499,1000.6200375549994,993.9044965979508,999.7405803160356,993.8243196873602,998.2013560644359,1001.0404116707361,995.8761637949083,997.5682225462353,999.8332668045944,999.4514580634021,985.8515544163422,1004.8469236293481,1007.6446097919941,1001.8935328736426,989.1920447541096,994.2029484903982,995.9391949243322,999.643805919431,995.6192124891338,999.4113187497395,996.7707975389599,999.3352082420803
259,org.eclipse.collections.impl.jmh.CollectIfTest.serial_lazy_ec,14.101478124833873,14.824369340475037,14.257710133354188,14.701393833636345,16.000865182781297,14.849797976220428,14.60314598533533,15.55786601534283,14.767568168248381,15.566953734021796,15.293790430789839,15.754900911982878,15.981732144998588,16.304769195081434,14.763108816894064,16.418657310715645,15.387535139816752,16.84689900393552,13.256229165714869,14.887144133240495,16.96228629013452,13.362610635066623,15.646485833801787,15.17444097283584,15.752196711762803,15.062940808842905,15.701168545926773,15.989711755754707,13.533688101373116,15.259239282936989
260,org.eclipse.collections.impl.jmh.AnagramBagTest.parallel_lazy_jdk,1.7516010130275859,1.5373697894966332,1.8093696632048084,1.7254603669962578,1.764851997045147,1.6290412029327,1.7085557406614338,1.7896780743008083,1.8128986688809652,1.5461871708940123,1.6838536089059448,1.7842064210070636,1.8046722419332635,1.5565336872048334,1.7013080909616722,1.7937788946052458,1.8181727719458356,1.656900439826707,1.6642907141478778,1.6945460313257896,1.6632644094192672,1.707903135341164,1.6416569829014973,1.6995918887269441,1.6493250813740092,1.8278314405174585,1.8025024507431664,1.6960611447681724,1.563313866084039,1.7922445800760778
261,org.eclipse.collections.impl.jmh.CollectTest.serial_lazy_scala,17.512492866297553,17.968937038015437,16.504565362775843,16.438370448943346,16.746511323663416,15.87079358403807,17.874891010210558,17.50877825213176,15.320337363309326,16.852130542400314,17.886266649912006,16.969754191479556,16.83282046699868,16.255265996210124,16.961156915325077,17.706055643959377,18.82345888265363,17.858108009928735,16.85232277532569,16.580891520302384,16.801111051544034,18.2892597420483,16.991249522592838,16.59928094180274,17.555386077592228,16.987409984938584,17.417077701878874,17.31825102886647,17.90894715180134,17.70748772598848
262,org.eclipse.collections.impl.jmh.CountTest.parallel_lazy_ec,2316.6158776119078,2409.8906150649823,2420.781867405885,2398.2941940681153,2413.361120250294,2431.9840094962246,2448.837309044536,2432.2767902687374,2419.7895003024737,2441.9547993906745,2457.9733812833447,2438.168128730663,2428.4011344246405,2447.4431667169924,2444.413379899438,2446.35429832185,2481.1082954148783,2448.7910857143866,2422.1438167296315,2459.8569962135252,2476.8330425888175,2477.999735582734,2460.467891832309,2425.937412727914,2454.3373948967846,2448.6805157557483,2474.6461483133653,2480.0797862359555,2439.5982605106724,2460.9244529678303
263,org.eclipse.collections.impl.jmh.CountTest.parallel_lazy_ec,759.6961388347909,727.7341123334688,755.9332669671254,751.1575009957257,754.3612604443052,751.7238354559494,746.8156131700239,751.6831362424315,754.7164032360216,729.3296374818349,749.9841329921477,751.4350688609252,763.5027802100415,753.4228547371629,752.9086510991795,760.4240996519455,760.6562710316281,749.7975321723875,752.4198489327399,723.9407838157063,761.1205640054404,760.3896824687827,753.2034369008471,759.4261343256139,753.3709119340368,752.6692703485854,752.3029319016615,749.7461292129333,756.329148902519,703.5521686416467
264,org.eclipse.collections.impl.jmh.CountTest.parallel_lazy_ec,726.4709551718055,758.3669941034898,759.8424337540397,756.2416602470346,758.7802587546252,754.9200298114021,754.5327352313242,759.4691083092187,731.2598910382459,754.7822185182162,759.5664865426037,759.8218658041959,760.9895428651928,757.4144042959042,754.5410466356786,753.461696434398,761.7277159035073,755.7391007246914,726.7219409242416,755.3491640076339,756.2455505326499,758.4262270480251,753.3831283877099,756.5307504540696,745.9031556637844,757.1116838897389,762.6600824012737,763.822811559281,730.2197600058739,762.7834076513974
265,org.eclipse.collections.impl.jmh.CountTest.parallel_lazy_ec,754.0812696096586,751.5084518487978,755.2453761797904,744.0921138654778,757.7326149128315,751.6576402396271,750.0405443854195,759.6117897602779,754.457041430837,760.1140437555025,757.4504515186125,759.7984953606424,759.9947420348,757.0885834513437,753.0926792117344,763.6682067831943,754.90324405121,762.8342002750728,746.1090830816376,755.0130032114478,759.2954641654147,757.3543402778264,755.8168610396689,765.7394687845866,762.1800375435122,750.8291901133952,757.3235131986003,757.913783517556,752.4554036295245,758.0566243049777
266,org.eclipse.collections.impl.jmh.CollectTest.serial_lazy_jdk,14.412927727411642,15.647937783267343,15.53359435402776,14.931728181844639,14.671279622142485,15.197441712009187,14.90470868264961,14.632168843101308,13.920042330291924,15.472695279518756,15.92478258308852,14.087268001279472,16.534164466228734,14.411217225717959,15.486220350200941,15.471638232129235,15.945698645398549,14.87492251734208,13.366649656682043,14.803516157211849,14.69137559896224,14.939242563610316,15.111372987846908,14.719323435718644,14.431832063381982,15.662619071953443,14.201243060367311,15.557106478071702,15.882442260061131,14.743243944583343
267,org.eclipse.collections.impl.jmh.SumByBigDecimalTest.sumByBigDecimalAccount_serial_eager_ec,0.9211413633084327,0.9249176372405508,0.9538120619910806,0.9243392061006033,0.941020060212072,0.9599091044406678,0.9350704499890113,0.9766915701725184,0.948277492861009,0.9508499680193023,0.9629321743836041,0.9513321060159781,0.9400162428226646,0.9719148808688067,0.9475191468131305,0.9790085452016821,0.9510534131521395,0.9498124830330841,0.9711860623285674,0.9501157605840843,0.9478239484349196,0.9698260607164861,0.9473459826145699,0.9532982804475209,0.9340631232031211,0.9493694800572978,0.982301191816213,0.947627136627461,0.9530347378417203,0.9705292343956357
268,org.eclipse.collections.impl.jmh.SummarizeIntTest.serial_lazy_collectIntSummaryStatistics_ec,76.20293075600797,77.29315770556106,77.48531048881475,74.96558330070664,74.90622093198554,74.41698688817044,74.2760385824367,74.08624016886952,75.89910640706381,73.71040479260111,75.740145256364,74.873261431389,75.57395380037319,77.34854188394438,77.26909624209587,76.48542677620038,76.47830963500284,73.25191264456005,65.76349323671246,58.4439040901577,66.0118323766112,69.7819646464769,69.22919063024798,64.90027339619586,69.11762668364416,66.52109930624152,71.39015191177849,67.14795954137944,64.55636177435592,66.9160134458282
269,org.eclipse.collections.impl.jmh.MaxByDoubleTest.maxByMarketValue_serial_lazy_collect_lambda_jdk,22.57512503978964,22.432824832887402,23.333612173239583,23.05923978847844,23.136627633961176,23.351305315199596,23.422373378378694,23.353758780518252,23.329571424388103,23.405351583903286,23.573274579827622,23.707400044445052,23.635324434121586,23.464266082446592,21.107823912937427,23.54806915384624,23.681476679002266,23.117296768884835,23.274474330941562,23.352780309240785,23.61784106002468,23.318327270752846,23.08634870033553,22.832257477691886,23.13116987392272,23.36423828217008,23.43498778761775,23.532297516507803,23.470126065195707,23.655917348826936
270,org.eclipse.collections.impl.jmh.FunctionalInterfaceSetTest.serial_eager_ec,7.0398432424025525,6.651451054288772,7.735089610181612,6.212108396218884,6.97206725615834,7.051816286826062,7.139995630233424,7.945815908051447,6.746872757490095,5.991187657932949,7.176524429582141,7.587346687393553,6.590012811295577,8.338531396225905,5.4991858556159166,6.787905123305114,7.3369088236076605,6.494246771370605,7.173347231095815,7.229715375874805,6.20534141552222,6.322228322162752,6.780833302351282,7.529811344332261,6.626928472322915,7.906811927610812,6.268819672514008,6.5469767029135575,6.941839884025497,6.622865005457601
271,org.eclipse.collections.impl.jmh.FunctionalInterfaceSetTest.serial_eager_ec,6.710069234954485,6.6867820673744784,6.980087179374332,7.618861980033431,7.299379703548632,5.273290749571132,7.452380904583688,6.372252396167399,6.156629518692866,6.924973930459547,6.991555012565203,6.059035201959294,7.37791213373855,5.984797501174681,5.89218495292813,6.5526085670729,6.700620503973981,6.30918662051713,6.373226058391113,7.595131807607306,6.3051220283003975,6.6346788343137995,6.746195373011844,6.813042912174761,6.908455414811973,6.891188512404501,6.633892778640856,6.819304401610978,6.6493109289578,6.925379486186013
272,org.eclipse.collections.impl.jmh.FunctionalInterfaceSetTest.serial_eager_ec,6.757990076899478,6.308707826769217,7.343360776922871,5.857685549672979,6.78647458567192,6.694368492663197,6.593241708541498,6.732103078858844,7.613091469807554,6.883947826067716,5.892188725602875,6.425381853283829,7.519804837151496,6.762467373244423,6.480776049008547,6.635784005973814,6.239220971439949,6.571969606714025,6.315664693244904,6.924575882689126,6.480626432580445,6.262274263036426,6.799447356897533,6.619067089281114,6.359020633823736,6.684849351058096,6.93269488838798,7.085133371985334,6.2388325732496765,6.1536541814749155
273,org.eclipse.collections.impl.jmh.FunctionalInterfaceSetTest.serial_eager_ec,6.953968608128672,6.881614938227483,7.58028028490635,7.364687114595855,6.911710453456617,5.935601516668631,6.546369759233433,7.512284752394799,5.959442384851696,6.559493308397267,6.604167523498437,6.326409138180595,6.642023973334195,6.7615504610763075,7.806281359228812,5.979313406990092,6.848884456610484,6.457105567173718,7.601109261799233,5.403517552677447,6.970578089090522,6.484301095757217,6.676638844369826,5.868683381918305,7.443198842278898,6.198942284573404,6.523201735581692,6.919730599150331,6.9011101691709165,6.596501407281943
274,org.eclipse.collections.impl.jmh.AggregateByTest.aggregateInPlaceByAccount_serial_eager_ec,8.966959069305052,8.71108641791274,9.113688073022441,9.07537924693943,8.975158681453694,10.18067335584416,8.324653263623427,10.056037277786503,9.449709531521021,8.294187326526554,9.542053607189311,7.875234262255639,7.348387638462112,6.9213997059217895,6.871621818683286,7.342709103621762,6.957152283558865,7.209953455280275,7.4616355425006216,7.226774291065547,6.906153086817002,7.478340447840054,7.926043137719632,8.47048173443248,10.343907556266466,9.974720178900517,9.265449838022024,9.532529629731478,10.350211934199882,8.323006181941972
275,org.eclipse.collections.impl.jmh.MaxByIntTest.maxByQuantity_serial_lazy_direct_methodref_jdk,32.18817316839592,34.09332062881132,35.39655054479539,34.4956002961126,32.875947117556656,31.523525629880382,29.569933001944015,28.919857522193357,29.160865448645634,27.34165830973763,34.19111614769046,34.2540863050143,34.20592966123661,33.32198775187028,33.27155816177107,30.51982355871728,29.82450761649179,30.26733990200156,28.968060329415454,27.632634350386322,32.94118805461244,34.41833089622049,33.295437739159475,34.947119940198085,32.48041668571446,30.453881745683148,29.41872872465119,30.085351871520842,28.225387737090788,29.19731335899189
276,org.eclipse.collections.impl.jmh.list.ListIterationTest.parallel_immutable_ec,109.39674129703076,109.24994059981411,108.10251744154034,107.65389885146477,108.47959873997543,108.94235348048286,107.94216458821363,108.7513896469573,108.73799156853394,110.25104513595646,109.9679647923045,108.98457900902396,109.87985264428508,110.40810095628424,110.46663274199885,110.04285135053851,107.31446969455324,110.63396553362064,110.38278450522287,110.34818112879307,109.9686443105418,109.77431027520986,110.37905610750293,110.0832884606742,109.75446422716225,109.97089445909874,110.51705945909796,111.10284838786767,110.21817071259532,110.14606279857107
277,org.eclipse.collections.impl.jmh.GroupBySetTest.groupBy_100_keys_serial_lazy_scala,24.3911060150047,24.877734814736897,24.470227119688694,25.066929062138154,24.88012266760332,24.839265288194948,24.741652048581127,24.913131920009167,24.755415529111175,24.821363534512294,24.87080076624669,25.02263369398295,25.21083379109905,24.564490715355024,25.167331659360535,24.751446298043845,25.163175377219687,24.54133320692518,24.82648489169912,24.646053199377317,25.092878515130458,25.33665209173806,24.98264620453636,24.793045482511694,24.937229178760994,24.77946856722268,25.074459354464853,24.582494599103025,24.856209660720634,24.659897545656452
278,org.eclipse.collections.impl.jmh.FunctionalInterfaceTest.serial_lazy_ec,13.89548382612183,17.85150486311588,13.723301324135544,17.705550759509848,15.669160023387592,14.437044686236238,17.3345461698949,15.71735579662015,16.80951115311812,14.376355178734716,16.476980416081133,17.595681280013242,13.689966009330073,15.850969674500407,14.906453716693184,18.546858660858117,16.779856123847924,14.6678281193668,15.12740978160535,15.472686077421479,18.262052746481103,16.772246908579902,14.638891098846372,16.298753308540526,17.59381679462001,14.404124211890947,17.8041409363571,14.61973395099773,16.936461088837724,16.889289357120923
279,org.eclipse.collections.impl.jmh.FunctionalInterfaceTest.serial_lazy_ec,12.293059718584294,13.82486162244534,13.131750609284092,13.297395602858533,13.885567951437901,13.865245028496807,10.58024341079038,13.349255209542841,12.382441646691232,14.065754868423134,15.447802541399097,10.901365250282682,12.595627481402802,14.620733729240786,13.021613646749024,13.780152155302071,12.448850235970733,13.96121227073459,12.315057100868122,15.923809808997374,13.296076081970803,11.749941342033216,13.671517150708798,13.557658098908828,13.945976439065735,11.96978745448911,14.005841458314544,13.577744923126485,13.073644326887356,12.823845743080163
280,org.eclipse.collections.impl.jmh.FunctionalInterfaceTest.serial_lazy_ec,12.036564078083536,13.120334200872865,14.988288406240267,11.860466943618453,13.49075250448063,12.808301049663646,12.460429103784385,15.860271751303786,11.956045401684475,14.684676226399375,11.21277090951539,15.62081031256686,11.571103796866076,13.983393489692363,11.99721065221481,13.515806354385715,12.517343766733221,14.928491350810921,13.633185048333907,12.457969665300658,14.726948530905394,12.12709116539944,14.46954726106062,13.8831884902592,12.882352868483194,13.452497915551142,12.216001309171945,13.856651363830473,15.950690068623238,10.767916584920641
281,org.eclipse.collections.impl.jmh.FunctionalInterfaceTest.serial_lazy_ec,12.860826349029924,12.6692056345988,12.656780020918347,12.02838135812478,13.418920856611091,11.908196198011575,14.476584366817068,12.559612133903501,13.099977654900258,12.084461476685199,13.508514766728002,15.520873385775694,10.1763501910199,13.230192403975941,14.84695337324686,13.65854779203775,11.76830376432762,13.716833690606556,11.515784175384471,12.098836684189367,13.698905592891057,12.764420054932467,14.760265654552757,10.96626282975115,13.968109562706589,12.005416583273327,13.784432956764135,15.537768615086568,10.928036329076548,11.81801832127017
282,org.eclipse.collections.impl.jmh.AnagramSetTest.parallel_eager_forkjoin_ec,5.889594459874556,6.705257447626913,5.12470073957708,5.768170959727335,6.15501372342523,5.638870398249677,5.545430703043281,5.375010322483366,5.603823958313617,4.676094443060762,5.174985171856238,5.079925950495144,5.320619733761988,4.996551130582116,4.895340565700347,5.030338339416499,4.9767032970664316,5.1223370882884325,5.233434570955973,5.726505181918357,4.8567070451153445,4.838201761437729,4.952606375024048,5.617574472381396,4.867276050277131,5.669348969523777,4.701879639485109,4.607944824748832,5.0045819283025175,5.397803493955199
283,org.eclipse.collections.impl.jmh.IntListJMHTest.filterMapSumJDKBoxedStream,172.7093138174604,174.42262100726313,172.1770477752274,171.34803904567138,171.50473172281602,166.06529335912876,172.04597958042157,171.93289682549667,170.1054460780558,172.7833148637957,173.45386800789865,173.72537440696135,171.4285255244546,173.1335128218411,173.34808603917458,173.80068276998912,172.20025414806574,171.6383951469571,171.67051261347046,171.78076239706007,171.93283993792912,172.2892391787168,171.70434109314132,171.40002706027752,171.38338486110976,172.2262690085959,171.95626997293945,173.0282176416104,171.62052916148892,170.93057722978043
284,org.eclipse.collections.impl.jmh.AnySatisfyTest.short_circuit_middle_serial_lazy_scala,2730.1059449051622,2723.050611127481,2726.7658444366407,2570.306050780268,2733.1389218495324,2727.3333170073242,2728.996081482509,2731.4834437029945,2721.180225408834,2717.425218370086,2724.866816684601,2719.3423189021464,2722.0541379061065,2721.0283887880737,2732.162829790835,2730.5440401034634,2731.3203245938266,2746.622484979307,2741.6462481262506,2733.686446164625,2730.070479253576,2736.031652733338,2567.062329143034,2730.3182477244977,2738.282942275604,2726.974507601544,2734.6775022168413,2725.6328218256735,2730.5614554468866,2725.5055660352655
285,org.eclipse.collections.impl.jmh.CountTest.serial_eager_scala,938.1890322151204,934.7877190568794,933.6896620974914,968.7727511006833,1046.866646985907,1051.61899633439,1048.4336413890899,1046.4706260902622,1048.3825529986464,1047.855899904501,1050.678509187045,1053.0812392727964,1049.9951284122312,1043.3477261286653,1044.850944698782,1047.0168888339929,1047.6184280351936,1044.6258171215586,1045.6149073489278,1051.0147115444568,1047.043851243534,1045.872952583085,1041.6419897314133,1040.8572027186447,1044.9646980904727,1049.1631570402133,1050.305394181528,1049.2952041508,1046.3347403720713,1046.569642190574
286,org.eclipse.collections.impl.jmh.CountTest.serial_eager_scala,212.72143872333453,211.18801776247827,211.0263287397215,210.99087831296757,211.49409301686987,212.58343659108013,204.99860293949666,211.94162110435005,211.03032767307093,211.85527361209517,211.49351132071243,210.6643735227267,212.11796725045573,211.66411656334913,212.13392717952198,212.80273037931926,211.10622500885052,210.4820226855529,207.07197484856007,210.0688212140024,211.53407757913314,209.1390723163594,211.84536008987664,228.81505702674733,245.6075917682016,246.37478579295856,247.51585082775782,247.03624687743445,248.32551016890372,247.2481591439894
287,org.eclipse.collections.impl.jmh.CountTest.serial_eager_scala,212.19517827661087,210.71518702816857,209.89651388217462,209.9040962877348,208.72069560060606,207.75283375289735,209.27773920152353,212.81551895205675,210.1218633314462,211.62410015261472,210.45295721159542,208.14471256161306,209.64903012270508,210.25153355525492,209.78865219853833,211.19079501410013,210.52741521625467,209.52593792724647,210.2599734130349,210.47142500983026,211.54722885084618,209.52891383819951,211.35276217792233,225.53800276775647,247.95590178673493,245.45121134543027,247.19426362347417,245.85572718802726,246.58754534228322,245.9193109230544
288,org.eclipse.collections.impl.jmh.CountTest.serial_eager_scala,169.40875835109193,170.1454907225649,169.6479995711139,168.99387008535038,170.1129240428982,169.47101013847558,168.16898170956043,168.6956554931422,171.8022532013337,169.44453640963596,170.8542860678556,168.8949473427528,168.2451340523121,169.72512710160666,166.58292765668938,168.76443134985132,169.78530190154234,170.02861073421462,167.55784651148917,169.84757742523797,169.6162070337179,169.55225522112931,170.07288491385393,169.4965986614042,169.02290965947395,169.42898687044053,170.16266254915215,172.0456760544885,170.147465913194,200.7085416933057
289,org.eclipse.collections.impl.jmh.CountTest.parallel_lazy_streams_ec,2323.7967003218755,2338.788439763338,2361.0800782900183,2344.0167813137164,2339.707653118969,2361.800564307018,2367.39166275868,2373.8121040683186,2370.260250308616,2406.2350891462165,2379.530528144919,2383.2580869910034,2404.5773991099836,2377.57596645911,2372.9458899767546,2370.496730534358,2378.449407989646,2369.8825553473853,2367.883088140406,2394.119061178258,2414.6047110093245,2399.792446039285,2405.920069094106,2408.6699613513815,2395.34360313103,2427.1006820696493,2393.2297270462013,2392.4583665654764,2409.025004945848,2423.164017087533
290,org.eclipse.collections.impl.jmh.CountTest.parallel_lazy_streams_ec,779.736587046954,771.2635510182768,776.0491033519183,778.0769766195599,771.0247963868641,779.242532237947,781.2116385987451,780.2811794517178,780.6318700489752,786.006248775612,781.2904700418585,786.275120747986,778.9187439455919,781.9933891756976,782.2599589393144,780.2166307592748,781.2053284057947,780.9724129304857,778.6977766997451,781.25002572363,775.2772579556513,776.4295121436395,777.1762479067883,777.8309170203946,780.2208810502423,772.7773757765685,778.9451952585666,776.8285053261999,778.1957112209658,775.752679678388
291,org.eclipse.collections.impl.jmh.CountTest.parallel_lazy_streams_ec,770.0386368980728,743.5318218048278,739.1307260921805,741.5745342177596,738.5350427087669,730.7264116471208,743.8819246385743,743.7213006310711,743.4016277715625,746.9348964074942,743.4394232600127,742.5401790239787,740.7003242504513,741.7661396803123,746.4475884763577,742.0225826253981,740.6974065780023,739.9347595827795,741.9042565137927,746.6388903406034,743.2564455086567,739.8623617374099,740.8026375837029,745.5482736204442,745.9579451289275,744.8820240952598,743.0217301598542,744.8830263004547,742.18542848449,744.9784202101017
292,org.eclipse.collections.impl.jmh.CountTest.parallel_lazy_streams_ec,758.0271714270328,761.7794069504785,764.4733260401779,769.1558591361567,762.196721824622,778.6215455474359,764.6677816709075,770.4886698172078,768.6424743921319,768.9083761649084,772.2703319609017,773.3367475369084,766.9105421859856,779.7449158077325,775.8549384021669,743.7371343458807,770.4649067290223,775.5940486457805,780.1424541519744,780.450337809246,775.1583794971491,772.0710622904,771.521179834861,772.8831593883795,775.3086014858619,776.3954956339544,772.4030730019288,769.7548753039034,770.5831869306901,772.9809181870693
293,org.eclipse.collections.impl.jmh.FunctionalInterfaceSetTest.serial_lazy_ec,12.337657531399046,12.575006187773623,12.110528035129335,11.250276853086994,12.753285360843266,12.25230303571335,12.823925603522644,12.000379943106273,13.62809341902289,11.679214728999506,12.170889038282134,11.907824276570569,12.856833323935648,12.355908495977713,10.533243892048365,12.708781698744332,11.585266494103928,13.664671169512228,9.25003303649299,11.73396004257468,13.619907988357287,11.678033066554994,10.531716028489113,12.914645083046866,11.109744108532556,13.462051585756646,11.463117695362884,12.802954780145912,10.647511924356715,11.629625092618
294,org.eclipse.collections.impl.jmh.FunctionalInterfaceSetTest.serial_lazy_ec,10.632166967959886,10.498206655300697,9.981174706010489,10.048553606169651,10.941564833298958,10.000165375462132,10.762454578809349,10.114808529612427,9.964446704690962,10.692863035346791,10.724060246042914,10.700209543468059,9.680709718773786,11.966300743173091,9.764347319896398,10.02123138165443,9.389743120299771,10.079122365881043,11.705654653227107,9.683060380965602,9.470033622217972,10.425044647012927,9.657751010000961,10.50977956151073,10.5854140242867,11.843504257618878,9.91162025285017,9.642274378257133,10.597509840298494,10.123600781358283
295,org.eclipse.collections.impl.jmh.FunctionalInterfaceSetTest.serial_lazy_ec,10.642496079730144,8.887144533326028,8.82678643695736,11.330237933731398,8.4953575315865,9.751996375549622,9.288558425717529,9.158622651444777,9.978656950009334,9.213913704254992,10.470710355692933,10.434903762465249,9.905122862189488,9.853055122416347,10.48095670955423,10.098126432178256,10.947672088733416,11.136561466475161,10.970875780628303,10.211496394689938,11.70300054986548,11.123421092249984,11.525644786172483,11.554969245289042,9.684690921831864,11.529720070550933,10.79216468672207,12.89421457421171,9.562955004040719,10.892650578252486
296,org.eclipse.collections.impl.jmh.FunctionalInterfaceSetTest.serial_lazy_ec,10.377944833152364,11.805327632800337,10.724934750971654,11.419251422058485,10.986801324845635,10.037172769724402,10.915852162660638,11.152561537109154,10.744947852444477,10.533482170148972,11.180151871909738,10.876869271560837,10.547325203362378,10.858415935573065,11.164695580885352,10.247055005706864,10.970789154854705,11.528771650230949,9.76827934866563,9.957869837677734,11.417984336392331,10.47762113049438,10.508957997730755,10.488174854114327,9.24988620474654,10.648385147320303,10.64296739708836,10.953151924316407,10.56979639170597,9.822525273915629
297,org.eclipse.collections.impl.jmh.IntListJMHTest.filterMapSumECPrimitiveEager,107.7583307149805,109.22799976323739,109.9089012378467,108.83579616924557,108.04063192481908,106.87978952185024,111.35193430344842,116.03315593281974,118.60636398054136,118.93765882612628,118.887034490923,119.4880021554361,119.05471118873288,118.892629017875,118.74296979877437,117.55220286865888,118.79182492948787,118.34792753564751,118.72661368808468,119.54977340147413,119.60848625957745,119.73552924063306,119.15692921702464,118.63725177304744,118.13158752980328,118.42264154288597,118.94084263098232,118.24767917615225,118.93991013012334,119.51073190736541
298,org.eclipse.collections.impl.jmh.RejectTest.serial_eager_ec,72.72179057290255,68.35428529711795,68.73234461494195,67.4200021049516,69.37281790464702,70.8074984861656,68.9712738093148,68.84824002765073,66.65250118048931,67.37374974373931,68.10436803709455,69.77396431210444,70.7300127902178,69.01191555001641,68.8028392718111,68.54924205147769,69.78421833431457,69.84508792537696,70.33466940576022,68.59104690261776,67.36900810339327,68.47552989327342,70.823362143765,71.3395587680393,69.36910046882267,67.56833164815303,66.76975964061478,70.75211670452832,70.87117830964071,70.31834214814359
299,org.eclipse.collections.impl.jmh.MaxTest.serial_lazy_intstream_jdk,452.08364994990137,452.8173687931836,450.3747604831379,453.12485911584605,453.22228913396,452.97893429547844,454.5209462856386,453.83086767372794,449.7274665044807,439.59368970691554,437.8234363158963,438.152461101326,438.2428290198607,439.8844867736577,438.92510006522446,438.3520792436553,439.2111521748694,439.12094661126815,438.6612881250355,437.8709042727769,437.7156585950297,437.6188934599659,437.72807281569317,439.0854013551371,438.0719900485691,436.062703200344,439.20407525323424,438.18981463869136,438.34786899859506,438.29906162147745
300,org.eclipse.collections.impl.jmh.MinByDoubleTest.minByMarketValue_serial_lazy_collect_lambda_jdk,21.00132171245434,20.273973832138687,19.487213502860165,19.984507090815875,20.060646716676388,20.140639129077947,20.129290393858245,20.251721901931436,20.654153084434128,20.199508506328527,20.29671761820957,19.911729986794363,19.857994705399893,19.77921226844408,17.611186856010445,17.22288811489166,17.149693794789748,17.151262306797747,17.323837774690055,19.251105117149052,17.93717581301348,16.752125334750577,16.580748365971882,17.24830615740363,21.508590564311934,26.567922580648514,27.99193194144038,28.074147626476417,27.90608347138124,25.945823511866166
301,org.eclipse.collections.impl.jmh.list.JDKListIterationTest.cowal_listIterate_forEach,937.6968210507274,937.5971745003363,938.4524974284752,933.1098550232318,936.6210993004889,936.2918581241124,934.8083661545551,934.0010681116344,933.9677108682998,937.1005249981811,932.5827568790758,937.654830503795,932.9871975496752,931.9171069052579,932.0010643452155,933.9282621683981,935.0206883166984,935.7674056536507,940.8857557697629,932.1978260589176,934.686879895235,939.5070444118253,938.0539491409427,934.5169388491395,927.8550013153795,929.8355539181306,935.4348804028766,931.6172906853692,922.4394999315356,932.5077021413163
302,org.eclipse.collections.impl.jmh.GroupBySetTest.groupBy_10000_keys_serial_lazy_jdk,13.62829358037323,14.843126513697712,14.778247475474101,14.84770989041432,14.946367337282568,15.177657646343466,14.802343624671948,15.101516789456266,14.893775833291418,15.13178716996837,15.031923389652125,15.007544606894351,15.241741004479735,14.997148577143879,15.193586364813711,14.98954789318092,15.098137174472555,14.952074772622602,15.128976686862487,14.756240003920123,14.956850076455398,15.010530365512063,14.83313361029846,14.915218289758188,14.928078369497479,15.119794381304672,14.979485115790402,15.112915263228224,14.9885652535452,15.080562006965001
303,org.eclipse.collections.impl.jmh.SumByDoubleTest.sumByAccount_parallel_lazy_streams_ec,2.8365555797877247,3.1202257182517394,2.8958471757040436,2.9185037593927907,3.330882195416165,3.0221566901795067,2.230824952486496,2.8707829702636527,2.7507159490119664,3.271154778962948,2.8303413334380885,3.2997272365447885,2.772880685628246,3.5252944872156036,2.996327260848996,3.252495860837177,3.137658139019361,2.8325723583630356,3.7493271059209707,2.7408255014122815,3.5438364538117146,2.9015842033647328,2.7885955817822516,3.599795004273789,2.9906047616874054,3.772431972153929,2.802231324890823,2.9133647876899103,3.5350721471813995,3.0118823192491093
304,org.eclipse.collections.impl.jmh.set.sorted.SortedSetContainsTest.contains_mutable_scala,6.5988059042163485,6.494317584372593,6.386227306003001,6.5284135513469685,6.58405304785085,6.544821365776539,6.5932481111808805,6.5149440741146,6.584237357587978,6.519008164050073,6.588142278849577,6.516487466876427,6.596949507405545,6.512509246367592,6.568565959819343,6.51299238796992,6.598653540220327,6.518851291459594,6.596386086767899,6.52560414849585,6.566886552983966,6.504696194117403,6.5812087682452285,6.530655625206346,6.585000450606877,6.5180016698170515,6.597091782730237,6.5459930001358995,6.434369013689996,6.555136076894578
305,org.eclipse.collections.impl.jmh.FlatCollectTest.serial_lazy_ec,68.25361727775866,64.65017120001889,62.99573261395147,64.49958160857938,64.26328029234968,61.832198049631366,63.9364434668802,64.78173582091053,61.1018706905368,58.546555406168785,63.28680773667262,63.45823653766753,63.522564468973755,63.4170925979079,63.67194070404872,62.61426339025627,61.22423282073707,62.84854236617697,59.76502353040616,58.41548837288367,65.80156760829222,64.13638733336637,63.574082004609686,64.36558651811812,61.53767308702511,65.96374988510564,63.395587734451496,62.3253618628317,64.51493677061268,61.858351351124625
306,org.eclipse.collections.impl.jmh.SummarizeIntTest.serial_lazy_mapToIntSum_streams_ec,80.82441131033622,83.10660080023999,82.80383638673844,82.97181505522845,79.62047903412397,75.9850738276158,75.55784080465999,78.13985739131815,79.03451109303798,79.28256917734174,77.68864109567821,78.30475952514682,78.12433564956265,77.22682961723093,76.97163133555497,77.70316040689575,76.3154022290938,79.25629341904333,77.30576477879008,77.80284331588118,77.09891719908411,76.54003533654627,77.42283421703706,76.43049551241174,75.16303212758953,75.98734749874268,74.01447023946541,71.09570739226604,70.92443412905267,69.94714646723928
307,org.eclipse.collections.impl.jmh.FunctionalInterfaceSetTest.parallel_lazy_jdk,5.4106666938282135,5.088245449307753,5.269627046062904,5.488502354585348,5.594049552059232,5.492686937285609,4.91717959979803,5.766399505885683,5.481437426424493,5.541169316705825,5.346879240774231,4.686193328212199,5.696610434190805,4.934353606338947,5.781006061566957,4.940837053450951,5.5106888231895175,5.356533551451379,5.25272037074821,5.257658218209283,5.7339286521046064,4.786352914698141,5.7314493034180405,5.767696224529743,5.451223609141049,5.61526574681132,5.899509872652787,4.620289483424413,5.531375587635596,5.36085298862086
308,org.eclipse.collections.impl.jmh.FunctionalInterfaceSetTest.parallel_lazy_jdk,4.7314182379895104,4.733528106181082,4.791532587606034,5.1769810954165845,5.05725367883787,5.668298438876517,5.305882292474926,5.3380265452515685,5.697232692279951,5.986887859462812,4.842619148852386,4.971379756797358,5.59094831357165,4.982465488225356,4.790896346427952,5.147901328682342,5.242118427110508,5.838326186367415,4.492382353048439,5.613653396056154,5.778433068352948,4.4464404574944005,5.757180586154157,5.109090966513995,5.7547590828952355,4.856528234078149,5.531983048432856,5.79725259233232,5.114438585122922,5.860153513382325
309,org.eclipse.collections.impl.jmh.FunctionalInterfaceSetTest.parallel_lazy_jdk,5.0138623475094874,5.557778842059491,5.378895658681301,5.535246296125459,5.8093497813221315,5.836790831774416,4.941861934745569,5.729035930265663,5.54130351787936,5.496177449804992,5.521288405016997,5.229459468932319,5.681400555836414,5.794663098233661,4.819326384013765,5.540539984240377,5.904345296032212,4.884846279988742,5.412614989065922,5.686295099952809,5.175560167826924,5.200952080740218,5.424095205367969,5.728423802480021,4.979046246503814,5.592741611676159,5.8506233587611955,5.552734627546396,4.639935562356645,5.577028504390671
310,org.eclipse.collections.impl.jmh.FunctionalInterfaceSetTest.parallel_lazy_jdk,5.509079567749133,4.570920978750941,5.436390435939882,5.563467935106942,5.175322855464961,5.147806020002912,5.858700585751713,4.675278105668798,5.178344747763035,5.43007990864868,5.115870188006745,4.769179059003276,5.662797558032942,4.895783783513642,5.241149640757846,5.2281470166338435,4.579959833770578,5.406078808011233,5.155185633792621,5.650730798701613,4.550152491034991,5.566234241946795,5.126988178403428,5.461037247679896,5.012384520310027,5.510986457822667,5.6624926467224395,5.238484165610339,4.96608617539093,5.097542079394259
311,org.eclipse.collections.impl.jmh.MaxByIntTest.maxByQuantity_serial_lazy_collect_methodref_jdk,14.786887692638656,14.780336719699307,14.74036382126676,14.838078180937716,14.867072125488301,14.910424224889102,14.870038687181385,14.843338286769724,14.771075406579243,14.658909988490674,14.597655847697729,14.744709553240932,14.600993070190556,14.616428947989542,14.66926328404402,14.81917292500592,17.185352115916263,18.163103875537665,16.342742267277202,16.486834355021813,18.939819613350103,19.533489274191805,18.796942866795046,18.734321560578845,17.44655604978986,14.616938269242505,14.683630419510548,14.85132982713172,14.811144430371334,14.464222685402204
312,org.eclipse.collections.impl.jmh.SumByDoubleTest.sumByCategory_parallel_lazy_streams_ec,34.96654348669378,35.48404110672398,35.92565993004825,35.52317224580552,36.401065638638656,35.76972058396322,35.973349666971174,34.88948977406798,35.87470490252506,36.05568231818532,36.475785153228635,36.10108014412277,36.42331715904746,35.93997111947781,36.49878971394344,36.4815972329517,36.51929012023302,36.067329094049654,35.87794813572117,36.047527218839925,35.97669181664944,35.94826164416994,36.26409045522622,36.102769143475285,35.934890147499985,36.19881205477968,35.81847832752524,35.984439392811126,35.86416579901038,36.03521727238009
313,org.eclipse.collections.impl.jmh.GroupByListTest.groupBy_10000_keys_serial_eager_guava,38.49034415682304,38.878786634938585,38.68415014223681,38.88357859954794,38.53267943995481,38.41939060925967,38.65368662390602,39.04936164397734,39.168449661823814,39.26615517925038,39.1280982184522,39.12315307504545,39.180995190891345,39.03853140917461,39.08641680285815,39.87875415127113,39.65535672231917,40.377572373149725,40.59045597816399,39.23776651978244,39.038773765881956,39.27946507362616,39.28259010975649,39.41823937081805,39.42506871735268,39.274498488341735,39.34072150116089,39.190546768265314,39.2818549416709,39.0974575178487
314,org.eclipse.collections.impl.jmh.SelectTest.serial_lazy_streams_ec,143.28276437741377,149.42549379250787,146.84760742691665,133.60803517606826,144.5705543249422,141.69914847722845,140.7857945543713,139.6058998122577,144.41662773252483,143.81003715143558,148.5699837931486,142.93972366100658,146.7712212618413,148.64996856468798,158.63253455490255,151.62820521476212,152.61915431494165,146.1549641513689,146.36938842081148,143.81150783860252,144.6795658677097,144.5830521172196,149.39582981858894,141.25648448710098,149.2077005449674,146.29785354645568,145.88235463392903,149.7646357392929,145.55264757648985,143.1311770092064
315,org.eclipse.collections.impl.jmh.AggregateByTest.aggregateInPlaceByProduct_parallel_eager_ec,36.537830327366905,35.88243529136546,36.76174772011991,36.72650807641411,36.09854160777097,36.54627749605001,36.52447470560483,36.088699297638335,36.288766624522935,35.90912932897888,36.33027184983306,35.56576851936293,36.2511617202647,35.60943276697682,35.2042968558969,36.45609549869621,36.142961970133776,36.716394242543345,36.94222557739255,37.24236211059654,37.596916312620856,36.304398749658255,37.16540535298991,38.16988148452965,37.511221638249836,37.348990910099076,37.91205435019877,37.7073297067101,36.586043473075556,37.48767709764406
316,org.eclipse.collections.impl.jmh.CountSetTest.serial_lazy_jdk,268.1461390317276,263.59399065728843,264.13900931556685,266.9476830591787,250.78778312713004,255.34790197580656,258.97796211891097,258.611077128606,264.46629458760634,254.9350157898001,253.72004352793098,264.67557497267956,266.49254463002296,258.80458700853336,252.89568204852907,265.3679670095102,268.1571106034249,262.4613000189402,238.39081658408267,226.85419037655222,228.34393795320457,227.24377362525442,226.08633650561845,220.6432095599108,227.8615704501664,228.95015777960154,224.07035249788834,207.85268295598615,219.4109375823804,225.62301282531453
317,org.eclipse.collections.impl.jmh.CountSetTest.serial_lazy_jdk,156.25676812008572,155.97182743269815,157.55338059606348,158.7731555531471,157.3836161954204,153.91903658580839,157.5829738362864,148.94237881085184,156.0913338116323,156.9116187461831,155.83360383865954,150.1810402603045,157.5955302835496,152.93537150016385,156.67144181263166,158.59791985741285,158.05378792274743,152.51675097955479,155.8207626489609,150.87403767992564,159.3731073167276,157.15401854522455,158.3283010491837,157.0534729561504,159.43127945027672,158.92752698163852,157.74983573574502,155.370020865656,152.2847729394521,156.9204179669485
318,org.eclipse.collections.impl.jmh.CountSetTest.serial_lazy_jdk,165.69361246163135,166.9390854301783,171.35291382282597,171.34343423465924,170.701464476314,170.91918701551046,170.202681453865,171.201591789401,171.93301352246755,171.6758713196999,171.8220119832947,170.4008263901972,171.59884411577298,170.3125351549723,170.07985353558493,171.3173002160046,171.58634855339758,168.60420634651933,169.31872629446326,167.76450862371587,168.36974020453445,167.99867531155775,169.59854058101402,167.85897781198366,169.42942877792973,170.67846362138067,168.20191303997922,168.6848575512074,154.20977391137905,136.45156133115418
319,org.eclipse.collections.impl.jmh.CountSetTest.serial_lazy_jdk,126.4611952582632,126.22176795107323,126.2428032407303,126.61669694522195,126.13681625038362,126.55830430415516,125.13622965572918,124.56066544006431,125.45690571170054,126.27483544131904,124.94357260890764,126.34682155160729,121.39590822474115,120.36359374714712,124.12691769993215,127.03670013945761,123.12049917935471,123.6204554093635,121.86715894712401,124.37366887961518,127.29572418555391,123.07885874393727,124.08197898217249,125.2173956597355,129.12524285006563,125.7731192536826,125.6805198671367,122.38596330909616,124.68151764581562,124.32526132013705
320,org.eclipse.collections.impl.jmh.IntListJMHTest.mapJDKBoxedParallelStream,16.08697503846912,16.802168379526496,18.97327385708034,16.908864478797465,17.545008778796223,19.990731257471012,15.96298677156066,19.63373331367905,16.284012766893987,16.959323909569093,20.38332811136733,17.87730400446932,16.872073944448466,17.277874829136504,18.540989674801846,16.122238952301196,19.60588039307018,17.414795173448496,19.758554690018677,16.337284709553856,18.075646659279773,17.007313743945282,19.286632758561172,19.51347950869125,16.74784816994095,17.666770218056687,18.906176228753363,15.589847659007429,16.69677653672395,19.77525691437829
321,org.eclipse.collections.impl.jmh.SumByDoubleTest.sumByAccount_serial_eager_ec,1.3384643981730922,1.3456759647883376,1.3290072985100456,1.3544058797874374,1.3578994710657022,1.4206579215151223,1.3160118182098832,1.337060486599458,1.3484511354493895,1.340587073926581,1.3433644569406564,1.344176950378677,1.3566131947017002,1.3638117120077486,1.433175829411672,1.4733349519784005,1.3702925854072503,1.345936371954954,1.3636150481637732,1.3569305243151797,1.3557621843777838,1.3524511865879256,1.3612922514834616,1.3632874432284676,1.3679936269828097,1.3678107785122513,1.369715868687871,1.3655252692929511,1.3501942458301959,1.434994889018166
322,org.eclipse.collections.impl.jmh.CollectTest.parallel_lazy_streams_ec,13.596057752355204,15.058084088906034,13.963594688435693,15.618837483951864,14.94896801649233,14.823991136186224,14.190340990403175,14.235546660152608,14.13006693050622,14.248416260748206,14.893711396308742,14.09270399406059,15.503873790637888,14.71208880626388,14.791542247814487,15.427206594072512,15.386670347544388,15.021092820384318,13.573854616768616,14.985302181475063,13.60018546067763,16.284290562232595,13.734627554735036,14.774236531502368,14.386934536476478,15.13682174117903,14.450236368115739,14.615542281858632,13.927085870021457,14.085677542218297
323,org.eclipse.collections.impl.jmh.set.sorted.SortedSetContainsTest.contains_immutable_ec,7.359779690294013,7.31181771258228,7.28366633972079,7.39030093413487,7.367159788090316,7.329136061706107,7.38264497030231,7.369177425002481,7.3406066161876575,7.36487797167291,7.276963159905549,7.298314553146113,7.353551372541375,7.378693460928529,7.366514894206833,7.2759423462877715,7.313286219577245,7.357200731971211,7.325187937997595,7.258131776767941,7.259682764549485,7.405241634784032,7.359016186372273,7.3253740031505155,7.3571971662644176,7.350114314398527,7.343940873182948,7.340768509019224,7.311346917138996,7.292117065036784
324,org.eclipse.collections.impl.jmh.AnagramListTest.serial_lazy_streams_ec,4.2639481134344495,4.408119478897577,4.597931938126689,4.552867574106352,4.039676725581018,4.551714820916098,4.495894966901783,4.577975178480442,4.495899070159053,4.515904673956099,4.431129055245904,4.360754050461762,4.47465669402435,4.137393583061594,3.8949442776126206,4.30203698594732,4.443918817726684,4.523462818047566,4.344188116503122,4.300823934215939,4.448518650896219,4.428748444254853,4.455280288062883,4.381150922862235,4.549724172062124,4.55094481355206,4.5675054861564455,4.392048577631379,4.6548410114242245,4.2280571831677785
325,org.eclipse.collections.impl.jmh.NoneSatisfyTest.process_none_serial_lazy_jdk,749.2972775426349,744.1791153664963,743.4706355250347,739.8970226121869,748.1361705557572,734.780316115868,712.9511521518103,734.5329831947518,731.0515235186656,734.4699792875568,726.737411604752,729.3578835303503,736.572244507869,729.8851328674447,732.0000096627996,724.6502895674571,734.3394249702679,735.2097421636016,726.8118393169784,728.6714675387881,733.6659508875716,731.684402566641,734.3796937072553,730.3528613526113,730.8017437181537,734.4960160101664,730.9403574596523,740.58342774656,737.5302677100258,738.9843557011898
326,org.eclipse.collections.impl.jmh.IntListJMHTest.mapJDKIntStream,23.386413111383593,23.845405870035286,21.58487791982515,24.764710534738867,20.82414911919328,22.80677692627431,20.367803803925323,22.79135158347203,21.0192685689127,20.728484692650042,22.452876380176907,21.752211488264983,23.258618172060135,21.426952399699942,23.475941119960776,22.999001682333976,22.513166998897514,25.403939144965396,17.98125716466938,20.448029809348178,23.800199467488387,19.707628579831116,21.94516169081293,19.891357957954625,22.963965290126215,24.613703092011978,19.774611020374703,22.536684915215858,20.8581167659562,25.283986847196136
327,org.eclipse.collections.impl.jmh.GroupByListTest.groupBy_2_keys_serial_lazy_streams_ec,53.072542199391116,50.5930409619364,48.58118168130664,50.67136931417186,48.68951388387351,48.58179594934622,49.504447706312305,52.7135862115326,52.40379147878004,52.3107373513972,49.77482953549517,51.7160444215242,51.99247561361356,51.29611704157686,51.704215024951964,53.15058403977923,50.90038209868892,51.307442748518476,48.750768957569,49.983579544398815,53.65449525801919,48.87188748999244,50.58983943665821,50.73141651712106,48.1966895332647,49.34675208772365,46.846446670257784,50.373601494863294,51.62656964289967,53.094107697338714
328,org.eclipse.collections.impl.jmh.MinTest.serial_lazy_reverse_ec,151.0626722821949,151.32042044573944,152.16389908928207,151.1356398598065,152.7199642739093,149.23631375778885,151.9563391448552,152.40244950301224,150.58097020284416,152.57045253764372,152.60268395725427,153.0547992205229,151.64407966842407,151.60194846643637,152.0019666391965,152.79207382309028,152.80795279861812,152.32844997460924,151.9703730718289,153.1596750458515,152.2052759808149,152.2061189110065,152.46278593903486,150.9570186119187,152.58688885110163,152.69903051625053,152.96151901177765,153.29085794296205,151.78837634212707,152.39782058566155
329,org.eclipse.collections.impl.jmh.MaxByDoubleTest.maxByMarketValue_parallel_lazy_collect_lambda_jdk,68.52049208891097,68.84711046447333,66.64954834361572,66.62871561322567,67.62040144862033,67.54447378714345,68.06641668403758,68.74873341667713,68.201744548041,68.80084295670251,68.60493266383602,68.13146754618269,67.95162761460813,68.74602626173724,67.5489397929664,68.4788913866923,68.40675391897237,68.89242090235508,68.25043840001439,68.59432493103884,68.74125968581534,68.40015865268103,68.67925476252137,68.75595993351462,67.25235602879438,67.75096034246357,67.93902873011741,67.9443323252496,68.1290833092028,67.96855743011633
330,org.eclipse.collections.impl.jmh.GroupBySetTest.groupBy_2_keys_serial_lazy_streams_ec,14.23195128701376,14.218015394984604,15.43597380824736,13.901744273488584,15.539636534537797,15.452836089913253,14.865967647791228,14.735412133302798,14.59130236298603,15.306032462589123,14.818108078965295,15.770202242878968,14.749636455385538,14.902420130278129,14.160953614023486,14.380679720160487,14.578626550858257,15.241242598238182,16.44877426927143,14.353982633677173,14.575072477802996,15.31039332127726,14.886363485470042,15.590901115808832,14.722022409208854,14.598291413831843,15.79146991301178,14.38657716697725,14.92196051907695,14.629609435530847
331,org.eclipse.collections.impl.jmh.MinByIntTest.minByQuantity_serial_lazy_direct_methodref_jdk,40.63975792850875,40.859261784575715,40.81775411581642,40.98729824121154,40.020351656799704,40.40603400729701,40.84776422243283,40.84864950374525,40.813451792777805,38.88481477950312,40.053569715199735,40.732004145313944,39.852194586629324,40.542064689663995,40.921966475036285,41.52534783361568,40.74270845161865,40.93807510257224,40.51096159678915,40.43679354930651,40.87165425909244,40.42330009981341,40.392978161521576,39.9686189410402,40.3481462829995,40.558768899863246,39.80893039049942,40.084171010465255,39.23079586168968,40.260641975693474
332,org.eclipse.collections.impl.jmh.CountTest.serial_eager_ec,1055.9820196053342,1052.1888865267765,1054.9338915127544,1204.6110503656137,1209.7798922168433,1213.2984768871563,1216.6058634980377,1217.7875813121916,1215.7649367125464,1220.5553260630534,1215.6135673874496,1216.1271381240101,1218.0827982698963,1219.0492902775968,1214.7729212830516,1220.4094975421572,1207.0309062681608,1218.2150187883433,1212.3843463793712,1217.9767792727032,1213.180599625304,1206.6972408689633,1223.1306525499162,1217.403592762502,1169.4795266451051,1222.232313439464,1206.4233477361324,1175.2072381029784,1178.007285014867,1223.9183817787928
333,org.eclipse.collections.impl.jmh.CountTest.serial_eager_ec,429.148844206652,420.3924530308044,429.9052566197356,432.4928809049877,428.80242156581994,424.1124141467743,429.43359898405356,428.94774730121475,429.3785625533094,425.66659068351487,537.6751941789229,1217.7081165821635,1221.5542768323608,1221.1439072946398,1218.8105919587672,1209.1307063608383,1214.070477290824,1213.9181333610861,1216.9576279693094,1215.4122886032583,1219.8239928159005,1214.0288174020386,1217.392124460062,1223.7712123005467,1185.956158758679,1216.1704635047186,1222.2963606540623,1226.5268047322074,1216.0827416222285,1223.214988325877
334,org.eclipse.collections.impl.jmh.CountTest.serial_eager_ec,430.0113827604759,429.9906614209136,430.1533755674352,429.1598050958569,429.5562147356512,427.7787075079339,428.15754437096933,429.04628631059506,431.87545834657476,426.6841602775635,571.6324631914664,1230.809614676373,1230.688007052644,1230.8392942367086,1227.9650477264402,1217.6714138043278,1222.9076573016378,1222.3726856719493,1227.9823980023882,1167.6209306972282,1178.2978994136554,1174.612495337788,1169.547424911172,1174.2763721483618,1177.839741946871,1172.5124564229823,1223.4658629439534,1226.1095244706485,1226.6198484298143,1211.227745414079
335,org.eclipse.collections.impl.jmh.CountTest.serial_eager_ec,433.32636383457367,432.07317366152023,430.79000021385576,427.5994974826728,430.8507158280249,431.78275412044013,428.8438888168418,432.17150949726187,431.1433875031167,431.896827622024,597.877385512147,1169.2977770506943,1169.888975196476,1160.1440839795946,1220.8628358575804,1224.5389292551233,1212.3811630705527,1226.9470486462217,1221.0132931717228,1223.4191206015385,1219.9326694761062,1224.6023593678897,1197.575803082063,1214.3881633123954,1221.4843161943577,1224.286504189656,1218.2309003768196,1223.8055935862365,1223.0492870976605,1219.2120744431945
336,org.eclipse.collections.impl.jmh.IntListJMHTest.sumECBoxedEager,1588.8102261513475,1592.050018977526,1592.363213950741,1621.4062086182798,1616.7693969473746,1627.437066263905,1622.5085664928379,1618.6311867909337,1617.772041359424,1615.3420259632485,1617.1806635027397,1624.4310738805636,1628.7993302937084,1628.216495806365,1628.181075392691,1623.8795146355321,1635.314615115086,1611.266168158906,1620.603404314293,1614.860892652985,1613.933598216779,1619.6866942846043,1618.842823312599,1617.010976270507,1607.4634945915086,1621.5089065695386,1613.2635871173343,1623.4379089755857,1625.6788715241134,1619.131240301814
337,org.eclipse.collections.impl.jmh.AggregateByTest.aggregateByCategory_serial_lazy_jdk,40.58873303687309,41.73944155695046,41.3559204892939,41.62819497294025,41.94588869411584,41.751738138167056,41.93294484130267,41.94701407337528,41.328491384775546,41.97552106402271,41.6641825265839,41.16295223391178,41.334629518070685,41.87567334316106,41.595371766174324,42.36611906809023,41.8148863261688,41.51958453319786,42.064377999384696,41.57812319482731,41.688905743713484,41.60814965845618,41.59676724234281,41.75709814374656,42.177798849243715,42.13347444620417,41.83008626905227,41.904252253273356,42.01446379847255,42.02766230893534
338,org.eclipse.collections.impl.jmh.IntListJMHTest.filterMapSumECOptimizedParallelLazy,545.461782500419,545.2442285260465,548.7526442580743,551.1252229996662,552.5562076506747,548.8298256591366,553.6013080264281,549.1048880275727,553.2582560614887,548.0635911536175,552.209773464692,544.4220791666461,524.4711587053066,526.7511667453545,525.2609691349538,523.1872602574726,523.8848288917857,524.0425538055786,523.8360598476412,524.7941107740577,523.1176771708251,523.3306401509179,524.9287542693686,527.1076419239891,522.918757225254,526.9210516892716,523.2482360674064,526.5293025643118,525.6992502540137,523.749681192322
339,org.eclipse.collections.impl.jmh.MinByIntTest.minByQuantity_parallel_lazy_direct_methodref_jdk,34.20598522177906,33.763143210879306,33.92389421976224,33.58865830979662,33.64877296374614,33.541381942877265,33.98048500746022,35.436247676916494,43.635255993255555,41.74246941750401,39.473917327380846,39.2643444594033,38.74024383703488,38.85988760530794,39.10356726134267,36.212753355408644,34.02062582478937,34.42399188100513,36.276310460390796,37.189876446255944,37.12577683465365,37.148293133591416,38.19209784401818,39.98424640683694,37.80487083964883,39.25502616080069,39.76024943338017,40.20859284343261,38.778532080548906,38.73818853386669
340,org.eclipse.collections.impl.jmh.IntIntMapLargeStressTest.ecPut,98.18996781930922,99.62615226586543,99.50479795468684,99.72712245898857,99.9241085388817,98.8906228177574,99.81835086455175,100.91003809557756,101.24063972221283,101.06341040781082,100.90672727027463,100.8664126239872,100.98334148503861,101.02849503948306,101.09143606813161,101.34853697579207,101.05297437065931,101.11155270535394,101.35228158885636,100.84714235583414,100.78348442161342,100.71341112586119,101.06829885495662,101.09082881433956,100.9467571471441,101.02995302568752,100.82297341011893,100.8356571384748,101.0194296512329,101.12164164568945
341,org.eclipse.collections.impl.jmh.IntIntMapLargeStressTest.ecPut,63.61272060433047,68.63637150467811,68.71536412652372,69.4205831162174,69.50146557045434,69.41481327148479,69.34586173448412,69.04264106850123,69.26667619274772,68.83824155948331,69.25652476578252,69.21727376395872,69.49545334881955,69.28398040885787,69.54123107438625,69.46625223034428,69.3538250028501,68.92091889708095,69.51140999905228,69.24603614025017,69.6069808880908,69.77613861002024,69.1717646817199,69.52467412508963,69.5906902465349,69.36364852434511,68.86014903120626,69.06159457505547,69.34730359465097,69.46553267783547
342,org.eclipse.collections.impl.jmh.MinTest.serial_lazy_jdk,134.52927064701808,134.90798115476608,135.49306826678267,136.11413152839876,134.46396639011206,135.66036275072273,135.13223148399658,135.15849483135332,135.1668418594583,135.03088080289092,134.9424296461825,135.04577720687263,135.33396296862543,135.1337538544059,134.84056168820806,135.38821086666456,135.3207895034354,134.38577289238796,134.57565966349188,135.08699978745352,135.09307023507594,134.61707016684238,134.39539637111304,134.41374544352712,134.57596512977645,135.3418734778648,135.2837034993715,135.9571797424114,135.2681076903501,135.16037415933565
343,org.eclipse.collections.impl.jmh.GroupBySetTest.groupBy_unordered_lists_100_keys_serial_eager_guava,76.40277865634083,76.47568894758187,76.68664380295878,76.85659834568229,76.85337337028118,76.52250074319994,75.86468032144,76.13458329272864,76.87213197188781,76.58523093168388,76.79790868403313,76.60422496117612,76.94538954867562,76.78542512590671,76.88975838623664,76.79479141581199,76.45434753879172,77.12828120295762,76.87666453765897,77.03896198390048,76.84274163661163,77.00296248462757,76.66770789379463,76.79179593950514,76.4232472038441,76.15650758108956,77.01331921659445,76.66367217699388,76.96348267459449,76.6877365093989
344,org.eclipse.collections.impl.jmh.AllSatisfyTest.short_circuit_middle_serial_eager_ec,2691.778342820582,2731.9916928979355,2736.3948408081656,2738.7322286725384,2739.4554811734624,2738.990906448228,2740.902390984052,2740.080042786355,2735.5054397650288,2732.79057532705,2734.8273667573008,2737.2237872051705,2736.5760277491727,2737.508102644052,2741.9674117173117,2743.0363342592836,2739.093165686543,2736.932278927074,2732.7319162662825,2736.7275396163386,2523.771515393397,2742.942787699334,2718.3719690872376,2718.0720257477615,2721.7617696358275,2722.662705653373,2725.6308759873577,2721.9837609727597,2722.619641868172,2718.9614016239425
345,org.eclipse.collections.impl.jmh.MinByIntTest.minByQuantity_parallel_lazy_ec,90.29568722862295,91.77332731517104,91.56406640987272,89.1953376407744,86.10630191744215,85.20409137127447,84.7961661279001,85.11870889218554,83.59433782788872,84.42165090769365,87.75363439180767,87.33257390382609,87.68492849816703,87.26181720897873,86.58735186941884,85.21537297694643,84.6974559443094,85.57884902585855,85.08898676483751,80.43467390315516,87.59593702371731,88.29541486246023,87.41185258412625,87.16347150621213,85.72525928795854,84.74500786450622,84.83457893367276,85.44712336024548,84.5953225399004,84.4551101555553
346,org.eclipse.collections.impl.jmh.MaxByDoubleTest.maxByMarketValue_serial_lazy_ec,25.238289690334746,29.231703772836035,29.809027807552305,28.992741493210726,29.299753014020666,28.801408785355893,29.67222100378192,27.86393569300592,28.164660066072038,27.85675571503778,28.278034491137962,27.85014646625769,28.521649946528004,28.46740905140864,29.36172472744157,28.4827644197263,29.258740232325554,29.450287732207087,28.716368656510593,28.905060970745833,28.77419944777013,29.032235288259283,29.32231500040525,28.877710145837625,28.49745409395482,29.505115942211916,28.595566892372133,28.362231961932213,28.954632683754454,28.788875571860984
347,org.eclipse.collections.impl.jmh.SumOfDoubleTest.serial_eager_directSumOfDouble_ec,126.86900648211714,126.42780671099703,126.30262096247405,126.05279317674761,125.45924693391714,126.4561928465305,125.9556672578396,126.77147742456425,127.47879186878956,126.89966500326986,126.64866053130626,126.40178459414054,126.20090708819826,125.8817881891652,125.70617300844216,126.27596656573932,125.67405127790941,126.54703740775564,126.66941398329574,126.9073549658205,126.8106189926265,126.37070371896563,126.1323288983624,125.98920436304574,120.87374894059029,113.17320792354697,117.46543383999446,118.58881037680712,119.72939349157063,119.27078936672447
348,org.eclipse.collections.impl.jmh.SummarizeIntTest.serial_lazy_mapToIntSum_jdk,79.62339218375219,79.4954123301882,80.49058722751572,80.33965160787444,81.0017515008727,81.39858072561101,82.46108596278704,82.61289513956766,80.94141856737045,80.4631927065333,80.35711894133365,72.00941764021944,62.87241558482276,72.32752736459238,75.1350197312718,73.35485985224919,74.36986583726774,72.72708318401035,71.48580084735993,73.7431917681926,69.73163001195643,70.14978287777677,70.31833957134421,69.90466988320556,73.64510585507671,72.51652457141425,77.41558095400201,73.71811982329882,70.94013518060406,71.2230568035602
349,org.eclipse.collections.impl.jmh.SumOfDoubleTest.parallel_lazy_collectDoubleSum_streams_ec,357.52398005960936,358.0845550446057,358.31717502531603,359.648928338953,361.090355619737,356.3511625738576,353.8512257291008,358.86981423297,361.1552657049003,358.6913435880031,356.1147652869577,360.20953778874326,357.69873432189587,356.8888707551239,360.9035045081926,358.4639569418926,357.38973451276615,358.1338279096986,360.6397878950287,359.03137607209123,358.92106894988507,362.16805470733044,362.72052818567926,361.7690614636931,362.050478525918,362.39189082434547,362.1958470697808,361.8763573431102,360.40845115727046,346.70730310727805
350,org.eclipse.collections.impl.jmh.IntListJMHTest.filterMapSumECBoxedEager,83.56859285030575,77.79124276593677,76.8449516316817,78.75945523460612,77.5396680813905,77.93607893233383,83.30427344744385,76.28127183059169,80.23114040829233,74.1109839791529,77.90954748282972,78.68562707807807,84.23117456337759,79.51839904271299,74.91506624228886,75.8135695685474,79.75413339927778,79.49495669536579,77.82845829507183,75.8338856459908,77.91828187727042,75.72647249791977,81.91678385212242,80.8138633709514,81.16249163460921,80.93488181746172,73.57596515332416,79.96350297800727,75.34874019295745,79.03403214908424
351,org.eclipse.collections.impl.jmh.MinByIntTest.minByQuantity_serial_lazy_collect_lambda_jdk,48.93099496648652,47.83363595349555,48.723782925643214,47.15071227049635,47.49262573590046,47.624674181372605,47.6672868660671,47.49277422670677,47.632445047542205,47.5460097312953,47.71395218467157,47.715945212659065,47.67470485729946,47.66094636645491,47.62676168972944,47.661956288153455,47.67759187062969,47.569721310270474,49.02560598183617,48.84972763739647,49.02540601061636,49.1055623639272,49.19745756867123,48.932905157763884,49.074575553529826,49.16545847714832,49.02613528853222,49.17058288806265,49.154614219875626,49.10119255542724
352,org.eclipse.collections.impl.jmh.SumByBigDecimalTest.sumByBigDecimalProduct_parallel_eager_ec,5.484644144514201,5.638632663155528,5.699301761443301,5.756668970277709,5.751179988529214,5.744758396746163,5.792257504646484,5.743309023211245,5.838227293041783,5.753991875018233,5.758698989196009,5.761182364230349,5.732733355397095,5.744064487279376,5.764887863020261,5.78917689951766,5.769718665517615,5.791014840894328,5.823399849853146,5.810475175779076,5.778738165964095,5.636771479498075,5.759150704956521,5.730992616632309,5.697057605906227,5.784406933930169,5.821898648124763,5.534277881514178,5.326812916588065,5.492308510746158
353,org.eclipse.collections.impl.jmh.IntListJMHTest.filterJDKIntStreamParallelToEC,330.07012775636525,327.82951979830784,326.4205193616391,326.29530524997654,326.96635875831373,325.7084062921829,320.988078982235,324.9715581642579,326.034331303417,323.6230115538409,326.6664735305253,326.20010254693767,325.31447976126515,324.75380706165083,322.74289881114936,324.439204563837,324.45217353635775,322.95268549385906,327.6146701086876,325.921392648914,327.51899381499953,326.3324308834498,327.15369722387726,319.1969709635862,318.2450006523723,322.3156899470949,327.429525104712,330.6962647403314,330.20124978080526,329.4259236082426
354,org.eclipse.collections.impl.jmh.NoneSatisfyTest.process_none_serial_eager_ec,1376.247697592322,1370.672449034182,1383.7776684420114,1379.647504201619,1385.8774135992576,1375.2790979507615,1380.1121159111256,1381.2171509807329,1390.745351744605,1381.5527582148995,1371.7668325608686,1379.4838867960136,1382.9515844038635,1377.3217007407843,1370.9638323902986,1377.4524805458652,1377.2752639833393,1365.9171568806285,1382.8914444045056,1379.035235223649,1378.2876706095003,1378.3816607437536,1376.8418931148879,1365.9016701046708,1370.531433119925,1366.3384230345819,1368.687773576404,1367.716326059961,1365.5007155873511,1382.0525214554436
355,org.eclipse.collections.impl.jmh.FunctionalInterfaceTest.serial_eager_scala,9.483396624372903,10.68849599061592,9.40936318843227,9.395385723318855,11.097681919252569,10.5299781461025,9.588930636663685,9.53271528355101,10.333355883220927,9.73389468963579,9.544665080608672,9.742213511274166,10.800964719486718,10.051469490710234,9.602371675184449,9.483622774937336,10.122344238155947,9.88294814114692,9.492035252203946,10.35871157840636,9.798620663312548,9.959498950555146,9.953425334967102,9.799343517087458,9.512536262382765,10.885817700190742,9.849636197016173,9.405952455803607,9.413128862557626,10.236902166588601
356,org.eclipse.collections.impl.jmh.FunctionalInterfaceTest.serial_eager_scala,9.440182672546593,8.998071947131601,9.135388124697585,9.628654299015196,8.639323658452344,8.529352043074836,9.952463640766368,9.91952700751834,9.972023036098452,9.44747633537317,8.881328446870237,9.483721660739377,8.441501435234391,9.424695574486885,8.847502413475777,10.183903927487078,10.254542390318692,9.33976617574091,8.863428827457577,9.507295505444208,9.372609296328442,10.537433053604273,9.9277419527543,10.567303315245677,9.409469362140145,8.998062123352742,8.604800692881497,8.995636363428973,9.180596069883036,9.5088660781419
357,org.eclipse.collections.impl.jmh.FunctionalInterfaceTest.serial_eager_scala,9.439554737260273,8.666420096101662,8.981050907633138,9.13997882877456,8.697231394501227,9.75739011530463,8.557663707907054,9.370424641266997,9.138791999289184,10.001996538537044,10.444767651343751,9.73206492450481,8.373838209034746,9.501396706265961,9.16541920804914,9.030930355779724,9.44983920644998,8.91269344133241,8.606987611199578,9.997311792840089,8.910365933313948,9.604179963473747,8.789394265299943,9.530136717721229,8.812660912578767,8.966662004467363,8.523739733187455,10.191722665689092,8.971399268844914,9.400831666947395
358,org.eclipse.collections.impl.jmh.FunctionalInterfaceTest.serial_eager_scala,9.32080938803032,8.892552374549705,9.426738205405917,9.844116621666682,8.893600710639964,9.108286393065924,9.577974620519688,9.26928221135842,9.662002052342746,9.955067414974883,9.640347479460969,8.737914248567831,8.538429460676726,9.90170506093731,9.419270521410755,8.307568210516466,8.975055323587274,9.987609192259118,8.964639936985035,9.401625196897061,8.697380793051378,9.361424804811156,9.223182397014073,8.851351004274727,9.60584360199055,9.539853385752016,9.631408804430478,8.818453572136491,9.440738496708668,8.614662007521801
359,org.eclipse.collections.impl.jmh.AggregateByTest.aggregateByCategory_serial_eager_ec,34.408784731240665,34.62307272921399,34.76861787711195,34.9840203384288,34.802324290312505,34.81371584700364,35.04369613416074,35.04621651256318,34.281251810576,34.266467958811006,27.861823944296297,34.72754429877384,34.26079851599496,32.63567846953104,32.08825327943139,33.265277461484764,33.59801788829448,34.55123581242628,34.871690676158565,34.85095867129998,34.328401055022866,35.27793486488794,34.95582667139362,34.79869821992722,34.665185627074095,34.84355378971241,35.080851850413616,34.231782920837375,32.4452250840026,30.969335301791084
360,org.eclipse.collections.impl.jmh.CountTest.serial_lazy_jdk,993.2464705853511,987.4239566121915,978.1876161629642,1138.1515694651484,1150.6759270839239,1149.6906918150369,1181.3117772090923,1150.6582475965145,1177.585781846064,1179.2506675690558,1173.5839550992457,1175.853646200072,1177.7542286030837,1180.188481156964,1181.9388919029552,1146.5684155964118,1144.4468522140257,1145.721850814834,1147.5955930509867,1148.682163091519,1144.897808025112,1143.022793237332,1145.6475621491609,1147.2408523721317,1146.504049864126,1149.5232478776984,1149.6367515748784,1144.1292821482775,1147.7855569288279,1145.922735013669
361,org.eclipse.collections.impl.jmh.CountTest.serial_lazy_jdk,303.1755187244616,302.06579597766137,302.96634952755795,301.4939797402595,301.1564724657259,301.2168821924825,300.3479197373728,300.0194826651653,300.8862818350981,301.38885031987604,301.03453408366823,301.81496660024135,299.71060932608486,299.14580142899734,299.30102167231814,288.4192246283272,291.2430694559913,292.25171403535643,292.68804196273055,292.87644040869105,293.27050340649004,294.6234488409991,294.2353256412513,292.52469884871783,293.80543381517543,292.8168515510435,292.5819837311136,293.2019772252851,293.9414586191014,295.02952339509466
362,org.eclipse.collections.impl.jmh.CountTest.serial_lazy_jdk,314.99787785929686,316.60513514113416,314.62664734504807,316.0829274251054,313.20798720426075,315.40999689849167,316.1486136802508,313.22590008826575,314.5746679954487,315.6110781493959,313.4982504391476,313.944062331997,315.1991574255718,314.9990921726164,314.5146595337724,312.4718656771261,313.52118542927343,313.9953616605176,312.89680100288683,313.6644192204798,311.5295669891289,313.06554318277546,313.8434966050784,314.29073945967986,313.2360517258065,313.8400545545968,313.5328479707718,310.6828983929263,313.03882617969066,305.21022824666164
363,org.eclipse.collections.impl.jmh.CountTest.serial_lazy_jdk,206.13208764731985,207.24375510300382,206.98514509010718,206.29940330668185,206.32777009474296,207.0560418579716,206.6550146649287,206.82729176559323,207.00054980241703,206.94049198518425,206.5142279398995,207.81887940421396,207.15694168071965,207.12636625654656,205.97056783570912,205.51364927730782,205.61145008005167,206.53173246177502,206.18200937203213,206.75441875543765,206.5949355077979,207.10005066473735,206.4689564757515,237.0990615021417,232.7293232297004,232.30270950123645,232.50280089787793,232.70824273879097,230.6741713489246,231.32149127162444
364,org.eclipse.collections.impl.jmh.list.ListIterationTest.serial_immutable_ec,54.910483666585606,54.94367822443834,55.08217946913289,55.3231793222694,55.129666575530436,55.27882564138691,55.08911335483714,55.38968482508715,55.35925564419369,55.29707688523048,55.148773008293375,55.16989685000637,55.55683270131682,55.56410305649618,55.612498229710184,55.68867125818038,54.9231949099292,54.97590070918922,55.28354701243635,55.04437217762746,55.15979654667582,55.028174808734,55.065098913742005,55.18489193989601,55.54713206442437,55.32571650231089,55.37605648566608,55.42194303770302,55.51513624055831,55.48840038869704
365,org.eclipse.collections.impl.jmh.MaxByIntTest.maxByQuantity_parallel_lazy_direct_methodref_jdk,59.27246563292793,58.997108680513925,59.01866299079548,55.555002706118906,57.03452458683227,57.183357438862636,58.39524627460227,57.81791052748326,58.25171460984686,59.210801548630485,58.91159219835023,58.37258304993139,58.53845966133844,58.73361422130181,58.878542575084616,58.64386035166161,54.637931040922844,45.650664000072446,44.71250476468871,46.139649006501344,45.24263236222882,45.446729066224414,45.8347830700847,45.490299031548716,45.74264647330888,45.213658741605094,45.297672051698235,45.58972972487504,44.37503251457243,41.98065875485978
366,org.eclipse.collections.impl.jmh.CountSetTest.serial_eager_ec,700.6776539459798,702.8071469076599,697.655720157561,704.0827906445446,704.0400779637804,666.1087617972169,557.7117578321996,559.129765400962,561.6401784799747,560.9372159802269,560.276327485748,559.3343350891417,562.3864223535517,563.3072492513287,562.6849830629722,561.2826745677929,559.2202013425816,561.2560612646105,565.4402407373614,561.4724292760037,564.9086932430024,558.864652481868,561.343725752754,562.0548777444386,560.2949461309967,563.1218441451226,562.5870633458524,564.5196987370388,562.2787116800504,560.7314399197762
367,org.eclipse.collections.impl.jmh.CountSetTest.serial_eager_ec,250.19582932224645,251.68783459900087,140.59391570416977,252.2215705844777,141.75829360390773,231.13122487645927,249.3580914292867,250.87110994984107,249.67900168955182,250.87606797504853,248.11401116621064,249.43148777126413,251.97360551284893,250.9080888543394,250.4338247186203,249.11045570858795,249.01376802302886,251.5726653373068,248.83618889732318,251.20504856116565,255.61822906253053,315.02617125277465,316.44485383113727,316.0613587643122,315.64966012657584,310.96718860806124,313.9613005021775,317.0444970017371,315.5015315582544,311.0917796817984
368,org.eclipse.collections.impl.jmh.CountSetTest.serial_eager_ec,243.27284336136796,242.29814779707803,242.0044459821896,242.28865166399248,241.62527954285073,242.7883955887291,241.7212663733196,243.45943484384446,241.93106658119902,242.76692093581104,243.05878184682297,242.1116227280634,242.52563852551825,243.06780555449404,243.01551450285615,242.28784358364246,243.3333750789689,242.82417198835992,242.09163876271614,244.0485255728638,271.1378140168264,309.9463994194164,309.20223535182686,307.35378068491167,306.92161927763374,308.31192824556916,309.08822712964303,310.74393270523,309.1773730003674,305.6119516692636
369,org.eclipse.collections.impl.jmh.CountSetTest.serial_eager_ec,148.75552238154324,149.8916761336001,150.87439751669055,150.3088471534597,150.70893297427705,149.6888591324291,150.36684491291876,150.39837956044826,147.91473083469504,148.1226111177953,150.37220895960363,149.43466996419173,145.92057178476327,150.08507224440868,150.5151713670847,149.54934560915186,150.58236282834284,150.49442556538386,152.0518212641932,150.54060952327572,149.5681866241476,148.08995082207048,150.19921827493903,150.51513055841912,149.01157404287363,150.2044796747272,147.22003429433005,148.13017443118397,151.18539194226022,150.36240640947182
370,org.eclipse.collections.impl.jmh.MinTest.serial_lazy_intstream_streams_ec,416.3279068721317,414.77776912252625,416.63954929360324,416.4270609103818,419.379881422056,389.72453879873166,391.62713141655115,394.1362150125407,390.03430081344976,387.46890257474325,389.9887560356894,389.48806195471155,385.0957086296032,377.24042226013455,390.91801901855956,387.6524722721753,388.7899853696529,383.32408578949963,382.74302135979974,388.90172375660325,385.14248680056085,385.34493749764016,389.3235903620757,412.60297567487765,410.0319637374515,408.2339176195752,406.8442014541184,410.97435232359453,413.64247805151564,435.0345113775883
371,org.eclipse.collections.impl.jmh.AnySatisfyTest.process_all_serial_lazy_scala,1276.1537683984834,1252.2291815616854,1279.9316695678885,1275.533460881348,1382.1586013173426,1285.5770194490608,1285.234027509519,1288.9549922695799,1284.055329482487,1289.9589605501903,1287.59352732492,1276.9227998013696,1281.2130072230352,1275.5933854744792,1280.714432699369,1277.7566282505304,1279.809717891144,1285.4487057572157,1402.8531984270505,1402.6135196629516,1286.6226039979276,1290.4057913603829,1287.6842430837007,1382.2457085168624,1386.3698921112957,1387.732772626372,1389.1197925781516,1395.5600594601756,1395.6199782623992,1394.5959130450033
372,org.eclipse.collections.impl.jmh.CollectorJoiningTest.serial_lazy_mapToStringJoining_ec,1871664.1384853038,1872047.7680163467,1889711.489371798,1899004.8434947124,1887691.6990191413,1899091.051541624,1903152.0904126144,1885236.0703593262,1897522.1314076404,1892465.8554582174,1888345.1843442942,1900893.6006496062,1886201.0401875398,1889365.7183692981,1895326.6914280304,1895535.7175364832,1901611.8106785933,1861953.7989479569,1882396.8391925883,1893085.5493618762,1897641.7544803328,1886048.8529732272,1886395.9734139983,1891629.1724573625,1885782.096804545,1887147.633737935,1898122.5130815322,1863120.6311653089,1869704.4847897203,1899861.826158124
373,org.eclipse.collections.impl.jmh.set.sorted.SortedSetIterationTest.serial_immutable_scala,37.29196651942948,36.902422871759455,38.65574323819764,38.59908141569542,38.66374446879074,38.40425253478825,38.3905253034049,38.39288184157463,38.468475116698926,38.554400499328125,38.81511421772334,38.22056979301889,38.79874308228608,38.65504316787079,39.45159808985067,39.73086344884444,39.955525464649774,39.47464267822369,39.89302111927363,39.700248514027635,39.776845650933495,39.415215019324556,39.92847356987198,39.49141736383202,39.85951926972386,39.50474165587291,39.61286046449028,39.50151177815787,39.8387788759325,39.489013702757845
374,org.eclipse.collections.impl.jmh.AggregateByTest.aggregateByProduct_serial_lazy_ec,19.978442713533664,19.30575512851695,20.054063136633385,20.84694213029373,20.731832419776328,20.71104218016028,20.964128355441865,21.009957656825478,20.815228247803393,20.892803479691405,20.94229335881815,20.860727771422315,20.843031682821316,20.686316629172648,20.816177593835302,20.651168494070152,20.541334117787713,20.543782352727224,20.955986912914923,21.031009045100493,20.966777502608743,20.915197311048534,20.956508003323936,20.747597947884962,20.78572715452914,20.83696892860268,20.84186768736629,20.907908510793416,20.86366623528533,20.846418108819787
375,org.eclipse.collections.impl.jmh.NoneSatisfyTest.short_circuit_middle_serial_eager_ec,2738.8455154187027,2761.440971128364,2724.8944348646987,2741.947063969983,2719.7461915661956,2713.15235422834,2758.540876732099,2741.4390604466466,2733.785173693481,2735.47201560438,2727.008101941071,2730.1885031350103,2723.9843561578427,2752.2889241381376,2725.0347300228273,2726.66768192293,2737.181024488749,2737.940635971131,2747.922961979761,2753.5300908152917,2535.961300682776,2744.7520298708187,2743.241024762438,2744.805887327648,2737.7759431545883,2738.187738512872,2738.9145157390494,2749.042906966725,2750.118815179597,2761.138334321147
376,org.eclipse.collections.impl.jmh.ListEqualTest.ec,189.16408089987814,187.56464276984372,187.9514726213324,182.91094157710083,179.23915827216084,178.15348554179263,179.368208310608,178.34780650525977,179.04437624513739,179.5676116061738,179.64550211740718,180.83910437457317,179.89466645584477,179.11156276634605,180.10601838280834,179.72915983851874,180.73959599302074,181.64303275067894,181.49981156629727,181.57952555323217,180.20234782253962,180.43302098775766,179.495386415125,180.96914874146086,178.32772622810265,178.490524500449,181.4317935418717,180.54712804177186,180.37179300259987,178.64272954689548
377,org.eclipse.collections.impl.jmh.IntListJMHTest.mapECPrimitiveEager,372.11803931384185,372.16732547966086,373.98383431240404,382.7676206292131,374.71624050613315,374.63440365133675,374.3766621088355,376.2808907185904,377.0042988473701,373.42972538376387,373.3280405133034,369.9493346987143,430.20838216015477,482.7745814441084,475.89740614892355,485.56234420779646,471.3483797189737,477.90686455442193,479.2364258933142,479.6292672005125,480.89234263125513,476.72911584217087,480.1486393247891,486.82211373917335,481.7720505178416,483.263810409137,485.5279051953577,480.36078678319234,480.0341889730512,474.4467372218973
378,org.eclipse.collections.impl.jmh.SumOfIntTest.parallel_lazy_mapToLongSum_jdk,101.50619590635304,104.68547291536767,104.51231106749641,103.99566338083702,103.15688495623014,103.97302492649399,103.88116711262369,104.43309580048901,104.3238992386725,104.68642249941809,104.4164501864215,104.00876382202426,104.07294247740685,103.97613550135587,104.79866886687047,103.68305582869174,103.61747474677249,104.5234656046334,104.2637063876832,103.73826141598396,104.02043746003015,104.27836907629693,103.53320862260598,102.87633071682401,103.50497256399663,102.99729333412847,103.0585543348719,103.06387913400009,104.90655930799812,107.63652308628212
379,org.eclipse.collections.impl.jmh.AnySatisfyTest.short_circuit_middle_serial_eager_ec,2666.1012919138125,2711.136351248492,2730.9185803934442,2700.1549082169813,2725.9938384002403,2732.165430015582,2706.886835888939,2732.7256644032764,2734.9855336958703,2721.477536185558,2709.7383368272426,2708.3318301625122,2709.3961460433466,2707.946014388257,2708.593659487797,2709.188762727043,2710.2748659596127,2713.399134042161,2710.2547341532027,2710.7266150886885,2569.9426131814475,2653.474635903363,2713.4618933719253,2710.3030780871068,2715.570022073845,2714.403900617001,2714.102698649108,2714.603285161303,2715.7824006509304,2715.27683489001
380,org.eclipse.collections.impl.jmh.SumOfIntTest.serial_lazy_collectIntSum_ec,75.7404522395632,75.36565302626754,75.99451919928083,75.46504774650732,75.46485142030242,74.60905118311726,74.99732882013942,75.13950784138454,75.5065495970732,75.16492192663075,75.17581454298269,75.1246236945819,75.54773792423312,75.5252901691089,75.2224885484327,75.91809265309941,75.48770098107481,75.40761504455384,75.22782258574004,75.14480143690703,74.92295178376594,75.22079321894209,74.95242297513504,75.37918756430663,76.0472518157222,74.92467784673728,75.06703498570775,75.2453941903138,75.2393939812916,75.48087642287696
381,org.eclipse.collections.impl.jmh.GroupBySetTest.groupBy_unordered_lists_100_keys_serial_lazy_ec,93.39789895643577,93.14133349275959,94.0359546769663,92.74134124605914,93.54084289297279,94.14119366584158,93.94191890556593,93.86603655155247,93.48689874551253,93.67684700897755,93.58147715062438,93.49535852189202,93.72057258145126,93.92225528965047,94.09943071419345,94.28879480130968,93.94618565198864,93.82514230441866,93.88819558948715,93.72498353062595,93.9748340795415,93.40770139184352,93.46685264144182,94.48955523347614,93.44631181975925,94.0737744522199,93.63793590514965,93.70899141261769,93.83296222014123,93.99064971617558
382,org.eclipse.collections.impl.jmh.GroupBySetTest.groupBy_10000_keys_serial_lazy_scala,17.05883151249893,17.786560263009946,17.386722786783494,17.61270500068257,17.85895586007258,17.831282637288748,17.720133247998948,17.537735304440066,17.633763346302374,17.552890782511216,16.9269032671767,17.821316935976583,17.600142486060196,17.789541206338775,17.822170278032768,17.577348403909678,17.494327070824927,17.55718635784498,17.764132835925903,17.80900899272241,17.828641898231194,17.67192616897018,17.908729360698068,16.943146374354097,17.51062749896901,17.657538780531407,17.648429345184738,17.35236140714012,17.615108505183283,17.76469469860681
383,org.eclipse.collections.impl.jmh.MaxTest.parallel_lazy_reverse_streams_ec,318.8817882889088,321.82695939895444,322.3667990740887,319.9296376455595,321.22527178054713,323.4193842611796,320.0612047956846,321.87231389682177,320.8520438927395,322.85490416324546,320.479752398741,320.84443921533534,321.60175379463925,319.50258240458345,319.7801310137798,322.44937866954695,321.25313785498923,319.6712108500249,317.16553494024794,323.20948615851637,322.6571087413124,321.3504158424078,321.3384031099434,320.46926188225746,320.2973997876919,323.1327427392312,322.48754375138833,323.7500186893192,318.87615828862226,323.31336663389385
384,org.eclipse.collections.impl.jmh.MinByDoubleTest.minByMarketValue_parallel_lazy_direct_lambda_jdk,68.51865943230905,69.04929090240071,67.7914733601527,64.85212683931819,68.04559359299417,68.40177130966751,69.3851554486239,68.70678205870475,68.99469458396527,69.71304868269934,68.46774061678366,68.15482678266558,69.14095065310592,69.08817004823683,69.35283602189394,69.13653453114736,69.2077552260825,69.12360380861656,66.78773375524892,67.23549477255894,66.13820588355786,64.95016419366534,68.3304983240648,68.90727499431118,68.95490108127132,68.47189279261671,67.54986257675824,69.2042064357207,68.96423245944146,68.8495770310052
385,org.eclipse.collections.impl.jmh.FunctionalInterfaceSetTest.serial_lazy_jdk,11.261167893751557,12.631290373010836,11.080115861743002,12.339359947603965,11.576064565596285,11.717321779767635,11.818644193089263,10.832106753980748,12.70972148891067,10.496569485873437,12.013870779005517,11.940487844392326,11.018087378548977,12.423296168415309,11.240708644510455,11.468424849339135,12.511053058242327,10.786515136904475,12.425828817932109,11.433310851696614,10.684808440476472,11.73804436457253,11.755193282079931,10.6316294346875,11.671214170473968,11.481354803158094,11.52848730186456,11.41996913561105,11.828012272730977,11.418911964312885
386,org.eclipse.collections.impl.jmh.FunctionalInterfaceSetTest.serial_lazy_jdk,10.604024915174525,9.71466126088512,8.799853612675182,10.907763017853412,8.505632296924652,10.21431759171173,9.407409531252057,9.796218301016104,9.72416117674237,9.559889438807932,9.498139102266457,9.375116400859289,9.684788305772374,9.622347132968123,9.797577800294723,8.373062857601594,9.415350127602347,9.910544197238318,8.766033069614306,10.050752903179164,9.330754532986223,10.436434400080952,8.953455354896109,9.205372449410728,9.722100598743731,9.150001677112126,10.47971344645011,9.448093822647959,8.994010384820166,9.564960543834733
387,org.eclipse.collections.impl.jmh.FunctionalInterfaceSetTest.serial_lazy_jdk,10.210551902162328,10.248720973132231,10.221848228956256,9.408436527911224,9.701554992883691,9.176225969482955,10.026339805363934,10.177884965258308,9.593225011933121,9.7288314619879,10.399210547901864,9.762349874620236,10.446209000764023,9.921078790487394,9.70727020021967,9.76022571747856,9.805091354477378,9.635080870047187,10.736440055069778,9.905772007465707,8.967842362936928,10.514681450408197,8.911905719281087,10.344758555211484,9.676458641405203,10.852448043581884,8.914988178471598,10.016327560922546,9.390967632476789,9.22901351356458
388,org.eclipse.collections.impl.jmh.FunctionalInterfaceSetTest.serial_lazy_jdk,10.795249916920001,9.2761489018516,9.921247114731438,9.513692136426023,9.981899063803276,9.580624139608457,9.268336290223019,10.5525967337428,9.77099397034698,9.556897578438122,10.466786975214784,9.52945557194948,10.881285232519637,8.931968483029168,9.906961499990416,9.85891288001164,10.369929678386445,9.625398982292898,9.161304966365135,10.701763657071744,9.519998967422833,9.804459516251791,9.798889227670141,9.989852707214121,10.17469508397462,9.706337543344972,10.75804095467853,9.614657016969995,9.628196736429322,9.704579447501724
389,org.eclipse.collections.impl.jmh.SumOfIntTest.serial_lazy_mapToLongSum_streams_ec,71.74796890069939,71.59643196237907,72.33234575801791,70.75975915458919,69.81986983268217,70.53301256177555,71.13529394948532,71.52378839430115,71.49229326135915,71.25757897094468,71.46769708580568,71.45489646156722,71.55619168347405,71.34204251952639,71.44451751884515,71.88922933719732,71.65431707497476,71.5636745586875,71.92578460189686,71.66835133578115,71.39928504266423,72.09734057502725,72.18104005492522,72.45214995269029,72.5502287744253,71.82028854483215,72.14830341920377,72.50280210170368,71.710654536589,71.76304288171325
390,org.eclipse.collections.impl.jmh.IntIntMapSmallStressTest.kolobokeGet,14626.281981191261,14678.806290114875,14582.648645663532,14619.139738022395,14642.671104383922,17619.016614732667,14808.983022708882,14852.222010906624,14868.658229021949,14903.863689262698,14833.288387822882,14830.209757442864,14760.884230384981,14853.863804922772,14836.727508662576,14842.278516841296,14955.977044068335,14956.150223340377,14896.483300580236,14873.81564268182,14909.798524079553,14927.60895635578,14846.18132217717,14900.371189435435,14907.163096956574,14996.843713356013,14933.469438850274,14862.5215457064,14905.364643926689,14843.757829813529
391,org.eclipse.collections.impl.jmh.IntIntMapSmallStressTest.kolobokeGet,141.675389522291,142.99855324689412,143.18567229672897,143.1079545966242,140.9088155100336,142.79957836417304,141.25452978408262,142.125416892485,142.84961050135715,142.39034959542218,141.70151454510463,142.59634639062915,143.27138007240345,143.04782631918897,141.5261987334065,140.34448543328455,141.9177342631442,143.11927788317578,142.73740784637133,143.87740249696455,141.55947653506726,143.25149589255435,142.54830305819868,143.18678568531277,141.7444947755854,141.98349839186412,140.35000935248667,142.8779844872956,142.83025766518554,142.40018918552238
392,org.eclipse.collections.impl.jmh.AnagramListTest.parallel_lazy_streams_ec,3.020526889081503,3.273055903905304,3.6211876340280758,3.8219891214838295,2.814277648150534,3.5352957622822445,2.959558076893841,3.4736290661164233,3.241005557528054,3.303794803300259,3.1114302287296605,3.8859696934039665,2.807960309144075,3.093280144834924,3.554391553931097,3.2901203362582274,3.099695103838085,3.576989643771706,3.3858866248645385,2.9797016851197324,3.556690816487646,3.6709476070720615,3.2198590421860995,2.9145056691973346,3.248035229385375,3.2989181368689153,3.4225191600986364,3.335994917958686,2.9367897919947414,3.6088041797812376
393,org.eclipse.collections.impl.jmh.GroupBySetTest.groupBy_100_keys_parallel_lazy_scala,18.133867844931338,17.768138882699134,18.024085528573668,18.56363905353431,18.19569496752279,18.16122120195944,18.143810579503732,18.022255239078135,18.449569814779235,17.952064934773116,18.442449364646407,18.216921789159287,18.31688711776202,18.322304742732634,18.268084130773182,18.52124303669376,18.458293765511446,18.36191555712803,18.357859301312125,18.553294879540008,18.270305537521615,18.407283751329793,18.45889352180993,18.44093275142433,18.608648236656883,18.506893393591636,18.695727649463986,18.470379560719973,18.493034378145037,18.682929646913102
394,org.eclipse.collections.impl.jmh.FunctionalInterfaceTest.serial_lazy_scala,17.925747776979193,18.659520219698685,18.575573392192638,20.007416709359326,18.32971479198211,15.953465766449419,19.50457902928854,19.662088448992566,17.887014566930837,17.641803000221472,18.967317530863205,18.877183796326968,20.86261834386072,18.71425405722541,16.212854067226953,18.364927005461805,19.80556074926128,20.402816042139268,15.69672813062624,19.21915260205796,18.100953995610016,19.545455412308186,19.309424146252805,19.856456760680032,16.86671438220479,19.20830926872329,18.88200090059194,17.67737243932035,19.870644587565522,18.310786377045936
395,org.eclipse.collections.impl.jmh.FunctionalInterfaceTest.serial_lazy_scala,15.584517814804522,14.34533611853716,16.600084312566004,15.345351260576317,16.497471238010235,15.685078691706488,14.58257144258403,17.720832787347092,14.065022561796459,16.002362882546404,16.66224715262926,15.081568082849314,16.915362781332842,17.119312219077436,13.751800464298503,15.752550267233444,15.573348722916542,14.977949657227974,16.563519099843848,14.798190034856656,17.662362516059787,15.187239477703152,15.149342611565444,16.29629433079988,16.70473270734103,16.097852093139505,13.597093244485265,16.334341164745446,14.942595409449963,16.683591204912794
396,org.eclipse.collections.impl.jmh.FunctionalInterfaceTest.serial_lazy_scala,15.940067132867936,14.954777783861271,15.519424833318181,15.579483170626501,15.533244623426341,14.90011346863543,14.215840693054545,17.50464239162148,14.68223669964268,15.317033774386875,16.2073855873936,14.247734506917325,15.787727590866025,16.739988588034674,13.581406007777321,18.060009363772664,13.588043169578086,15.747261988126786,16.32944697001165,16.568588048794993,13.871912571644799,15.799842632382394,16.68433891473149,13.684608086816905,15.0448776287642,15.826131774062645,15.51920888722085,15.746470720143826,16.25446759898347,14.182845689448328
397,org.eclipse.collections.impl.jmh.FunctionalInterfaceTest.serial_lazy_scala,16.546355181971602,13.682599367622291,17.035721615029303,14.838600248326943,14.700272469550223,16.445226038959586,13.643312472192067,15.830534226092881,13.693721113828138,15.639970571205774,15.786864245376952,15.924222421911086,16.437989631584042,13.745397049895704,16.58135677277568,16.730014653928087,12.530110300835679,15.288420696932981,16.43993367736196,14.399974586924849,14.975302461624844,16.70453629262094,15.488287397935018,15.77284281431242,13.740899280946495,14.507455520663642,16.806670167192884,12.43503015986954,15.484726164192619,16.56273729257131
398,org.eclipse.collections.impl.jmh.MaxTest.serial_lazy_reverse_jdk,160.02675822333578,159.93952014997146,157.9189136912248,159.5606467275833,159.9338539169616,159.98795690654387,159.96313329666913,160.1402970641899,159.80426039576477,159.5726940059731,159.66033509060088,159.66191429985093,160.15492444366654,159.36683397494917,159.96035270685914,160.07991491615311,160.09781598686175,160.1007784480709,160.00532609033283,159.0978623002672,160.04674716965033,159.9792111814446,160.05176308628248,159.97066122076146,159.6585073765234,159.32565416873084,160.1317136456745,160.0615738780792,160.0601861294372,159.5360716562009
399,org.eclipse.collections.impl.jmh.GroupBySetTest.groupBy_10000_keys_serial_eager_ec,14.442148251990831,14.584888803621524,14.113661135100399,14.74613695032505,14.379659215094987,14.525222660357919,14.132756937949395,14.112899174038624,14.279041716718238,14.275066730964486,14.563239109506394,14.508235087506725,14.363428532311895,14.319322663351782,14.891759602729788,14.762431075378002,14.732648151458246,15.143075023854294,14.991145674692136,15.121241423829625,15.152958542563294,15.169877627574268,15.136619427945261,15.334389258738756,15.130467668022325,15.252084886126648,15.159926154180512,15.243893187538147,15.219621762663861,15.280839296583771
400,org.eclipse.collections.impl.jmh.MinByDoubleTest.minByMarketValue_serial_lazy_ec,26.922008073335885,28.322157588996838,28.489688987201674,28.611912284941976,28.421174641463697,28.62702301162416,28.872025842589704,28.422996570587085,28.637296695597534,28.657685352688716,28.537190886882687,28.767726014336304,28.28790268524477,28.250820062369353,28.776239301237336,28.52448491326124,28.633084742899204,28.130056893040067,27.984906535589378,28.219556584959136,28.275398713517916,27.89972395604586,26.95370173434572,17.588077979968205,23.584243419642814,25.69549032433594,27.433387925285423,27.101107302172004,26.460416176834546,26.76512226805981
401,org.eclipse.collections.impl.jmh.CountTest.parallel_eager_ec,2120.742310738555,2157.880625320183,2111.1439413587877,2085.123841387468,2124.52072724462,2154.012546798234,2147.9144268653467,2187.4682188173683,2184.653057432602,2174.5920313127817,2147.0703226945484,2143.5509860878424,2164.91648744195,2173.5808060578815,2159.4635114790935,2129.7101878783355,2156.9666792287153,2135.8233471523504,2123.809311795054,2126.387681425273,2139.142774851446,2140.4414418450033,2135.664496377822,2142.8736755958753,2134.411519265612,2143.3299280367232,2150.933782124201,2138.550429651578,2155.093838895342,2148.138210760872
402,org.eclipse.collections.impl.jmh.CountTest.parallel_eager_ec,813.723322678163,805.6003255664799,810.889762173223,807.6101739603096,801.9551342594835,806.835407190604,803.5786435382607,803.8007120818521,790.9296096375311,797.0263372305637,802.2303256287914,805.4822295789688,804.3638266485738,803.9082724682812,800.7376355161335,792.2360942684626,793.9034930913798,795.8794606145348,793.4570587580324,801.1461384456446,799.9507078563078,796.7959862857991,799.5839436911558,799.8033875324564,801.7419082011346,799.8365465616597,798.3646864601478,796.214086231085,789.5743041722028,804.485241175273
403,org.eclipse.collections.impl.jmh.CountTest.parallel_eager_ec,803.5070725162235,801.5944338192919,806.258559790865,768.1219260289915,799.4179494797257,808.2015025728685,811.1221022706599,811.18916613472,803.5807750999958,794.7123411038193,803.1767213756327,808.166117228755,804.9565630277078,814.4357401502727,808.9551704898539,807.197035905351,808.0246496059536,794.022545542077,782.5763183797719,815.3645279686036,811.8572613813128,813.6145389232382,805.1797358075181,809.5988105957986,810.0744114077487,804.7426449116425,813.0887624988466,808.3609712515623,806.5633888134515,803.7227815456348
404,org.eclipse.collections.impl.jmh.CountTest.parallel_eager_ec,793.1803142774759,790.8204541241125,797.8210120472313,791.9745853617808,773.9380022732806,786.4874281646412,795.940309252448,793.8863830211944,788.4815513025352,791.7786091995245,788.11670559234,792.4174377776562,783.5387206579796,796.3323016440374,792.6343649011803,793.7444674623564,796.5527806907437,800.729763140971,798.0625255280125,794.8033132032948,797.1347493261228,797.6209667890265,802.0436976339128,805.4720059117612,797.2934125854028,794.3035637807446,796.6632265542387,800.5488443093716,806.4068724236018,792.3393865893681
405,org.eclipse.collections.impl.jmh.SumByBigDecimalTest.sumByBigDecimalCategory_serial_eager_ec,2.8131733963488177,2.829122084205639,2.7877652436083777,2.7298832476161974,2.7805469270369945,2.816615671386148,2.7210742216177395,2.741197675042227,2.768644207676493,2.582870518092229,2.860664975972345,2.9765190774002503,3.0232069703537574,3.0380215521411,3.0259657714341386,3.0166618135616963,3.016732421767348,3.0429873079433776,3.0122522184205893,3.0201060289613326,2.9677947467850663,2.9307998730709652,3.0146016261793673,3.000332585366922,2.973153541426649,3.0227857240256695,3.027326388697053,3.0087873469828916,3.0094269773415503,2.8191694421789206
406,org.eclipse.collections.impl.jmh.GroupBySetTest.groupBy_100_keys_parallel_lazy_streams_ec,10.462191476119907,11.321653282423583,11.247163844870103,10.731601707642513,10.763338574472558,10.711896985603145,10.412908651878487,10.583014599070449,10.72215536205637,10.621928812317845,10.722333267525176,10.875720197977538,10.549949574501927,10.252050310337578,10.278869322318771,10.370820891400585,10.226544084950213,10.537451273879334,10.592782244196592,10.601174149619322,11.425918754627872,11.80048917669163,11.892881765369856,11.930409385187778,11.86014101861853,11.816410044175413,11.669749054212302,11.885946051247933,11.713972941167636,11.819529308993204
407,org.eclipse.collections.impl.jmh.CollectIfTest.parallel_lazy_streams_ec,17.085612812502415,16.247462711401674,17.80200647562227,17.16378201625339,16.224491744788864,15.810655679749031,17.974328950155115,15.771382704642779,16.846778933079555,17.884824144139085,15.146303245458792,16.699925232671962,17.829321139889384,15.702579714501683,17.1607621918206,18.798321623712035,15.483278557525901,16.836316055746018,17.830819757551698,17.094758682028008,17.093845051690543,17.814824879183796,17.48264610897892,16.283231446497435,16.664497473718658,17.703352464382494,16.929359312361857,16.642495139358605,16.912938930193526,17.63217551973101
408,org.eclipse.collections.impl.jmh.IntListJMHTest.mapECParallelEager,467.55184454372716,471.3918437120636,472.36785183281336,471.7183110519638,456.2854433072176,467.38034433519834,469.7890980500015,472.9620901966224,468.93260025576814,465.0892089549568,472.4885382446782,474.71220952067574,475.22472076666486,475.4680658221489,473.53857018908565,472.1086663915913,473.8301034780969,475.33212073207307,473.11731464245605,474.90957769131717,470.42493797264916,465.14127896270173,465.6987543781529,463.6521727765048,467.8297689106674,468.8180325000474,472.3774400727823,470.7866741313726,472.6332776956034,472.7872419588206
409,org.eclipse.collections.impl.jmh.GroupByListTest.groupBy_100_keys_serial_lazy_streams_ec,69.59508895215762,67.8146191766194,69.82244835642953,69.00715224629457,69.58013440404915,69.07397795014161,69.38232406813044,69.12148752853788,69.22082779633459,68.99537503302541,69.3766286522848,69.47466323494385,70.093513464225,69.18743816465376,68.91599574289714,69.44641443529203,69.04442195505422,67.83669157677866,69.07887458564629,69.25716516846582,69.25175706398937,68.83020984484537,69.16415102734211,69.19448472271876,69.29682440303193,68.97733184148227,69.56995997115446,69.05769865529004,69.56655106418542,68.2242863843711
410,org.eclipse.collections.impl.jmh.AggregateByTest.aggregateByAccount_parallel_lazy_ec,12.711312528449175,12.080684743036858,11.1508138880727,13.611885834211035,11.887728276108277,12.307996132154779,13.371069962388425,12.522602632488377,11.674987660334065,12.021546915786885,11.913644850736446,11.213293356827982,12.326570697246554,11.78800131900269,12.139787983337389,11.493836152943574,11.920475267123745,12.25900251700205,11.663612982574632,12.379696188617233,11.831679090243579,12.037868449698086,12.205378723864735,12.335000899021122,12.055982896948647,11.898680899741839,12.054454842523434,12.235848375667269,11.140621469562376,12.192192021269621
411,org.eclipse.collections.impl.jmh.MaxByIntTest.maxByQuantity_parallel_lazy_ec,90.72615507675329,91.60234542468628,89.46257851960289,86.36867821419534,84.8284928201029,84.89945781708012,84.43410078808614,84.43659429149218,81.06587700751773,84.53252759898267,84.9455040613245,84.66487154694495,85.18329198468656,84.40793489006259,85.03812038431005,84.82136357884069,84.336845886896,84.58453455355209,85.13161496158436,84.9613619515026,85.00615529570496,84.83821081714895,84.78619177746425,84.98951101949753,84.89342776205748,85.17710593860062,85.11390543075717,84.99318456651598,85.24893598795678,84.43234228113458
412,org.eclipse.collections.impl.jmh.PartitionTest.serial_lazy_streams_ec,69.60641421993334,71.3436113793631,75.06605865016057,74.47764892389807,69.39167654909055,69.98633530800379,72.70616936063027,75.53503194969352,73.15833515522303,71.47795610154522,71.36545838010625,71.69797939232122,72.4454837157998,72.42473783465847,74.56477198760827,72.5722928696593,69.30427620205458,73.10158943393024,74.65481233117582,74.48965195267307,70.38578638867311,70.5211331563727,72.72425935275642,73.19152088409626,72.53562504255133,68.35090982262584,71.51110791198496,74.78884692832378,73.96706638559301,68.33343975358764
413,org.eclipse.collections.impl.jmh.GroupBySetTest.groupBy_unordered_lists_10000_keys_serial_eager_guava,33.428908713619165,33.80969862886845,33.90460228151448,33.73594129808095,32.9644967096118,33.65228880281812,34.37019379791876,33.92855650285771,33.668200890272395,33.73599505730365,33.74957072655384,34.48789116641601,33.79503880103329,33.9204976647947,34.2357068454917,33.707217591178235,33.745271255288834,33.9028752126053,33.75437558591205,33.87623780621956,34.051360723945,34.405056444694765,33.48330914551604,34.234863367921804,33.93957533765186,33.74825355269354,34.07741810661901,34.31690609544269,33.67490185764318,34.168146507803044
414,org.eclipse.collections.impl.jmh.SumOfIntTest.parallel_lazy_mapToLongSum_streams_ec,98.18885635904199,100.29102419611816,98.50745876587229,98.43413650275927,98.06068377053131,98.21575563778725,98.81540452385546,98.37083939193371,97.87490911278513,98.07929007998598,97.73479156089036,97.53997708308191,98.57777227724873,97.42085484024622,97.09198093918367,98.0676793009097,99.0986578690208,98.86283118306974,98.18356292807445,97.7860195471539,98.25238726877126,98.22703827340347,96.7331528917643,97.911580555533,97.66366460221525,98.80387864825387,98.10640098602363,98.48808885451325,98.28527000792869,96.85566172182001
415,org.eclipse.collections.impl.jmh.MaxByDoubleTest.maxByMarketValue_parallel_lazy_ec,64.85700657960064,64.54490766863867,64.99576678631783,64.57280722896273,65.60847714806789,65.63323133017612,65.84021127198044,66.06893300942214,65.61108726214363,65.86495385772277,66.02855215324618,65.8575271844231,65.96799378071346,65.88809960491699,65.90577517229393,65.82714581434902,66.14759033396557,65.62020403926358,65.97706986729882,65.5550283971123,66.11507439020978,66.01035786259348,65.82902510374612,65.9461411270801,65.94095778521827,65.87914694482072,66.08399481291535,65.92384615731983,65.89385435755729,65.92998538829696
416,org.eclipse.collections.impl.jmh.AnySatisfyTest.process_all_parallel_lazy_streams_ec,1747.4252421316337,1780.4229992305466,1776.7566558970664,1782.2767592202156,1784.203173588958,1773.7596945840971,1790.3241275773019,1776.3354378550782,1782.486786362506,1781.5674095777451,1776.5129778496873,1776.6163272678123,1775.7165228385775,1777.3022338184471,1771.8961193490222,1780.0952091214795,1781.169250193525,1784.3075842943033,1782.4629287426574,1782.7259361936513,1781.5463401375794,1775.1274911106968,1777.5470756724774,1777.1604161046198,1790.126044354012,1783.002704182456,1784.910370725734,1780.4038744923193,1783.5659986685425,1778.0631545264484
417,org.eclipse.collections.impl.jmh.GroupByListTest.groupBy_100_keys_serial_lazy_scala,38.4880524025847,41.50284337412793,38.675234618154114,41.05959320827833,38.967679816683244,39.96127460091601,39.939334746576705,38.188178665990684,41.56115501608438,39.57792415659834,40.725151976632205,38.89012226751098,40.45119000815353,39.96233721555484,38.019119491542355,42.503562008542985,38.04165972004013,41.06166659665001,39.51037483128119,39.93816154301356,40.32698964475298,37.88981533859293,42.412213501540144,37.959624131913216,40.859718290459845,38.83187982271598,39.69608057483442,39.788157979454205,39.291746737066255,41.68473067026561
418,org.eclipse.collections.impl.jmh.IntListJMHTest.filterECBoxedLazy,82.89034527403078,86.33322836172023,81.58814102440527,75.27589705791287,77.94174260037683,86.76093053787591,82.64044339006257,76.96562211287821,77.33314636071084,80.59941133433838,82.02905926665353,79.36481072149387,75.34914484317969,76.9390105232972,78.1913769959104,89.47091606409877,81.94094966432915,86.8273534318787,87.9643797920114,87.95588553388642,93.12227617218363,77.80804009551252,82.33748444076988,83.48762625219985,77.25005323865689,84.77141295248808,81.2757197944509,80.86131653495985,87.90387456395196,88.41861787879134
419,org.eclipse.collections.impl.jmh.IntListJMHTest.mapJDKIntStreamParallel,17.445931143234677,20.54895138025927,16.714652861889352,15.341741133568402,18.80108002940964,16.930135194113205,16.715262612422006,18.336835083342326,17.867563972023476,16.872039110039044,17.96997827609326,17.69851647415567,17.81531703746263,17.44994905046534,17.808032287469658,17.67462558684792,16.834509472793542,18.616753064012826,16.20223696222742,18.89139845183667,17.341930704399534,16.900476200893067,16.953278578239182,17.46953918054226,20.80896778677948,16.173480865732753,17.45615952934377,16.95004431731824,17.107789815251138,17.473500453677598
420,org.eclipse.collections.impl.jmh.CollectorJoiningTest.serial_eager_makeString_ec,2232803.796591037,2237278.6229562913,2232692.3104998986,2237782.9461977156,2237985.9961934173,2232827.383794974,2235296.9227161394,2236132.327713859,2203104.2691382077,2199360.1284552943,2188476.981644275,2192682.827851316,2211694.228298365,2266817.166291416,2281407.746251877,2206270.5637563188,2225025.0180140804,2226766.2869917275,2242860.198185357,2237312.684791701,2221421.5549225626,2285184.734728966,2221116.9988471554,2191145.4923502794,2233253.311751966,2237781.3524611685,2215433.250350749,2209288.705066044,2195478.981540779,2162552.0900996295
421,org.eclipse.collections.impl.jmh.AllSatisfyTest.process_all_serial_lazy_ec,1387.4143682329259,1389.7580111658217,1391.9692592912181,1384.883708545226,1391.4214678250005,1392.6998940633277,1407.421811415965,1406.5355844545825,1402.8017406271954,1408.5768663265092,1412.5459385206084,1413.4097374790729,1415.6063637540374,1415.4745772523984,1414.6398821983882,1412.6130810392642,1413.524429600332,1415.6171788931636,1407.573143591194,1414.4913319431373,1414.763004560528,1415.4249836004124,1413.3752937736533,1411.2365591249006,1412.5956896868893,1414.0655897005227,1418.9330971096178,1416.734829741917,1417.3441934243583,1416.1963340719483
422,org.eclipse.collections.impl.jmh.CountTest.serial_lazy_ec,1191.4964628713224,1202.2217753959071,1217.382457183562,1235.0051190962186,1229.726545708031,1230.7059351238615,1231.7001068896745,1231.0490392381694,1225.396483654025,1221.005792370545,1228.2121338496509,1226.7032518964436,1231.1661951566625,1232.4318673956086,1237.108190973075,1241.468101682111,1239.0313834988556,1236.619154689073,1237.4580169003,1238.5127046993107,1235.6147476778215,1234.0828049776844,1237.616731137851,1234.1184790433672,1228.609859853443,1223.8337507517965,1231.522776303523,1233.964295513882,1230.0727699159645,1233.8114267291617
423,org.eclipse.collections.impl.jmh.CountTest.serial_lazy_ec,353.25931871363787,352.5500146801127,354.3583424421977,351.23660374987,353.6931937907509,351.1946677810286,351.1257912326685,353.0489968598446,350.8293499384323,351.325195994371,352.7582618183411,351.34665473357677,353.1307309208501,393.8863279507304,460.5667641887318,456.4541164801109,460.29957870187417,461.13871093947506,460.7912601767662,460.38764208037003,459.4806352535538,458.89112349204026,457.06619091864366,457.23399543022174,459.20107462315343,460.1980262454049,460.6304886708151,458.90667627940513,458.81316026962236,458.84885289361256
424,org.eclipse.collections.impl.jmh.CountTest.serial_lazy_ec,347.881675701407,349.87557969547777,352.08956504226586,349.90058344702635,349.44624023092337,351.36017663195497,350.24412449540563,349.5083630126432,351.22512467137415,349.7081255551248,350.9466420725393,350.27179754269343,349.7963968096802,382.44908935331927,459.38599065690585,460.4908960010899,458.6973184830579,458.14069207603313,460.3740331101724,457.4679962856116,460.639794421236,460.58684761006475,461.11272873182514,460.9463767251564,462.19904833615254,461.6485921683443,461.71882524011824,461.5441845019161,459.399107804588,458.47170076684785
425,org.eclipse.collections.impl.jmh.CountTest.serial_lazy_ec,358.2658366318523,355.0004129123482,357.1279171966483,357.75975895546503,302.24604482322013,340.2074995576654,356.3990239278967,356.9789728675612,354.7150322298425,357.2681230310503,352.86419684169977,351.5696211263235,355.04125405342046,392.7077398312782,458.3357710921536,458.5703837502797,458.71893831930237,459.4490764502248,458.1932184211295,459.7356915146485,458.38878851489335,455.8535789187441,459.07907864573417,458.0874920063608,458.4404276140543,461.03702827075466,460.09964297126027,461.13044125449153,460.9362474466794,458.5241248637273
426,org.eclipse.collections.impl.jmh.AnagramBagTest.parallel_eager_ec,4.815370933681082,5.189314127677134,4.809389124917355,5.23309651411501,4.56108921291637,4.930337563704573,5.8422651733353925,4.647073690064861,5.177672630215653,4.8523840384371235,5.085676678588298,5.347681366840833,4.939096173019763,5.236619204708148,5.228601416691994,4.912218811933961,4.983395704251508,5.246361681619352,5.633206580333,4.791956283519524,5.411261335922855,4.904718125481475,5.528541122570109,4.665728078323674,4.922800790608502,4.943858140222609,5.212402595409192,4.780552111279306,5.244091637963233,4.866962788905953
427,org.eclipse.collections.impl.jmh.CollectTest.serial_eager_ec,22.41541911694283,21.560807071460975,21.392338537180127,21.861703198245987,21.93552073422144,21.50465147126424,20.978647137661845,21.79493697392632,23.979080290668218,21.902918511523772,20.730221704153582,21.205982877493238,21.460109944708396,22.268771528250156,21.51184248814934,20.635332046270154,21.923591442363588,20.911084825961975,21.71696968354466,21.412464374988065,22.445010113131154,20.98581551940391,22.273154686202265,22.41251965062729,21.040983752569506,23.685910356580514,20.877845915720936,21.316810195737297,22.473903252244366,21.337709586354766
428,org.eclipse.collections.impl.jmh.BagAddAllTest.guava,104.71471616969971,105.35680628509884,105.91361113941969,105.94923813077297,100.95258963532956,105.56657941200473,105.09411093856696,105.31316983274286,105.46065060959678,105.39874086726623,104.75313781265247,105.05875049853846,105.30837105560319,105.96825085236212,105.87214889886188,105.7165267365319,106.13334219166512,105.86015185848507,105.7473699561642,106.0046493639211,105.99694855984485,105.88207066733214,105.83756019509988,105.29336025473968,105.76810132248842,106.06041155644434,106.04003178683742,105.72583852199841,105.44801003648588,105.74628178290916
429,org.eclipse.collections.impl.jmh.GroupByListTest.groupBy_100_keys_serial_eager_ec,111.3349972858963,112.48133540214447,111.24136835265905,111.83189306818907,110.37798484482227,112.21739242647857,111.87901962213161,110.76641368226498,110.2332775090168,111.07830884901281,110.99315394226484,110.132402702492,112.46921962552172,111.4564272273252,109.77786503898294,112.3406209940192,111.70296695437372,110.59944982512927,111.6725792361843,110.53085135928212,110.15231121291602,111.98285195389745,111.98017458197131,111.82560550804688,110.39067625311365,111.71618882065155,111.50111524311457,109.88477482511838,111.25119722802067,112.07210528036909
430,org.eclipse.collections.impl.jmh.AllSatisfyTest.short_circuit_middle_parallel_lazy_jdk,1222.288933412987,1235.0709647994263,1234.4176597657524,1221.107582829671,1240.938491287045,1237.4563507763262,1221.4843552653622,1219.0694528248664,1215.981642325146,1211.9911216224857,1234.283713069929,1242.8280621945637,1238.6798817647561,1236.4844354497948,1231.4334051759445,1232.8531703924248,1224.8589440191479,1205.3514943782916,1203.9169658468657,1201.8645462600427,1197.5721362174609,1211.050281048049,1210.4981286863447,1196.7693466438213,1204.6818784516754,1235.210293003374,1225.9416316929735,1217.8109299818766,1231.8596332903655,1224.3585144973483
431,org.eclipse.collections.impl.jmh.SumOfIntTest.serial_eager_sum_intList,2784.2762385288993,2749.758832401604,2758.8845379232034,2755.8455348577713,2756.1928599457365,2759.3599416273,2751.9202823732603,2760.570838896814,2754.09315169267,2754.226860977855,2751.479673181964,2735.228615878172,2760.971313508053,2746.9966623990554,2784.8926284647096,2792.458168171797,2780.612243622627,2798.9503964003,2754.7967924146074,2755.0088717833314,2768.6892028585553,2760.884373559679,2758.3878392619963,2765.551952928106,2762.5810269614512,2761.8133483684774,2760.733710669204,2765.7158614152618,2766.610060145073,2764.8621854443663
432,org.eclipse.collections.impl.jmh.AnagramListTest.parallel_lazy_jdk,3.359418475927329,2.6564957496546175,3.554454524562512,2.793086709307213,3.34091594576626,3.2205774960179694,3.2860376346341376,3.275567287534805,3.5294092868529505,3.2746637052179954,3.492823617526048,3.192305257192686,3.268658720325243,3.4099558075694762,3.0120148406037415,3.235026812852514,3.1645830698356425,3.3697061294363952,3.761630391047011,2.936816257230379,2.895718091233907,3.244717194614723,3.390184860364511,2.9873579462876445,3.5703738064981216,3.4781506061420453,3.0642211777276183,3.3103883064545263,3.3148136627636036,3.120859470404613
433,org.eclipse.collections.impl.jmh.IntListJMHTest.filterECBoxedEager,78.75942084301755,78.93272137920155,79.51212315378316,79.56275984755351,91.48561171875158,80.3603182855532,75.82857948669783,81.7906192046702,79.750317864331,75.53032269453821,78.44467461634532,81.82297746107656,75.7896787520571,81.25555118478863,79.29441270366746,84.03547394009236,79.92029796436937,79.9482176992926,81.49484523736322,80.68357314574767,78.48012029361313,79.82093442514577,79.58845929893795,81.26944127945946,81.99332976063064,88.85813115154046,81.35634892009328,79.21476408496109,81.10560790878587,81.93658812733602
434,org.eclipse.collections.impl.jmh.GroupBySetTest.groupBy_2_keys_serial_eager_scala,13.84836513788108,14.681237175994381,15.805462635789521,17.405323705443152,13.899121496594262,16.744164421572165,17.31451957259697,14.993922123703625,16.635464830027324,14.16556549384139,15.948815720888005,16.316182305726446,16.325728868047378,16.323727900670708,16.623117797495798,16.29204625301581,15.649129138531647,16.99097281508016,15.9975385773091,17.21980345741089,17.52854014922541,15.83442065083576,17.718630097505564,15.00125014324436,12.253653030763871,15.472765814331956,16.955540294711046,15.212317733888417,16.9498914906084,13.728555338326336
435,org.eclipse.collections.impl.jmh.IntListJMHTest.filterECPrimitiveLazy,181.68558111063967,183.3918579277629,182.17493736004374,182.87525932261397,182.37007170555034,182.35112540239064,183.06665151936048,182.75842862972823,183.7294813049636,183.90540181988487,183.32270345604215,183.58502276228293,183.65954552531156,182.79390188635605,184.27861666174297,183.09906635387867,183.8372237201409,183.74442730364137,182.06709548541656,182.21933338085907,182.13970136991648,182.69913727251028,183.67889072644311,183.57653556090102,183.91639087304355,183.27027804873143,183.24923302328213,185.64195458988596,184.72788658666352,183.6458397326589
436,org.eclipse.collections.impl.jmh.IntListJMHTest.filterMapSumJDKBoxedParallelStream,539.2927807976617,530.8812652197461,536.9332264231208,538.7994593800182,538.6329044393716,535.6457846125089,540.4065243574815,528.6886652900953,541.8423440787136,536.268778750766,535.2923183963411,536.7149823390637,537.1507189906877,537.699824233823,538.0963699231207,541.4638718686834,537.8156970144215,527.4617416967583,541.2911201169815,537.3038499525468,540.1352613298715,542.6620168724953,541.6864466598419,539.7038774353443,533.1184114045728,528.9518749005179,530.5070433062331,532.1659506739893,534.845067150638,531.816466946358
437,org.eclipse.collections.impl.jmh.MinByIntTest.minByQuantity_parallel_lazy_collect_lambda_jdk,86.52940765324264,84.97970608137041,81.68744350099178,83.84428857946465,84.82145067668269,85.07494894271456,84.61413399551199,84.12767442322374,84.52141128558542,84.50806385589175,84.66881361742594,84.66840297322759,84.77465168180083,84.20790249140185,84.39319394705205,84.67303465332103,84.98006366718228,84.57508672963706,85.0309013715432,85.12980441620462,84.87321316898607,85.00621982602912,84.86133962605925,83.88441248043553,84.61825220159868,83.5025859508271,83.78184965767983,83.841304173365,84.93301766055502,84.23588266215857
438,org.eclipse.collections.impl.jmh.IntListJMHTest.filterMapSumECParallelLazy,690.8174331576756,693.3895140996458,682.47154900334,691.8233751682722,690.7844576751297,691.5644663866573,694.7019660492841,690.0338830069788,694.1584342456086,694.6125960820629,692.1723777939403,695.2118809767456,695.353195721925,694.019381185239,694.1504354705384,697.0091199858731,687.9788886618492,693.9053346586245,672.7281596504814,694.6464002155511,694.4591105139818,695.6916312060098,695.5070398893284,693.5814954484867,693.6885081933464,693.9997430283714,694.8724075285296,695.2827345112717,696.001076287277,693.2839136352947
439,org.eclipse.collections.impl.jmh.CollectorJoiningTest.serial_lazy_mapToStringJoining_jdk,1857711.5150970484,1857484.7114964116,1858078.775860731,1853820.8074489564,1859886.400591535,1855490.6651085636,1845346.4858767865,1852757.845383114,1859047.6403189204,1855097.2340933778,1863059.4556485473,1863381.7784130173,1864525.5215280426,1855224.6160813319,1861613.034912555,1866147.0570554684,1857317.3112656237,1849573.2047222122,1862414.0818329726,1849690.410482607,1867178.9506989408,1853388.0871139409,1862535.6637917352,1847963.8376893003,1856704.8357925627,1867029.206685614,1858570.6991378267,1857844.6802841641,1861755.893957142,1848235.9256397025
440,org.eclipse.collections.impl.jmh.NoneSatisfyTest.short_circuit_middle_parallel_lazy_ec,3250.0835596483184,3262.8271474164167,3288.480229391903,3202.6762991010974,3248.8964311047644,3354.2485409908645,3103.6135845906506,3298.940123115126,3310.2439866168725,3283.3407713719794,3178.5651067110075,3259.677337025342,3266.746438322237,3313.634602198781,3116.76321747582,3240.6797081987233,3120.0610346339595,3291.7298662807166,3271.1694960751997,3237.633838312684,3176.5332478128435,3443.5145367641217,3455.0263887309916,3283.528309477579,3309.194998606249,3316.262900877548,3346.6168440258175,3298.0740879363116,3411.243925073959,3303.9456646831604
441,org.eclipse.collections.impl.jmh.MaxByDoubleTest.maxByMarketValue_serial_lazy_collect_methodref_jdk,34.52482295066606,34.55813068680823,34.61312638655363,34.71410487292751,34.21233893438099,34.487021114567334,34.38967833146673,34.62039834147243,32.49108393212686,34.59715864211767,34.58717730898548,34.57491176319522,34.6967902666494,34.56244053964136,34.37446476503042,34.34328809157564,34.401841321009556,34.65550906082245,34.331088471848645,34.75364441262193,34.26432644280111,34.210589451046474,34.778167631652344,34.26020443394842,34.75348256605846,34.530171403696286,34.64185487163293,33.97361676868977,34.569817648686225,34.815058302122246
442,org.eclipse.collections.impl.jmh.AggregateByTest.aggregateByProduct_serial_lazy_jdk,29.434246998045037,29.184071225943818,29.109318065601357,29.5356309993789,28.93054442306484,28.595605659967852,29.920441895790482,29.730683211858853,29.657708078009442,29.320119436846873,29.76277601952297,29.759914567618054,29.6265329115474,29.77311251767006,29.637856462675636,28.886545231770917,29.81979580687111,29.67309061929402,29.257000489951313,29.71938785915127,29.434114303511805,29.26465714578603,29.726951644977003,29.280780578760982,29.243755979492978,29.590956886844157,29.58307588789055,29.258713145765412,29.335035254295338,29.61433465407445
443,org.eclipse.collections.impl.jmh.SumOfIntTest.serial_lazy_mapToLongSum_jdk,72.21539254215398,72.55140580662612,72.89424925105303,72.44780421279833,72.43898684927748,73.0285643245557,72.68347741110232,72.47036497658237,72.11022294530008,72.40545994298854,71.7022293890194,72.37984564637009,72.23806360625822,72.14798339685538,72.46661800920418,72.67536626109757,72.32903615201307,72.22843984311069,72.80775592578985,72.52120348372907,71.88140804033563,72.52768412750957,72.09286748790852,72.09185230407515,72.96362427697122,72.10328475916779,72.329340152994,71.74040326159493,72.28012508232088,72.41815912481984
444,org.eclipse.collections.impl.jmh.AggregateByTest.aggregateByProduct_parallel_eager_ec,21.608341607638945,21.411744135493812,23.942914370824415,24.10103942889498,24.38215443106004,23.88772050989785,23.163670342022375,23.552058508588996,23.77299986832032,24.30787384930026,24.203654159525193,23.750637668479126,23.535148080849375,20.83330138893787,23.649036843003124,23.11817209581544,23.165018101829567,23.773137644206443,24.213382195012176,23.111308008249857,22.961319065492518,23.152759332965424,23.775228559179986,23.674169831447703,23.562680823726325,24.196164974969523,24.124242736611638,23.853066025919386,23.87304657602739,24.15194536553576
445,org.eclipse.collections.impl.jmh.SumByDoubleTest.sumByAccount_parallel_lazy_jdk,3.1027805112218276,2.9760531053582477,3.3252343841542014,3.301861181223932,2.939109628186614,3.078044567196588,3.3449854703573436,3.62634202260365,2.2912687821144804,3.2474562182235243,2.8464706524985552,3.2595852762179653,3.0152545390665644,3.748039316302757,2.8519110263649905,3.324067572536465,3.087669544513627,3.836791344806474,3.0755564746958597,3.661029670672186,3.1852316226180255,3.295233123013761,3.3250007816245586,3.2553130527910676,3.960818176546333,2.8163621821939113,3.8202188724492965,3.034532000076094,2.403921827302009,2.936050138560231
446,org.eclipse.collections.impl.jmh.GroupBySetTest.groupBy_100_keys_serial_lazy_jdk,16.08265739666583,15.715754661664363,16.060730603126405,15.816961409119173,16.084072088167737,15.860280398278563,15.978553872606158,15.81144505501251,16.020880280913055,15.791500647988437,16.038127829978954,15.722243534869747,16.055186382599874,15.7440100791893,16.06505635669965,15.776706140849862,15.869268726194578,15.751728780291403,16.127454888928284,15.799350632667073,16.10426071174025,15.729751744101847,16.108611856822975,15.642796002430297,16.078690229818214,15.753656698916508,15.986344815957795,15.716531313328689,16.1102508847854,15.722226957778819
447,org.eclipse.collections.impl.jmh.AnagramBagTest.parallel_lazy_streams_ec,1.1198160346509514,1.1754272782916546,1.159739978735263,1.072912402767488,1.0458980919854204,1.0946000819875163,1.1745198130780845,1.0484601335217336,1.09707358347835,1.1607218136170623,0.9513162338159727,0.9938446499940673,1.1124598333097195,1.1234807073494302,1.0982613592455772,1.139069222831938,1.1491089845418072,1.162871456392713,0.9963004087992937,1.1405327351876315,1.0430866373475909,1.0809405541347061,1.1337659736670676,1.0696729107856562,1.1352442983859312,0.9627346361812572,0.9879923177945975,1.1045068925499015,1.0563283266860053,1.140192497353901
448,org.eclipse.collections.impl.jmh.AnagramSetTest.parallel_lazy_ec,4.9487722006102635,3.8731734879992725,4.415542762450609,4.305054761450321,4.176217700909918,4.290456089203161,4.732292365807654,4.0521975266149735,4.737773647315119,3.9342997088792306,4.323921445164063,4.308025657680623,4.376070777476488,4.524093703893802,4.0535794971200785,4.632946038255818,4.669438229160154,3.7198385205078814,4.367855693176238,4.330120739103494,4.460641119579955,3.737190540010346,4.860926052280658,3.9887099246486026,4.447144639985355,4.773027178947477,3.870668280816624,4.548397093740182,4.224140680294595,4.5716041920853385
449,org.eclipse.collections.impl.jmh.MinByDoubleTest.minByMarketValue_parallel_lazy_direct_methodref_jdk,65.54798450733263,65.33346970606243,65.05734079596101,62.699295433088814,67.41416998643368,65.9519628985434,66.02488104085312,63.62909392200081,65.21547801626255,65.58452830927546,63.4172348668421,61.2771091635827,63.45701796891556,64.99736572176467,62.74849074640836,54.92756790877168,53.537075136872815,63.607825190494104,65.66659650555644,64.6708411979875,65.98855397211413,66.1714852291191,64.9291432155837,64.53264855760948,66.35156513052699,66.25929889305188,65.32217304006944,66.43302548388309,66.90692891581088,66.11902958695026
450,org.eclipse.collections.impl.jmh.MinTest.parallel_lazy_reverse_jdk,303.39626963927094,298.8502957259608,303.6801946906515,304.12075132578923,303.9108964021482,304.2467413540545,303.89500184570227,304.15252491635187,304.076906134126,302.8923366160575,302.9701353248506,300.36714444867533,299.6974647000068,301.2177997261956,300.8130732522157,299.64811931805923,295.80287305323003,297.35288162841584,299.2913645439642,299.39457327575894,298.6308728301752,298.20416941210647,293.6772953471035,295.83169306652707,299.68670244351745,302.09008322094263,301.8886833782232,302.43205981056116,303.3301523845274,302.4929407631728
451,org.eclipse.collections.impl.jmh.GroupByListTest.groupBy_10000_keys_serial_lazy_streams_ec,46.27009207374224,47.37850946463013,46.723498884004755,46.57208441792369,46.72758713867824,46.478102867319016,46.64663772523999,46.49337149443318,46.50840536465273,45.03562390299339,46.620471136165285,46.33205335055503,46.45330737704377,46.496134410313076,46.912449924734695,46.68123276733117,45.6981153708787,45.900201349515214,46.40229413732041,45.933889053039856,45.99784523094016,46.37194917145788,45.966011903410404,46.03444771434853,46.7150713724738,45.977113742206974,46.50688903677728,46.809425301672974,45.98475960573638,46.66193521262325
452,org.eclipse.collections.impl.jmh.SumOfDoubleTest.serial_lazy_collectDoubleSum_ec,135.1230303189145,135.3497812749525,135.0801028784366,134.9586486700475,135.534811456587,135.54251419523794,135.00849284425087,134.8770652198888,135.8654034435592,135.15417879404202,135.27556418215786,134.67958622065498,135.14931412990103,134.86826701558772,134.43472590694253,135.58520999721955,136.12586774030564,135.5479843412736,135.86555586957593,135.66379716388568,136.41316624632245,133.54393850256986,134.8079305136896,135.50580220899565,135.6570727570915,135.44150249489272,135.44790809599695,135.14568358876915,135.43348511759024,134.784551611708
453,org.eclipse.collections.impl.jmh.AggregateByTest.aggregateInPlaceByProduct_parallel_lazy_ec,39.11117278508491,39.0750910724433,39.27932855593262,39.140572123613815,39.10397109894404,39.257229984934256,39.09673616948328,39.39214576964854,39.28334744187865,39.082952058994564,39.076193538628,39.199692759410205,39.50943887096862,39.11739375068876,39.287695268051955,39.02688363592787,39.427848544759506,39.22941555784423,38.2172685731754,39.111598565139545,38.87999136048763,39.038653033327996,39.3237025198165,39.22857340740225,39.37508078691534,39.569088708705,39.44498764056189,39.329560979842604,39.183063482943496,39.23272825907936
454,org.eclipse.collections.impl.jmh.IntIntMapSmallStressTest.kolobokePut,3661.6139853304385,3662.7817770948473,3677.4978303162748,3684.2925163609607,3687.2829377743737,3672.402896668225,3683.615969706166,3664.7775186863955,3696.858691273385,3690.7732794882145,3677.0664148996557,3682.8232392158106,3679.281785799003,3699.3241297821646,3711.970841236384,3700.5238757960446,3707.0461325455426,3705.3726878146986,3726.660396891352,3766.7753043195466,3724.416004121722,3731.126655183821,3758.1097301117047,3748.033157366726,3733.975318759051,3725.214300151098,3722.020556719535,3620.1066590395353,3576.356624172381,3574.6178983689897
455,org.eclipse.collections.impl.jmh.IntIntMapSmallStressTest.kolobokePut,125.36576681301541,125.13664524401455,124.80667533355505,124.92692561890925,125.46874875589272,124.94157844239454,125.1579602723523,125.18940225091796,124.96114195833549,124.65632612390984,124.80108902907932,125.21092687417438,125.28664378462561,125.23511974347029,125.0670063857129,124.9745349388118,125.16954102573418,125.39692355964765,125.14631292462889,125.23975784936555,125.49406852932486,125.09353211129773,125.24299053598558,125.35612693207631,125.60947524270091,125.82149113691398,125.73096101535032,125.78632726901344,125.80971079946045,125.73042228169876
456,org.eclipse.collections.impl.jmh.MinTest.serial_lazy_reverse_jdk,140.76664437681762,140.34832916443884,141.62218839825587,144.55810927834978,141.91109270042318,139.57061644177094,138.97357922262242,143.58303987760183,139.96854505747933,142.13044197633639,142.07478484835408,141.0974526480526,141.87186232704926,144.71411393948793,145.79087450799736,143.0154497514656,139.78125575374594,141.94133280832366,142.9223025243861,142.65108301146137,139.79897019924525,142.96766934685243,141.4842970942748,143.86455928611832,143.1346824263545,143.23785030591844,142.7679190406301,143.5334389588601,142.97072631487484,144.8884846942048
457,org.eclipse.collections.impl.jmh.MaxByIntTest.maxByQuantity_serial_lazy_ec,27.730067948282866,27.093198922580115,27.59761583250619,27.630024413119877,27.474816842911306,27.47388483123704,26.51700474426928,26.47488931466525,25.923355809836668,25.71474197010475,26.481545987476135,25.450085022812022,26.316476241375597,26.870670281625046,26.930749355461888,29.46158977101224,27.177094773363542,26.427875321831202,27.24273094736923,26.309719775174674,25.17353614352708,26.547885475080783,27.444448398187518,27.70866670034325,28.638246792760032,29.09569373491039,29.990676643561226,28.691968137248825,28.56390106888925,27.735666176517352
458,org.eclipse.collections.impl.jmh.AllSatisfyTest.process_all_serial_lazy_jdk,746.066418739707,743.6638639335021,744.1298264869833,743.3778863747181,744.2425233560936,704.3567954615205,703.619541655914,712.8167013237047,720.7894509142828,703.1969357386447,711.7672208010404,702.1800524157333,710.8781270538979,716.6752113942987,718.1877009826806,713.3493754351468,705.7371587812693,710.0863751763295,705.318593117826,711.7437331101751,711.3440433379085,717.403319159179,717.5919062005356,707.2880565734382,710.6426242200633,710.586951438042,708.0324616046654,706.1458861863845,713.764174433103,700.5045198435288
459,org.eclipse.collections.impl.jmh.list.JDKListIterationTest.synchArrayList_iterate_forEach,950.9383629022723,953.2293293388988,952.8159693124231,944.7832601066488,947.9322841486295,954.0052244083214,957.0296618836383,949.0312052199314,952.3172751745718,953.2505591766281,952.4422193581928,953.838715411611,952.3955374098988,948.9966002716246,950.0652830216255,948.20756965913,938.6966188849561,944.044034577354,952.0176035147571,945.0300759417977,954.661257545985,941.1595144365037,942.4795307588109,945.1232063660846,955.4819424682034,952.909243970695,944.4778945088713,952.1162304810078,949.7282609008063,947.1215466597162
