,benchmark,Iteration 0,Iteration 1,Iteration 2,Iteration 3,Iteration 4,Iteration 5,Iteration 6,Iteration 7,Iteration 8,Iteration 9,Iteration 10,Iteration 11,Iteration 12,Iteration 13,Iteration 14,Iteration 15,Iteration 16,Iteration 17,Iteration 18,Iteration 19,Iteration 20,Iteration 21,Iteration 22,Iteration 23,Iteration 24,Iteration 25,Iteration 26,Iteration 27,Iteration 28,Iteration 29
0,io.reactivex.rxjava3.core.CallableAsyncPerf.observeOnMaybe,231994.5497520427,217149.4800868604,424461.80204916076,214742.16513210515,238629.97929364076,266431.89770173485,220810.69349170142,217112.846956598,216138.74340389651,223577.9456045096,275607.7755027444,246670.99500758745,285051.9362239817,288619.9948513142,242240.06836643926,221793.62372256097,286378.60933939967,218233.0805397403,217287.86347991638,317294.8868369168,224596.27608063692,236989.60421402156,303054.43968534376,271474.3246064204,238052.88465682516,235619.69375897528,233277.7975480007,277603.6776564031,293892.2154464711,268307.87005293445
1,io.reactivex.rxjava3.core.BinaryFlatMapPerf.completableFlatMapObservable,28001582.62601626,28758836.799724337,29070343.753658786,29144513.452431627,28888335.250224736,29576332.66040347,28579445.103900343,28841865.51205716,28696173.67079928,28581388.826750446,28396956.051610418,28858204.84668005,28105926.875359092,27851652.37304543,27877812.254540436,27761138.434452966,27749553.186295282,27875314.50065164,27854108.53651168,28455879.4047288,28517544.94113166,28466296.645053737,28819917.70601646,28623156.09935761,28768745.68323258,29598148.67899262,29584910.255659133,29176937.82215158,28626477.185371555,29493654.610975493
2,io.reactivex.rxjava3.core.BinaryFlatMapPerf.completableFlatMapObservable,439368.1761196978,446167.3799578307,437819.6527893693,441413.70644625986,436641.6667426126,447429.1636670964,439308.86639415595,448840.70346213464,445653.21542957606,440525.9401863246,443351.27385610575,434570.37355178973,437805.14405075164,445012.9565605499,443012.205007097,443159.79281962203,443257.9917276581,446042.1886433231,450373.1218815195,449402.2588670527,444591.3600741709,459402.2717383391,459996.99997651554,452346.16328033333,450591.2545026302,448127.41259325325,445412.2859046204,425830.6960023764,443857.46059373947,440088.76644567214
3,io.reactivex.rxjava3.core.BinaryFlatMapPerf.completableFlatMapObservable,406.29239304242947,407.21477914339164,411.0703553478331,406.0571612592144,408.64114605661433,412.9627395999217,413.01499492240566,386.95617373071946,400.005704220995,409.08019300395523,404.3431324510393,408.4271576310744,406.7532114375309,408.51786680507877,407.8907717460157,404.8949532435406,407.75484555420746,407.0046546508744,407.7968352089021,409.0194809125188,406.99084950203485,407.01784924204713,408.9633949134115,406.7419059909725,408.74130517550657,408.49177455020157,407.34659162623603,407.3668891198069,406.9096835473689,406.79878023774563
4,io.reactivex.rxjava3.xmapz.ObservableSwitchMapCompletablePerf.observableDedicated,94735711.43043762,96839678.78166196,97550616.03298037,97761940.34686354,97608037.94110797,97994017.76350704,97552134.98347722,97488996.14930594,97682603.18048562,97329383.42098653,96933756.8798464,97729867.1188366,97766779.74150126,97760836.19053163,97207508.84078997,98022684.87401538,97086552.99638951,97845864.72924712,98062312.52140225,97592780.91584007,97666167.99706572,97944979.303401,97691415.45219468,97922425.33241144,97727072.80667163,97780574.3924352,97826303.18771519,97890607.37032339,97557844.60746212,97268438.61714388
5,io.reactivex.rxjava3.xmapz.ObservableSwitchMapCompletablePerf.observableDedicated,3586415.3684066213,3702877.1277333708,3599533.42523612,3574396.1109588607,3563667.685197271,3585846.3934326693,3583755.7115894165,3583459.1802058127,3556203.9696362745,3583524.332942879,3579414.8378103594,3574132.5085989423,3598066.160597783,3705700.2874659,3619751.7508983184,3575109.193941586,3573536.022596848,3579957.472209811,3577755.3373204162,3548678.7649237774,3578130.1134283347,3569856.0426624897,3571301.2595999255,3550792.956789253,3566876.5957486294,3634932.6273315935,3657007.2948037805,3594967.705774194,3542997.6797229894,3565791.901555696
6,io.reactivex.rxjava3.xmapz.ObservableSwitchMapCompletablePerf.observableDedicated,391214.4332983016,392259.6047282151,393786.8656328837,394670.34204681293,395069.08416672726,392704.46483056823,398131.5439265055,395920.71532837005,392899.35985518224,394134.2190970293,392832.7074786396,392841.9772054675,392299.87574574054,393800.52344132407,393497.7869684461,393141.9866938121,393719.74433143414,396031.5977412577,399016.7930226011,403851.5167170237,394118.2215607074,394096.44944654714,393135.47938756604,393247.5196691756,395920.21518753615,394979.37874102074,394647.90678308666,395646.43411144504,394513.661412792,395091.26793280477
7,io.reactivex.rxjava3.xmapz.ObservableSwitchMapCompletablePerf.observableDedicated,39729.114734318515,39881.95720626994,39903.07630159938,40287.549895089636,40209.168671388004,39737.38304614647,39889.53203465301,39905.88598409312,39807.339276762854,39840.077875602816,39855.17662566937,39840.82166323474,39817.11903929658,39819.136583865286,39976.17452796635,39895.48251960395,40627.262657480875,40740.950526483764,39913.07806555191,39737.6075942299,39548.03128403002,39850.38390753102,39994.26732835653,40129.39078701103,40720.929071854975,41249.7140401648,40624.85872584381,40143.35914019514,40042.379484902245,40226.213915875924
8,io.reactivex.rxjava3.xmapz.ObservableSwitchMapCompletablePerf.observableDedicated,3968.2540753766893,3962.756896752655,3892.149145059697,3857.5592969956742,3936.720351133137,3953.956084422503,3889.872147130428,3887.119322584917,3946.967982334691,3954.7300580356987,3943.574299041567,3939.250073145825,3957.5437545682544,3939.4473270555927,3965.38316085703,3960.510195783067,3948.9128366536793,4024.984037679113,3997.450290623285,3960.0459734444,3947.2473073054643,3969.524208858802,3965.763466003834,3953.1179368416347,3975.667689840477,3933.8745932224965,3941.6212023192147,3968.511162763482,3944.0168512553864,3951.5183968408296
9,io.reactivex.rxjava3.xmapz.ObservableSwitchMapCompletablePerf.observableDedicated,397.74544410900654,400.4378017443009,405.8046862045298,402.708451967446,398.84481147807793,399.4572861462377,400.3916601264869,398.9282515571727,398.22510054667293,396.8294744382444,400.1066111504143,398.2136789071427,388.9525773459597,390.3579244522598,391.9461524309743,398.31953599883036,392.1194006009363,391.8020800038798,392.10670994343434,390.5378394734563,392.0378368265522,391.23902600980597,395.43938163426327,400.5222090463844,394.44416506036356,391.8638183102694,394.39748605970135,392.35803594468643,401.03962599619103,391.47423209847705
10,io.reactivex.rxjava3.xmapz.ObservableSwitchMapCompletablePerf.observableDedicated,39.96982737686062,39.7615612492333,40.06353310257142,39.93316362444279,40.098884788789874,40.00031762203427,39.88608247664875,40.42595794616958,40.47867885948582,39.99625431078754,40.049350920120794,39.96723194564303,39.89080685450635,40.13675237638453,40.1042696534326,40.23112084200965,40.905522437385926,40.7014789506797,40.03101786821291,39.90244291633827,39.961133960954115,40.11100538774057,40.19761327082985,40.05589262480647,40.0484834755293,40.118767324806534,40.24145374776079,40.17760374503558,40.46360019174378,41.15083946512276
11,io.reactivex.rxjava3.core.JustAsyncPerf.pipelineCompletable,143682.856473785,145878.92297584368,143324.94091623553,140628.5595994628,144102.58397204723,151336.03511869587,149308.83324656924,135281.11743786922,144991.2071575889,130159.84920240894,131653.0412516999,137371.84937987936,136201.86382771505,143455.8270651909,137820.9800883792,147067.68035470747,149796.01460064462,138582.1533487138,146017.36475184213,145298.49335440807,148161.79892821042,144029.74709402557,149096.61821745045,146488.21942837315,143261.32592003545,142922.84491590672,139988.18545925678,137168.65690979853,152497.0680923208,150412.5397814164
12,io.reactivex.rxjava3.xmapz.FlowableSwitchMapSinglePerf.flowableConvert,41425651.677474745,40741996.97162141,40677217.99029526,40640061.091634564,40805302.31100193,40828591.64308916,40784062.96445527,40947859.86817464,40912688.21202331,40810367.16757333,40637122.25454821,40561237.07460276,40555847.26048737,40297656.440067604,40631987.75332536,40515987.774004705,40427923.287964396,40338805.811966956,40350768.28967514,40408324.111500986,40423957.96156828,40538270.90257045,40445221.40030169,40466889.25937341,40452496.31475576,40897947.83784223,40804128.693692975,40311221.67439581,40324293.8477601,40362166.72528876
13,io.reactivex.rxjava3.xmapz.FlowableSwitchMapSinglePerf.flowableConvert,1115907.3550527305,1138258.6641590467,1101415.4865419092,1088626.825389129,1087012.6769568652,1085778.6393960055,1090801.9974582307,1088757.9978558447,1089706.3731729314,1089861.3349145176,1082519.4190079065,1094828.541647708,1098021.5644230193,1120073.4892142655,1133003.906498282,1083425.1938691363,1084897.5842059378,1092770.8993810674,1092952.2289875278,1085206.667446552,1086691.349848581,1087578.8297012467,1090307.6318470398,1089065.9373994253,1092158.3131908134,1090625.1821707573,1134989.7414948333,1126588.637380809,1090049.4625315215,1090972.451624915
14,io.reactivex.rxjava3.xmapz.FlowableSwitchMapSinglePerf.flowableConvert,115529.68919072795,115490.07405897371,114677.50498583708,115497.83147204162,115259.42282704824,115318.96628104625,117950.98422923523,119326.7423353376,115450.51882050601,115457.69268263012,114775.68814058209,114870.03336221665,115279.54434551665,114783.0310732847,114089.30442649772,114545.9408076221,115104.6156930895,114965.11748746208,113985.5892180654,119945.48709447036,117695.96007127158,114969.62145656445,113938.28257698029,114883.46594856179,114879.01868715536,114211.10280997257,107720.46524468939,113563.69719875297,114678.80722892987,114872.98266992052
15,io.reactivex.rxjava3.xmapz.FlowableSwitchMapSinglePerf.flowableConvert,11867.566074314058,11510.941522883204,11536.77435616595,11533.695573631709,11521.113880575187,11803.332934639198,11567.02266755375,11287.06696589633,11536.458813180614,11488.544470346875,11498.829005249421,11494.652734742267,11680.97660627757,12037.059987041888,11647.045268405258,11543.604238420256,11777.420341719246,12134.486659630731,11731.568125782585,11579.02457139108,11540.816858057478,11566.328837319323,11590.425705996693,11578.230823173757,11606.918757483147,11571.494927389409,11575.876329684677,11475.771013779051,11633.197912944504,11914.227791239939
16,io.reactivex.rxjava3.xmapz.FlowableSwitchMapSinglePerf.flowableConvert,1156.9093191337477,1164.0219852359387,1151.2703892984046,1155.4009246205842,1160.311009643096,1157.273841910595,1162.9189331159914,1161.281705459032,1158.7707615390154,1161.7891770887688,1201.3645058078114,1168.6649741372041,1163.4362569616892,1160.3660328575822,1163.2694121355166,1163.9547268169458,1163.2848438866693,1167.4648236176702,1213.7320734997033,1158.3902673820803,1158.4828995729465,1162.9562216759912,1202.2495510212543,1216.350755755205,1165.579510198219,1164.6471934256956,1158.228308383202,1160.7874934727824,1158.6528745507019,1162.1665011583682
17,io.reactivex.rxjava3.xmapz.FlowableSwitchMapSinglePerf.flowableConvert,114.68898389032856,113.19887683280028,118.6775264581697,120.5141274105135,115.16328724021048,114.67571176561793,115.64824003412731,115.25195911862387,114.72407231526353,115.8628317314556,115.73489314011242,117.69752735897725,119.6280705863995,115.55790273579788,115.36176472821761,118.36648305223474,118.1781423992115,115.98327161972495,115.977038909452,115.25882673159654,115.8592489706842,115.36036002743158,115.21100611218125,120.76358595831285,119.92153593864303,115.10814759760484,115.91475281333848,115.93392821090725,116.17199421817347,118.72908551614736
18,io.reactivex.rxjava3.xmapz.FlowableSwitchMapSinglePerf.flowableConvert,11.662055656692196,11.61115851065543,11.641911971227124,12.253694646113003,11.617864447433817,11.758740972790058,11.557335589844037,11.605437848213485,11.591113525222376,11.573944950018097,11.587297026259458,11.531576544157524,11.586534873797646,11.565956820524253,11.573587766829608,11.983895190786063,12.077707666395735,11.618952985995248,11.55985790175686,11.69041346523801,12.190816351583983,11.873536470986654,11.636184013174976,11.598708318740426,11.638017436729452,11.65641393428781,11.712152340996168,11.753810031313854,11.94855310295605,11.44061096096411
19,io.reactivex.rxjava3.core.TakeUntilPerf.observable,181266.56246090948,207473.44161909996,199747.80781795766,208646.04030286678,210427.52823609902,178572.2112114808,208900.89568975172,247134.50706931445,178565.40829166648,256745.90341676053,207505.54452532978,227668.29029200895,175149.51658733422,171404.34562318513,218328.65471502498,175381.41710818955,212179.8578211457,189431.20643735948,174622.58423917516,177444.266851626,206059.56910108562,197185.1842448928,222313.79550385597,172570.39017257837,185126.83508001655,184283.14466701838,228595.77141982442,234889.4042222525,172764.80083951738,181360.64278591453
20,io.reactivex.rxjava3.xmapz.ObservableFlatMapMaybePerf.observableDedicated,6266331.804297076,6406875.815540136,6500170.685611982,6591198.474625835,6417126.51876353,6307156.312288576,6505714.8661860805,6698047.686503856,6497944.431366449,6426246.485967609,6402745.655662116,6420020.187732684,6404831.452148092,6412589.013805967,6494730.217855679,6660930.290874416,6456045.524142563,6405244.05558244,6447373.404223391,6474292.955505857,6546830.197062715,6430384.087122446,6390809.540277747,6411085.022850696,6409937.51152429,6400450.3718377715,6404760.073140973,6436009.127277313,6688199.148613529,6652600.940481939
21,io.reactivex.rxjava3.xmapz.ObservableFlatMapMaybePerf.observableDedicated,961605.470712351,961195.5699746835,960066.4921460351,960905.1995225041,964641.6768935361,960707.5825438085,963729.7504164801,957812.0619926143,980795.6279211084,994758.7297172982,957874.6888651194,957902.6357968103,960556.5855422199,959141.6034483952,954315.1391124998,959229.7157650985,959707.6387966564,961910.2021159874,962722.448361881,958807.4658895232,972297.7541075324,999093.3589549146,941042.5345581857,926334.1140340265,932910.5176292858,937482.335122401,943092.0647906583,939695.9310823109,944682.5076841454,943023.2989619997
22,io.reactivex.rxjava3.xmapz.ObservableFlatMapMaybePerf.observableDedicated,100732.8322546241,104058.239022744,101465.78952877612,102241.05261823355,101162.47722796809,99401.65702287266,99715.6724395318,99191.78276607984,98961.95531536585,98778.95265373959,98915.31006083466,99588.47735308728,99756.69833051052,102550.57469374256,103786.04805628909,101028.91154617403,100618.55844282702,100466.8333858785,100722.45275665882,101168.57974241389,100643.11614414562,101050.90986337238,101342.26000909807,101531.68216215269,101278.75943647567,100686.29764784095,101038.9787669112,104893.98749029654,103281.87569085353,101855.90465836946
23,io.reactivex.rxjava3.xmapz.ObservableFlatMapMaybePerf.observableDedicated,10200.527185163914,10280.369145147408,10270.205209359257,10248.376099359823,10261.543658891946,10312.020892154327,10283.39490447703,10494.628130085575,10263.399827168307,10288.67866615362,10301.03733715773,10675.546214557058,10390.95082569513,10281.453916085915,10245.855210105665,10317.47858558472,10276.333384529678,10238.412738873092,10245.055026859487,10321.708143380538,10576.882457176458,10127.707532347844,10214.23691478857,10188.025362553692,10582.478633025186,10341.491239996956,10234.718688522127,10185.34461381548,10244.28336115747,10271.133208797377
24,io.reactivex.rxjava3.xmapz.ObservableFlatMapMaybePerf.observableDedicated,1016.3261107437058,1009.4859525916792,1009.4642621741003,1015.0178697242727,1028.6143529354117,1008.3026316840588,1011.6376587048687,1014.824194900948,1017.7208351040476,1013.1421958050823,1010.9478661178165,1021.6845722569534,1018.1886370389914,1019.264691239828,1016.1105740278996,1017.700941454447,1034.5940604668708,1062.4790272212294,1030.1806612637738,1014.4700520040037,1015.4418258445188,1012.5814079591823,1012.8738202309709,1014.6433254757255,1010.5571597048171,1042.0128303889,1058.3563341364866,1012.8922383947572,1013.6024245849808,1034.4610468290632
25,io.reactivex.rxjava3.xmapz.ObservableFlatMapMaybePerf.observableDedicated,100.16483372971318,100.8658691723698,101.98181837547456,101.72373359810759,102.31839211562047,102.55123415850265,102.26105984313548,102.50111620232497,102.516180524405,102.01118113854065,102.24717308256724,102.5840846260534,101.81945140691786,102.3470138722007,102.49837357471559,102.4936558193322,102.13574347615227,102.33531717399858,102.31805883490038,103.2319853085956,102.59755585468466,102.0431727009238,106.08770419822032,105.37598260941587,101.82421728984494,101.53147316851101,101.04716354464894,101.7772427949031,101.36057391469929,101.56597203773283
26,io.reactivex.rxjava3.xmapz.ObservableFlatMapMaybePerf.observableDedicated,10.23340865478722,10.235749303389099,10.185993858782815,10.109164595042282,10.210360644529498,10.09306195837487,10.137738868271734,10.201216510277938,10.09947952442447,10.227760549187451,10.29092110260828,10.24486190418838,10.19703176623183,10.228142550493049,10.19152782590804,10.247284726893955,10.229295013456838,10.16743925679243,10.17954403062705,10.213619684875608,10.222219861818727,10.32271736758515,10.66284131999826,10.345128593776119,10.212144736682792,10.273142633883186,10.2284142140724,10.210441250502702,10.257020685423132,10.274433212106105
27,io.reactivex.rxjava3.core.OperatorFlatMapPerf.flatMapIntPassthruAsync,248694.7741733364,243953.68293489763,244108.13559427139,249490.92522620506,238997.1523254209,244419.92674192085,264159.3355816968,239312.4513673465,257387.07937480585,238038.8664512502,241636.95276456207,240560.13119345496,253562.8286842828,265741.2731033592,249204.80154270167,245665.46635613358,246234.71613086213,243739.18797336068,241020.1331252578,242739.862786085,241050.8128289647,244967.35547675742,243826.17679983802,246266.54551166735,243604.5966033118,262475.04531158623,251058.93809212872,250703.06940071797,253442.68218287654,242219.84129062673
28,io.reactivex.rxjava3.core.OperatorFlatMapPerf.flatMapIntPassthruAsync,571.4707843369277,567.5038087198839,550.2956408400721,557.133065850154,565.6614968470568,563.437980193203,563.8865556110825,555.1794242692913,562.0077748155568,563.873573445019,551.5843260518873,561.0596645632517,556.9745629717091,552.081948448744,555.9595683963479,557.3394439112697,565.3493157278575,560.7397236854158,564.0640519030616,560.5988623628385,571.0800847827092,568.1624569499861,568.8214884587414,568.4870552670067,571.9405685116449,577.4359530543891,571.2369194447658,570.8321867537381,570.4785677566276,574.1739869864075
29,io.reactivex.rxjava3.core.OperatorFlatMapPerf.flatMapIntPassthruAsync,0.8342465573170261,0.8376881431025067,0.8249186414297096,0.826962561920424,0.8266654252135976,0.8285314687354147,0.82283896720011,0.8328578797555173,0.8250487806378832,0.8134151127439223,0.8126432988274344,0.8163495570010147,0.8176489312492013,0.8139782995664475,0.8411091611294257,0.8141996603139476,0.8071348154223159,0.8217895966589683,0.8052500953395981,0.8226254698639254,0.8145095008758025,0.799293560691971,0.845195718634041,0.8419083742882398,0.83699395359167,0.8350524537322007,0.8346194150824221,0.8140718420175257,0.825951828001624,0.8344349975295468
30,io.reactivex.rxjava3.xmapz.FlowableFlatMapCompletablePerf.flowableConvert,106408336.34600079,104420965.30937767,106867067.04719007,110189398.91192988,105866355.85392523,106288271.49874595,107150739.80030887,109515489.81011796,110077123.00598316,104496971.03237888,104008752.77271545,105905317.8946599,106223835.22158277,105543771.14934312,107019643.55411994,106397454.33241732,106072501.75970075,107759582.50349146,104887117.05608137,105298201.62863858,104561042.68418476,105840809.011559,103814921.28609891,107712803.18077682,106405659.1523502,103538584.59556109,104449196.28973144,105011035.35330407,105280047.83993216,105549694.92198941
31,io.reactivex.rxjava3.xmapz.FlowableFlatMapCompletablePerf.flowableConvert,1370778.0972133325,1446379.78099557,1384095.456485611,1338787.052860643,1352670.4552234914,1392862.8710070497,1426085.8425904394,1332122.9907596116,1342070.5488151524,1350835.9560575013,1338179.7117670286,1357942.5041281867,1356826.3338088666,1396154.8135646728,1409174.9656803845,1386322.2974873364,1349547.1431891636,1309229.7141579604,1302095.034662302,1282210.3260961988,1294868.7566529152,1329640.8130295004,1299727.54106206,1306291.468523838,1305860.4145158601,1314426.3473890764,1394132.6483445717,1370914.9198140295,1376571.006755402,1331849.0621007709
32,io.reactivex.rxjava3.xmapz.FlowableFlatMapCompletablePerf.flowableConvert,145685.07757497136,147254.26664767845,147905.56594950703,148604.3641958168,147270.7324521683,146319.4031897072,148109.31689740132,152700.42704521457,152194.25617349238,150634.3631390576,152667.58608595032,149338.1494651542,150631.35042057114,150314.12911054713,149169.91141072367,152453.8336579463,150391.75132787865,150886.70862779705,148964.2557775291,152705.1951310352,148449.6725005909,150164.7736532053,149339.98183896704,150866.69134259215,154904.62245961188,153222.2956158577,147905.06355758148,149728.94039923896,150258.93961857367,151441.6180367821
33,io.reactivex.rxjava3.xmapz.FlowableFlatMapCompletablePerf.flowableConvert,15561.62694111734,14950.881225557892,14836.518243416118,15188.471088303711,14801.752499896449,15405.106380589075,15105.460221484445,15019.55489352592,15270.985365190367,15363.52576215844,15301.346536493267,15458.526876326423,14763.864482487916,14478.10785899373,14237.84254369931,14798.173951131874,14526.552509549943,14955.0803971513,14829.816610294132,14407.904437354488,15322.930827178603,14966.831748981002,15031.865620260967,14884.406100075463,15330.359482250473,15706.544368854404,15502.370003306003,14824.979967253354,15186.509595948253,15482.80964321054
34,io.reactivex.rxjava3.xmapz.FlowableFlatMapCompletablePerf.flowableConvert,1488.6220909528802,1505.4494977658035,1499.9274515090253,1500.6388532522985,1499.5541315718433,1512.920567485193,1523.0623342892065,1505.0508712740993,1503.91361670577,1544.5537475312633,1557.2115931136761,1543.8514270292387,1527.852495008722,1508.602454589769,1510.5983651278766,1508.2714520991353,1496.3385629906313,1518.6450349468216,1499.4166249725552,1499.6865025341372,1520.1257999744475,1511.8831405045378,1555.8495851296584,1573.25504642971,1505.1466240082927,1516.3269146132186,1546.8796523023846,1548.7005711341758,1519.3550960552834,1491.4043957233328
35,io.reactivex.rxjava3.xmapz.FlowableFlatMapCompletablePerf.flowableConvert,150.47845701678244,150.90759610984242,155.85419606177126,156.54817644542575,151.28701711760743,153.81398137009452,144.63971664054066,150.96028989574293,145.7070213552941,141.98348845616044,140.87623290382987,147.4369606576664,148.1837294815994,143.38529134025697,145.74909948394787,145.01679209528245,147.2907614015579,148.3181813204698,151.92230936174934,156.47860390307872,154.16218862806005,152.8884417378287,151.1174305327513,153.8185029341923,159.70301722738208,155.08434280374794,149.78810106452426,150.92575901543728,147.58420732310344,148.9758501208403
36,io.reactivex.rxjava3.xmapz.FlowableFlatMapCompletablePerf.flowableConvert,15.174260549012923,15.078413475155926,15.163939343245598,15.253283644439911,15.342557892840825,15.183385278509624,15.571246081707596,15.159722389781896,15.14445012211983,15.25899840922462,15.503023978677373,15.414592929035852,15.098309737430656,14.997297486992844,15.16857902725484,15.266628741689212,15.569397394239093,15.08306842979529,15.018155114502605,14.982145417734197,15.506687683074317,15.09756242522891,14.742266497909256,15.110308381854557,14.790547259093334,15.37974799014089,14.828700981593572,15.684460847937617,15.351749635691707,15.23353555074232
37,io.reactivex.rxjava3.core.RxVsStreamPerf.rangeObservableFlatMap,36677144.74608285,36937739.67051989,36639210.880013876,36816773.97937958,37242909.99570363,38679054.20625927,38768179.02722158,37526824.58246848,37795501.795648456,38431955.13828719,37309619.52567432,37143345.20236157,37581393.697735645,37045733.46702719,37651713.004736006,36732150.56704871,36563373.38173588,36278447.41846243,38252219.36634838,38408337.97731672,37029323.49933683,37373813.217785515,36011204.46890576,36641241.12911384,37157162.03162368,35970734.30042153,36274534.52633634,36169222.188257456,36240758.59335928,37231116.553115256
38,io.reactivex.rxjava3.core.RxVsStreamPerf.rangeObservableFlatMap,17089.07898408815,17362.203877854685,17010.60518140694,17447.251163980043,17399.27413708155,17188.880814781267,17309.611353738757,17121.318823462087,17159.283033677002,17229.879782136086,16971.647325764843,17382.18830395277,17010.000798533092,17088.46620762707,17399.556776363628,17083.13706241443,17050.832819341016,16951.748249005796,17198.266270366108,17393.93775222147,16886.250098519376,16897.66246552754,16953.10258751453,17170.184673780765,17450.319115461523,16957.592858944565,17148.933199163548,17293.865124688924,17057.943226301246,16893.227630129957
39,io.reactivex.rxjava3.core.RxVsStreamPerf.rangeObservableFlatMap,17.42749159961502,17.60860070736449,17.733350628998597,17.73090980835543,18.334370849647264,17.63191793259062,17.692686179694352,17.70583901506494,17.639627525153106,17.51139493951876,17.684927194028543,17.74302926849102,17.602280141477582,18.074153407558097,17.935399488963075,17.923539274789643,17.488900234672574,17.451452676372234,18.08761032602177,17.926015551429966,17.815589532214016,17.561651005153777,17.90159644597219,17.768450613514492,17.564021673776363,17.56352646779969,17.745523811647264,17.616856777883687,17.679023485937417,17.423368328465465
40,io.reactivex.rxjava3.xmapz.FlowableFlatMapMaybePerf.flowableConvert,50056344.69732432,50090927.21892241,50133995.26807134,50019097.13793979,50192428.953573525,49913042.486118175,49990931.94693873,50028397.01622806,49995571.036812104,49931668.1241745,49305985.99775893,50188442.433718964,50343841.22170011,50036999.484073505,50075190.139428824,49956291.78385491,49848761.766741686,50152641.55372812,50035650.19824666,50064942.99385845,50006477.89595635,49983679.46655302,49942386.609427035,50457744.19751349,50917901.538936675,50293559.06565843,49875234.18763811,49859884.7904067,49757405.0413962,49736321.922301695
41,io.reactivex.rxjava3.xmapz.FlowableFlatMapMaybePerf.flowableConvert,1256835.805268246,1260061.0233818314,1260269.8991520517,1278434.982874289,1298605.6847661007,1257521.7366690354,1252281.684934949,1255535.0970723259,1261006.6930952924,1259720.155704886,1258086.1686520076,1259132.0909798173,1262061.4373929272,1261909.648283523,1255343.8850117722,1255955.6436469639,1283658.3944254487,1307067.92444648,1260929.4194899201,1262539.5609265312,1260323.4647798948,1296625.59835301,1302325.2924719288,1261002.817008064,1259151.0884539136,1260895.2264911905,1259125.6407494352,1256760.4626541717,1260657.1559688037,1277450.2487856082
42,io.reactivex.rxjava3.xmapz.FlowableFlatMapMaybePerf.flowableConvert,133906.15178272704,134146.08865936619,136708.65238539228,134387.1680502332,134060.63341624613,131459.58400965395,134278.68796171498,134332.2089176217,134269.1293873315,137772.9988401421,139069.40340414763,133701.19496151715,134446.7618347267,134066.35875187672,134021.10876860822,134212.00780914698,133890.78990769232,133666.11516953228,134242.8713008053,134416.58731286207,133085.25697452668,133569.05691532337,138540.6047164354,138170.11154145366,133670.39066753344,133413.535983086,133803.8975221719,133884.9794864189,134144.37537265904,134189.6722488803
43,io.reactivex.rxjava3.xmapz.FlowableFlatMapMaybePerf.flowableConvert,13502.646170684342,13529.08662430382,13946.08339366895,14085.735678451238,13527.826305086915,13480.370277982835,13572.24961746315,14183.12474518885,13983.633910835983,13604.092661435852,13604.743846791138,13598.51423993266,13555.656553101648,13630.881736093253,13628.10106319767,14168.970284253563,13743.238459670472,13591.220746109686,13568.77780590791,13596.146964143323,13607.7155246962,13607.208012348023,13579.049004881992,13586.414220904964,13609.953748415544,13599.247200071994,13590.889800984827,13617.571536729169,14145.016086826017,13888.908484571106
44,io.reactivex.rxjava3.xmapz.FlowableFlatMapMaybePerf.flowableConvert,1343.952883302127,1339.3676189180953,1348.7428756581846,1351.1699884366333,1349.2850071282976,1344.3333383758327,1343.629441779881,1348.9346683961403,1416.9364107277593,1390.2261361821986,1350.730734529533,1345.675910105162,1336.4693161004323,1342.2201419109267,1348.8321041238391,1348.9273063074631,1342.4845637916087,1344.3582571423706,1347.4054263652915,1350.6350408537057,1364.3733965095457,1409.8673032894144,1370.1074164214474,1344.7611811723132,1351.6374354226848,1350.5397441584294,1348.8839163990385,1358.6901276186643,1347.6955259313904,1346.3054935018167
45,io.reactivex.rxjava3.xmapz.FlowableFlatMapMaybePerf.flowableConvert,134.7832114479101,135.0946165493625,135.1248785875643,134.7352998383494,132.58100887797823,134.96496394881382,134.93926518613236,134.5775312531843,135.47604585076797,135.48022186452323,135.47068716997055,133.75984797023378,135.18092686818412,134.8608445118946,135.5984479768558,133.28301720396993,134.37614517403887,134.8333955417999,134.83528427288525,140.2404777670425,135.20146553298702,135.19825958405625,134.35528528080195,134.24468009364455,135.07153220002485,131.807724690761,135.73070945805097,132.88211270354026,135.12026452168308,135.44223479113768
46,io.reactivex.rxjava3.xmapz.FlowableFlatMapMaybePerf.flowableConvert,13.501482116037568,13.51590598542783,13.526477244913124,13.549428798714157,13.554504690728047,13.592041836980492,13.997682851576116,14.029009558200835,13.58357871389101,13.592813594409002,13.517627687006634,13.561850580189772,13.547500517749182,13.572103143039763,13.576383083335212,13.54433817853395,13.53631933708854,13.544550655231617,13.571349930302636,13.79666852101447,13.574750589240896,13.581838986567336,13.478018488331305,13.077606370359131,13.498506470767959,13.567487151342545,13.586954016380762,13.594390861888527,13.534257428068859,13.418060860775945
47,io.reactivex.rxjava3.core.RxVsStreamPerf.rangeObservableFlatMapJust,24462036.59373495,24098032.185355067,23694873.350380003,23761926.240349695,23775125.97407533,23744066.067542367,23829241.072893925,23844852.034059227,23802621.97554774,23874548.87981633,23825240.21682416,23698595.467971742,23799013.997356996,23687109.21982489,23800664.94470479,23785596.05422171,23828740.915908106,23769890.315504726,23648553.643452067,23616144.642133687,23812036.92442561,23670617.804958604,23661273.896500856,23691791.407979473,23627110.66034263,23727517.340940718,24367977.841982167,23870144.32503173,23821909.234296966,23768822.01514379
48,io.reactivex.rxjava3.core.RxVsStreamPerf.rangeObservableFlatMapJust,56240.17741797575,56517.22626337095,56295.724771028545,56562.611390514205,56277.448730166296,56089.637953166515,56403.29964022837,56433.46348608966,56287.230891277104,56324.18981719745,56119.63225232275,56205.564500479064,56145.35914688717,56044.58453445115,55751.67788907703,55922.13840857647,56159.68995586181,56284.1708207325,56270.22413953683,56667.7290044934,56718.11871672029,55814.30888225518,56028.793249949056,56402.05014142257,56232.30418803955,56350.76028327377,56229.652693148324,56516.76628018374,56616.893034760935,56461.36815353762
49,io.reactivex.rxjava3.core.RxVsStreamPerf.rangeObservableFlatMapJust,58.191990995446275,55.20892674713972,55.11345054586428,55.74097802956809,55.720974933460724,55.30589208441955,55.370361471562276,55.15538409278735,55.52565443978998,55.27376627596504,55.32928217466969,56.87201249322864,55.28383130163756,55.626220998655064,55.60634339967256,55.64593874758785,56.02602745917974,55.47816890364584,55.53858669909144,55.3528288948852,55.340971487629844,55.50006314569238,55.66990656940457,55.68351854607947,55.91380618390481,55.60213166300611,55.27754416654063,55.014200486468766,55.295797403276175,55.36922306916678
50,io.reactivex.rxjava3.parallel.ParallelPerf.parallel,3156.5839464529377,3138.797867694916,3143.589733247504,3150.4927171141685,3168.3958974041725,3277.0581341675424,3273.954151716005,3130.051647561667,3145.1204733498685,3140.464221101559,3158.4229877043763,3156.4843188438617,3144.6444287651507,3143.976667034647,3155.503967398341,2940.5416665920534,2804.216875892209,3109.645805123505,3179.407733568575,3158.8674386217613,3160.513644357838,3133.061134368231,3181.026942944315,3261.570454432722,3180.7876378941437,3174.3531366665165,3173.880300278355,3157.636922276129,3159.1357836558873,3152.563351060498
51,io.reactivex.rxjava3.parallel.ParallelPerf.parallel,1092.117540632113,1111.773572858831,1035.0188394009263,800.0112545583291,983.266867374284,739.2875471122728,741.7859005608789,797.7726698910785,981.0261872982569,833.0617542025883,996.9544940121208,786.1425990773146,992.6911856844278,813.1987097721337,756.2030867201063,746.528892490989,749.4605667635451,815.333125990922,959.5537911746893,897.7006688935628,1020.4725626331676,742.6908927931104,827.3981266081596,814.4100446213165,779.1767545665487,1116.6668815192395,816.3229539868076,1030.7656152375168,929.2937627605273,994.9763553818907
52,io.reactivex.rxjava3.parallel.ParallelPerf.parallel,887.0787057814579,904.1910898546209,910.4266633608818,907.7322779805938,915.2106655789435,907.1325970892655,916.0576267857696,917.4092315731008,916.4111160496487,923.8428534067926,923.5251796876406,907.1402134128675,933.2013308394171,907.7012954730883,914.024061776327,910.1023633087615,913.8246104574666,908.3626301016992,911.9563054375376,929.6026469261873,933.0494856940328,927.8112850402454,917.2877975736322,935.4870013801311,933.757916723784,933.4823009841795,930.8585011301017,934.2739794276827,930.3326268204829,942.5970981815475
53,io.reactivex.rxjava3.parallel.ParallelPerf.parallel,863.607051882537,727.4797182008724,762.3747452140854,791.703245080943,695.1702045240082,713.3483291940447,818.4722482758395,734.9288625607485,659.1676327758742,919.3650671779405,695.3154188605758,726.2892649459521,834.333048344815,733.2035825373906,836.423924731776,890.1490136153262,750.6394190954462,746.4645624622749,632.9468552502458,798.2505078883823,569.5491864411039,613.7924865809667,776.4508923760098,717.2235166075562,754.1547682228831,691.3116972472994,863.9193971841621,682.4972759190445,706.7769998413411,537.0521764846528
54,io.reactivex.rxjava3.parallel.ParallelPerf.parallel,2840.406948592796,2839.622517620243,2858.015565112644,2935.8381032077987,2891.6455594371973,2872.4385531603994,2848.3995260475144,2926.655684811993,2885.9246513932767,2851.484599861544,2841.3307898830512,2845.4290418993105,2862.132092788447,2852.435688385588,2848.3283983436113,2902.6171283302715,2878.1864719591413,2873.973752830418,2857.8996429057893,2874.307513210995,2891.526769837322,2858.4881905479706,2845.434797059086,2860.4323586401574,2854.9679644044713,2842.825083815418,2845.6773627919615,2906.5955850100886,2967.1703317005313,2939.190452895178
55,io.reactivex.rxjava3.parallel.ParallelPerf.parallel,786.2396645736551,856.2824644084295,858.7061370206134,737.9014503097053,744.2715747113858,1110.4958504308463,733.3626162161811,1006.4426883999547,852.8814597116776,923.4120081696778,858.937869211634,781.3613980175686,779.9831562387735,782.9888036286321,777.5622122578812,764.3100626566103,883.8784234067389,731.482606259975,741.7281796157444,767.5962374707243,748.6875045737785,934.8746501371603,1017.9337935860651,1029.8456055468164,799.7653528443022,1019.2218108974962,733.7314645562129,879.7834553789937,842.1443611176398,1089.0891207102898
56,io.reactivex.rxjava3.parallel.ParallelPerf.parallel,889.9581684062522,910.6694770666461,905.69121635377,903.7448592700551,906.9124321632,909.1270907143255,906.617860571769,913.2427984323218,911.468517238787,904.4473293193935,903.2977826268703,900.515063633083,910.7514877952827,907.5138557176583,912.1203620682658,905.7475074845811,905.3831543085212,908.9666727369441,911.5472026003164,907.9611752884783,904.5197931553732,904.6603986282985,905.5067659370602,907.3030714771002,904.1946130616699,898.6650576476991,910.148818813009,912.0559664393213,906.0053013097186,905.7549443767791
57,io.reactivex.rxjava3.parallel.ParallelPerf.parallel,847.7593203421064,736.4598052599223,731.7535600360511,712.3174211188954,618.789958555258,858.2311690553628,892.2879854177162,626.5410999959655,746.4034064748354,620.3740227590674,694.9630307466164,707.0365239633949,468.7268077361059,736.5125016386529,667.8198796289857,764.5011469470929,599.4192502617069,476.47759139822375,871.8749678983536,655.6423575842156,642.279988321435,658.5489203315298,691.2133150368207,820.7749640242387,833.644924783542,702.641019895497,872.6065956099322,870.2036722684887,899.6525676731532,888.4766241865138
58,io.reactivex.rxjava3.parallel.ParallelPerf.parallel,555.043204313454,563.7775587453092,558.4581699220873,563.7480745154528,560.7695853850611,560.1385052984355,561.1051780783647,559.6062336333101,563.9664394851192,550.27035636476,553.9895833847708,553.6391983172094,560.2648462409455,559.3361071942879,554.1632943333975,554.99975302511,558.7757537908159,559.0127298538561,558.9366065279609,559.8610262573131,555.772483418463,560.2803327989674,561.0930335100295,561.6876286590739,558.3700028515526,560.4153410912531,562.8914123821013,558.4487613705875,560.9322618200626,559.0552787600216
59,io.reactivex.rxjava3.parallel.ParallelPerf.parallel,632.5901928908806,662.4579623211537,649.279390775354,622.6131735483402,566.6471113223632,651.459601882506,627.5261035820447,668.0864872650327,556.6666824638744,558.4715055694351,571.2177538440468,563.7371152897125,650.6178166845945,564.6712066816973,562.7868962394438,550.9136258754548,551.9414693668809,670.4066472111926,548.7668588574921,669.7827137804743,615.8101223384984,570.8851984119106,616.6563306437126,584.9609175911739,558.0808107683008,555.5626694000883,578.7059988340004,559.1799463923971,557.7557113647579,559.9104249513427
60,io.reactivex.rxjava3.parallel.ParallelPerf.parallel,614.2874406974022,605.826142436948,603.1018360186258,608.2981097513804,607.9541383716178,608.8115772751306,615.4944193430744,613.8474067423949,604.7113301617434,614.4957730354527,607.4978258946742,611.1561199077242,613.022948882902,616.7874618253171,611.2188458121433,613.4585056981468,617.6441066716507,615.9712901941353,621.0817666307788,617.5490064307996,616.0852717054322,614.7560408275141,613.2112447721869,614.7601193719008,613.9104636145237,614.1601930528981,612.3565033314047,611.7612577221289,616.7483783798402,613.0596162065681
61,io.reactivex.rxjava3.parallel.ParallelPerf.parallel,729.4579696904998,716.1007621966776,668.5531120065705,617.2223264092844,582.0919365789368,673.8569223516196,546.4460217662697,570.5966098794863,541.2948503118921,488.6203096410985,503.3564929520024,604.3919798550899,728.2057954568893,734.1303660533716,734.609975729416,727.4871121286169,736.7610979023002,736.6213854473367,728.8775133230547,732.7638998076625,708.630952794725,713.2740173928906,719.6107193852414,725.2090483912008,740.5621892610174,744.8252266457487,740.1161977842199,730.06526458881,723.7610556922112,723.4524115812653
62,io.reactivex.rxjava3.parallel.ParallelPerf.parallel,52.95374448056627,53.293919413881525,53.40161989660497,52.82426944999643,53.70028111739163,54.112460411323966,53.57041169022095,53.06520415950423,53.03443289331689,53.14398689797595,53.146717701871836,53.23998478909972,53.44131000912825,53.60256368435721,53.60518606509483,53.56404321641438,53.10898853432702,53.54669313338239,53.08382321624901,53.325969188158226,53.24322759751562,53.37224008860156,53.29388469983713,53.58314089981904,53.45400587037238,53.77045387862171,53.323088453928946,53.31026154722157,53.38631401681807,53.26425467156809
63,io.reactivex.rxjava3.parallel.ParallelPerf.parallel,101.70650563838582,100.97074857219714,101.70643931376739,101.68519402803095,102.92798355432268,101.85241045906706,101.57912517906308,100.67549569499121,100.90083465969646,101.26056326742273,101.27182599968904,101.684483014286,102.01980584579054,101.55373864876739,101.78448722667751,101.65231442124013,101.37799379838013,101.83545722144984,102.04079257025336,101.69482035259038,102.59531350405047,104.13974488960088,101.38817921719279,99.60875672533423,98.67280522081839,100.09200466979347,100.45479546040045,102.50505006057044,101.74475618598841,101.49644336113421
64,io.reactivex.rxjava3.parallel.ParallelPerf.parallel,146.35607993587166,147.07863369438908,148.80724402452526,148.4360655590657,148.73140060930922,149.829900211908,149.20694197631985,147.81336921408322,148.46048524361413,148.6221787905879,148.76180096791037,149.2660564123635,147.3427882490387,149.10713232645165,149.06078557923792,148.9020465754849,148.15151125742332,149.82988599421,149.57033781606503,149.66195405451845,149.61785445475152,149.95424281239397,148.68761742654482,150.81579404160496,149.2359352921103,150.88098342058703,150.1384542024351,149.7913889777726,149.77657214648963,150.37484799779241
65,io.reactivex.rxjava3.parallel.ParallelPerf.parallel,194.30966246050022,189.21949983828705,194.24684708827832,194.0823435507877,193.71047934901256,193.80065374055266,191.22274589224085,194.77154913889865,193.2220630485205,197.56161295403274,198.48230218389517,197.8382102856869,199.1531853212189,198.84636731968146,192.24847858862205,195.90614665460373,195.95943561299038,195.52389247847867,194.97022648665367,195.52063619063233,194.69683211120835,194.61443222225446,194.93967786608113,193.88780546415353,193.39141443062272,194.47351779210987,195.2095767077431,195.93726931166898,194.92828822190262,195.8558839524789
66,io.reactivex.rxjava3.parallel.ParallelPerf.parallel,5.36056448152032,5.3255561467632955,5.350814358228637,5.34626872317772,5.359510885248341,5.38180768174831,5.348934730541293,5.36169097374525,5.361794798182928,5.353453835123899,5.351696846196348,5.3537772719830405,5.401382217490423,5.353900004690284,5.3892979348556125,5.376247058250896,5.377637562052672,5.3588170472815895,5.379566629607848,5.383313692462863,5.362717497744575,5.389482432040201,5.376956153227492,5.380517366678418,5.377373761546571,5.379653223518472,5.3542709361664755,5.399231049072914,5.361960502054518,5.36610033031594
67,io.reactivex.rxjava3.parallel.ParallelPerf.parallel,10.573522164519948,10.599711427096281,10.639228804860851,10.648852986584375,10.647789223093943,10.609327891796198,10.642150444015526,10.608346989771842,10.62233905095604,10.655594137858207,10.614065847095912,10.589497147658294,10.653061408220518,10.606086336776674,10.567788351801125,10.60535233505495,10.65430088987617,10.607626515283416,10.679585210735643,10.611647898854743,10.658612683015587,10.647104778483346,10.644004973691938,10.650762797900661,10.659058677617045,10.665305944273072,10.710655059554446,10.65393023786722,10.627095464571386,10.60179224126706
68,io.reactivex.rxjava3.parallel.ParallelPerf.parallel,15.639418826332992,15.671150528251076,15.756238387159927,15.773532594153194,15.736713329667362,15.814913840739827,15.705594747182168,15.616425240506418,15.701247465681273,15.68323789668121,15.696898170485706,15.733485594402397,15.598711981204449,15.7238857516259,15.660909823884161,15.777121931145915,15.702660020008095,15.708845101652605,15.741617127945142,14.645363175110674,15.258294502587072,15.473659719998595,15.65389324990103,15.771177033321226,15.595143265743687,15.635195216093067,15.640700437526796,15.711766851520514,15.746763137688843,15.760930856179687
69,io.reactivex.rxjava3.parallel.ParallelPerf.parallel,20.84349226122323,20.57701480933047,20.793399938804825,20.766775590942803,20.72269155270089,20.78564771692019,20.752845357897908,20.699228473812955,20.744242368852603,20.726814368577834,20.86173202833411,20.782179956009607,20.89133857010946,20.72700601323608,20.710769056695597,20.819729086190026,20.859565727204274,20.889191071705884,20.703652085482474,20.86167992738689,20.80385895019692,20.82107436809177,20.72083441418797,20.808856441139188,20.847371328592143,20.88840644583279,20.822158898665805,20.796036549545224,20.74217083403613,20.898677755685544
70,io.reactivex.rxjava3.core.CallableAsyncPerf.subscribeOnObservable,245829.76116722514,249417.40798351838,231375.34145929455,234364.25794652567,318677.30390559207,258317.60385036655,308527.3940623017,284211.7516065449,237760.3049671005,236091.77670553216,272873.39240072697,275054.33873402455,309043.67979535693,266727.0673105158,272251.94045131595,246728.4933176352,228245.07783658247,281819.45942942763,312175.4786542509,231431.35031274086,347790.9332122536,287498.5295910508,273723.48715854425,279074.68948773376,279251.9396732092,231385.32467002215,229426.57912683973,262229.27012536826,238454.04461023587,232332.0250568362
71,io.reactivex.rxjava3.core.BlockingGetPerf.single,45109113.535482354,45075272.789758675,45584764.33018857,47146572.60458749,46057427.14773742,45179412.267708115,45049103.60058993,45095913.73080868,45092756.29733696,45057235.803827226,44859006.34034113,45202059.836651064,45247366.27052207,45236459.0920019,45386521.775841504,45815842.092019156,47253097.47618446,45934363.855268404,45366540.639834724,44307715.387627274,45023105.38492878,44380866.42236122,44899507.23753517,44907040.917310484,45271732.174533606,44636742.81286231,44033004.487429604,45340661.32167803,44832192.95815739,45158909.84786922
72,io.reactivex.rxjava3.core.XMapYPerf.obsFlatMapMaybeAsObs1,113648110.19595176,112673130.20567836,114939483.52024648,113087514.37941615,113697328.51539314,114200367.14958994,110638718.8845413,110217507.13808224,113485809.3941676,112407615.9039232,113312572.45119247,111899974.5282501,111949250.36390302,114868613.40683497,111950435.56004857,112229115.50390773,114162717.2296836,112430595.02502412,113216564.29577966,111932621.25560018,113065395.22824271,111910436.3181635,111615461.95708756,112768571.08271219,113353457.72859526,112714544.22169122,113284440.03248377,112567141.06706986,115132331.00559051,113297586.03288665
73,io.reactivex.rxjava3.core.XMapYPerf.obsFlatMapMaybeAsObs1,1294709.1690587348,1288765.5744364965,1328409.3671455395,1351338.8773327777,1346941.3506578275,1342040.3889630453,1326886.933155423,1345397.4076244363,1317426.0385159736,1325170.8912395327,1303608.2273530283,1325884.2246739704,1330355.358595587,1339216.305389604,1331537.8430097469,1313235.5093556244,1339112.2237870398,1336020.427714746,1326815.959822679,1331345.1758447504,1295063.335855673,1325213.485643279,1328179.865285352,1300320.5522988292,1274794.0372550837,1273766.8470975717,1291254.388978127,1342081.817322491,1366340.7271566247,1297167.093606437
74,io.reactivex.rxjava3.core.XMapYPerf.obsFlatMapMaybeAsObs1,135555.68825035592,136834.0663109051,137258.94187069114,138960.2034988225,138036.24340908838,136005.1759402972,137324.83150647054,136939.92739128027,137679.48273617143,139219.34026607563,137736.82108050637,136114.11480361677,141646.47026344738,142733.96479729438,139864.10660091767,139574.52355329815,136930.90206251622,137615.94032936016,135688.24496500473,135535.2705590553,136252.75992382792,136760.65937160823,138256.12244265547,136770.74992196518,139825.97965262007,138476.32099658155,138973.73625972692,138403.6123964807,136769.97667548936,135626.31468079786
75,io.reactivex.rxjava3.core.XMapYPerf.obsFlatMapMaybeAsObs1,14060.702281543627,14396.018076399045,13855.748354828114,13929.849881944498,13830.7785347937,14262.740842450206,14325.73117665063,13814.974445372049,13754.169564504204,13615.155111549553,13934.803672551057,14081.819267618048,13920.872632050767,14031.904697583115,14022.025399124634,14007.783880636325,13736.680852801024,13927.151599706001,14238.267573031319,14096.65599662397,13900.560485757216,14116.405509648468,14128.556499511002,14009.50753914284,13902.673351298126,14147.749441383847,14461.98566524941,14476.936596622296,13873.947203264375,13891.35248559521
76,io.reactivex.rxjava3.core.XMapYPerf.obsFlatMapMaybeAsObs1,1401.7120210686955,1395.9620910176316,1382.4790445690721,1379.870398432568,1394.4698476643753,1399.396398351499,1398.3405747467827,1480.4831292884535,1453.253662857939,1399.5116474081951,1415.4380993833067,1410.483548627703,1422.116457532449,1429.6513995213463,1412.687434429008,1439.4804109088,1411.9499576696003,1448.43946841012,1414.0503119100977,1419.4409077763632,1453.116179864618,1427.063703504131,1388.1782318030503,1395.3384867674854,1374.7671213234835,1395.7592454877458,1386.5513826866832,1384.80500052726,1391.5289883103917,1375.500790873469
77,io.reactivex.rxjava3.core.XMapYPerf.obsFlatMapMaybeAsObs1,137.41919516068864,138.07649689048154,139.73727212938232,139.00241238686698,139.49536255289618,140.6933380471123,140.13562817065988,139.45064464422242,139.78030882620126,138.1017228676761,137.64292260090107,139.79591460039725,137.8701341921886,138.20151517877432,139.32962276520558,139.17182603963118,142.59007463874465,141.29265294970727,139.04124636922836,139.1309238321268,140.36745120596936,140.40504918902198,138.0238721263359,136.76582476802832,140.42721662192784,143.9081448702108,142.0660440460351,138.81581334858492,142.91467965041934,139.242843783373
78,io.reactivex.rxjava3.core.XMapYPerf.obsFlatMapMaybeAsObs1,14.08734392908712,14.210900485807496,14.145033601187839,14.184360357555725,14.381687008664883,14.304283302533143,14.184638979358411,13.924977429551138,13.972164281726895,13.996149508111904,14.06018474452858,14.057657141507768,14.033490245249359,14.194281792511099,13.98294604942447,13.988960289309007,13.923260972521678,14.066760404119458,13.803252415407478,13.891651108654125,14.156684105250806,14.384417238825323,14.268071543477983,13.88959101598236,13.72710774731517,13.96452737737862,13.969841849535854,13.990553251998008,13.857397321095473,13.981833557458963
79,io.reactivex.rxjava3.xmapz.FlowableConcatMapCompletablePerf.flowableConvert,110931979.773501,110249843.17606094,110898891.31999744,111895905.99189958,110747525.57712881,110922306.50832292,111170410.23909442,111522587.48392616,111025276.8884752,110068918.91877837,111133637.25798872,110158744.67947124,109101194.57173762,111221018.824524,110877820.84575842,110705146.42301726,111127867.13367434,111153457.07678269,111127630.23351622,108359723.62059528,112624897.35922469,111443780.2052213,111084341.79010135,113000844.35395227,112714209.46660347,111629803.3835641,111573521.88294904,112581522.02294485,113839131.53059338,113928928.26901306
80,io.reactivex.rxjava3.xmapz.FlowableConcatMapCompletablePerf.flowableConvert,2225855.657835502,2196493.9417123976,2213269.4915049165,2224711.01851704,2220517.088309854,2209310.5223498675,2236665.8928928818,2327026.7105123512,2246839.9867004184,2194601.2285393407,2200950.4682674836,2169970.6914464966,2202231.76295405,2191367.2033716706,2229297.5137917255,2309022.7274310146,2267847.690353662,2178516.065582619,2203977.3521927283,2228099.0863517616,2292677.174935878,2248231.0819333,2184879.2749439175,2173011.515800482,2216628.1049479283,2219568.6961454717,2228985.6172914864,2237874.5367480116,2347646.7476608185,2271532.016829203
81,io.reactivex.rxjava3.xmapz.FlowableConcatMapCompletablePerf.flowableConvert,237703.80902421853,236507.49949374533,236048.72208012536,238525.72228956586,238743.5280892666,232864.72866704123,237244.76642038138,241957.459997031,245467.13031300384,241264.04757729618,239275.67696662562,237104.9428282889,244586.84059640215,252756.102049833,241511.42373173195,239594.98380116458,238538.27603472432,239096.1263863642,239279.3646138722,233709.1724358204,234218.0095541197,232627.06303863123,224482.42499584757,232312.58344174278,237118.89782778948,241691.84833811768,251952.74829554057,238600.725443644,236916.9538780931,238148.55535173978
82,io.reactivex.rxjava3.xmapz.FlowableConcatMapCompletablePerf.flowableConvert,25563.036963708466,26745.430925803877,24655.91608197275,23658.346896668943,24013.754401643622,24644.620887015164,24016.87923751269,23758.013068379125,23995.61600485569,23942.757131477305,23955.346482209065,23823.216549700548,24015.70207138155,24777.445463071646,25280.965059279482,24351.122714923593,24061.883372367265,23857.227861257237,24091.491968968712,23844.322218111443,23752.515277775015,24136.474261052535,23626.22556682217,23836.890435196485,24287.022672049156,24023.228662174115,24987.077027348765,25308.01364547618,24157.398147086264,24088.832847870854
83,io.reactivex.rxjava3.xmapz.FlowableConcatMapCompletablePerf.flowableConvert,2507.7243785212813,2529.766821273016,2531.320904821617,2526.276754754158,2542.401317880067,2516.4715963271465,2616.7087629313946,2684.742294271915,2530.6918781410686,2535.5380706032215,2526.100781378752,2544.8710513838264,2535.818894350384,2515.3677145329657,2526.489926948648,2535.1994955480836,2548.6671389743155,2547.472301302674,2536.1531404241155,2646.2881061588337,2518.792693286172,2588.598844837016,2542.0324185744207,2529.1626827564332,2535.8734508988055,2543.615161200571,2523.579490902272,2527.8436000275133,2558.508748410744,2546.7901091567933
84,io.reactivex.rxjava3.xmapz.FlowableConcatMapCompletablePerf.flowableConvert,266.69963620221813,261.8323301688974,253.45432702735243,251.96314912962404,252.52811409717665,248.50924022476553,251.88375640207173,249.56544666165485,252.06959675042717,248.75120153573596,250.71750830970967,256.0609249803971,263.1859980798169,260.97963461259377,256.2043438314014,254.08026248025558,253.7562901751092,255.59797888494114,255.3184129434978,252.93317834241324,249.50329283667344,253.04517452117227,254.28374930056262,254.0413581682226,255.6972133321634,266.2534710627371,265.5075119745909,253.18314711061632,252.51153890152196,248.12757946057533
85,io.reactivex.rxjava3.xmapz.FlowableConcatMapCompletablePerf.flowableConvert,25.080307240245986,24.98665005764725,25.261871163431046,25.021000053168663,25.281084578753298,25.04536980781729,25.341524311790966,25.123539691839685,25.178674824903354,25.283501790514876,26.44391156545608,25.2354304297934,25.303178598531055,25.159432663696002,25.398275858557334,25.541957155099794,25.45932332919864,25.360913946316366,25.32409282120779,25.35309800786687,25.142417167134138,25.281847898959665,26.195020624620383,25.892078193199797,25.201997475037075,24.48872829777308,24.841464382663602,24.82174696795535,24.93274904559581,24.90409505217284
86,io.reactivex.rxjava3.core.BinaryFlatMapPerf.maybeFlattenAsPublisher,20732880.094141215,21831694.239388492,20727619.02513587,20716674.197632186,21304776.722923208,21021338.43482893,20728085.572139192,21106376.497017954,22485443.29736978,22055190.274743058,20482276.603049528,20429446.42511142,20400819.626188375,22867836.033015586,21278951.651049253,21545312.679594293,20906738.380297847,21300991.804022912,21268682.94218533,21161358.97247093,21025535.908721913,21251056.908676192,22597581.626777396,21092708.29783689,20950016.19527318,21061727.363763534,20746292.49635997,21115917.632669106,20497748.410244804,20685321.599805016
87,io.reactivex.rxjava3.core.BinaryFlatMapPerf.maybeFlattenAsPublisher,631972.3607243922,662481.3398257713,673779.1010523908,645700.3599220098,655436.9433025385,658560.1391447597,665935.8804160507,652253.1735549904,646422.8213618363,651528.2161924392,664637.4609292095,646949.0426694975,666290.3452583544,639865.8742082978,627342.6015345795,619682.4718517289,627808.7638584701,641206.9777652087,630366.786151847,645215.2503554877,628725.6310158594,622204.203729445,655064.1020857088,628869.9372137536,660305.252917467,647837.3525061794,653935.8516019123,665598.27815457,672362.9638383173,668280.4551723456
88,io.reactivex.rxjava3.core.BinaryFlatMapPerf.maybeFlattenAsPublisher,845.5958525358556,837.0838928763844,841.8436974062337,843.2143763223661,722.9762360077873,675.8962425108849,668.7506984333831,692.0745585923249,675.1469106943761,694.4096448627813,698.642557001774,708.1765153517126,693.9305163699622,665.9131509409411,707.7079395489673,671.4524499991468,675.3065169328573,700.2560388809644,694.6839056239469,691.0528222702118,694.3220902952751,682.622567060711,701.5399876024093,681.775326395389,696.47005663038,687.8353748570524,692.4925684530477,679.0564300397104,710.681812117715,716.6103818018559
89,io.reactivex.rxjava3.xmapz.FlowableFlatMapCompletablePerf.flowablePlain,98565920.93981196,100032404.65993261,99185413.03914015,99172076.73029546,99908636.06720904,100034736.15243788,100315484.14525759,100170117.84578404,99999325.4203089,99640039.95373748,99414292.26666398,98670922.8622155,99148836.5230557,99071738.36446705,99690987.41921562,99794948.73094313,99399124.2963564,99324305.20023775,98640003.10526532,98652264.55885537,98356730.81515314,98151480.26141717,98620128.94726244,98942342.99541733,98474538.25037755,98038872.10531077,98227982.47039269,98321616.46229109,98789849.982917,97272967.14237066
90,io.reactivex.rxjava3.xmapz.FlowableFlatMapCompletablePerf.flowablePlain,11552178.157636248,11652149.17247176,11554691.11193687,11488803.959707685,11433516.89888722,11415872.648542836,11419507.28580316,11433373.13375131,11501172.258698553,11465851.139515843,11496397.947449477,11554403.913120313,11548484.131716114,11543383.615411332,11707339.566943716,11426294.875597103,11451507.430219851,11433482.399529113,11493323.141273284,11496652.992960855,11438663.96755243,11407106.769284768,11794339.958039079,11633969.350734143,11435837.852364292,11525842.799895585,11492377.141103134,11504677.800654361,11494258.413795713,11450661.334929716
91,io.reactivex.rxjava3.xmapz.FlowableFlatMapCompletablePerf.flowablePlain,3090058.359032579,3062674.7440761738,3104746.6716232793,3050727.7991228346,3098920.919611382,3127584.631082391,3097634.0921413577,3121064.932389557,3089814.9307461823,3096520.536016093,3096844.541037594,3083121.4524445366,3100893.5336924265,3134974.4024884114,3124858.526694292,3084226.594893059,3105709.275556386,3114008.348131107,3117298.1513316305,3118538.6278952006,3119164.089694399,3109529.5766302897,3088410.863219894,3106024.919943837,3127035.211378633,3127580.9967211834,3103522.1293120785,3104885.6814959417,3112598.229943727,3134506.6932113986
92,io.reactivex.rxjava3.xmapz.FlowableFlatMapCompletablePerf.flowablePlain,482062.2826053469,482352.5423970714,487457.76938199566,477943.37654100405,475571.15067954606,480444.4584778559,480941.2867980248,483089.642034038,479456.76006410737,477764.79735261656,483527.56606006494,478904.2553999553,484272.4940563126,485051.14778527437,484573.6637459071,481971.66317842825,478018.4991988323,477187.5033064898,478980.3394401411,481894.5557594807,481700.0801722867,485989.18283031735,485762.81584026467,454757.36061524646,451412.11518458405,480562.7463813493,480228.41789023764,479773.6246946494,480851.2914251829,480737.55189412227
93,io.reactivex.rxjava3.xmapz.FlowableFlatMapCompletablePerf.flowablePlain,50342.87426127999,50525.13487770699,49791.931970527774,49804.24777828549,49985.30843501615,49589.17341711523,49780.72099368887,49980.64697390577,50496.138535317616,50425.226461268954,49954.37999267814,50148.92319343791,50518.29004736699,50446.369070513865,50071.68860901722,50344.49016873984,49841.8736186354,50020.82491180709,50013.81424627599,49937.79984485633,50019.13958812216,49808.61685691786,43807.02890559259,49037.35839151745,45882.43819994554,42598.353316781875,45180.03126458164,47006.723454508734,48908.46563998983,45325.761088705265
94,io.reactivex.rxjava3.xmapz.FlowableFlatMapCompletablePerf.flowablePlain,5175.3485685249825,5193.969859181949,5188.836942954585,5154.948883526871,5175.255389429824,5154.957652097873,5143.898423437832,5201.32560652451,5156.649724254181,5163.314889921877,5158.936870089521,5164.041596355059,5169.888966294671,5164.096341381345,5178.906479306796,5176.641232879355,5180.8175094883645,5193.067042495519,5151.760247381608,5169.804457316206,5146.607658658358,5174.688093799897,5189.916546141938,5186.631432783755,5177.58677162217,5146.514055849819,5193.273024868887,5199.700440057948,5202.0310249130325,5184.784188542936
95,io.reactivex.rxjava3.xmapz.FlowableFlatMapCompletablePerf.flowablePlain,478.6821693999835,481.15402729075294,480.2557073887802,476.36725185943465,474.2780975135498,480.4074985394189,476.01270537986056,477.84063298129126,477.79937156608,478.3101170556267,478.12236289377347,478.2207545834704,476.88028063618714,476.2346818178597,479.1702400620941,471.2775188391266,483.1402649433205,479.81990199888423,477.95334144844225,481.4797106173084,481.31460655632,477.44305265277643,468.783308197269,480.7268106451393,486.2029932020026,468.91064298114156,476.85433911986377,475.9031246840362,477.6611710483169,478.5729750772143
96,io.reactivex.rxjava3.core.BinaryFlatMapPerf.singleFlatMapObservable,21966460.10413504,21989939.2335276,21988810.23376367,21939305.865764305,21930602.680541687,21940399.450611215,22042103.437807206,21923121.593006425,22016766.98629481,22023754.555294693,21904150.560818948,22026540.128682345,21929949.4028248,21873649.277383313,22128556.418333184,21959061.86025385,21937671.78395446,21952890.173669644,21900954.972788382,21973929.391426563,21977443.75845759,22003980.09840401,22027885.126395836,22115350.5419815,22310489.663563285,22172601.45450115,22384858.700660504,22044294.029115714,21975548.09060364,22034688.67479936
97,io.reactivex.rxjava3.core.BinaryFlatMapPerf.singleFlatMapObservable,1006174.8266915195,1012273.4522455191,1014010.6232965164,1003530.198881723,1003444.4720942761,1005408.7206549112,1012303.8035912792,1020135.8333962853,1043882.9061072777,1023706.5629455156,1005988.1903635142,1016032.9023830441,1017903.5351003227,1021316.7128005096,1017914.487007457,1014948.2088489882,1021439.9750232863,1010218.6880020986,1007516.1012940787,1015038.4783822612,995420.3895764154,1007731.3673986497,1010562.5677519279,1008050.7762661172,1012086.8375456232,1018307.105436897,1029923.6575234721,1011277.5920268578,1024378.890690545,1009068.8259556257
98,io.reactivex.rxjava3.core.BinaryFlatMapPerf.singleFlatMapObservable,1128.3398568683601,1109.2503575158871,1090.1716461567275,1123.5627105166297,1129.811612952033,1136.1424544452366,1115.7392617761764,1147.4696475611847,1198.2688534919337,1202.6233155277337,1129.5785305291104,1083.3389444094435,1126.1477539028015,1087.1865300738568,1083.8662628826296,1128.968904796467,1097.474349295764,1086.5891486903995,1109.0263846279088,1158.9486446706546,1156.1848757883506,1147.6065006498118,1151.6333671528666,1163.2885141321406,1174.2668652709378,1193.793447470132,1184.6362432258825,1169.5467304691394,1171.3939465427256,1178.774954179623
99,io.reactivex.rxjava3.core.XMapYPerf.flowFlatMapSingle1,6106558.35819631,6031632.080070003,6106736.24387995,6163993.747646385,6186640.095416077,6097700.977849555,6044280.441771246,6143330.517058596,6265995.005780323,6315626.337595166,6073410.499795292,6141601.6427162215,6173394.9077443,6084464.264980362,6161934.684107117,6071893.734208652,6045372.378877621,6263894.7457637675,6276821.633987556,6141908.148636814,6104297.765472293,6286466.110460639,6383779.482837657,6170812.860534707,6152948.335341811,6180278.385355762,6088050.298767637,6086356.7111065,6125612.847855802,6260635.250448124
100,io.reactivex.rxjava3.core.XMapYPerf.flowFlatMapSingle1,967206.5403653799,1026141.1192072412,975531.7839749192,950545.9898514182,984234.0373826755,970164.0237758836,1010227.2004645682,982734.883583078,995702.9841088151,1011304.3040097163,990666.8682417085,1014658.2320283772,1007518.7002457196,1009076.7338466235,1038479.8565262416,1007404.7222519721,1026196.2252627362,1012300.8785064226,1053954.3249840725,1046643.484634883,1009098.4510325127,1015681.5757503078,1007963.2314199888,1010251.3358955048,1015636.5110582697,1031043.7742769908,1011922.0949451147,1031677.603936142,1025299.3634147171,997098.0220839541
101,io.reactivex.rxjava3.core.XMapYPerf.flowFlatMapSingle1,109823.27326541557,106762.08120249842,112116.82177246962,109476.30917980381,111104.40084300753,108780.08076247021,109609.73555401107,110157.5306786018,110907.06507923224,110319.9773288707,111259.84121494238,107256.49034134766,110912.45044215488,111741.96529055403,111637.38971071712,109282.0148426111,108005.76318184377,111366.62451668936,112226.14479106119,111027.46261918196,110742.55335425517,112456.60381056492,111381.47052680433,111185.27562645335,117885.91014476071,107809.7944040772,106267.8945715411,100657.75979186877,102267.75435417799,105784.84244412226
102,io.reactivex.rxjava3.core.XMapYPerf.flowFlatMapSingle1,10563.071854565354,11072.16971421738,10907.029034411307,11174.196663445666,10927.006094562894,10896.098860674,11333.790061242013,11384.691184490764,11136.406641117755,11323.901728743034,11443.577597635347,11424.470953440567,11079.251213077247,11471.562200280066,11546.265726777372,11249.63487568758,11268.85510865633,11320.668915716891,11231.448895265607,11281.38586391634,11508.671013197409,11247.619290582252,11182.458791359415,11235.779917894495,11784.366272134983,11642.890246273286,11569.286464257317,11145.323768625662,11245.113064197287,11238.14352605635
103,io.reactivex.rxjava3.core.XMapYPerf.flowFlatMapSingle1,1151.4771280538762,1138.2000582024946,1133.989546141026,1145.7433397429775,1142.6967465666091,1104.2878127652011,1116.512246042755,1149.1729080812124,1145.1594312194557,1105.646149006472,1114.185123996788,1117.3698637348261,1127.2027159925458,1105.258918368939,1102.7086059427538,1084.7847147103032,1109.2871898004294,1098.3631811095877,1112.4798022195225,1092.8357883087772,1071.4685044771652,1074.1412090653753,1062.9037997657947,1073.7394549737717,1075.7373544219683,985.111556455468,1052.232686671295,1084.6834492362252,1046.1871910166194,1084.2432405036147
104,io.reactivex.rxjava3.core.XMapYPerf.flowFlatMapSingle1,110.53354259198407,111.14490820475542,111.37603492103293,108.40954060728139,109.86410239004351,112.3174197470641,109.89421604742118,109.04903267619369,108.20629019763169,110.69727108070114,109.9271803882595,110.80729846227052,111.20970623858788,110.5424253273817,110.48630651330532,110.13238205016599,110.86842412595792,109.68032276988617,110.28416927859321,111.64295188450437,109.29495551060407,111.10785878126865,111.70390255585859,113.8453308719307,115.12382011966226,112.22807220042262,112.65067408977055,110.05935155778572,109.09634904961915,107.40550612000006
105,io.reactivex.rxjava3.core.XMapYPerf.flowFlatMapSingle1,10.726451272231133,10.825531000808393,10.730951878999331,10.991493687614945,10.843943176314243,10.958265336881832,10.9820314198315,10.81523836212634,10.875074753780893,10.774186191166125,10.84455749634927,10.88536000383228,10.995153765031372,10.792896522499207,10.458882002638429,10.304527470820112,10.509051750557571,10.855455795813755,10.47667004825638,10.499173456864725,10.53529615657053,10.422961167929715,10.769652132247005,10.523469276631952,10.801929883398499,10.863628673713558,10.852895384564711,11.27476599948981,11.231844127612113,10.812461552238277
106,io.reactivex.rxjava3.xmapz.ObservableSwitchMapSinglePerf.observableDedicated,111375094.88471846,109821450.66875565,108825074.92092492,109002885.35331297,109338853.96352962,114676584.26062581,111441824.48824956,114324586.51634775,115032707.06849015,114830179.5140033,113068980.19377074,112492374.3692426,110434702.23542333,114580920.769191,112774239.92683162,114128841.93172929,112756596.80815443,113652748.57222892,112659279.88813221,114142791.0386629,115186747.50715186,114724975.6502887,115911667.94535448,112214915.8723722,116199136.69344443,114789246.82579164,113729058.06425689,114169086.69497187,115033846.24722096,115388889.97012992
107,io.reactivex.rxjava3.xmapz.ObservableSwitchMapSinglePerf.observableDedicated,2233335.9548734156,2248947.395074895,2253777.8948411876,2250668.429300558,2290778.9674378526,2289770.799853283,2249268.7916259314,2261366.381333363,2290086.745200378,2313814.596127339,2282855.7392587876,2221303.4496024074,2261195.544513554,2240545.9078994747,2246977.559788502,2249606.5706322133,2239075.0926793288,2252259.4838601216,2226825.3567630234,2270704.264347054,2269946.584404768,2315224.23730954,2339552.1613343027,2215111.754625716,2286285.764694297,2258270.9563761903,2274496.059481715,2268450.398919299,2257663.1127633126,2250720.9990596576
108,io.reactivex.rxjava3.xmapz.ObservableSwitchMapSinglePerf.observableDedicated,237495.7670198864,241916.29780698082,249724.05844524922,235051.89058779686,232648.23143621595,237989.57520123286,237295.0235216387,242948.32589246752,233851.33601726728,238112.92879077402,233463.73832580814,229304.89820335348,234889.2702523752,233549.94782761572,242308.2803255887,243482.76723047454,235486.13229871602,237171.5744798166,238247.54347850426,240782.4451184857,234742.1821412782,237392.26343028244,234189.33641122232,243093.60441401732,237302.24786013202,237997.77405434684,237191.06975377386,239225.27940589355,233635.62720002804,236057.11333184357
109,io.reactivex.rxjava3.xmapz.ObservableSwitchMapSinglePerf.observableDedicated,23083.433093966647,22932.16698903412,23184.971922999,24047.797273467164,24173.598111291663,23894.926589429982,24331.85167737961,24147.843525129676,24415.43938952966,24191.070627448633,24279.361871454534,24429.048244280402,23900.897618899122,24748.432632264532,24641.558320988872,24283.541607098323,24186.400795179423,24184.56371960458,24103.482420643315,24670.18355905473,25024.388629973295,24781.907366178184,24087.50344781961,23852.794241251104,24050.3007019536,23904.489881660706,24383.77932362328,24129.1975248157,23816.502299252912,24407.140990672833
110,io.reactivex.rxjava3.xmapz.ObservableSwitchMapSinglePerf.observableDedicated,2518.815426243196,2528.797971801235,2444.036218757495,2413.8099221238726,2437.6512379244364,2376.504194682872,2450.5216998230635,2381.5347576589525,2413.0877707776617,2424.1420040273783,2451.332668804906,2458.8729583674217,2408.1836907497955,2410.3047596436045,2386.051787791635,2346.0245722493746,2449.087582624743,2453.4170386706073,2450.7649544855103,2434.3635867618764,2422.5396447913004,2397.169689937327,2414.9997077850353,2389.917945530817,2423.7158459779334,2424.194888514601,2563.7668869320387,2516.8135615030396,2442.7562291390777,2388.8740519930743
111,io.reactivex.rxjava3.xmapz.ObservableSwitchMapSinglePerf.observableDedicated,241.37583973308125,241.36995442167265,238.82930797710085,240.77202572975386,237.45190970279344,224.83529488121712,244.74587644055774,244.47599260221634,240.53123589031046,245.24938067129037,246.3796286603942,245.6199421930271,237.49208351821835,245.56620141161756,243.5441863539827,246.4276311660577,245.51092554157825,241.65917018950316,245.20007741225598,251.27232364271737,240.14901778668084,243.17710521200573,239.32011572256388,242.08244266420803,238.52111471791076,241.87489722378302,243.25548059981315,239.73201891889977,238.81890863677782,242.27297345170663
112,io.reactivex.rxjava3.xmapz.ObservableSwitchMapSinglePerf.observableDedicated,24.224355750594135,24.364395157018617,23.97648925404971,23.961548328320383,23.929649343543165,23.837540676478735,24.378837627027018,24.161946673070187,24.018637225046447,23.941131790746773,24.247449301451983,25.10769678559803,25.186987297622036,24.206982872155614,24.067799190563907,24.07781672990657,23.795252418034885,23.872491009649725,24.282856322571156,23.800324063427425,24.429222168328536,24.159925214014535,24.290288748096696,23.35427505663458,25.13029123283802,24.55285841794741,23.761636756666796,24.039143718508235,23.724977170195874,23.49678769590164
113,io.reactivex.rxjava3.xmapz.FlowableFlatMapCompletablePerf.flowableDedicated,8034311.5972686345,8008736.301427239,8182261.232242144,8157566.805372259,8100167.81450963,8286062.27415052,8140607.096709255,8506700.95137325,8371523.551364518,8152170.828922448,8504824.514064075,8280172.42555135,8368107.572374845,8362900.062564428,8397682.4849579,8459548.495934008,8481896.54319869,8629549.858321607,8456377.145466143,8608854.899780575,8821495.080234036,8506759.682521528,8363233.813059436,8494348.32745583,8461233.543645618,8366300.58449255,8470058.924356388,8620871.685615553,8573854.123082617,8539491.261617292
114,io.reactivex.rxjava3.xmapz.FlowableFlatMapCompletablePerf.flowableDedicated,1177599.1998873819,1183461.520223377,1159161.0698317199,1193059.4409588662,1223307.4748853226,1190651.4534081847,1175501.3315524105,1179903.9710744447,1168454.7163252633,1182865.0568467586,1184524.2787934013,1193454.5464792277,1173179.3961696231,1225599.3294914628,1194692.0482629233,1181091.790911426,1168066.8499483245,1181050.8677568298,1167534.71563362,1200519.0728775726,1178945.3586325897,1188616.2079104441,1183317.3134437636,1177591.8846038391,1207846.3708972612,1235459.0907425755,1168445.3976002685,1116695.1049534793,1107757.1980903652,1134931.4695912162
115,io.reactivex.rxjava3.xmapz.FlowableFlatMapCompletablePerf.flowableDedicated,117693.96655325675,116878.58365216157,120891.91242055678,123272.41884123697,123737.1853941762,129593.90931485675,127060.24090063335,125340.59182122373,126020.31257727307,125658.31344754166,125929.91478629774,128274.82809324168,129118.43230633873,125389.87210310041,125689.24407744159,126331.84906909807,125253.44706072067,127065.90695300524,126929.04704868776,124885.18729592994,124404.33022423301,124733.88492129173,127489.50726976381,126727.26572766081,124968.1771588954,127494.9071584904,126220.7129134859,126356.50453215116,126778.85962435768,125143.14564075015
116,io.reactivex.rxjava3.xmapz.FlowableFlatMapCompletablePerf.flowableDedicated,12623.902856602732,12686.666923099721,12800.361530767206,12707.8344374254,12852.853127062619,12890.974613206341,12795.909008002069,13049.520458419945,12938.54597914141,12908.965514230586,13066.573874927568,13352.617857172987,13524.669037320038,12782.189379113956,13000.128722471301,13028.891788590261,12945.310247979367,13029.762967333645,12851.944264186473,13023.901512050868,12795.580407127312,12472.569820308985,12309.393156436145,11827.254220657862,12568.530110403588,13099.191779867182,12425.129830882554,12938.303052429475,12617.140760097096,12339.191647216
117,io.reactivex.rxjava3.xmapz.FlowableFlatMapCompletablePerf.flowableDedicated,1307.6511748955384,1318.1580212912681,1295.999628254947,1310.5609712485586,1325.1856548624878,1325.1629753833918,1320.5400360973267,1307.1307031828937,1289.1103024772012,1293.2990616544616,1295.7041933240725,1301.091869101572,1283.609329649693,1288.204802769094,1281.5469014037274,1305.7493353001025,1322.7927593811805,1342.9399249253984,1335.409915743481,1295.8932870754893,1294.1491008486394,1311.4125815851557,1297.8947446298948,1302.5646438190963,1296.4736641042152,1314.3456753494038,1321.5545462522039,1299.3949146682712,1287.1389979715038,1263.5587235962823
118,io.reactivex.rxjava3.xmapz.FlowableFlatMapCompletablePerf.flowableDedicated,128.43786330647143,128.00873123541714,128.30643711634528,130.99217151485377,128.84570391956802,128.6186595652044,131.76155269921887,128.57309566471017,128.560265013054,128.17559125984354,132.3906919636226,129.44839153667093,126.96328336112151,129.211226835502,132.97681178340792,124.63846133983002,122.72041687363348,125.07743869331576,122.41816677473537,118.62285476597981,117.77502520465387,122.27338818976136,125.13912963466944,122.91999592269377,125.3541705498686,121.89703966544658,126.53104570370216,127.22557967766019,128.94290214878498,129.10836536350493
119,io.reactivex.rxjava3.xmapz.FlowableFlatMapCompletablePerf.flowableDedicated,12.913271793587008,13.010333914002192,12.760381085090412,13.265740280541507,13.175385519285559,13.155415361426291,12.87424398564664,12.899801706133529,12.837713685669955,13.134290725245465,13.12239545054798,12.991879789310326,12.865552824437309,13.085736639784425,12.950820799162853,13.515440650973362,13.279212070743068,12.798576602955782,13.121589149513495,13.180667759441937,13.085440211649741,12.992900769969594,13.051782311444674,12.918278219952242,13.254615070692935,13.131306445336971,13.403099683932124,13.1608179474676,12.898521424431188,12.529956149288363
120,io.reactivex.rxjava3.core.BinaryFlatMapPerf.singleFlatMapHideObservable,20399077.83287989,20516094.409479965,20733095.759232435,20701704.36690392,20507914.04051775,20466000.64445247,20579449.687631637,20722155.9068581,20670319.577340387,20599510.860388305,20586640.196146492,20877892.18271621,20778910.243476685,20585146.83922911,20911371.41635767,21094346.763646737,20832801.314233854,20746286.902108055,20727095.928322595,20658975.037504982,20681528.78225673,20632904.226282176,20709781.13873589,20950021.46338234,20787645.949114047,20629153.45080172,20561531.35718009,20709331.596927743,20608676.841762863,20659224.575668942
121,io.reactivex.rxjava3.core.BinaryFlatMapPerf.singleFlatMapHideObservable,835550.991992864,834894.2296611503,822562.0964477484,835041.6287829705,833972.5957308598,837130.801789029,821514.3323891413,815263.8243779502,824879.8232119668,826472.8506883482,824524.0756468127,828636.0657797329,831517.0054425246,826529.944436696,829793.4976599305,830728.8722996871,825433.529750228,827615.269471323,825373.6973496068,827735.5822177519,823009.3840509133,827084.251323368,829065.0004084031,828274.4670557224,830757.9247063384,825563.8557025952,833882.2443205607,832762.2125896494,829462.5912296366,826771.1824853388
122,io.reactivex.rxjava3.core.BinaryFlatMapPerf.singleFlatMapHideObservable,820.8957839966384,813.5512735917813,811.4637887856894,808.3836608119525,716.1050219690135,611.3776261358804,652.1584267233438,656.0711587281056,653.6599157799977,658.8619302116288,653.6189094556986,655.4439318553168,657.641813413399,652.771640896865,655.4796356925721,654.5627239542015,650.5799914127639,659.6663981268041,651.8702947599704,655.4284375635933,657.4792199146148,654.8683269352398,651.8613106394097,656.1335808555489,658.5029863105433,657.1623775477657,654.810183623971,653.5719463216163,654.3795853326644,658.081236991087
123,io.reactivex.rxjava3.xmapz.ObservableConcatMapMaybePerf.observableConvert,96480147.12044269,96450192.74408099,95972935.82444417,96368104.38123533,96476419.3708949,96149048.91581228,96763877.193378,96740804.90509015,96711685.12988654,96524468.1069455,96585507.525617,96799832.56068234,96631806.10949033,96366493.22994874,96334844.97616619,96539881.73323523,96266628.09742074,96662318.04524718,96715670.41020899,96500938.68493584,96883126.7252756,96143916.28360483,96685915.96106021,96718466.25795889,96582062.51222591,96585692.65787461,96565768.99251452,96745347.73708424,96921263.95093723,97458507.49174428
124,io.reactivex.rxjava3.xmapz.ObservableConcatMapMaybePerf.observableConvert,1224493.034206467,1219477.7831243686,1215332.6823347986,1222871.1451324595,1228830.9358460093,1220902.7544954189,1226363.3842011872,1242950.1892048377,1255226.6135328952,1221752.8220616246,1224134.2182514027,1219632.1320353255,1244589.3044739347,1246359.3578614432,1221933.7635542417,1220631.507413763,1224805.7428889095,1218395.0514877958,1223067.0130915872,1223310.4625674528,1240641.7621790569,1237759.6775533126,1225879.350933636,1221487.243115204,1227461.8076445346,1228980.4619241373,1222919.8768666757,1223207.537657883,1224042.2554238962,1226419.7878075726
125,io.reactivex.rxjava3.xmapz.ObservableConcatMapMaybePerf.observableConvert,131509.67924948825,132659.96568696215,132651.25907793432,132176.95457179047,131757.18114986154,134576.9184279754,132379.65836464817,132898.94405712633,132211.26035852742,132468.5874606182,131382.4117945058,131794.87483319212,132361.384823234,136559.58285116657,135762.0454534596,131280.7765661371,132375.07782604155,131325.38488062058,131737.96525008365,131471.29085919444,132080.50878978297,131786.98932752875,131697.20593519422,132693.27362177684,132464.91959526073,132791.72731717673,136249.062333981,134406.1625878023,132472.2029510787,131870.23057358374
126,io.reactivex.rxjava3.xmapz.ObservableConcatMapMaybePerf.observableConvert,13243.200084228512,13105.29489581872,13145.333071526617,13097.749662621707,13143.899832425679,13203.576204814553,13420.067962859912,13108.07179122032,12929.348469673227,13100.500438116851,13217.82319076568,13201.971474008375,13062.833837228556,13187.190543870036,13298.295841936873,13303.931261884401,13338.669321009867,13381.446703941685,13367.84440332271,13755.172102689618,13537.342267741944,13411.380468517384,13318.82859570618,13406.501394461124,13396.701243401258,13377.966565460785,13346.089836711406,13335.373157449361,13348.275456204161,13361.976151939334
127,io.reactivex.rxjava3.xmapz.ObservableConcatMapMaybePerf.observableConvert,1288.478744635379,1267.141140604886,1277.8263459552375,1292.1387610886816,1286.9943014690145,1287.6169210898065,1288.8878010280328,1288.7891656915954,1293.9768525027262,1283.8805926854773,1284.06333486413,1283.7952962724187,1311.7873710732354,1290.390117757084,1279.8501065152252,1290.8283275774022,1290.626259157247,1288.8754160134126,1287.1688017360973,1284.8257416543108,1291.8287900549676,1283.521283783266,1282.4196743192983,1295.7990034333814,1299.4697929340266,1291.735589475248,1284.9087907494886,1288.5858923061332,1286.466202719107,1285.6574391466543
128,io.reactivex.rxjava3.xmapz.ObservableConcatMapMaybePerf.observableConvert,128.0567597749631,127.83486343475444,128.54772475534566,128.72451717569038,127.50603791145592,131.23423511468232,128.47044610585613,128.31013810458805,128.23914802975992,127.94318439804755,127.68684380190997,127.95097072343043,127.90632997365141,128.52389428666993,128.5554337129079,128.1764901479794,128.8556891018359,130.4996671471505,131.15536743420117,128.45373980979844,127.77104195907187,128.44802172915155,128.05960898824983,128.77376754093495,128.6758070944369,128.78201879006124,127.88198232226614,129.36937719823388,127.76319028798527,127.97295484253262
129,io.reactivex.rxjava3.xmapz.ObservableConcatMapMaybePerf.observableConvert,12.61754376381709,12.592532654289728,12.60172794564007,12.60831980912416,12.614306185059029,12.590724011492378,12.61338624062824,12.617749787346755,12.564858239707686,12.688171673804897,12.838014845637433,12.54622159529761,12.613615369684894,12.63009023300792,12.627487097595509,12.610424736255295,12.650320018502708,12.564151057265,12.534888149288705,12.625081514081586,12.624660804983566,12.688254868874045,12.75903865240934,12.620048821144252,12.474746818248173,12.475749697717143,12.495672868636293,12.516364400285495,12.53815216237616,12.544200806269629
130,io.reactivex.rxjava3.core.BlockingGetPerf.completable,44557284.864191055,44499051.69981052,46366864.16296594,43520565.591228545,43914045.78470941,41069442.91122625,43496154.31948009,43829600.61579212,44471675.04703431,43229628.13640964,43784056.8809819,43501908.94489673,43578493.82321033,43558907.18020849,44839004.11153984,44813878.49975534,43519530.5649154,44172699.28703199,44252426.14424957,43843349.234885536,44066611.11965957,43197711.07207784,43904025.60193203,43442543.81341968,43203145.356362835,43431396.02216831,43038350.5419798,45019916.389805205,42267192.85388919,41547288.7446014
131,io.reactivex.rxjava3.core.EachTypeFlatMapPerf.nbpRange,24729842.913512833,24178463.841638803,24527523.05806295,24737200.598943856,24656331.382511593,24531514.566347864,24606087.35395344,24606384.552466735,24839389.556389995,24644533.162089735,24664915.659277905,24641374.783718456,24656387.676188987,24778351.592911717,24774457.13466342,25068455.756086454,24898878.98181644,24786871.18278387,24726816.075958934,24771762.611671302,24666657.410991836,24666235.674696438,24710449.083693556,24737648.08398561,24445876.94039713,24570627.016176753,24494834.727953687,24605902.370489847,24760604.222292464,24825755.467427358
132,io.reactivex.rxjava3.core.EachTypeFlatMapPerf.nbpRange,428442.9405881979,425179.07891375985,428231.6208853937,434972.5371407854,431583.1813775717,431807.08413717453,428505.54218916845,429126.7397739314,438591.1250963489,432090.2472780944,433056.3066817239,428644.97968126036,426484.14331955137,431928.9169073971,428199.40789047454,422689.0810132936,425097.9079585294,422736.24358077697,426042.31534999923,425814.6299851059,430468.71565074084,433922.7288484372,428704.0122678761,442578.0386595598,442355.27377419535,441085.2949555332,442874.3022796575,423546.74427595467,427220.71494198614,425802.59340549225
133,io.reactivex.rxjava3.core.EachTypeFlatMapPerf.nbpRange,453.4105671695008,453.3848555888644,455.60819699734293,456.66356636072715,452.4694881220971,451.78088762484464,454.4726662758668,455.85766801617297,456.8460839858443,452.3673082258999,442.7096086166144,442.04005388390425,442.9067583834116,442.79385510678577,443.1090194254084,438.66182638614055,438.4617636312838,440.5830075689883,442.8497525930388,441.17249803949727,442.7912190695053,440.4905224948152,435.55899651602755,437.3092748108383,437.7805642432953,438.2428688311781,436.51769421876384,432.7765475146576,439.16933141142454,439.10108236351033
134,io.reactivex.rxjava3.core.XMapYPerf.flowFlatMapIterableAsFlow1,49347681.01716541,49259628.71654715,49072790.56916248,48596254.67016124,48509747.952662505,48624832.96251402,48396942.820283726,47897282.38634307,48638610.87590508,49112578.727282174,48911997.8406816,49280091.72890372,48216905.40481142,48869992.97765238,49558138.234111525,49043205.90390438,49055019.49511165,47624685.60804909,49083120.700793654,49544029.075301595,49146693.074997745,48901090.02109521,47135897.31743379,48000089.435732126,49140632.61323185,48470972.044660605,49338279.034042746,48511333.8467041,48777624.79727192,48710712.87847974
135,io.reactivex.rxjava3.core.XMapYPerf.flowFlatMapIterableAsFlow1,1492660.1677872357,1537662.9276621924,1507112.7378261313,1520110.0333809694,1466890.7063986477,1500079.5354988077,1568526.6612474169,1540061.036284301,1524186.0626717,1510636.208524826,1495939.2093008033,1516970.9345902265,1505672.2061742966,1524052.888255813,1488837.24709056,1485284.2931989527,1499219.3300517576,1545929.8843206128,1537452.2405988504,1493730.9656239299,1525287.5886304197,1518300.9411479686,1485959.4818862255,1538828.5899079896,1508387.0323294068,1534427.4073640264,1509945.2421219512,1533556.1040206654,1516761.8729246182,1528591.8116108046
136,io.reactivex.rxjava3.core.XMapYPerf.flowFlatMapIterableAsFlow1,170876.8600526646,165192.83038857314,162259.91069441225,163763.51373092528,165426.87091812838,164871.09087212352,163930.7056233917,162631.8581146961,169749.0032106796,169581.24100047746,168719.50227501837,164657.94937888102,164386.4782420208,167018.6075415863,164237.0606951741,165844.48728618104,163173.19093211435,160814.69792140674,165386.84347475166,162816.06001416373,166720.50755959895,163479.40212780389,163835.33172692262,165262.45858136442,170184.94860414552,172876.5131545969,164852.70542217104,161769.53396921672,168760.71373940283,166609.1367151836
137,io.reactivex.rxjava3.core.XMapYPerf.flowFlatMapIterableAsFlow1,16541.814032359252,16519.812704541113,16169.47746716617,16464.68725402055,16763.380489245785,17058.405245978036,16471.559051542612,16544.572745732472,16638.48604751605,16302.380835575865,16968.776992367053,16571.759653505214,16662.509422397587,16393.791072664928,16429.453030649704,16180.162110305118,16691.877247934717,16778.56788211699,17047.965632597054,16312.890690807244,16649.235084192525,16504.296817929775,16979.854369225708,17093.501361455135,16463.52529618512,16671.3150301899,16292.410789374371,16424.21753385247,16543.672469546353,15970.611419219544
138,io.reactivex.rxjava3.core.XMapYPerf.flowFlatMapIterableAsFlow1,1649.7299771465307,1652.9358016264007,1610.9370719651579,1698.160845327477,1652.137149895684,1683.7412089761804,1642.2171485164336,1679.8375188402122,1660.686215000362,1665.051077400683,1699.3758549353752,1673.4162337670991,1625.9833782824796,1679.2659038723245,1615.6959389498572,1657.3826531372115,1642.7418661141262,1658.3659834673967,1655.1764288987436,1656.9780720299002,1659.2352053983054,1636.2313819445628,1654.897378158683,1738.0928076733132,1656.7867317847376,1657.0763241149461,1626.5584284240852,1670.6986711169786,1702.1323125217073,1656.1990058500048
139,io.reactivex.rxjava3.core.XMapYPerf.flowFlatMapIterableAsFlow1,168.2049348013537,166.0967106113939,165.12756420165914,169.5756789182754,170.53224743956252,168.4208621287539,169.78375407270653,168.7417289718875,165.43651660697597,163.90050796635072,167.01768415450383,164.93879006043704,165.61062259735277,167.02803164743347,166.77325724749863,169.7950487166515,173.38629107358935,170.96230554702376,164.78170757505214,162.97638390708994,165.93620068362495,167.0811595519196,169.9717204450958,163.4330158932011,165.40421484514886,166.30907145726687,166.28316541257746,165.132857804885,165.3553654150368,170.7864638056527
140,io.reactivex.rxjava3.core.XMapYPerf.flowFlatMapIterableAsFlow1,16.441870129876964,16.6094758609353,16.652060214096576,16.433449102052222,16.792276351005555,16.33289577505552,16.416934892665058,16.409016599411384,16.510570552872966,16.984661632368294,16.476393973778677,16.806229451579338,16.97486485928151,17.288972589500965,16.870851104169915,16.535593459229673,16.676687786455712,16.635399699017672,16.65720308902932,16.696318362310695,16.407929305567933,16.845374688577575,16.811706150802905,16.563185841031125,16.733962230151842,16.529884288836115,16.879667500496755,16.636672035513197,17.045691603245157,16.831696816989794
141,io.reactivex.rxjava3.core.OperatorMergePerf.oneStreamOfNthatMergesIn1,9257529.59860335,9298254.062103588,9118567.366755594,9285698.239224233,9248268.029361619,9348422.396416308,9299065.220333492,9379295.516532386,9374175.293223813,9190578.35171799,9029158.683964916,9227095.20678891,9106662.255244419,9163342.485812562,9141144.899404326,8885745.905362282,8713685.81626209,8869702.369064108,8950207.249351652,9051734.075649163,9008391.176322497,8842573.431314835,8962552.090826616,8860662.716013286,9058725.134956622,9026137.235394178,8938181.848827528,9071050.066949757,8898005.669038018,8993964.491135754
142,io.reactivex.rxjava3.core.OperatorMergePerf.oneStreamOfNthatMergesIn1,57688.42008740306,58517.845654047866,57496.809444547114,57359.634775460036,56477.11955394851,56673.69933860018,58004.64675159129,57247.15525057455,57481.20457560709,59307.57958346898,57502.52762132239,57173.90043133592,57476.0578580743,58399.622483488725,58731.67745581501,59007.047735212414,60137.3908436958,60837.14601049449,61202.83244048629,60711.91466715501,60737.14107906014,61871.089274605074,60510.98903765319,61106.15734156047,61414.924647648266,62347.1300992544,62285.91448072544,61952.23826009285,61638.82470423736,61220.69665364996
143,io.reactivex.rxjava3.core.OperatorMergePerf.oneStreamOfNthatMergesIn1,62.456624679652165,61.80061859707963,62.71390193876703,62.53306609572773,62.25542671512816,61.38362255387118,62.5497007635719,62.100578260180285,62.734182346157766,62.29281890460095,63.1964713389176,62.64363109476281,62.16647004250946,60.65389359834665,61.82356081244395,63.078428387513135,63.369000013911474,63.462819283489004,64.49321188951967,62.97503310729938,62.865818756385636,63.25661090219841,62.66256827344178,63.23533624499319,62.71712775401373,62.67685131674961,62.12340489961082,62.696748991445666,63.09136099497032,62.55160675105909
144,io.reactivex.rxjava3.core.OperatorMergePerf.mergeNSyncStreamsOfN,10347518.629955044,10533133.57768014,10548140.983211841,10531845.061408253,10519624.437104654,10493701.79811819,10709779.094766812,10801608.502157284,10555031.953535099,10536196.443310684,10516791.487876229,10519206.649431435,10512847.462001393,10533340.470828466,10562253.435819149,10507430.2038029,10523770.225693692,10356990.883474099,10567530.072963594,10766979.05856102,10718729.742140258,10502825.996451462,10483271.08677224,10561142.865751581,10549489.719502848,10570412.303144367,10523705.372577216,10528920.9070797,10544946.486779533,10542428.8079968
145,io.reactivex.rxjava3.core.OperatorMergePerf.mergeNSyncStreamsOfN,390.53069691832906,393.8398056590482,394.3817529663069,390.92896214917585,373.5988448779227,385.91197463632136,394.5528650745969,391.41038331268163,385.916609209499,384.6355862450662,393.23577026786637,390.06383353734003,393.1685997813733,392.92260642713467,391.04507574593,386.46678173310653,389.07937206220754,392.77613920334176,393.2106759668563,392.8476890224891,395.97722457797397,393.21319416094576,390.51460440525005,391.29016481619874,390.39770418193075,392.46832943360954,393.5664786524348,386.77588271476094,393.46538991847916,389.8402625625747
146,io.reactivex.rxjava3.core.BinaryFlatMapPerf.singleFlatMapPublisher,25676127.484295174,24262994.975212283,24424329.632177655,24713376.841485385,24916357.48248649,25168433.963421203,24798494.958387982,24600393.28454783,24768319.422621686,24415987.913129423,25059619.485820543,24832818.17872518,25161712.063347492,25338168.570042804,24833606.909369625,23854370.540251184,24117400.74994369,25395181.73824393,25445770.643493757,24853164.514558516,24806882.747234788,24687908.478152942,24632346.871923063,24993140.542067643,24902681.92077227,25065197.292150185,24564436.7179428,24855100.360079627,25203431.728761382,24464593.40773429
147,io.reactivex.rxjava3.core.BinaryFlatMapPerf.singleFlatMapPublisher,1418137.2449201788,1428206.7260538717,1167159.522206487,1420613.7401612096,1413023.6306452646,1419617.702135478,1441169.584589369,1450386.6717369934,1438596.5772255342,1421357.6753365465,1431000.4861207828,1443064.3054558951,1417717.8041742991,1420386.073525924,1400913.4158183816,1411821.8648666916,1417410.4574025515,1421532.2115129388,1412673.792708181,1422077.7683276131,1420966.5908120815,1428256.4604074173,1426452.6495717242,1427828.4084682777,1397947.9116435559,1412129.5696780013,1423856.4283786262,1416818.9186971262,1399103.089904045,1401665.7759768202
148,io.reactivex.rxjava3.core.BinaryFlatMapPerf.singleFlatMapPublisher,1432.8426882012625,1419.2504470036727,1422.7720832944328,1438.927593163512,1409.702821957806,1414.5611437216496,1399.8812760689766,1427.2440330802424,1450.7229293291732,1452.1543437265482,1432.7721004041655,1417.9037342617698,1392.6591230044396,1423.745121148412,1416.0269218755832,1409.3649950984434,1425.1953019530254,1436.377755410845,1443.821637494012,1456.9069677486675,1436.2303500075773,1425.5901898648901,1417.713633187805,1432.1081188662731,1416.5978335414488,1418.9785209221288,1408.0944403844444,1407.993998144284,1424.7537313175417,1445.63124115485
149,io.reactivex.rxjava3.xmapz.FlowableSwitchMapMaybePerf.flowableDedicated,9921300.16450152,10155853.305144023,10170893.293046769,9905589.573466994,9983718.667717066,10101053.756196035,10233625.092436504,10177651.802238027,10243340.731610462,10709197.378210545,10310867.406511806,10083282.43269908,10084687.692036198,10027077.52698696,10106382.2053652,10082686.807886198,10209989.140831295,10244858.799624573,10207135.75380946,10192814.94416927,10222908.299534582,10236400.877756137,10402031.412146324,10044032.874944577,10601158.194819374,10257166.744868875,10232901.872789271,10011077.22052298,10210446.623994226,10098595.984252691
150,io.reactivex.rxjava3.xmapz.FlowableSwitchMapMaybePerf.flowableDedicated,2140304.4744085087,2200409.1662673103,2178997.9656991297,2156245.458755294,2143832.538842191,2148650.101539882,2155570.25123664,2156249.670928429,2142280.2963116835,2125944.0242618946,2136280.7987380656,2123018.6943736975,2110252.605804355,2110303.6589592816,2124470.497856144,2182405.309210017,2093448.843507864,2067336.9716125461,2116952.421777604,2095859.3486862218,2098978.4730642275,2091717.5698024035,2085048.6986916626,2072467.9823737433,2104655.2166520064,2139134.137053377,2140596.5809885166,2119905.5538497074,2132825.086628997,2122696.510940605
151,io.reactivex.rxjava3.xmapz.FlowableSwitchMapMaybePerf.flowableDedicated,235152.27670148353,241086.57809544145,239658.60355827038,238145.5300353206,239692.080112856,240298.34216622816,241675.90822928355,241774.00809205492,244170.07216548134,239639.18172878004,238766.1388619302,243428.43203748114,242937.9809013146,243663.14405657246,240884.43993054263,242177.72580266345,244364.1174226013,242280.15990108572,239265.73717473538,242830.4796604687,247548.72852521078,245793.6556855681,240290.00748588293,242659.06700764515,242513.03148692872,241639.1255176491,242732.64284086262,240633.4715135239,240868.86903360463,242480.5655560077
152,io.reactivex.rxjava3.xmapz.FlowableSwitchMapMaybePerf.flowableDedicated,24794.315052731963,24662.9857840356,24811.217255718017,24698.722766273753,24512.794754907492,24610.279172037997,24744.076091504572,24487.755042533638,24548.820064778247,24882.352016943565,24767.083568373804,24538.734095785465,24846.394791515668,24584.014963711754,24697.996569795363,24999.847001976676,25272.961256019415,25005.8888133188,24870.23369113302,24995.634063585327,25064.153396331254,24818.204477360676,24867.043141046976,25008.239444951316,24769.08811883704,25076.644030627333,25335.871970972235,24811.388381675664,24934.470073862896,24967.463405587845
153,io.reactivex.rxjava3.xmapz.FlowableSwitchMapMaybePerf.flowableDedicated,2507.8804997000975,2488.882870683223,2498.861980356239,2474.183836029641,2479.528733330357,2456.7654747110187,2497.296301858877,2516.8189348952405,2468.790936795405,2472.7736971225754,2504.22237885003,2478.016078935698,2483.3010649820567,2485.787726157125,2456.8012848874814,2485.1307733242834,2461.954092966593,2462.418123210231,2498.875758295219,2484.7471198313733,2430.0132178025015,2428.002110556578,2472.9548699210545,2479.5073417272574,2495.2980427170073,2492.9914603047337,2486.3310302593295,2422.3987436750285,2416.469891750437,2410.0458604338082
154,io.reactivex.rxjava3.xmapz.FlowableSwitchMapMaybePerf.flowableDedicated,243.32866764242195,241.20470948009063,225.98968419014835,220.101101598544,229.24178645915492,231.15237648649995,232.952962603697,234.97821610949734,214.10762404535572,227.98244740339197,230.3604567141174,223.7200206583067,231.1925804887826,228.3143626081987,235.59232867853137,234.65635749726314,230.46039105243457,229.1174601640196,231.89586182964058,230.68867801629065,225.393380538094,228.91727387556685,231.85460791690363,229.00566678405596,229.18202140539753,228.5696009271885,229.80381028245898,233.13984476427274,223.71114327695622,223.0923661096873
155,io.reactivex.rxjava3.xmapz.FlowableSwitchMapMaybePerf.flowableDedicated,23.0940199351737,22.855976924073055,22.513617760585067,22.924141037169672,22.886479491431697,23.50630831303561,23.157396745150503,23.76782624724726,23.86163762609921,23.683879022126227,24.066582043686708,23.862737406186046,24.287250629184786,23.99343930305808,23.471337348050167,23.667243199396157,24.41162002682632,24.722736268067894,23.707846313254066,24.2950400076239,24.063549362057405,23.367533724652674,23.71436497955066,22.509980790912152,22.840048128072752,23.343485048617946,22.074228807664227,22.54929574828744,22.68875970108601,22.924686536009457
156,io.reactivex.rxjava3.xmapz.FlowableConcatMapCompletablePerf.flowableDedicated,14710353.505244127,14657800.829218952,14938576.052245356,15237296.28599353,14477448.14407037,15207491.701359913,14757292.851531131,14716577.32266827,14908466.053768225,15002023.778237848,14993109.179590987,15084207.170458147,14870033.107393494,14703202.439726854,14820155.967447698,15343763.449792173,15560075.677105637,14892178.942414088,14981869.264927892,15308609.927745048,14707382.027975352,14693576.733719584,14984527.111893155,14866035.938882872,14963990.8636178,14558636.571030362,15013121.51869568,14926298.350890052,14878443.607114144,15570333.935435329
157,io.reactivex.rxjava3.xmapz.FlowableConcatMapCompletablePerf.flowableDedicated,2871695.2512793215,2817109.7442546664,2827014.241572395,2834186.9268892067,2793498.3694878346,2855208.1513742185,2851237.0660626595,2887033.579301795,2953853.111347221,2921865.993081783,2920239.502583587,2994136.591293828,2921274.9927059896,2848439.468839348,2885617.5983810057,2862171.746199511,2870908.288469542,2900231.748207589,2944418.116285983,2870035.827656545,2887397.403056772,2918343.4236254417,2907835.5285010724,2942368.57098613,2944616.490441721,2836558.0752001517,2871376.536653134,2848631.027838687,2902081.0690638833,2889261.2556344373
158,io.reactivex.rxjava3.xmapz.FlowableConcatMapCompletablePerf.flowableDedicated,317285.5073314907,325700.2772188481,329561.68318134925,316607.5511543427,319209.8914031963,322402.0100588739,313947.3060076638,319034.9620003052,313970.1821474344,314733.41614132986,316141.3700736535,314950.4244507825,316428.83293317986,318364.25907705794,328977.9778419527,309378.12596082455,315951.1812900132,312838.2256647865,317072.9330109452,324389.3707016369,321944.9553192042,322691.9711411487,320202.3961730639,315078.30969131936,318380.638318242,320555.40348651865,313541.9490151896,336797.33532074245,324597.8125458257,316988.56343258766
159,io.reactivex.rxjava3.xmapz.FlowableConcatMapCompletablePerf.flowableDedicated,30264.21266601346,32715.58329986164,32695.71539152127,32574.0856861324,32132.577139418532,31851.37723603258,32187.356343008938,33654.53045199114,33259.809953445925,32397.031195826807,32555.04481491987,31928.562576112825,32616.322884833935,32663.53893875051,32664.267325636036,32507.08871921608,32762.29509352505,32325.260444623404,32355.717172362274,32684.50625269524,33907.23790386915,33131.09470929461,32365.66417964695,32441.608240419315,32982.39415900961,32381.279033504095,32098.462268534135,32634.90962953871,32588.406247072275,32175.620000749048
160,io.reactivex.rxjava3.xmapz.FlowableConcatMapCompletablePerf.flowableDedicated,3465.8033759316054,3303.37875998364,3262.3040265835766,3257.1774975383214,3273.397115539451,3277.7568101112306,3273.450505504344,3253.3120090961884,3302.6562595365076,3233.623839006056,3256.4957283799645,3225.5982130353877,3256.4236032529534,3423.335996056861,3350.5311668748814,3254.740655755068,3277.29767838482,3011.8100338556237,3080.4048677865044,3062.1059232504235,3095.413505812227,3080.6660742815443,3096.6464094297394,3041.0552529328907,3069.0439241566423,3100.199299412162,3167.6150714165215,3076.791621210662,3129.6036607331976,3111.0302205475623
161,io.reactivex.rxjava3.xmapz.FlowableConcatMapCompletablePerf.flowableDedicated,304.9206075165003,305.4913626854646,306.4981099579401,303.51622306392863,303.27351920259684,302.3347426323119,300.41375997141387,305.82661068559196,319.31535562668546,306.3503843164074,304.8650368579131,305.56962687598866,305.71394804452393,310.8431010122348,303.65756506022404,315.83871348673216,325.379743887076,330.3560452199539,335.95046880668104,344.756611140963,318.22346061004515,327.65662372209823,332.01052232074835,308.0908513178468,316.0680644620279,324.21094868573755,327.3912000213914,332.4713472848228,324.20787845255506,323.3321028983381
162,io.reactivex.rxjava3.xmapz.FlowableConcatMapCompletablePerf.flowableDedicated,32.596378408417344,32.22018425651323,31.919979898153258,31.99052674128768,32.22733057422135,31.912739464670256,31.960622946459438,32.688990763655326,32.802738892715276,31.225257368304728,30.943118317662663,31.74847767016908,31.172322954804542,30.434484606857175,30.752853035922744,30.33961679650747,30.546837031159175,30.320749239093953,30.102636755887932,30.822733803662334,30.627350381769972,30.286981400340704,30.993280098995495,30.99525518434587,32.031495291943365,30.543880264063983,30.3243829371529,30.399229660770004,30.46385024898891,30.039683410187344
163,io.reactivex.rxjava3.core.BlockingPerf.observableBlockingFirst,21393498.72496554,21409113.05700163,21213223.008149542,21181963.586918492,21382164.18534281,21260333.038040917,21374856.765658293,21386218.170268238,21323111.406058464,21301112.069993634,21271866.03426916,21433595.770648338,21566633.71999977,21381966.888449322,21448966.801451545,21474141.435944192,21364809.939850446,21507948.76967092,21445302.308529284,21405192.59768089,21280971.930356123,21232437.993192103,21511633.052687272,21445940.307955306,22137056.61532943,21671764.27427172,21415865.673441518,21452520.30743913,21324336.854880575,21425374.792571433
164,io.reactivex.rxjava3.core.BlockingPerf.observableBlockingFirst,25805407.757499695,25805786.570786696,25812680.103548046,25747354.759345826,26106054.128706634,26100718.716393612,25862604.344687346,25628455.878244832,25735674.139765956,26212197.85015822,25820756.34319472,25725254.34633757,25882981.18844181,25748369.811060093,25913498.64364979,24858511.07048457,25332660.378291283,26271127.62296619,25732663.17530491,25885993.762467485,25672506.997130997,25270853.923809443,25655158.20935691,25886814.27991544,25844721.585141517,25803676.6416794,25805175.893316116,25756667.75605002,25838670.990670256,25910718.038555585
165,io.reactivex.rxjava3.core.BlockingPerf.observableBlockingFirst,25677156.773445096,25769514.0004157,25866576.340635907,25725793.177666534,25794935.87257047,25689972.06077866,25682184.645212285,25798026.311081223,25747499.891526762,25730562.016256947,25841029.911896452,25778089.278480224,25652052.04578675,25948875.68440732,25845769.865473803,25815098.27669184,25915649.739713732,25875438.665988006,25868849.04208503,25797496.110604376,25960834.457627453,25898940.376191534,25878385.955502186,25992106.76407236,25948700.07855961,25786342.13514891,25946998.419314217,25819878.374536633,25935325.159532443,25820532.46257092
166,io.reactivex.rxjava3.xmapz.ObservableSwitchMapSinglePerf.observableConvert,97562775.01419123,97567060.36668727,97453043.5344682,97329511.63980187,97839123.00610283,97341837.03048886,97799776.36149111,97438588.73766252,97200125.3397399,97057033.67926708,97727058.19022377,97327455.07523552,97616678.43142629,97268632.98284934,97760406.3593113,97200597.43372937,97627853.36125489,97411227.70091559,96829968.04509573,97869120.19970585,97867600.4018068,97107311.82703531,97257519.0208726,97399704.30174832,97400722.58937494,97359494.8306013,97312253.21975276,97342999.1070488,97309920.17587243,97210945.26524276
167,io.reactivex.rxjava3.xmapz.ObservableSwitchMapSinglePerf.observableConvert,1157196.4372213695,1140794.9556511624,1117403.5370651914,1117629.5001773806,1114214.1362794775,1120341.0701687026,1121835.1522419306,1118798.3067624918,1124038.8077218465,1121456.0792273418,1126184.9801518572,1118537.5714462807,1103705.1659355443,1159239.107286442,1158615.687113787,1110754.9260063858,1111762.8211867497,1112988.222874066,1116559.3977372642,1135929.2000114014,1126282.0108601325,1127890.2527713475,1129485.8912112995,1128432.4392789248,1129084.5340687681,1129982.0091188236,1127953.2614343218,1132767.2248419137,1126650.3590770222,1129743.1522517991
168,io.reactivex.rxjava3.xmapz.ObservableSwitchMapSinglePerf.observableConvert,118703.25324476215,119139.16361065303,118906.32233984371,118856.58643905746,119131.77691220664,119014.30849773902,125546.93203122169,120080.87194636354,118667.32356764855,118560.67662561951,119138.52682487183,124417.8452980288,120261.43920517959,117359.58647906767,118551.68197552487,117985.08485934984,116771.40986300376,117406.45071595971,117971.00054713945,125036.24441136286,120221.37989237074,117541.41881356937,117768.41106451611,118828.95820613227,117943.80905707578,117821.75987722946,118157.70877964314,118522.95058860196,117548.50231453202,117840.86308353234
169,io.reactivex.rxjava3.xmapz.ObservableSwitchMapSinglePerf.observableConvert,11822.088079591804,11798.063304561998,11854.220039738266,11772.644638968004,11797.301635135105,11802.636394206831,11825.952941952473,11852.46906864807,11821.844509273975,11808.885134963293,11778.63535086552,12121.271729751934,12566.404569275885,12038.04975246669,11892.793921666926,11881.925636283968,11849.90157203002,11835.10053235954,11818.816404631158,11900.749945225754,11840.720183918202,11899.459669335334,11858.462740041157,11831.181163951644,12227.163541171934,12474.83557389786,11897.413802524536,11885.942543349745,11795.442028410289,11918.790098187581
170,io.reactivex.rxjava3.xmapz.ObservableSwitchMapSinglePerf.observableConvert,1187.2489795385154,1183.9856702214333,1164.0298311889867,1179.7877774150231,1210.8589131411586,1191.2687813529737,1177.2173564709842,1179.1085844772665,1123.5145248797414,1179.6038984477325,1176.9068089262064,1173.547809731502,1170.817913227317,1174.1026497822086,1170.253238003765,1171.7187230619354,1172.75703171644,1176.3566082221255,1227.262174889505,1188.9029641178747,1173.4245948219848,1171.8851892361254,1178.989903936772,1172.9927206529646,1170.3932260174763,1168.808683550633,1169.9111695240797,1170.994463541174,1170.2628701423032,1176.6791054877842
171,io.reactivex.rxjava3.xmapz.ObservableSwitchMapSinglePerf.observableConvert,114.40112703135765,117.4184621695054,116.9803020091362,117.50569385042425,117.52176644290034,117.39538196871261,117.68657687309842,117.60958838521832,117.46335667377349,117.8614124224802,118.49135394230218,123.9744735319253,121.21178328836174,117.50261355188192,117.69604431614343,117.18556954929241,117.52147886288161,117.63707163553242,117.19277499391417,118.35491505703551,117.65114764078211,117.73405807120268,118.29057769276187,124.13203184201514,122.21668126897664,117.83009218847671,117.20847930122244,117.9076686270362,118.14163380779672,118.47180966723656
172,io.reactivex.rxjava3.xmapz.ObservableSwitchMapSinglePerf.observableConvert,11.572796992262466,11.440883922615589,11.534393158360857,11.73101110617053,11.58908673665094,11.539355805249842,11.604824160604863,11.930155157165633,12.034403742353714,11.522522023810122,11.52181299506632,11.521457473587574,11.541976047972039,11.535165464753533,11.55304641529977,12.149365139877819,11.835721137469612,11.564684761395009,11.476341470415202,11.462433279551947,11.988760848412396,11.64469691458462,11.5395784808925,11.641624465292912,11.584665450554184,11.537007742366681,11.556234582779291,11.626264102259915,11.515148212979215,11.640569976783931
173,io.reactivex.rxjava3.core.JustAsyncPerf.subscribeOnFlowable,269121.18450351554,241261.90919003452,237428.7088403224,450299.48245983606,354577.63595921197,291057.09299629764,264388.595715046,258180.52850461373,237877.52466167381,319962.62442474574,320493.1562367638,242454.58609849864,298197.49973648664,297053.6245730552,251563.10401061442,272978.4939564797,334805.92105946376,266027.5584087007,260764.71827522854,243554.59907121424,263492.641095735,347133.77056965587,323713.87823575165,292474.48369824345,291861.3955513389,249902.92927337615,251497.0076286969,341794.86960828915,364470.3702216525,258496.1682047705
174,io.reactivex.rxjava3.xmapz.ObservableFlatMapSinglePerf.observablePlain,48658157.921051845,48999935.96399979,48315484.76762178,45989670.80311244,45936823.25990532,48054527.86710677,46680266.10438242,46691026.99514207,47705175.63609391,48253865.67797748,47755553.64129087,46935902.30015196,47153462.36465326,46839290.3313626,45770925.87890665,49417656.28383895,47805954.03424769,47410374.65250651,47601731.38155385,48152898.22742826,47718771.65542099,48450617.58949772,47581080.47962937,47707960.44800166,47765600.66722014,48850296.9118702,47334631.60902389,47940410.387141496,48665498.67985075,48576719.18018701
175,io.reactivex.rxjava3.xmapz.ObservableFlatMapSinglePerf.observablePlain,5188765.987310926,5303208.1388790505,5240338.5144120585,5150501.55873693,5322675.832982629,5203565.633087913,5227545.423154365,5198349.162727234,5677756.438587299,5561648.3357135905,5252473.182998461,5123890.392969349,5226108.4503433425,5150922.81987905,5289125.473419953,5313088.882026734,5141719.925985135,5190295.723595481,5152159.096828479,5107888.439482637,5290344.19194642,5711970.242192313,5570047.725405367,5185880.736139484,5276893.844875343,5214212.419567168,5180121.56155899,5255679.498394547,5249748.047890829,5120526.736919171
176,io.reactivex.rxjava3.xmapz.ObservableFlatMapSinglePerf.observablePlain,627778.7848607992,629636.0617465011,639319.52310328,633699.3297657997,635822.5537579563,634848.4653523607,628820.373762112,645648.5538823806,625320.4995056511,635920.9286453117,631839.9236916231,634755.667812423,640111.5805862905,632728.1773127015,636868.7342048761,653950.3769561688,629022.5779974642,636922.1235712897,627283.979604507,643629.2498162822,628910.0390242714,637562.4341819166,635903.5747771781,637129.5555019705,642130.3716655324,635463.8901797413,663333.9026548477,713935.4994112428,638044.3871535832,644501.1145727624
177,io.reactivex.rxjava3.xmapz.ObservableFlatMapSinglePerf.observablePlain,66963.78847633305,64717.88161808054,65044.70807137584,64861.737767214945,64335.83780935288,64930.55945060803,67548.24425445123,68952.7657924828,65299.43810714474,65724.13644330726,66160.94261937932,70355.81686861481,71556.65927738234,65585.95217651666,65839.60584634621,65487.90039768495,65338.40783800976,65727.89657585378,65939.78189440907,69524.4191716895,72036.38752025469,65386.0347853705,65551.14214201871,64716.203165076506,66138.57535982731,64928.999334776985,65348.801143716126,65509.64290223764,65375.56684088087,65689.82619227165
178,io.reactivex.rxjava3.xmapz.ObservableFlatMapSinglePerf.observablePlain,7277.280015024434,6658.239096436059,6588.314788908694,6512.756475009886,6574.5849135814815,6572.51460665127,6679.049711486099,6678.854748266935,6601.717169233036,6464.977307929649,6570.136578931343,6546.265299552901,7074.978146756308,7192.56795971922,6669.014246335235,6518.490488709441,6503.121096680663,6609.896753412711,6633.824840488912,6603.3608937159015,6498.91449281118,6597.29009200236,6570.850922444937,6643.282492274422,6569.385933219278,7031.254376720841,7190.529236050916,6618.3678465951325,6545.280883079938,6582.693509790184
179,io.reactivex.rxjava3.xmapz.ObservableFlatMapSinglePerf.observablePlain,643.7404515748104,667.1084589106919,654.2283840712033,674.1694639556462,670.9839051090681,716.8165809732606,669.9278769046282,659.5789024030232,666.6532609725563,678.0674138797139,657.891391341769,665.6045696500075,663.793423503845,667.296336680267,664.873889380158,653.4813958572848,669.6372728909323,661.3131006954386,720.1310107080685,717.6384458569544,669.3984069658709,671.1777133362832,664.9359586879468,670.7516360964411,662.2251264062413,674.8035417456774,671.2752469392381,660.4573820844844,666.7977382416659,655.6883539481219
180,io.reactivex.rxjava3.xmapz.ObservableFlatMapSinglePerf.observablePlain,66.2059598794808,66.62227508468837,65.54272564094,66.29278000484689,65.30459462032385,65.86042549085977,66.08323175346077,64.94125264920471,66.24899660456292,65.6715938932554,66.7541451509505,72.26798872550474,68.13615181125665,65.81122202328432,65.30182217254746,65.42465616252863,66.57133274249189,65.78730956239745,65.95362989873897,65.38355100060673,66.31274610515847,65.25388208766077,65.80192659387116,69.81298233004095,72.46996640584223,65.66466330345393,65.09445284009465,64.55164986702862,66.16307324844516,65.34264243162973
181,io.reactivex.rxjava3.xmapz.FlowableFlatMapMaybeEmptyPerf.flowableConvert,61996035.75642539,62141200.40981146,61852367.976950474,62136507.383098684,62104859.97604452,62184277.51154537,61974481.472673625,62141926.09879037,61909639.97016022,62024129.952041134,64452588.35647648,64286723.97182639,62136414.272211574,61920202.65982268,61594613.26240247,61333007.081181094,61914415.76629987,62100917.24280344,62012939.274886005,62081538.12272926,62212218.765114546,62135106.51394498,62219184.34016799,62251025.100927785,63637145.59521099,61876587.98570708,61962205.982019335,62128800.695630655,62156691.44321747,62124388.68399579
182,io.reactivex.rxjava3.xmapz.FlowableFlatMapMaybeEmptyPerf.flowableConvert,1548291.9777581336,1545523.4826489922,1543486.5001511343,1596344.765670121,1579521.9144049718,1544817.0808851614,1546174.390198167,1544938.2045217066,1544698.0888674278,1543253.217456862,1550688.2405461615,1549404.8135103,1551234.854235621,1541212.7678051265,1540398.5018407924,1553506.3272528038,1610593.919293838,1570514.3082098449,1551173.8811836008,1542453.3951171595,1545449.712718118,1548756.0161039012,1550335.2903528896,1544875.4197637085,1543242.527491457,1544069.09429812,1538525.5314553175,1526886.8822747685,1568540.6964827625,1609348.4713499395
183,io.reactivex.rxjava3.xmapz.FlowableFlatMapMaybeEmptyPerf.flowableConvert,168752.3711850042,170836.95628924464,169124.82485053825,168730.6387219288,169083.48453700685,169177.64023802237,169041.22854646688,168380.81603248397,169386.43034729897,175142.60186561124,170012.18983341244,167977.33882772684,169151.8173063817,168943.59720660947,168502.0179008367,168787.0665228326,168574.18313895375,169353.5425494226,169490.98037441997,168630.49615386725,168333.64634465944,171932.514827022,167731.25101137158,169066.17301810757,168955.89026701066,168570.51677792473,168379.62750461747,166082.97802607837,168771.87720494956,168836.10385685167
184,io.reactivex.rxjava3.xmapz.FlowableFlatMapMaybeEmptyPerf.flowableConvert,16707.43568279702,16923.721960171915,17165.47350877181,16874.103951331977,16795.0488795869,16944.74912167509,16964.3785446987,16955.177606065394,16863.580046266106,16864.50499536117,16539.269410852314,16996.213959096818,16928.651497479015,16960.120716863847,17224.59783106948,17113.558761123466,17000.065302409545,17001.614589431952,16886.987118512632,16974.191909645757,16899.918016548825,16676.718711024714,16981.909594856512,17003.590419357824,17026.15102503144,16980.762461911156,16968.788360635896,17430.248207764376,17477.43984137768,17023.382008127734
185,io.reactivex.rxjava3.xmapz.FlowableFlatMapMaybeEmptyPerf.flowableConvert,1714.085218430202,1684.374455330405,1697.5238751084619,1693.2317418144087,1695.4628146481953,1681.9703599785244,1691.2088660221457,1739.548239322248,1773.1353730905614,1696.6271102038381,1697.920593347611,1696.2598539753164,1695.8716513458112,1697.8555549386635,1697.5758827341854,1689.7076907077537,1692.1637901884578,1699.8788156392332,1700.3098714281452,1696.6444885071671,1755.1199284591528,1751.3568404706898,1695.6055733183514,1699.1809726818146,1698.5374152247255,1696.6282416062122,1698.4869754060526,1699.2730153193131,1701.3823454657431,1699.9537940366286
186,io.reactivex.rxjava3.xmapz.FlowableFlatMapMaybeEmptyPerf.flowableConvert,174.64887890788842,176.337463471545,169.57206488475964,169.34205750542094,169.40198203567513,169.5682025419325,170.08724364561294,169.90643015022624,169.06143549161888,169.73406507991848,169.41772972945242,169.9425735153854,169.78310547841343,177.07199330631258,174.82568218642032,168.55296601472432,166.12954282963312,167.86223261203736,171.72291065892733,169.85907879330622,169.6293046701424,169.3326653843655,169.19775662008269,169.91075064018972,169.5173436081026,168.88553208851891,171.93134196948597,172.34251674546638,169.73254462174248,169.85238027718682
187,io.reactivex.rxjava3.xmapz.FlowableFlatMapMaybeEmptyPerf.flowableConvert,16.80825440876583,16.80778333248652,16.96047740655097,16.976519639873935,16.82109785129364,16.81021969672645,17.595335592272697,17.16056704416749,16.95951348622757,16.89729037804762,17.30204513643534,16.966870302411937,16.9843022077316,16.93591362218614,16.88897303968726,16.91902862518212,16.889615200628246,16.963154671002208,17.17897110312864,17.560787409512493,16.94621407223186,16.9491845481112,16.98272413706161,17.030550040253974,17.394521611653296,16.96807810736931,16.91839146565954,16.87763932585828,16.92712564336843,16.90634111874552
188,io.reactivex.rxjava3.core.ObservableFlatMapPerf.flatMapXRange,5499.680776529007,5450.9007985994585,5363.651256255102,5345.86948759598,5425.277060130629,5412.067976949554,5450.501072032868,5406.414485311241,5411.253560861308,5413.80072403601,5886.3344969081145,5983.665762208343,5978.736710869203,6091.31706589584,5971.940744926191,5951.9785809557225,5201.055243918108,5912.962192353772,5212.683131417807,4835.366117349578,4760.846210384866,4728.419501394653,4676.332688336446,4634.357781689462,4694.9202755588,4636.210052768861,4847.441933399976,4656.260734795658,4768.774498960268,4774.664956985303
189,io.reactivex.rxjava3.core.ObservableFlatMapPerf.flatMapXRange,695.9035753849345,703.2361715933898,684.3036307276553,692.8440068646984,693.3483309172991,688.3882823393827,693.6651643568391,697.4360113950253,693.4868502442407,687.239442417668,699.8114693905233,693.1990833247193,703.2487966678873,701.7007014946894,687.1131938470779,695.3037763367671,692.7040304270315,679.46175757412,688.2275753513078,689.4843684255885,679.9874345121976,689.833605236081,668.5078024398522,643.6363049386225,663.3021736115542,673.1812238142804,674.1311009637391,667.2145830158862,659.9966597569049,674.5461100643677
190,io.reactivex.rxjava3.core.ObservableFlatMapPerf.flatMapXRange,586.2342286077101,602.9755517532786,608.4582281851657,600.2204804571797,606.0177077156169,595.877968363225,586.6597977432681,590.5315425473965,596.1854449426546,586.7915675276732,584.8739935770758,579.0745820685454,575.2146892958682,591.4671507926538,583.3004209733074,607.811371211247,624.9963783157151,618.1507165490261,601.6263292852547,602.8405245676308,610.9323984973091,620.9598710892907,624.3419672914696,635.7041432917121,640.7993836553602,647.2716801963678,640.4664971720541,640.014886106236,653.6346848818889,644.0708781647896
191,io.reactivex.rxjava3.core.ObservableFlatMapPerf.flatMapXRange,470.53504455999837,460.54220814991714,461.4520082050802,464.76221649574757,453.31040834096746,456.1428542082288,468.9115435885944,468.5599341325819,463.6762774517529,460.2138654363448,466.6897959595237,463.2687409475953,463.59963674450637,460.88382731806706,461.9188514819282,468.38189561601325,458.2251540947301,472.47259962583206,468.9746750402634,466.69832293716513,456.75136876266816,450.22780528659683,469.73598958441397,472.6743042433354,471.65314156316305,476.2071208582565,474.23919891969786,470.55677974581675,466.52313404807006,471.8648781890764
192,io.reactivex.rxjava3.core.ObservableFlatMapPerf.flatMapXRange,528.9213716067397,529.7997960742607,535.6136474145515,534.0038889037828,528.331468379845,532.0556761946049,529.013930201425,529.386854087246,525.6855895516316,516.3300859809538,524.1009478003263,520.9002872941711,521.6674735023654,532.3488367587139,535.1937947714322,533.7125232213422,523.61765857465,526.2087078672488,526.1614370498006,530.8875288225813,517.8857870221875,515.4405423816206,497.27531918552495,491.7079731596166,522.2144432572969,525.1225103079478,522.8026111689296,527.4882651718675,515.3740092057025,515.3250169862511
193,io.reactivex.rxjava3.core.ObservableFlatMapPerf.flatMapXRange,165.41774014143752,163.59873288072933,162.86883749057907,163.1670473975708,164.63879746050222,167.44771724108676,167.35295890381326,166.08627816760995,168.0913265281318,166.7833241116137,169.78101983623563,164.67304644180814,166.0929235265543,168.34302115876537,169.28149788617895,165.5901805310234,169.38885078558653,166.3456686661788,164.9584349282758,167.9803684702976,169.2055806449001,169.39211555808959,168.9633749919466,170.2871529455584,170.81934436532808,169.87025955082495,172.95432380081016,169.25237013726354,168.62347676040173,169.2748202376587
194,io.reactivex.rxjava3.core.ObservableFlatMapPerf.flatMapXRange,62.834846460434555,63.367137318224216,63.271259726055575,62.98906553914586,63.76046144665368,62.763127375576275,64.6981955983799,64.48782268656065,63.45581536477153,63.27508368861436,64.15918521625103,63.739426277778975,62.28682082224415,65.35173509866668,64.94358408414242,63.532716615164595,72.20631611594827,69.98642185543788,63.17774162951413,64.03083050207553,64.39737171380757,64.03617532404543,64.94616203468125,64.6460907740615,64.24237851622665,63.4999583385703,63.41726553266773,64.1284012077359,66.65218371087123,73.3253235061995
195,io.reactivex.rxjava3.core.PublishProcessorPerf.bounded1,114515358.36640935,115938012.69589348,117681323.36765291,116125610.67681268,116152234.15796424,114222865.06581056,114413901.4663222,115212451.28632344,114589491.79346438,113881606.8295497,115711674.09215668,116026509.82086155,115697997.66990112,117569799.22646765,116626459.69117518,114616766.65829408,115692580.25639232,112917634.92707343,112008981.91530792,114806918.38714477,113596839.77163795,113112719.79162268,114665676.42435539,114562027.38179278,115310016.90070693,114364369.31013705,115275999.81444545,113551409.47597298,114759405.10525034,115371262.13187657
196,io.reactivex.rxjava3.xmapz.FlowableConcatMapMaybeEmptyPerf.flowablePlain,111524472.7990975,113417970.92695495,111072261.83012792,111630566.60171121,112697936.98830576,112061580.97045703,112782265.19087943,111946815.95427586,112180568.76263161,111372639.04345919,112977226.9503936,113327265.2812806,112599275.14410827,112498659.74865218,109024062.4138497,113042280.11225542,111581548.42468318,109351210.95318592,110194831.63675019,111628966.75190623,111917003.80497369,112361769.4932823,110537171.73013318,111751710.66641977,111282127.9947986,112422423.86933532,111432038.25569719,110973816.01910502,110488052.41399744,110510876.93502551
197,io.reactivex.rxjava3.xmapz.FlowableConcatMapMaybeEmptyPerf.flowablePlain,15193114.025727345,15262018.887648437,15314623.457210395,15414822.320285158,15145442.628431955,15288720.29526137,15240078.814029438,15311962.164827077,15453228.758529816,15488817.078794982,15572010.288052468,15449126.59532756,15419328.315299818,15270042.10337625,14929145.507888382,15195239.454462577,15417334.611194005,15420169.66326899,15497149.65852246,15367213.453127075,15235689.714764567,15431445.997477682,15629857.095086435,15569442.948281417,15205048.514486793,15284922.94771169,15400655.88627071,15233158.525445914,15280415.703002494,14923130.063030351
198,io.reactivex.rxjava3.xmapz.FlowableConcatMapMaybeEmptyPerf.flowablePlain,4110503.0381736816,4164879.5844484367,4128842.5713615967,4165372.1509100245,4176874.0584524674,4159714.4606170156,4165467.3202148476,4195204.737979384,4188633.295419857,4177555.816907161,4280707.229584567,4231623.719471028,4182005.7782257814,4197627.071948431,4243052.650598629,4257463.378781652,4244422.6723368075,4265884.967863289,4239935.779700169,4197060.713862495,4272197.115795919,4222579.408619153,4251039.426400147,4216943.925926855,4165345.948394357,4236763.686812153,4193309.2350572073,4176644.8469622047,4245081.697822013,4247602.543611941
199,io.reactivex.rxjava3.xmapz.FlowableConcatMapMaybeEmptyPerf.flowablePlain,491655.921839899,494131.4517758989,495557.3629396609,503303.86847813806,504594.80146779557,508413.98379176424,487332.59251219465,499868.6256944511,500590.19365893555,494935.48466927983,495650.7830253103,501343.1730973685,496547.99734647485,505332.4609209464,499769.95515682554,500189.17811266024,504666.86672628985,506560.58875994786,498417.6577317778,504937.57690531114,501821.9460585359,502352.2082392284,504122.4552051426,499308.6072755078,502434.68161644327,501998.64739406115,499217.0675307316,501544.2582681187,507587.2577418906,500254.84325046424
200,io.reactivex.rxjava3.xmapz.FlowableConcatMapMaybeEmptyPerf.flowablePlain,52584.37509022534,51546.08341352652,51330.49396330712,50452.35313428899,50935.40206931511,51676.88176461647,51564.32870929315,50784.24253806218,50823.08182011962,51748.17126484115,51626.44793684152,51095.2925806539,51160.542579701454,50576.1202462893,50586.853088483804,50825.210610791255,50789.429140675755,50528.00520388652,51155.408987494855,50854.62838899244,51889.1613990474,51549.77915169363,51257.63375741825,51635.557096025506,52202.77196719146,51968.850200820394,51242.32533457601,50991.62774198737,50803.17625785724,51033.337796646374
201,io.reactivex.rxjava3.xmapz.FlowableConcatMapMaybeEmptyPerf.flowablePlain,5413.518121097969,5385.197524790843,5454.841015384302,5498.602885401014,5510.551242748996,5394.872746734442,5535.766177362857,5508.559342795373,5484.9713429893645,5395.07633056175,5309.060211397619,5308.538762301098,5388.436708991752,5354.1285192091855,5336.7029644497015,5260.581473398558,5364.950068541686,5316.657990024818,5298.006362905642,5285.330781987046,5330.2395996002415,5335.340354524587,5383.298568505206,5374.924455436779,5363.158620779368,5250.130927765076,5300.480844403695,5498.006680078116,5320.875970490146,5381.112244620311
202,io.reactivex.rxjava3.xmapz.FlowableConcatMapMaybeEmptyPerf.flowablePlain,553.8734919711928,545.043084208348,542.1795938991568,544.7708470461276,548.0132216364999,551.5129236403061,546.9272542997601,534.67592276437,545.8613997861189,535.4862437879849,535.567706885169,547.6227448815421,544.8480919712201,539.8161456384055,534.1122690891395,544.4845843586311,534.7164772822506,544.9678894020207,544.810848755853,546.205661845269,548.217518719399,548.067624616664,549.4084464316426,547.4951897252465,545.5823387154961,541.3240794774291,545.1904467056868,540.9657417215083,541.5727099632932,550.7735378936508
203,io.reactivex.rxjava3.parallel.ParallelPerf.flatMap,19.378003468819582,20.474413712604036,26.712702374963246,20.631878533827543,17.307733729758898,27.072991217022732,15.445124347291578,22.074874164771224,22.267391097961944,24.218518656384678,24.500698082841954,26.443396309394878,22.851607987623783,21.65972624222776,19.31697987179197,18.285903416400856,21.811454805000043,24.260214454706226,27.860852954023105,22.467923654751843,19.937763414178814,27.57043231751408,24.32130136535904,24.046230690626675,14.126694884476,19.85448956314656,21.479426886790982,18.705782121569307,24.620482791634686,24.63204411112765
204,io.reactivex.rxjava3.parallel.ParallelPerf.flatMap,46.40820392933109,45.998235783664754,46.80585199386302,46.87972626500929,47.02414455975991,46.692796790260054,47.25619774927748,46.90123322561677,46.43260682433221,46.69838967101251,47.08663474242534,46.738537377437325,46.68776808091598,47.18376785826851,47.50715229827741,46.873751222805275,46.78687087813827,46.24110499586271,46.47393949666388,46.19097341501129,46.397386979719066,46.425272902348446,46.2588472259839,46.89314903614051,47.09057836842601,47.16425269655056,46.736696667780926,45.72448310330651,46.31694931233501,46.06063819317249
205,io.reactivex.rxjava3.parallel.ParallelPerf.flatMap,66.66314552595314,66.80005973919373,65.8829585288757,66.72116318497181,65.67303379797609,67.18596278146646,67.22788352238871,67.72393192472428,67.79374025701763,67.73962446367526,67.28255235135428,67.60515533531157,67.70925031759447,67.68148908496595,67.44156535983169,67.32953511517496,67.25158641646286,66.66363834652232,66.7338700642884,67.15238327837397,66.91605815458885,66.30244930213397,66.8715270908683,67.09638811558384,66.92311350720007,66.83488828491564,67.02123515204411,67.13532242432655,66.94313869881864,67.23419665077259
206,io.reactivex.rxjava3.parallel.ParallelPerf.flatMap,67.90201650745352,68.66525154283904,67.90713943148447,67.93178989356325,68.09211885918295,67.96399756749656,67.80169847402546,68.54499040248939,68.11543397025618,68.35397800958417,68.56432213921671,67.64185201882812,68.44290833164837,68.78369529435459,67.5654704465418,67.94376382994689,67.89225810942422,68.33712923142106,68.13145436050718,68.11938891584958,68.27607593584025,67.1628090038122,67.55679540025332,67.63869317516972,67.07043264384238,67.72649353170105,67.90826048993155,67.82051801778427,68.26082941735464,67.83796576255378
207,io.reactivex.rxjava3.parallel.ParallelPerf.flatMap,24.02039852212442,27.549704488094807,25.369783846446044,16.490813833865904,19.599854156178566,23.446902230691872,21.93084299459987,19.271786392930316,23.249119063270363,17.206905884229066,18.135268055144532,21.121621018513714,21.96828594532903,14.491948430930949,14.79959878090377,19.57207086038897,18.02938478855985,19.975154104318882,22.692160622441467,22.282773387567097,21.93812647306829,23.325484354499014,20.91016937440592,22.961179121158633,19.48106369794893,20.512207120186787,21.6420850159415,19.922514944254498,22.730686485558802,22.73156034430158
208,io.reactivex.rxjava3.parallel.ParallelPerf.flatMap,46.58769383153231,47.25954124133453,45.79861788970757,45.18434379304005,45.81245503314578,46.67408670773789,46.95658811776266,46.66107694101142,47.54337356713112,46.67796498532902,47.39953206293206,47.430518600991995,47.53866709017281,47.74412733333296,47.242214517740976,46.2611621921888,47.24364795201645,46.65653470050137,46.72555005240474,47.00155283730264,47.06497556770832,46.93285316697401,47.32704570984999,47.23123806151124,48.11143736862313,47.409702271119315,48.06025029140818,47.78015890199666,47.830744834897125,47.623779712452595
209,io.reactivex.rxjava3.parallel.ParallelPerf.flatMap,66.02646551628395,66.45547236573563,66.30676607601359,66.80087287723501,66.07757815379799,65.25460829007733,66.71969946706874,66.67427715393404,66.63180205691756,66.37944301488884,66.08398588318627,66.43609112290966,66.20991509685182,66.68991477095582,66.25055058409995,65.80836833470224,66.16987862467064,66.90749830945474,66.21487166034436,66.68586622427064,66.94174849541076,66.20896939746727,66.50988031173789,66.90654533890988,66.49239017817126,67.06082164255947,66.50167924283562,66.31726193153155,67.01847813077809,67.19372303116933
210,io.reactivex.rxjava3.parallel.ParallelPerf.flatMap,68.15237473966879,67.49840216144574,67.31520990890027,67.25663867012483,67.33499134328973,67.28125733804765,67.1707841922742,68.13735377809051,66.75935768382764,66.50771719318493,67.87912899258548,67.52828602004358,67.34562645542998,67.72393536462268,67.3698876888293,67.5435172700579,67.85736260237728,67.3430083448881,67.47995298858237,66.83987758717363,66.78872648682822,67.52192076319281,66.30680302049102,66.71531388034668,66.76118941723108,67.28644787720178,66.73043287395376,67.21763226675205,67.04333901888454,66.59336824078181
211,io.reactivex.rxjava3.parallel.ParallelPerf.flatMap,19.646655200911436,17.817403613023398,21.791951973010246,22.486140137146858,21.958871670169053,21.692943906455657,21.674547479585886,17.880714730194086,17.537149672429962,24.59771630433276,19.86091001821498,20.39110577835145,17.473826901183674,19.309183099240883,20.934180028140503,16.55686043202634,19.95739114951231,23.121532717232284,20.859887476248566,19.197693321892416,19.71933289444233,19.24863607388927,24.053950362804915,17.92387988110752,19.341810529595076,18.736901248058384,19.947356791061214,21.58803282786567,21.71070515772321,14.537306069986828
212,io.reactivex.rxjava3.parallel.ParallelPerf.flatMap,46.474853075511916,46.203178641260635,45.62844655586973,45.93793917637296,45.89899792399731,45.45951828562527,45.927159524993364,45.90015009867953,46.43415776472406,46.29980964552389,45.9202285270086,45.50099927711969,45.34554252208014,45.968039295670465,46.019974454880085,46.116444615299,46.10604079982998,45.8643231045128,46.3994388850699,46.232427554727884,46.44688733506416,46.311297881444254,47.0326036828457,46.26525327748517,46.95804406766056,46.276331970112345,46.074968567631934,46.30532054280807,46.07331813763414,46.77502368948443
213,io.reactivex.rxjava3.parallel.ParallelPerf.flatMap,64.40992866326906,65.51056643102811,66.15766270965409,65.98427535332482,65.57675014556821,65.60496175653682,66.11430813371808,65.74100817051362,65.27553083933405,65.98276609328963,66.0049348165902,65.79365366678275,65.93692618702187,64.74850334531808,64.9005889771384,63.90462235114092,62.856655021084485,65.00615662475033,65.11580440813415,65.47576988530753,65.81023729952086,65.05243773513314,65.66985550563189,65.05184041286172,65.4213291749977,66.11660819613172,65.48758564093121,66.36758816359067,65.71295876482864,65.61439848404812
214,io.reactivex.rxjava3.parallel.ParallelPerf.flatMap,66.01832766916775,65.53006639733697,65.71637011806155,65.97178261511165,65.84531644598636,65.67203699948236,66.4920537698572,66.49813214637251,66.3417934784603,66.52553555625299,66.76174103241223,66.20539307392853,66.59190714615298,65.86218436714452,66.0177862538134,66.36807787299804,65.73591058075556,66.51571002389248,66.71706467093395,66.28101929444429,66.8040830643604,66.93775244199611,66.72831752359558,66.36754681243582,66.46360923013393,66.61003037817045,66.33245944707174,66.85946007772742,66.8634152265898,66.48660295148996
215,io.reactivex.rxjava3.parallel.ParallelPerf.flatMap,9.943060655490845,11.644637443441741,9.583192974694628,15.874995538506136,9.770230509194956,16.85816402243703,10.820923327903119,16.379813591342838,16.566287034639952,18.06288025155546,14.900226163480161,19.924818995522248,10.044222070887045,19.397845635692097,10.578400910044829,12.362279228818846,20.27805857148814,10.954289022606192,9.509186785414805,19.60671117646298,18.862106547126306,15.819493106962963,9.838127454973737,9.591114898578445,11.552291175006168,14.84067172081836,13.661942008570024,11.089840140545832,11.14558454859973,10.193166330602761
216,io.reactivex.rxjava3.parallel.ParallelPerf.flatMap,29.032202781582896,26.360362071171608,28.245054132508205,26.667907007483254,28.422413581337878,28.848156602643876,30.671358297466856,30.37388357704534,29.40410764563098,26.816194961603454,30.502848650211853,29.17262673155001,27.40799860446302,27.60765314710854,27.27651342105432,28.285124699985534,30.964590133307155,26.8818492188953,27.87447577220053,26.815303616528453,28.854556243182625,28.97668092909227,27.962930996450417,26.98723297138972,29.887711568759055,25.119591549412704,28.73405784681472,27.994156789306526,29.06795334243898,27.88764161223647
217,io.reactivex.rxjava3.parallel.ParallelPerf.flatMap,55.9668446256085,55.290086240114015,55.997356644779586,56.26255715499729,55.68370325709462,55.66786442273336,55.82833189905032,55.474278583010594,56.28836555745485,55.03997211140339,55.27258934392861,55.8869623035144,55.75940474812162,55.106492095440146,55.49142200518523,54.754202144593876,54.79771893316206,53.500021858721894,54.20495494845347,54.624883713057784,53.815800891183684,54.284634641880736,54.53814789399707,55.105978188673994,54.93634174489432,54.234722360238635,55.863140779677586,56.80628471806408,56.970299161205595,55.296658957203185
218,io.reactivex.rxjava3.parallel.ParallelPerf.flatMap,58.41983802165191,59.401278946364506,58.838580825238104,58.99789920673824,59.32232712488136,58.89720970366189,57.49236250392486,59.66104620665995,59.31700431902531,57.323076320257115,58.95534898733746,59.36771342948259,58.204301048654166,58.432494613707505,58.90537052503413,58.83075679663183,59.29008916869718,59.640549094432565,58.52284452130753,58.972237580741876,58.169626717184144,58.15794833891156,59.09501719295164,58.27043688218572,59.410109242605856,59.85790863803803,59.13204033919593,59.09586628049764,57.320989940730584,57.88676232075547
219,io.reactivex.rxjava3.parallel.ParallelPerf.flatMap,5.018670348693352,4.631329185928029,4.901501232532725,4.880472713685065,4.727938213631625,5.179573522048125,4.64489542250201,4.871818208220484,4.252490088521483,4.307835357517104,4.231547095239517,4.369084398988335,4.1027670308918065,4.046382746664214,4.728600964115586,4.810862346796633,4.165573165526295,4.60143253251655,4.708140350466114,4.396879904373279,4.704977168472528,4.861151044791784,4.385462426765223,4.211568419185949,4.319475099459262,4.164420191016724,4.499838872919526,4.367140411001454,4.265006153964585,4.038840811555529
220,io.reactivex.rxjava3.parallel.ParallelPerf.flatMap,8.632853950026256,8.532798285670566,8.569190861893702,8.622765172920113,8.525398483519169,8.751257920398908,8.77354268560723,8.342450882872631,8.615529019309227,8.471831708825245,8.418125549883069,8.788942484587146,8.87292619233214,8.470740979695464,8.739159339868761,8.517817202812278,8.648375740192138,8.895273243936074,8.429651704493839,8.777461396132301,8.533505696494794,8.68881063799663,8.832793886803723,9.095381587702798,8.942063343261722,8.399550246642013,8.569808249216864,8.368277602442422,8.34571525285286,8.430300957669543
221,io.reactivex.rxjava3.parallel.ParallelPerf.flatMap,14.654216685151415,14.715250889553593,14.321874440739755,14.643086767376351,14.505835476156303,14.74599950962277,14.431230193479301,14.715974221804274,14.753580548676396,14.85972168626921,14.869007390417089,14.811350260789764,14.61431779191992,14.768444291861691,14.720413305868732,14.3398243016469,14.494672507760717,14.765830626419426,14.753334384629714,14.70896330393126,14.519457486743413,14.71125582662825,14.679696709949967,14.638846639469621,14.899612268085264,12.567979330105665,13.818324299820967,13.282688478842408,10.830919309319325,11.53339962917256
222,io.reactivex.rxjava3.parallel.ParallelPerf.flatMap,21.60951557809449,21.57351514234094,22.066583644247817,21.268309454993055,21.40862415848817,21.85417042076199,21.6496533800451,21.39910385513756,22.045334779816567,22.3525726425738,22.566380698851358,21.728457360702933,21.781120474854404,21.170177643117658,21.421373381130948,21.968475654836347,21.865032598164646,22.146201395337016,21.695254590750633,22.23483192839422,21.620872190131426,21.890253280847233,21.661652867058194,22.586059682849612,22.24677578445807,20.97787733891682,21.423364479834603,21.340404379322585,21.1998528310071,21.440735210139188
223,io.reactivex.rxjava3.core.FlattenJustPerf.flowable,48867879.848381475,48494933.520283036,48797101.35796233,48441584.73777587,48443097.13171656,48563756.9565276,47613698.29534749,48194658.73947625,48671649.39894842,48886304.82596051,48323049.650071055,47848112.47415139,48813293.88040774,48788282.95506483,48968375.50815382,48802251.486919284,49097625.09342324,48333848.81899264,48928376.10597775,48733891.57924607,49590314.11039855,48753627.30589236,48769672.69235109,48826377.8729888,48528419.9497086,48943975.021936074,48448833.039813,49187370.19259876,49501453.079302534,48054864.42801173
224,io.reactivex.rxjava3.core.FlattenJustPerf.flowable,12379557.023690177,12326140.287495673,12311905.354287077,12326059.126749232,12290279.99633354,12326183.933095327,12446700.311335653,12294412.968053687,12327311.771293536,12447298.883386115,12384621.188567335,12399398.852721276,12293367.892917937,12620892.751710875,12656513.662764277,12510109.83183773,12555935.972909665,12520905.365078636,12481502.904202271,12444723.284168499,12402037.00913346,12628814.050306423,12499221.012517596,12545444.154015599,12683101.554283008,12401072.909947228,12232664.772880716,12335433.999647591,12338883.084470225,12302407.620281138
225,io.reactivex.rxjava3.core.FlattenJustPerf.flowable,1577493.9745577765,1577305.2967992336,1595795.7283554531,1584104.1090145947,1595413.1448354535,1576410.8545363494,1589039.9145570393,1602944.4164869604,1586559.8544281824,1584870.7853092018,1576406.9460668245,1567983.6119519293,1558830.7518562379,1572896.2792124748,1525135.3406157426,1478399.1021694446,1469096.7767565437,1507676.46010257,1506943.9525990153,1499565.377194145,1505280.3191871252,1508841.3782016514,1505872.3911924625,1500261.2967974013,1474744.4917305135,1493699.3345324206,1511313.665783108,1509058.199462552,1503852.4011347245,1498146.1739934701
226,io.reactivex.rxjava3.core.FlattenJustPerf.flowable,186834.5747534406,187505.17854851324,183743.99082466227,186464.63917120345,187645.32989572754,188770.4825335825,184865.86263822627,186819.00215964855,184560.41137787423,189214.00342581153,190243.37564484242,188314.35445839292,186943.6365870663,191847.77080531116,196034.86348160185,192330.1994955946,191193.50102113513,188829.32210796323,191190.58211453957,190774.19996871083,191115.59342307728,190578.11833398626,190044.07669428602,190280.73493206443,188892.08811746605,187014.11909493594,184911.3004796113,184075.9172806133,185289.2156092906,173392.24757146204
227,io.reactivex.rxjava3.core.FlattenJustPerf.flowable,18420.579758853273,18314.99904972382,18457.03346052877,18641.247117311425,18458.948666864493,18694.681576276515,18715.737322943965,18431.26544034714,18531.707042799622,18557.04919020388,18831.555807985085,18526.332977907463,18579.67361568025,18858.22825059763,18942.390275674374,18758.082873210133,18820.37454249283,18643.677939509955,18633.169258781767,18756.101263305856,18659.104461510557,18767.115975001998,18877.141649474415,18587.69579432459,18824.718444124574,18607.46229792316,18522.642382926544,18431.613850480375,18657.871703333305,18356.316961445864
228,io.reactivex.rxjava3.core.FlattenJustPerf.flowable,1757.2812104800712,1779.8021144817035,1791.7464857897255,1804.4166686794647,1782.2708729858614,1778.3230919849746,1785.6638880576786,1779.8404640000094,1822.8900560320506,1815.0644486257936,1804.5054752745011,1811.1830550159368,1788.318144692837,1803.5877160803934,1854.3633859234321,1876.244081898088,1892.201961930354,1895.4404072331322,1878.7175028852437,1875.8285867837396,1850.578140356546,1845.9560287976935,1870.0698347444775,1875.415194906018,1884.0952122607873,1859.416202813635,1919.2717457709693,1872.6012333125686,1847.1292491749525,1890.9418459744688
229,io.reactivex.rxjava3.core.FlattenJustPerf.flowable,195.18981626053622,196.68200394597415,196.33541385187584,193.65315016657445,196.78178533295394,197.90403415689295,193.78116119063696,196.60660806845635,198.80078272963055,200.12825333616289,198.9872173467043,198.9410545612977,198.64807229405085,195.1288167623403,197.3191420130799,198.21831833114672,198.55963483897338,198.97584930629046,197.3787153599931,198.60118657402646,198.26713191639956,199.11022597854813,195.39920800912643,200.81960916721454,198.16700420515562,198.7445978883794,199.38737014260727,200.39327968754057,199.21561322566,197.17365781919386
230,io.reactivex.rxjava3.xmapz.FlowableSwitchMapMaybePerf.flowableConvert,50929532.51725384,50182956.68271962,50061384.223947205,50101571.43983227,49922709.572533846,50395067.15309178,50027192.05650375,49895545.49887572,50145968.9408963,50187816.965809956,49736201.26941941,50125499.738976546,50394775.104699105,50604510.215209864,50179920.87194983,50179587.226808496,50102137.64364765,50477144.21029078,50684670.24203409,50114078.89925488,50167785.14882781,50014879.20532594,49981338.977908775,50002774.261642024,50202304.206055604,50661858.82254693,50835739.6540293,49711993.4706775,49949512.8974221,50049187.220256016
231,io.reactivex.rxjava3.xmapz.FlowableSwitchMapMaybePerf.flowableConvert,1343878.248854313,1344491.8298486415,1346626.1353607606,1346113.2741222507,1343579.5580573126,1344460.612862543,1342401.872388339,1343014.5899214651,1345827.5577390527,1344143.547118542,1403938.9082318172,1388973.5836940696,1343195.5911761883,1346039.6038475293,1342934.8396500521,1346766.5964799693,1344054.3451148707,1344737.5136594973,1344713.4698134472,1389471.7228329794,1324692.1456803696,1347056.3061682337,1345230.31018852,1343818.695738248,1347393.521653056,1346356.4498934988,1346788.2998638311,1338086.410394416,1343481.4291337987,1345970.651439052
232,io.reactivex.rxjava3.xmapz.FlowableSwitchMapMaybePerf.flowableConvert,140693.2924024362,141972.52885914865,141333.58614052736,142103.99411679266,142159.04216784015,142131.24268975237,141689.16117345676,141771.76471097712,141756.92245371375,142218.54313592307,141776.21597098708,148779.120062685,145284.46046292427,141440.76343861522,141978.74399060354,143314.71837257902,143299.70801703306,144393.26391874638,141406.44564345438,141678.0673364076,142197.06862690288,141830.4567428002,141330.64964559636,142404.90175082715,146347.20055313647,142017.11290711063,141964.1992050371,142081.2933685664,141478.0943127385,141755.78548105372
233,io.reactivex.rxjava3.xmapz.FlowableSwitchMapMaybePerf.flowableConvert,14299.032842016632,14234.515688034346,14278.736631661568,14361.090569578591,14970.979271319338,14444.801702585159,14301.730206581879,14265.594810379987,14437.66294247256,14256.30111335052,14317.595733897542,14298.632793329567,14254.288098089517,14264.396487649004,14059.243992272803,14322.85179426306,14514.028532528233,15012.255635944126,14499.002193168068,14249.06078740726,14312.214551234734,14290.147525305852,14260.071733531977,14273.934779069243,14274.787442455488,14186.672397010416,14299.334070383464,14321.50334561437,14306.697961725202,14578.978013641245
234,io.reactivex.rxjava3.xmapz.FlowableSwitchMapMaybePerf.flowableConvert,1434.633750915095,1409.797464266891,1415.966368622334,1430.1406770919184,1430.4625666309414,1432.1144176790822,1428.635269415718,1427.711753563226,1427.9786211554751,1455.3843607723184,1496.7585384223062,1439.1949100497334,1427.2837675961637,1424.2942878176834,1430.2448578896865,1430.314145773018,1426.9256800028827,1428.7720251356693,1426.417384098717,1424.2298761790537,1429.1517512736114,1426.6880589359778,1463.170778687765,1492.2270428063239,1424.3006925730583,1427.37786879162,1420.6744410864296,1430.6256524773933,1409.2776169770361,1427.3901190238446
235,io.reactivex.rxjava3.xmapz.FlowableSwitchMapMaybePerf.flowableConvert,141.14967553839594,140.3843949148674,145.44857738968034,150.19638864142735,143.26324697641027,142.94854352752913,142.8512534182045,142.77605490123108,145.16969741537216,140.23667508932448,143.31135597293814,143.61659496257434,143.08836528022385,142.95812774109677,142.85060754887843,148.35730236890876,147.19830606417247,143.34757915270313,142.09953641059698,142.60188491331033,150.4915504515767,147.83575255704434,143.34108739600066,142.763987287428,143.0524307126297,142.97849217435768,143.57531885151974,141.0656204056101,142.10716851323636,141.9523180744065
236,io.reactivex.rxjava3.xmapz.FlowableSwitchMapMaybePerf.flowableConvert,13.981685837135883,13.94675042821978,13.979448644793905,13.956740385338623,13.693128714850458,13.973469049413826,14.293118229857301,14.345100172393963,14.221531107218613,14.456432249205514,14.314196851833454,14.366805241335433,14.348751439184552,14.434886825733397,14.347453894040836,14.32303240099575,14.358779963184087,14.359808105633782,14.322306838506506,14.27718398102394,15.080797820238827,14.764579445153108,14.353299970018922,14.174226073578254,14.084642439971175,14.062248694432473,14.047866157835099,13.996668456987194,14.04129232167899,13.967336838078017
237,io.reactivex.rxjava3.xmapz.ObservableConcatMapMaybeEmptyPerf.observableConvert,112419064.59769677,115784046.80193262,113451206.80301489,114465936.6236718,113239063.56123583,112430481.94246161,114891071.04951687,115000836.23696446,116388445.8671481,116230826.0466747,114724982.07769936,117015588.81872045,114874186.84623887,114365768.05748552,115953313.32280697,114985891.97420701,115451037.9097957,115742882.43051499,114606981.17272143,115403293.03185004,116550121.23756567,115712777.31129225,115388912.68593687,115567585.57594067,115951364.6826704,114428515.61947323,115417229.32618769,116923503.80339989,117705861.33357917,116314515.86993127
238,io.reactivex.rxjava3.xmapz.ObservableConcatMapMaybeEmptyPerf.observableConvert,2870153.595565498,2835057.4275766322,2868008.0682973335,2895885.95114017,2869755.5673840386,2853857.993485627,2871711.2515173275,2914466.247298111,2999995.8930795467,2928350.4457955565,2865710.672472722,2864099.127145818,2871736.952215471,2855837.551740489,2849707.682610984,2829293.2926368606,2995499.8314656857,2924582.648795572,2902613.9278824097,2847003.385522681,2868415.4557568743,2862792.0805251524,2857937.105631323,2864767.1501489594,2861460.233068644,2897325.564209317,2869400.103284168,2864144.121948115,2911725.9448888185,2976080.4940096023
239,io.reactivex.rxjava3.xmapz.ObservableConcatMapMaybeEmptyPerf.observableConvert,338529.5702097706,335791.58848395594,336945.3756813046,338410.4967685015,334667.96143327246,335996.01692961704,338546.39660301583,334385.8482702017,331508.421083564,354132.59466476156,337434.0429270408,337683.37078240584,334659.20880885725,347940.087126349,343457.4497213297,340642.2443495773,337290.60989207996,338201.07435371616,335846.55722090154,336876.0245059055,332504.1724562896,329847.9460035512,336028.13310730696,335422.547418663,334746.8250323685,335972.1726869169,336633.1338696861,337033.45606047823,335062.1257758384,333745.3666995331
240,io.reactivex.rxjava3.xmapz.ObservableConcatMapMaybeEmptyPerf.observableConvert,31956.911899106748,32040.55034291649,32596.582667989012,31859.639155332276,31377.610160135566,31705.317436767407,31919.213519457826,33224.44066654138,32261.77034262339,31847.281966527033,31226.970759043783,31124.323581683242,31193.598627581658,31282.478076159117,30663.13827382509,32994.0337826196,31282.568300557454,29989.319968306056,28489.636998786704,30552.250730884403,30239.45755712697,30598.200356461984,30242.3928587587,29534.98967139303,28375.627073659667,30403.35642495502,29851.86445732045,29364.114324670412,30553.875405719788,29818.423718009188
241,io.reactivex.rxjava3.xmapz.ObservableConcatMapMaybeEmptyPerf.observableConvert,3062.6281173182265,3051.9283916434842,3015.3206361993816,2951.6664056145037,3016.50227410827,3045.8896940134,2979.147436524058,3001.9521595928377,3012.8205172433263,3022.1920592636448,3037.472843550529,2915.60839880474,3065.815471632578,3033.9942642753294,2893.770214388586,2976.486437030155,3009.3433672959427,3020.3581074542876,2864.232471624579,2974.3095854131766,2970.4496647906044,3019.9256161631656,3026.320396540382,3114.7226059194395,3115.98294316735,3202.9923450142433,3206.311258691143,3124.8017416505345,3143.4404644538868,3137.6151714992156
242,io.reactivex.rxjava3.xmapz.ObservableConcatMapMaybeEmptyPerf.observableConvert,328.2353842066107,327.050387288133,316.96319391695914,312.82539369108275,305.20211956009973,309.79639685124704,306.1059856339336,290.55211768776184,307.76532094088424,297.1475149800114,282.8766739735711,294.2700584117886,293.92005815298324,295.7776263944807,303.3318403386716,280.078618367192,289.73756237996014,288.1251207483529,289.5868828821393,293.86239452582737,293.82874690995226,281.3443354665253,300.1140240859611,294.58977637165805,299.4309252385347,308.23609786219595,308.5555223759068,304.0669501908537,303.80727894118183,302.5850862521784
243,io.reactivex.rxjava3.xmapz.ObservableConcatMapMaybeEmptyPerf.observableConvert,29.047998162725737,28.454284329310568,29.071495731013652,28.158701544711505,28.301831901261615,29.055820479101307,29.136990459777195,28.46135778929218,28.28755150979017,29.15929019242787,29.95885949872908,31.5655166979354,29.098105500333794,29.119176759407303,29.863969321102683,30.351325076338895,29.30689057261317,28.772870042580962,30.78271463706294,31.75495268253049,31.13031367215359,30.967755629612313,31.113300191057053,31.896698236706165,31.09437329931451,31.36072491946409,30.892100657772446,29.866261568659088,29.626290856377118,30.50587435828347
244,io.reactivex.rxjava3.xmapz.FlowableFlatMapMaybeEmptyPerf.flowableDedicated,6059108.258053315,6045382.164850325,6097059.121180784,6062688.7501195045,6123013.321293333,6082250.072761354,6206075.203543977,6420790.425047233,6011405.239151189,5813596.221542137,5674590.907472115,5808367.052545526,5966242.188356788,5779252.755415537,5864506.176443717,5861724.464238546,5818719.544372323,6015510.3670721995,5959708.814302494,6144557.825355344,6280298.613763346,6159517.167166611,6138226.081429127,6150161.594403569,6141751.574502008,6178167.750630645,6211133.262814126,6122453.954866342,6083347.617541132,6096834.450091498
245,io.reactivex.rxjava3.xmapz.FlowableFlatMapMaybeEmptyPerf.flowableDedicated,1025766.9766313513,1010656.7543985236,1026149.7231273872,1015808.9003110254,1042367.9363056251,1044793.2697433052,1021144.4809190955,1018936.7337593097,1038438.9889457559,1039051.3904021481,998385.4242357785,998569.4450709373,1046301.6810631074,1053655.0373428639,1024221.9029393209,1015549.7826459277,1009239.5770129281,1016665.3729627167,1017894.7570647219,1039596.9583053264,1015855.0981815747,992555.4957987072,991134.5072544239,998043.0265371515,1034182.195721951,1033578.1272582526,1004826.4892874279,1005495.5600434017,1018970.9631003405,1025981.6057803518
246,io.reactivex.rxjava3.xmapz.FlowableFlatMapMaybeEmptyPerf.flowableDedicated,109430.47930515939,110490.10052043492,107580.6394781836,102623.85238756424,101747.3800102144,103668.08188252742,106100.38496086214,104896.47856405782,105532.20631784415,104858.44659196703,101224.7072637313,105181.13831742469,107700.29694343307,110746.96847810649,109390.30345379347,107739.8448984384,108524.89064814828,109226.15190667518,113103.17937108003,114661.89858469396,111222.33466797201,111374.39787928651,109889.18707338456,109893.6112568784,111586.12896560006,108626.38539900992,107255.82361878353,110870.95320908293,107861.6343003517,108738.3348414931
247,io.reactivex.rxjava3.xmapz.FlowableFlatMapMaybeEmptyPerf.flowableDedicated,10913.409791885046,10966.078344979418,10915.574349580924,11120.277980473611,10740.102653683181,10752.396188439641,10847.63930466854,11038.29741940208,11048.98432211619,10992.171300205677,10942.117036807831,11245.300115011441,10969.532726272066,11157.118632256526,10895.937384602505,11062.180391992577,11509.852260552283,11230.614445404028,11295.62839443532,11143.582079472626,11223.921897406066,11251.38369372686,11196.157164484815,11488.016616907124,11703.290019910943,11199.17942779468,11272.39880915431,11098.20542398267,11555.99956244988,11697.993048456381
248,io.reactivex.rxjava3.xmapz.FlowableFlatMapMaybeEmptyPerf.flowableDedicated,1097.8785845094606,1127.1752402408397,1070.4951908648247,1074.6741480515693,1040.356957445317,1058.3859033311692,1112.1499948804128,1108.2919997963982,1107.1136525595564,1118.2036679032917,1139.9423591992502,1134.7943582403714,1116.7255334318443,1130.076232744458,1129.9301341599446,1145.5655511381242,1165.7193087790777,1137.103497368743,1120.4687913483656,1100.802759262398,1132.2238401775292,1136.1229369512553,1115.9952871519024,1113.578277883961,1118.2756716002668,1124.8173364134705,1123.186685919299,1101.0111983579227,1131.2557626713192,1128.5313017653448
249,io.reactivex.rxjava3.xmapz.FlowableFlatMapMaybeEmptyPerf.flowableDedicated,114.69624534560143,114.45382884672765,116.19732491471996,112.75928666176166,113.71182194902374,114.72693543806355,111.33250750987962,114.89920582068586,114.62932967051624,113.76236271063266,111.16708439981525,112.53864209725157,112.94327784496141,112.83943783008618,109.7733299292158,110.80995239926892,110.29217032832416,109.59839083497764,109.40466129758518,111.14804975404306,110.1039600996104,110.45055883524947,115.82035024399408,116.86844142922001,108.62884878999886,107.56950061948977,105.70759545492602,103.67617255515643,104.17519745783628,108.36086055423598
250,io.reactivex.rxjava3.xmapz.FlowableFlatMapMaybeEmptyPerf.flowableDedicated,10.60783133949339,11.079963834924177,11.464404166249693,10.9986135037831,10.943210254158883,11.221604420843079,11.222882310801344,11.353299173987217,11.524747034083541,11.450190981265852,11.267161390259213,10.890678681284509,11.32692581851108,11.23949454981455,10.915748790542228,11.321866705868755,11.273060111876724,11.0512594952836,10.903354465075061,11.180961288700006,11.10484395875357,11.160577944390532,11.293274653264918,11.36259641706334,11.257801346743756,10.906193852652251,11.151623047410629,11.268564699757292,11.047177057079075,11.20515782677697
251,io.reactivex.rxjava3.core.XMapYPerf.obsFlatMapMaybeAsObs0,99972373.95671874,100197421.0655393,100381227.06019974,99975301.28301142,99884578.92411155,99486188.57016383,99551897.3906038,99935137.16248012,99614144.82619148,99892433.56902643,99845966.99198459,99870103.85102144,100085491.04524657,100155889.08311029,100036607.69025008,100446339.74237335,99414138.89454076,99920897.63123198,100132921.2041177,100037138.40825033,100039703.337364,99573453.42710268,99577709.61312991,99997935.01889458,99688039.06375028,100400961.1246858,99765148.70008141,99350174.36022262,100318210.76530264,100114337.47960971
252,io.reactivex.rxjava3.core.XMapYPerf.obsFlatMapMaybeAsObs0,1425117.2104234754,1419529.649218594,1421306.042020558,1416517.292440815,1410717.5532157912,1423958.966933108,1416320.925463837,1424630.6121985388,1427572.8007415533,1410609.5526928643,1421900.0575446885,1423186.16859472,1424055.3934760753,1426181.8864687684,1432533.5053593756,1424786.2808079093,1432740.176611132,1430364.363495858,1430116.5732363376,1424359.1316625518,1429282.7038100658,1432578.8398178353,1460206.2268523376,1431854.529847459,1417589.7619199385,1426559.8118491254,1422760.860267071,1424274.0069401274,1427219.961684503,1422483.7507615043
253,io.reactivex.rxjava3.core.XMapYPerf.obsFlatMapMaybeAsObs0,151439.87975117375,151673.46862027288,155082.37028642304,152400.36027226778,153454.57833329932,152027.19111075392,151990.66710346335,151573.66969183058,151769.4289908024,152455.41508312125,152088.33534147512,151409.5408117057,151328.6480002942,153015.14645159044,153537.46148520522,155872.82954664703,150892.2992522014,150783.93335731735,152036.5466567406,152649.5116255577,152851.6374423277,152341.35916678963,152639.39807478743,153115.00998769427,152809.69173706026,151716.73109969628,152404.0883221905,155296.32157962568,154706.62526625447,151698.1892396169
254,io.reactivex.rxjava3.core.XMapYPerf.obsFlatMapMaybeAsObs0,14631.33561241741,14791.282489677707,14914.56628581718,14982.170841719108,14936.943614536749,14937.838520627516,15100.087543712414,15276.808836661388,15355.484759949262,15023.259864079537,14984.492430287908,14997.917735258306,14964.96951219939,15003.942417110846,15003.099528969371,14982.70948220379,14966.874790353262,15011.841446124554,14992.030735228906,15321.759831414642,15390.469059598381,15012.948177837712,14936.840990760164,14947.018414353712,15327.001476507809,14989.697365319558,14969.292685951295,14989.882849000913,14966.231873115345,15007.756322241332
255,io.reactivex.rxjava3.core.XMapYPerf.obsFlatMapMaybeAsObs0,1582.6178436866671,1550.6877194056906,1544.072231846917,1541.8059976349296,1545.8903948251166,1553.3170282491174,1540.5777476668752,1539.3216317321471,1550.063814158418,1545.1900639049632,1547.7212631391149,1540.8016803341209,1541.8099210475034,1568.5198933143754,1543.3244483058654,1543.9111417381484,1532.0295389526095,1580.0333277099405,1561.6845006887484,1537.3713258184757,1541.9170479466545,1541.2553686699684,1542.4484096515698,1541.0804496243527,1539.345039472605,1539.1450849408598,1532.884586053747,1533.5763587323584,1535.8822085857769,1544.5564003127174
256,io.reactivex.rxjava3.core.XMapYPerf.obsFlatMapMaybeAsObs0,154.348889089704,154.68216126059198,155.10185109048294,152.9923112184074,153.7843783080368,154.43350131643152,154.47223833752466,154.98323236409053,154.3204852369706,154.7011103385748,155.62024598291748,156.9574333010462,154.1217455555261,153.39165361031442,154.7549463162829,154.72907774024702,154.98167388200847,155.03866523682987,156.74958830045114,154.98976804048328,154.95420390485273,154.38087895086116,153.22935990273652,152.91528080572104,152.04646280728767,151.1849705922654,154.4539906244674,154.11073053648488,152.97945508567105,153.31255432534542
257,io.reactivex.rxjava3.core.XMapYPerf.obsFlatMapMaybeAsObs0,15.206507903336327,15.40387947628843,15.58634212714951,15.440902045453592,15.46364201488584,15.366728483109645,15.363794149191216,15.468051721390752,15.550721054521764,15.439730873988267,15.77321409994068,15.984600435940015,15.540202366574295,15.456874086198662,15.534095595158261,15.476231984504043,15.441177337735235,15.46713981833185,15.45421053897299,15.35292162514579,15.405931594478544,15.330320724739225,15.516915575917775,15.82365104235275,15.875888085768723,15.444313462616247,15.463266344910757,15.43595419573156,15.446449437668194,15.343304525642978
258,io.reactivex.rxjava3.core.OperatorFlatMapPerf.flatMapTwoNestedSync,10256877.2290787,10219127.430847546,10177184.713595562,10348477.635116773,10335425.43004536,10289444.472022137,10128157.378123514,10361266.933752874,10324963.46521375,10072795.855974289,9898361.146939171,10029934.171094986,9966781.079625962,10080558.722212847,10015753.568264334,9989613.893036861,10283112.656288186,9990701.276258923,10045043.610861627,10019857.048891466,10073498.620811202,10150361.539982216,9847662.82880988,10058465.651124353,9984861.94188973,9959872.02424706,9977238.853040589,9980096.096037492,10027014.247697841,9866599.23771973
259,io.reactivex.rxjava3.core.OperatorFlatMapPerf.flatMapTwoNestedSync,151709.08850365737,156021.88829945977,156181.6598681949,155510.58374559015,156508.35579860734,155839.46159954913,157101.84902112736,154563.43976210515,154668.53964976736,155726.32456091503,156565.8565084099,156128.30505856298,155447.61375668543,155831.01939365524,156275.8463259992,154988.17148207204,153972.37985846447,154485.87111991475,153031.7465638345,152270.5972795778,154492.20753948452,154268.62932159365,154624.0657724231,152522.62446344882,153020.1038702213,154273.71333955182,157292.3373097461,155579.7349156263,155163.24750489218,154162.3193249266
260,io.reactivex.rxjava3.core.OperatorFlatMapPerf.flatMapTwoNestedSync,151.18570863298862,149.9399701834773,152.19257546883156,151.9403495862156,152.31800724178942,151.93613136813744,151.93762519866482,151.62102068124986,151.4640656088124,148.86150967170713,140.21526047664136,144.48176831447483,146.90698173112145,149.16448304199858,150.6509166673786,149.21573997657194,149.68334697504116,149.28288012535464,148.9503755439334,151.48451546311378,150.8148878460642,150.3014531047935,151.5499649531234,149.30636369352987,150.4494267121606,150.1414773695266,151.40048436202326,150.73595477287267,150.75459895024602,151.15411767513933
261,io.reactivex.rxjava3.core.XMapYPerf.flowFlatMapCompletableAsFlow0,114046195.13120185,112887751.76367448,113070766.7530044,114994219.25872217,114044400.98524308,115149287.50872517,113339024.7183419,113428078.61224563,112828584.63731164,113735345.40920575,113735905.18754616,115643341.08403254,113938648.57729806,113863985.9745087,112324509.78878681,114241437.5447403,113535566.9216175,114446960.67655058,115625511.50875258,115035017.29502925,113751130.12428059,113163187.95964022,113704611.15135604,114187868.1460455,112569166.65965143,115242188.85666808,113562703.19493085,113987727.76192817,113499199.58171526,114930729.4075873
262,io.reactivex.rxjava3.core.XMapYPerf.flowFlatMapCompletableAsFlow0,1450611.4543657762,1461164.4423738075,1491175.8163023086,1437339.5214126217,1424531.9121335812,1433095.2960704637,1440200.538435172,1441636.6096894152,1437278.9994250631,1442801.1354635737,1419863.9290100678,1390557.2050298848,1439650.2882558072,1422509.1211401764,1478935.8840177255,1456204.7491871517,1411243.1317413163,1436399.2184461423,1411912.0802294742,1408898.0619098758,1395426.1241589393,1370281.3262354657,1399379.0003627352,1372121.109164546,1408876.3575349217,1404041.627248855,1399471.585745803,1454318.5385788153,1457753.1895080036,1399625.78103553
263,io.reactivex.rxjava3.core.XMapYPerf.flowFlatMapCompletableAsFlow0,152069.6266493369,153363.30401563103,153254.63671422898,154581.8643465599,151126.06361825796,149861.735329878,152806.90092863698,155299.9280834118,154862.66271011656,156250.8474612066,156125.9940281605,154967.12565544408,154835.0003741381,156016.74508668145,154856.08825421747,156051.20497796594,150132.07092480618,150600.5324352053,150029.2134838202,152220.87536209144,158575.1579827123,158104.78864412062,154843.5629982426,154605.80636572445,154064.1999762395,154508.48519188957,154475.17629574615,155154.37714033606,154374.86671976026,153780.5588663176
264,io.reactivex.rxjava3.core.XMapYPerf.flowFlatMapCompletableAsFlow0,15844.657989157635,15605.051837050381,15404.241387324399,15727.037300865702,15630.869841217871,15522.719561908778,15207.318557201766,15051.639272413197,14734.016584587054,15590.585851677437,15840.331094396557,15799.055595652715,16128.214862372284,16341.937316500183,16146.60039856681,16209.676000996093,15950.12318982801,15565.438911000738,15472.868933280977,15660.022955507782,15368.776261190204,15871.781301144572,15910.551885209616,15783.447540099956,15655.662348897586,16138.580579560867,16224.643700909823,15790.366312910899,15558.016251074429,15603.901259676672
265,io.reactivex.rxjava3.core.XMapYPerf.flowFlatMapCompletableAsFlow0,1546.905500934963,1570.6433084752887,1599.5260524330338,1563.635602541006,1595.7126185402515,1595.4810075785258,1599.9338251370584,1611.7258454336918,1595.8094858803377,1585.0094705215301,1589.4055893294858,1580.87170498933,1525.1995462993107,1546.395047164759,1569.3347589956618,1556.2787846167964,1570.545086903943,1567.396901722346,1579.7375850505346,1594.8794446576578,1611.5019991487052,1587.1321386881118,1568.115853942419,1541.650435388727,1584.3289954778613,1589.2214372394535,1593.478387597647,1569.4894937218667,1577.4215468993796,1566.8262559814666
266,io.reactivex.rxjava3.core.XMapYPerf.flowFlatMapCompletableAsFlow0,149.81812514080468,150.35014128362948,150.56366574385598,153.7891504610434,152.3485015906015,152.19040563532624,152.75698044737607,153.09119874632543,154.1540689102244,152.95024788451738,154.12952484037237,155.31044167401436,158.41931921326133,154.01598616579525,154.69623615025182,156.15141651966792,157.88744724914184,155.8131418686797,154.45705102965007,156.81059867055475,157.06514589565188,157.7932148322402,156.32082556210153,154.8927669629677,159.1135458179712,157.91762527121216,159.28153213789776,154.85772848825235,155.7356039275577,156.17339126294488
267,io.reactivex.rxjava3.core.XMapYPerf.flowFlatMapCompletableAsFlow0,15.786739820735077,15.681027468903707,15.603682900606376,15.404446417206318,16.105093335618967,15.775454966265704,15.291933577769985,15.2313962089329,15.481514721153673,15.429913218233432,15.361909153490542,15.4874471491834,15.428872764926119,15.677330208671584,15.423563055024026,15.341975167498171,15.63413202781973,15.859045611417052,15.82543015472612,16.0291420816007,15.767251371992797,15.81478720717508,15.76385081515242,15.658370158182636,15.741630586513214,15.902888723756385,15.202098175347643,15.387398550737098,15.429037794933373,16.177035277318875
268,io.reactivex.rxjava3.core.OperatorMergePerf.mergeNAsyncStreamsOfN,192470.2872825262,201365.7122257624,194573.6641610199,203806.7221844923,196909.88378209985,214189.35273361375,209205.97004271505,204639.86043341455,193104.7280798803,200121.8200642792,199736.36875151953,200627.5568460119,203947.63139697223,214088.94992215588,219307.73498971303,194747.9138603467,194692.70597420126,219343.81826776732,215385.10078445167,197983.0242274612,192744.86600811387,214423.40726714866,193250.0097049994,201511.5617123533,219843.67570130172,202993.58226213075,211182.08262537906,199388.83709043436,215412.0048255025,213230.55085008615
269,io.reactivex.rxjava3.core.OperatorMergePerf.mergeNAsyncStreamsOfN,31.381288677738624,32.21827309072112,32.43549593713076,33.24474648109272,33.1135002072983,33.30418988160527,31.572171035428834,32.249293843076224,33.08495375181789,32.798001308087656,33.44952748164479,33.86518911651309,32.294167027257956,33.70728325562549,33.55113370844876,32.66713777496916,32.74275497389535,32.94337954598642,33.84814685567252,32.506475890874746,32.117600185332954,31.695487819458698,32.555081518382856,32.82545713114565,33.15929766976878,33.23178374630192,31.638497389837806,32.590747586112705,32.810940310513374,32.25008361347246
270,io.reactivex.rxjava3.core.PublishProcessorPerf.unbounded1k,295511.42963811534,296363.0932327735,295198.0070335553,296608.8163965108,295504.7338940008,294618.418841115,295366.4307177056,296457.87159700575,296280.8093692934,295999.3088416139,296314.8410246561,295450.7121172842,296935.5565619194,297921.0055245722,297955.7402942214,294596.11413646594,295326.43629680714,296543.5870798563,296067.6095562531,296237.3488746751,296229.43581014714,296544.3896070097,295844.9450610116,296118.10241102264,296057.6997974924,295736.4241174773,296071.5580750394,294154.200468275,295324.9835802233,295455.285143061
271,io.reactivex.rxjava3.core.BlockingGetPerf.observableBlockingLast,28226432.204484764,28061245.46292653,27970726.808177795,28120359.441128198,27289150.2612086,27389782.028028984,27580048.878889672,27709681.144448675,27669032.982817955,27793098.867625784,27397361.02601464,28023108.206066202,28042418.29735028,27755117.92920282,27885269.869438175,27765950.831222795,28244977.618915148,27514597.723320425,27629652.69247682,27818047.434728056,27706151.200896144,27918809.302008037,27835388.763682976,26428225.26278751,27693636.31093671,27355691.611300077,27744555.45817838,27819152.74022886,27815407.890235886,28440708.739121348
272,io.reactivex.rxjava3.xmapz.FlowableFlatMapMaybeEmptyPerf.flowablePlain,110676470.80232391,108607449.25137082,106680172.8091904,108954139.41578005,110997111.33244152,109107150.1310644,109963959.29592219,109984980.7843142,110218276.50935845,107478276.18734904,110697657.82603678,109947616.89286675,109748942.98306711,108943412.5845634,110517783.75779568,113217915.28033186,106818679.01023936,110877602.82048842,106809246.12991735,105424772.70813553,100580259.74133916,100355759.65687229,103130679.84450758,105179237.0097769,104932321.71632265,104886315.50148256,101848615.9439511,109091993.30532168,107730762.82786167,108757619.39780143
273,io.reactivex.rxjava3.xmapz.FlowableFlatMapMaybeEmptyPerf.flowablePlain,13010023.517460102,12700870.140153933,12846580.938057031,12756616.512928834,13012123.556233723,12920187.5688775,12511825.23628881,12579621.084080435,12433988.812883472,12763927.440306595,13086903.986045148,12631732.212901343,12817228.77172874,12873343.921743056,12644616.904654434,12667484.039679367,12820502.782184562,13042792.094264196,12736365.479437726,12394837.135030791,13355700.440543296,13277419.001969941,13252200.663717046,12748232.062232252,13115020.801010987,13557565.985670025,12927774.60432153,13016152.161464997,13211495.95044931,12924513.584730394
274,io.reactivex.rxjava3.xmapz.FlowableFlatMapMaybeEmptyPerf.flowablePlain,3496988.8071914725,3385137.1629181276,3538083.4999521584,3470522.7300596857,3478033.157783232,3442368.291706566,3430371.8275965014,3455400.5531032328,3353868.628061171,3468721.2710356866,3453062.6980371783,3317968.1489341096,3403282.5612591286,3351294.154238872,3242223.8517865986,3148220.178822194,3224942.366981127,3375417.255692591,3274827.219434081,3329618.3200601675,3310614.271829349,3311791.0278897504,3324300.1189748673,3456105.205543696,3486663.608020526,3441957.5279936558,3545893.186594569,3395822.366527504,3479489.1655572136,3498319.7795834388
275,io.reactivex.rxjava3.xmapz.FlowableFlatMapMaybeEmptyPerf.flowablePlain,514878.1035092356,492576.9589785659,487448.4050680126,508719.96042157727,503750.7060737152,508387.44283586176,493241.0861924181,512990.40110532276,496587.90399936243,507567.67168882233,502934.9672596692,507040.87169775,504728.20335900196,502393.9424242427,500931.0705443197,501748.2774505692,508532.01661192253,514045.21082283574,492586.98383311636,517729.15229836345,496968.48444525304,498147.63641105173,512874.0979397911,507704.833210715,492627.4596079022,496490.9360773102,512283.4680548617,512176.38551023044,502997.47019928304,516453.4699313318
276,io.reactivex.rxjava3.xmapz.FlowableFlatMapMaybeEmptyPerf.flowablePlain,54941.43704780745,55432.78473218718,56055.872919543,56346.548097770436,54938.47121201111,54366.3124417597,54959.510632374,55031.02829328728,51954.96507350246,51268.797231906945,51488.405285496585,53276.76441014778,52767.994499601045,53330.76457567375,52028.44336100308,51122.108942495084,52715.826756559705,54277.696424843896,54118.32952650849,54276.370056291045,54655.67126111582,56555.94982292609,56069.44491539521,55709.38212252534,56312.30165885284,55828.447799136775,53936.554209297785,57253.35840013896,55852.83821589685,56197.19157807716
277,io.reactivex.rxjava3.xmapz.FlowableFlatMapMaybeEmptyPerf.flowablePlain,5908.003638818328,5868.4424334159585,5901.287053708467,5823.6180230702485,5844.057803468751,5819.486447779443,5880.334826265008,5858.9595425286,5908.267280324963,5750.631189019324,5881.823821731067,5841.658977081903,5885.987651197908,5908.863434348305,5768.262703102554,5763.706739481795,5910.2441093296375,5840.577831353194,5735.761874110034,5756.238081302607,5899.943567039782,5884.158624158332,5862.946348177968,5754.92112880593,5903.0863562503055,5717.825960813405,5850.984155534907,5856.2461957021815,5695.767538639446,5851.974959399149
278,io.reactivex.rxjava3.xmapz.FlowableFlatMapMaybeEmptyPerf.flowablePlain,513.6829846554838,487.4877434917492,474.3489328465704,494.0614674966837,500.399945405467,460.62026925622786,504.5051979505217,498.96971104163066,482.43143622002015,504.1016359376807,498.1285947577318,520.5704575338115,515.7352612285003,520.6125544102698,530.6724647094017,517.3905165584467,523.3431755308342,527.5995160905202,544.9697243816317,522.9380461774155,505.7660695371552,523.9572906693656,523.6830282787416,516.1292203278622,526.6269427400324,515.7123238043985,518.4565823255184,517.8326986117326,522.8833614543271,522.9756209794309
279,io.reactivex.rxjava3.xmapz.FlowableFlatMapMaybePerf.flowableDedicated,5566850.691979237,5541368.64308427,5568256.803143421,5555831.884909055,5548382.4088743925,5529976.2630429445,5545535.856654857,5536178.019081326,5623459.945095404,5721274.762258791,5592499.893540928,5561388.712078071,5511932.609781648,5595732.693126282,5555004.998580253,5583514.571957358,5583823.703775514,5566494.868111315,5564610.276492254,5551982.1504108105,5548093.158735427,5583512.489238733,5567249.240399313,5665242.2415499585,5533097.066553965,5502578.653271094,5544070.991157496,5539373.343928633,5567541.173223223,5559872.470070589
280,io.reactivex.rxjava3.xmapz.FlowableFlatMapMaybePerf.flowableDedicated,909492.9656461872,921880.7063608025,947638.6376926689,914534.7357155249,910888.6712065645,908832.1090812923,908585.5697593169,905809.0164474301,908594.4043544669,909422.1705791359,907722.5830776895,910371.0535729262,908138.1882679843,908908.4712403577,935978.3280392211,942898.7271224725,907152.6967067582,907051.6264555566,912886.6315388674,910900.6913955867,903175.3204073817,911520.3806423706,907905.7214136072,914264.2113324946,915254.4591417458,911841.9541464217,911227.7599439066,943474.5605370218,937366.9988006932,909627.0493897423
281,io.reactivex.rxjava3.xmapz.FlowableFlatMapMaybePerf.flowableDedicated,98268.29218451676,98653.71034603658,97936.88867100648,98742.75073662809,98238.94160447126,98504.3445700652,98288.29780440287,101495.86224072272,101996.67727882025,98664.27332824748,98426.62265534785,98665.97729824287,98649.62942681788,98691.8664978809,98408.38255982424,98444.79592393804,98577.90601661151,98552.82712280442,98564.1499857374,98581.48762956673,99431.45122786424,102838.95430954576,99387.2741747367,98422.01108668002,98481.28068544659,98492.8120905876,98791.40405970844,98578.5878383705,98400.20928741063,98384.19720797036
282,io.reactivex.rxjava3.xmapz.FlowableFlatMapMaybePerf.flowableDedicated,10055.340037867294,10464.434782167456,9974.945109654873,9961.06304140841,9950.928334772987,9951.772926494617,10105.452269516321,9973.820282044395,9961.164557128594,9931.026431685823,9928.412278093723,9927.84932255212,9960.392864252959,10373.21107580484,10141.372492435657,9937.36484338867,9918.608879496054,9894.800384085835,10085.05221687771,10014.065707697604,9901.44149330607,9915.062312726961,9953.413515015454,9941.931789138916,10003.307340989788,9992.462661013667,9971.111683631218,9940.597858790821,9970.58786564059,9884.01500848433
283,io.reactivex.rxjava3.xmapz.FlowableFlatMapMaybePerf.flowableDedicated,1005.1205446514437,1001.9136671031331,1006.6536024421708,1006.9875807282613,1006.2139697959307,1009.5744371162457,1008.4572100081996,1008.3100346178218,1007.7604764977065,1016.3592860896898,1013.1682759778939,1010.7503921584054,1008.0507941709388,1009.0527517293141,1007.665344262517,1016.8994428816912,1008.7335016874557,1012.188388886632,1030.2381388962863,1053.1204874780033,1016.4435459478838,1011.6056265580919,1012.9254659054423,1007.1467523214606,1008.0934185644048,1016.6902714089568,1014.8888361811066,1012.6401299758894,1009.6275766565435,1010.2229678100725
284,io.reactivex.rxjava3.xmapz.FlowableFlatMapMaybePerf.flowableDedicated,102.04982277438266,101.38159487933173,101.34573171844342,101.60979542176665,101.37967540625266,101.38476661796268,101.21947336043878,101.5577571998441,100.86703485557861,99.64974718226364,100.91491540554429,99.90179573557756,103.99925870913142,103.45591643824247,100.4639910527605,100.85971845371091,100.06613727684007,100.60476372281947,100.63309264989631,101.45205249333294,100.73610525157224,100.71632019677472,100.74090376442196,100.36462597799999,102.59943191351982,105.44061717584304,102.66161602081762,100.90349015052111,100.29310949219408,103.62042955878964
285,io.reactivex.rxjava3.xmapz.FlowableFlatMapMaybePerf.flowableDedicated,10.065979595415648,10.045612771452172,10.050795789939471,10.14837131049157,10.36425574423658,10.088363730290139,10.086175263665986,10.062403329805138,10.127049134280735,10.066891188174768,10.057263222469103,9.858375591662858,9.873732048654157,9.922625253571448,10.00587035317375,10.192783008330501,10.414072034149514,10.015361287997314,10.057180253761913,10.05773844997638,10.28110155120391,10.082185919242425,9.927767223618082,10.097761802180228,10.019136760703987,10.11489619088476,10.099823515500256,10.37710872530669,10.386469021062085,10.105528599282584
286,io.reactivex.rxjava3.core.EachTypeFlatMapPerf.nbpRangeMapJust,27252074.39633852,28258466.390818838,28405766.53836576,28395134.55611188,28339999.038079277,28204261.192220476,28274021.65824838,27840290.57007836,28084343.23515916,28401069.070250604,28342584.83446272,28761669.504939724,28517326.894215494,28371901.8897182,28199463.696152974,28474770.066583544,28297927.515903514,28403367.98952915,28303812.994078122,27890169.32114924,28371692.71441869,28316742.879688587,28379055.561108146,28184157.449544568,28921050.771797612,29614222.336565293,28745371.19726546,28565554.400221664,28386486.36321589,28259751.99975935
287,io.reactivex.rxjava3.core.EachTypeFlatMapPerf.nbpRangeMapJust,66797.48249430176,66063.00113177476,67080.79296098866,66598.02692553539,67545.233947936,71358.67059809614,67497.39326153134,65997.41561436057,66238.58784766347,66693.81023513789,66591.4954138061,65159.53019316756,65342.13846781719,64820.25278804634,64938.95330970741,65585.49645249383,66288.90367719726,70071.64370083727,71374.44784727145,65704.46012838927,65874.66898148828,66660.85572025404,66330.43977768546,67072.14994888796,67045.20162114735,66213.91522611745,66258.79817609573,66200.58100479342,66235.41726004498,66073.13107225327
288,io.reactivex.rxjava3.core.EachTypeFlatMapPerf.nbpRangeMapJust,64.78398751124189,64.89234386110381,63.454499121043646,64.98495500814128,64.9460643069211,65.32852584275031,65.30991531928254,65.16677886872012,64.50656816644705,64.86830423899738,70.89123363607794,71.06057746051809,64.49752679321777,64.92616992006327,65.27417971169665,64.94738255328754,64.5341542061863,64.49792410107158,64.19249772857563,64.44906963137569,65.24461745770455,63.256605900450275,64.17466053635951,64.24065490204822,63.91661898087412,63.695257683046385,64.28225748259422,64.68381541955401,64.83398169775397,64.77833688757617
289,io.reactivex.rxjava3.xmapz.ObservableSwitchMapMaybeEmptyPerf.observablePlain,98191521.34696934,98291965.78878678,97329925.91236751,98376685.13441566,98601476.4899653,97983393.80308749,98562513.81179455,98483384.26126455,98487834.23317207,98697616.10457502,98101627.51737165,98459007.8639687,98347331.49390008,98424760.77217117,98362281.79863527,98334269.2017205,98851802.08455265,98673363.74736391,98763823.27039196,97878938.21850672,98438598.2891793,98339280.10254459,98387832.722676,98284700.49141815,98473333.87974612,98446929.0396166,98437059.98794705,98263223.00273459,98233591.7443852,97961519.4262868
290,io.reactivex.rxjava3.xmapz.ObservableSwitchMapMaybeEmptyPerf.observablePlain,1505131.2812256275,1507162.212411987,1504442.831454393,1503617.1377952667,1497778.0703880966,1516702.0024849903,1524883.9909164074,1494326.7933989868,1498278.0990428624,1493404.5124690582,1492354.8736333146,1503788.210233116,1499590.3400711538,1500278.8407875234,1486769.294002849,1493613.8898514346,1490324.510264215,1499262.487418439,1511709.6226691497,1513000.1395233446,1496140.3424593224,1511577.3335764676,1489988.4598091866,1501948.1094184897,1490107.5181701512,1489936.1786648124,1491027.7842698537,1495184.0710741265,1479436.2726119554,1479772.7972081841
291,io.reactivex.rxjava3.xmapz.ObservableSwitchMapMaybeEmptyPerf.observablePlain,156899.34644988016,155902.43958358982,156204.3595964692,155523.14270120717,156783.6891765737,156350.58544122006,157001.76949623768,156913.16031982555,156307.66115552557,155979.71844087925,158000.91319726073,158857.93854143517,156323.94605110705,155987.067745631,156833.57631178273,156613.5622409118,156085.8942743124,156898.92550120028,155968.99139664925,156537.78697861804,157163.75637294186,156325.61986748606,156185.42861840266,155564.14086590093,158644.52045038194,158231.71867546375,155772.74298146987,156955.6260677317,157264.06779989137,157401.6322967139
292,io.reactivex.rxjava3.xmapz.ObservableSwitchMapMaybeEmptyPerf.observablePlain,15728.966937180532,15518.086217493083,15668.792594180277,15715.589541554235,15891.310364804098,15944.466716302693,15673.188395285328,15704.265071316246,15709.17782962683,15765.514715093177,15812.49253183697,15841.062638039368,15850.745952383231,15827.910090111194,15891.399291132202,15842.936954773271,15944.934304370832,16091.162052736105,15978.51294371438,15867.488622576671,15801.856514455189,15748.143222267992,15869.574182238022,15788.858702348702,15671.49100780235,15798.611681199904,15759.274800669022,15749.499781398323,15844.001770340727,15899.912191607498
293,io.reactivex.rxjava3.xmapz.ObservableSwitchMapMaybeEmptyPerf.observablePlain,1525.8403803119752,1553.2412928853882,1576.5601286881752,1573.6443044569307,1568.571122852161,1576.0542224695298,1571.7192390771659,1559.3669063922061,1539.3027512685744,1587.1330904475335,1580.0476010277189,1572.6393371849674,1565.2954010587582,1572.7730818725206,1562.8509618437256,1573.798464090084,1570.3033412038883,1573.9957843935738,1558.2644757934584,1573.7729423349717,1578.9115414808884,1580.4564841760048,1596.2602802160657,1588.9053918062557,1589.3583108862044,1581.6093630482487,1582.6283181568526,1579.0995563763656,1577.8771101970265,1578.7884518201868
294,io.reactivex.rxjava3.xmapz.ObservableSwitchMapMaybeEmptyPerf.observablePlain,152.62533578359444,152.61483069030382,152.82830687258368,153.52012326772692,152.5279987522452,153.47395359749297,153.26876941492327,152.43457822983652,152.78460884199282,153.44063431577075,153.84028148136323,152.62796490932254,152.78700147468817,153.33075251126078,152.88945251691038,152.83329555454094,152.26381844608449,153.09072620478733,153.169482593448,153.2122905697674,153.23367669726653,153.75079133860012,152.7686726345306,153.33074594669128,153.5328440799894,153.0009844083337,152.76585684058145,153.33399471396388,153.10788475680866,153.4410101038434
295,io.reactivex.rxjava3.xmapz.ObservableSwitchMapMaybeEmptyPerf.observablePlain,15.82279734381,15.8368774070903,15.765315775185849,15.831937696076878,15.681181031599255,15.619334543991858,15.483286378783575,15.621552991442309,15.857087915872757,15.766985725188993,15.99702616883224,15.689946695681144,15.75402619764389,15.68635712461811,15.698564870068449,15.609124453400899,15.535670576902708,15.721813484222494,15.867549990034435,15.700818639898843,15.796915735926214,15.672756849214162,15.41226372608381,15.275688883015642,15.283935881187542,15.222013977671418,15.234945130254863,15.186287089521162,15.244955453530322,15.260339333655203
296,io.reactivex.rxjava3.xmapz.ObservableFlatMapCompletablePerf.observableConvert,110423952.95342144,108194084.64408393,109190449.97844395,103241909.92025569,102272146.0250433,108735767.91094744,107897881.99467099,111201618.9507188,109853229.56876741,110770889.43967673,112571179.34422643,110601524.00715275,113017027.53906661,113327815.40954436,113114469.06302285,113089135.46425286,109522704.54357399,111403207.83685972,111855468.60117427,112768211.61995712,113313552.03868993,111157169.54163374,109560841.22569248,110675107.26948066,114338452.96440642,111080840.78059229,107833099.7771786,110082411.25008065,111480893.2420039,113057138.39601713
297,io.reactivex.rxjava3.xmapz.ObservableFlatMapCompletablePerf.observableConvert,1623600.4292422922,1655073.2155429276,1590932.4921573189,1577786.400048064,1586072.8986362505,1583152.9125494836,1623262.2519522172,1628943.6292105196,1612755.4263723558,1584793.201088341,1589973.0524166785,1596165.2092923599,1594561.7320304746,1580220.8231341224,1627755.1269381163,1601790.689006711,1558967.221319667,1603924.7603559776,1639615.1572249653,1570632.9625779332,1594937.5746863727,1611808.618849681,1625365.371144821,1568070.0690726219,1465207.5585816042,1461070.8766991044,1550848.58284524,1533155.6362320946,1523374.36608282,1558699.9208395893
298,io.reactivex.rxjava3.xmapz.ObservableFlatMapCompletablePerf.observableConvert,167843.95258238845,166186.39076396538,171377.6775684733,171134.92197211125,174559.60904215276,174088.06640384646,172199.90057767634,174058.51823983423,173026.69843074575,174387.03151411755,171934.04654166705,169649.94332737327,170204.33496844696,172784.73580082058,169520.60534167438,169299.08550695455,172853.2820156318,177232.86736757742,177445.57169023587,180898.741610648,174414.61300552805,173924.35150592573,173403.473411115,177309.25487391854,180037.65072132176,176409.2047024997,173434.5837161463,174188.8518484836,177112.79264326527,178235.0079938961
299,io.reactivex.rxjava3.xmapz.ObservableFlatMapCompletablePerf.observableConvert,17279.330903031423,17628.57716228008,17673.34133224189,17375.872370709858,17204.46587777768,17362.83265431728,17817.661305653124,17518.535695675342,16941.840043037773,17270.023535599274,17119.766520822173,17257.91081873241,17583.339271189176,17242.046187246968,17213.37003156497,17540.131890253702,17640.083650574605,17895.07605932798,16428.167814731176,15725.932586599753,15783.23866948068,16654.73778738731,17169.60377705364,16432.611460764176,16467.85429844075,15968.908253649422,16436.827988417113,17444.77010881779,16768.07876175283,17552.125658412453
300,io.reactivex.rxjava3.xmapz.ObservableFlatMapCompletablePerf.observableConvert,1745.3325115436203,1742.3808014226945,1750.943974172185,1758.567077715375,1773.4820332903932,1717.112259830117,1756.1583628607573,1749.314793395427,1757.6301243166388,1753.2149296398716,1737.9781574802876,1754.578134497076,1770.5579925910556,1786.2478396147037,1791.2492963761351,1705.8767947543756,1793.2002147722094,1799.5416585391117,1789.5977395888883,1795.151352968792,1768.3785210525614,1761.7501750164317,1777.0831583715171,1782.3778129002062,1782.4456522723606,1743.2025353929312,1780.2185588218567,1767.2217773820032,1759.6136680211175,1793.2406199811378
301,io.reactivex.rxjava3.xmapz.ObservableFlatMapCompletablePerf.observableConvert,174.92230475989479,177.50990597769984,172.75211005069121,175.98102796460032,175.64406117419983,172.60992693877762,172.4670891122735,176.1386452119368,171.63190345949707,173.5126470466583,173.4972402177886,175.28080637504738,169.95873742766642,161.2857545839699,158.0922647277404,163.63879762741504,166.4218498280101,165.98856874099357,166.17923973785926,164.01905077099676,158.34617723327904,167.0713005943151,166.859873247625,171.24595082104423,172.56818590719993,170.41874732509837,173.97411578310556,173.63640554043474,173.17250195314446,174.93962619795252
302,io.reactivex.rxjava3.xmapz.ObservableFlatMapCompletablePerf.observableConvert,16.841988898050204,17.229212350840513,17.606083512197692,17.19630090409466,17.01996799760002,17.09914077929028,17.546506982639276,17.081167011559312,17.75900306497602,16.959063906279873,17.27120641913786,17.332351394000725,17.678458313271598,17.777979858538462,17.561279222857667,17.2861379231328,17.471514806249782,17.681578656214345,17.294210040867313,16.93984751622166,17.059136085676652,16.732027280102,17.180325272464067,17.24791311390599,17.229760774343738,17.618614451428304,17.723326816531706,17.90826954540375,17.700958276188167,17.69202090918517
303,io.reactivex.rxjava3.core.BinaryFlatMapPerf.maybeFlattenAsObservable,102203213.20160131,102856290.08309278,102540674.13005267,102436040.73654117,102138773.85767429,96981579.51009662,99211986.1558238,98971963.84072618,99910929.92146589,101836656.143407,102410446.38719702,101065429.88819715,102625863.88274385,102326543.3516491,99886084.09101391,98862476.7653158,98863295.60021834,100358351.382348,100551485.60491975,99467774.23291704,100434590.59282108,99641537.56188725,100511582.4286563,101313490.5167464,101613047.31915705,100260824.90190043,100191269.83627476,100135266.0406478,99988746.74254975,100354501.15979101
304,io.reactivex.rxjava3.core.BinaryFlatMapPerf.maybeFlattenAsObservable,1577143.1011854922,1547908.1979695521,1538683.2055093679,1546562.885642918,1535863.2113100812,1561927.3941110112,1575895.74335656,1575058.7227213623,1582663.4749284599,1588667.0840174716,1576818.8322482028,1598755.4522806455,1590884.3485952883,1605686.0537889479,1577605.1948961671,1568468.643885036,1582287.4632923258,1592390.6625547165,1598002.1124776804,1595900.1988337887,1613170.0909991108,1605310.9039321663,1602199.8015786859,1607773.020177879,1606698.3385597963,1603889.9382145172,1609058.4642493832,1615849.5169420736,1619419.5539838495,1618417.5192506986
305,io.reactivex.rxjava3.core.BinaryFlatMapPerf.maybeFlattenAsObservable,790.9083693108735,789.0087879848743,792.7447805743627,792.6788786521481,1471.5604640196834,2380.24353004323,2404.424789457618,2390.8786318280127,2374.461054327733,2385.804590675001,2400.5550259187307,2387.461247882264,2364.772345731049,2356.9298860497497,2371.0039341342585,2372.4609626345236,2370.5915707782706,2377.1960156671294,2381.0425661168665,2377.6605794416423,2389.8552177911956,2393.184208973661,2358.550104209072,2357.9767677715095,2351.3110776108156,2355.023430128106,2352.500237202109,2355.9846177764307,1852.7787742209903,1617.9984460179273
306,io.reactivex.rxjava3.xmapz.ObservableConcatMapMaybeEmptyPerf.observableDedicated,121048617.00353257,120852037.13258813,120339520.67905064,120373160.34506688,119109067.14697112,120824764.25356248,120792292.62443231,120096086.30294977,120310054.78569056,118411112.13943204,120601605.88468076,120819020.56713784,120887343.22158374,118932065.2608566,120309074.13667913,120493460.66414988,120738974.9604294,120307895.9182016,120633636.33172348,120416712.03291175,120474919.21769258,120641816.3767014,120599597.56283769,120534034.78283782,120633933.66049759,120522186.74241276,120758421.25547181,120550008.19745888,120806332.4255044,120573219.11436251
307,io.reactivex.rxjava3.xmapz.ObservableConcatMapMaybeEmptyPerf.observableDedicated,2809807.899427134,2809004.704532423,2809018.239351008,2800336.5894326153,2799858.3564540017,2940747.4594674837,3092365.4824060034,2771512.176683369,2744204.6548282793,2788455.597970401,2795240.476931143,2825229.229128127,2799923.774119146,2786795.8341661636,2780600.155381309,2788354.443835285,2800636.4711173894,2802727.053594138,2877466.17027922,3045909.134677947,2799695.6497142897,2804008.0713789333,2810735.0915017524,2805235.4207059424,2802449.4424524815,2797541.8534390414,2806156.774245761,2803238.9779910278,2796515.5282106064,2788689.2453177385
308,io.reactivex.rxjava3.xmapz.ObservableConcatMapMaybeEmptyPerf.observableDedicated,309021.37116779044,308140.03745581344,307683.7385231859,335640.807514732,331379.58447014587,307457.893831831,308991.042703985,307285.0984818886,305259.7442462551,307938.6680415039,308294.189506564,307415.0610058295,309014.1050538884,308848.7559951346,307859.68021257693,309000.71235264983,342443.6776356266,330557.3388440929,308648.94944166316,308292.1085757709,308286.10458378715,307394.00775581633,307427.8888711333,309350.88547161216,308591.9568369268,308170.110833153,308161.898892859,308559.4003889206,315251.30582138436,343008.7160952321
309,io.reactivex.rxjava3.xmapz.ObservableConcatMapMaybeEmptyPerf.observableDedicated,31284.53616526829,31104.591310047515,31161.66282641184,31119.619098022144,34183.522289180866,33815.890804965704,31242.643927587156,31223.23132883815,31150.730669270743,31053.651029464283,31012.12882758337,31125.576575228897,31204.953211636377,31177.216419492477,31139.825686033553,31071.063811048753,31355.191819930842,34745.50722877293,33070.42708770215,31186.681083141382,31163.48336173764,31153.083102458128,31249.297922023587,31217.283032660587,31205.839009076553,31223.699971466973,31040.923608287,31163.302718764495,31119.958050296547,32112.20571078978
310,io.reactivex.rxjava3.xmapz.ObservableConcatMapMaybeEmptyPerf.observableDedicated,3291.547866401975,3338.701927369328,3633.836924300348,3297.393187326523,3289.8335500368316,3302.0268035462714,3296.7051789525513,3308.3768870635827,3301.394728893194,3348.3774094012506,3695.8929188944608,3483.7619231939307,3301.245579552687,3303.480250238309,3307.9654305036447,3421.92916886133,3105.862804722327,3118.6490646580523,3110.1561671614654,3108.934640867045,3122.9653101013355,3113.6341075151236,3245.9517424354453,3484.8244763607745,3212.0561692262313,3125.443117921578,3105.41192193352,3118.3732724580746,3120.0464545226155,3123.8703406376417
311,io.reactivex.rxjava3.xmapz.ObservableConcatMapMaybeEmptyPerf.observableDedicated,330.3861837688305,330.20761696175015,340.13084392692457,337.54949631573214,330.7282997564558,329.43154610130944,330.12020160251217,330.8543675022022,330.5229522567324,330.69070993935435,329.29261360744846,329.6453105462756,328.7222044256506,329.2909092368312,330.4655905444414,348.6031602718382,370.74296612604263,335.06281055535925,330.50265398773416,330.2167647994739,330.7900621023464,329.758949505501,330.42024826701345,328.7892240784877,329.80166914903384,330.532054202244,330.5227723814377,329.59900260225606,329.48876917960615,330.1565648712386
312,io.reactivex.rxjava3.xmapz.ObservableConcatMapMaybeEmptyPerf.observableDedicated,35.42103026086801,36.42673114941054,33.02845546472062,32.941473542786,33.02276138506319,33.009785782063126,32.82256593500486,33.010677200624905,36.22394316802451,33.6482234700446,32.8180491871551,33.017096617758924,33.042551365753994,32.97122205796337,33.095753552097385,33.05700702445649,32.93049390289361,32.98129739463032,32.793164493419766,32.99797214261995,33.474475077230856,36.90949632789566,32.972043433009716,33.0806829577439,33.13060827811415,34.82776316315831,37.03257360128254,33.181814498104444,33.02052424190376,32.979021374253726
313,io.reactivex.rxjava3.core.ReducePerf.obsMaybe,44118107.68612513,43914615.37040292,43270095.19109118,43937996.50263857,42951689.86041075,43404168.08604587,43498999.859347194,43062646.50579235,43428052.387155384,42850467.62788927,43508447.47210319,43008535.71139429,43581821.774906285,42770137.37187353,43221419.092489034,43729589.953037284,44546973.474570006,44025225.23103049,44027868.68035678,43702203.268721245,44057763.6746938,43274408.61424221,43896120.19635144,43652245.602873355,43879650.82369866,43839644.8233142,43849617.66474705,44113264.35408867,44673225.88186102,43845752.52005781
314,io.reactivex.rxjava3.core.ReducePerf.obsMaybe,335065.0391865151,344913.3853471917,349205.4216152714,350024.3248411646,349751.8121466957,347007.3587475446,344843.74381478695,346289.6727276167,347673.75236600015,346197.04997022916,353425.16767389275,347838.6469894689,352097.89294601494,349520.28200549865,348117.5727571012,348994.22257786023,347953.5210870178,347238.52538492566,349059.76126665046,354199.82081773767,353454.8708700479,353859.9782651669,351052.92061529163,341385.8923087218,350062.97347128484,349631.86443658854,347517.19082529657,347247.5913815064,344740.93842621637,354192.01118018373
315,io.reactivex.rxjava3.core.ReducePerf.obsMaybe,317.3225347929241,314.9503291835845,320.0726187138848,318.19027257625066,320.47267375235674,322.08690520357055,320.22979514521916,323.44548958089933,321.06691052861805,319.4107331924056,317.1960529643316,318.65199282963493,320.11727756745955,318.55431448126103,318.6815348499122,305.98604734222727,310.24867265093326,312.4321133928695,312.2933578921362,308.43064442087183,310.32779028428706,305.7233677393179,307.6730804300237,303.66982526504614,306.2912561227298,305.827210378581,310.43285872438065,306.92436309458077,303.1766398545457,298.7883659674402
316,io.reactivex.rxjava3.xmapz.ObservableSwitchMapMaybePerf.observablePlain,49199476.80813331,49031830.68192765,49575943.370641425,49188744.464899875,49639903.97815417,49612762.867898546,48801086.171961635,48222074.24517403,48528186.61705035,49272489.66128489,49079957.851925425,48957393.095005214,49029014.93499794,48486048.72329635,47901868.35889143,47237856.60873095,45489003.69160552,48846464.89838687,48800281.14580664,48545362.93430908,49066138.10687589,48670491.09582375,47609428.350021385,49839010.1311603,49120947.60463288,49154248.27995751,49032982.01046272,49298933.66024558,49573435.83499052,49046614.800302096
317,io.reactivex.rxjava3.xmapz.ObservableSwitchMapMaybePerf.observablePlain,1755613.1511064419,1743468.6450567888,1749328.8418133252,1811614.5587102035,1830723.5192693006,1796667.5040314805,1763593.441728398,1788119.716202826,1755225.08013506,1773069.1851694048,1702704.5975792033,1728020.221445189,1742738.9096083385,1761533.906145324,1763171.7723786375,1764863.7523936706,1727170.7815849318,1776108.1221446954,1776316.1428365351,1783747.950897701,1827605.4549142388,1829106.3322414383,1798074.4720386676,1770878.943591133,1795344.505653303,1802724.0657691648,1811001.4151929948,1792678.6436853209,1819336.0433550137,1824992.0783132322
318,io.reactivex.rxjava3.xmapz.ObservableSwitchMapMaybePerf.observablePlain,195130.7046483453,193851.49221155496,193002.36863161618,195482.7901137808,192938.41366117087,190798.42470468782,191639.19694680691,189900.38491265327,189834.1573814561,192385.99541829282,193030.7439159011,191620.55362528612,192479.65152401547,192592.5676890741,193002.63291693173,191518.40054986617,191199.14955411846,191178.81959308314,189086.33983555125,189965.6929490284,192105.42524885436,190957.7646561107,195169.68156663622,190931.81607879399,191003.99893367742,188468.60708713077,192394.63135291295,190029.85075988,189613.7184767343,187422.71873934084
319,io.reactivex.rxjava3.xmapz.ObservableSwitchMapMaybePerf.observablePlain,19428.46505916812,19520.083375924834,19228.254732074838,18850.924844314224,19116.664528932673,19135.502417309817,19216.013890452323,19389.58611138076,19152.364237269143,19356.72959111607,19173.378411520847,18905.91141652655,19245.364124804026,19109.343659419632,19598.41702548716,19852.1399095355,19502.80143583496,19709.364891379246,19608.2730405685,19421.936011438127,19668.24959197706,19686.765414318117,19441.015191749582,19315.2807082336,19323.496621689163,19048.763487615728,19387.970537540397,19985.17992812683,19379.599746399923,19268.02760045109
320,io.reactivex.rxjava3.xmapz.ObservableSwitchMapMaybePerf.observablePlain,1915.393052165023,1888.7687618180282,1906.2298850326767,1901.9309580042934,1906.3291799185492,1886.8402223699698,1924.5039552565247,1911.7819173013477,1879.916430195012,1919.2404471583538,1921.2087271312262,1924.4137639106862,1892.335943363091,1901.0141625705035,1917.8393234214836,1920.3726622605561,1937.6967194602569,1948.0545818386695,1926.5418086351106,1869.9603643201178,1912.104469695827,1929.4392914358336,1924.8773352669327,1860.973293590033,1889.9279648209467,1899.2712249404644,1955.79363639025,1979.1736395886098,1964.2910127304472,1939.7997893841382
321,io.reactivex.rxjava3.xmapz.ObservableSwitchMapMaybePerf.observablePlain,195.0945676721899,197.82689118321633,196.2859220225499,196.2111444738891,195.6569216532456,195.49023399661365,196.55647758092832,198.13977754277647,196.60875271088915,196.32073966415751,196.85499798646816,196.34486394626506,197.65581777373842,198.04670022798558,196.8560930777018,195.3934705308126,192.83556005467005,194.69845220541498,193.1208663088291,192.60543082567568,196.18407318619563,194.83073067153111,194.24226074658532,198.64024840667787,197.01530568128658,196.1417892506635,196.15788771482994,197.4726282167759,193.78876211017192,190.90101209819673
322,io.reactivex.rxjava3.xmapz.ObservableSwitchMapMaybePerf.observablePlain,18.66856364164684,19.402086388808257,19.676122871618293,19.651083998990877,19.73436089887409,19.59971505855849,19.99268195485984,19.630901613536142,19.637189338044603,19.658101192945974,19.63254673231298,20.05741095776017,19.66171235459258,19.434686199428068,19.629514891479992,19.528000399613187,19.60623444571863,19.804704129182284,20.24773547880138,19.78603465228366,19.299003269202906,19.55640595500384,20.163498976816687,20.064251523347483,18.71007317774515,19.50189370798624,19.728164477431925,19.5999830828626,19.94240658902219,19.776601981221766
323,io.reactivex.rxjava3.parallel.ParallelPerf.groupBy,1379.3952179606374,1450.5845888383715,1682.4224950192047,1476.9418011083274,1643.8869022250137,1871.6640138495459,1667.7226894034834,1767.877814806762,1898.8211576304475,2026.713688183984,1307.8619648058618,2043.9883810944752,2046.0753642203813,1872.1459532261815,1992.5982503481666,1714.604216062463,1799.5160309605694,1653.786067888044,1913.9711467240497,1840.3259456492117,1804.3291846913862,1944.313552323098,1891.153300408954,1919.4079778033263,1989.4537238597802,1935.1808070015034,2088.753708783936,2002.6818539606797,1766.5706720961311,1582.5219137997535
324,io.reactivex.rxjava3.parallel.ParallelPerf.groupBy,746.9931694944581,728.7891459954915,693.6508120193246,751.4936826343124,775.257352297712,774.7871016758402,771.1347082016575,579.8373880835363,701.3539856492345,731.8177349385717,790.5728850930996,768.3793592452948,783.1569120053035,764.332257938162,775.2636902091691,796.0224390765351,727.9636687372946,691.6214133545438,802.6050589182379,796.1959352603116,795.4316664606089,774.2979038271089,734.9402984030163,805.8838556951654,621.6884302744646,774.6032156995836,785.3132977077721,796.6136965269158,705.0077875499735,808.4851388768901
325,io.reactivex.rxjava3.parallel.ParallelPerf.groupBy,204.94134517218768,203.04550743500891,204.61926922276186,202.0739593040287,203.20716509579776,202.26439251915838,207.88728476152602,207.46259801445765,213.39887415061864,205.9126841676675,202.1716264256593,199.4906932778873,204.08914037024883,203.80276131801853,204.354210857974,202.87429908428737,202.15179552633873,206.343819432172,204.62054307086657,204.9391191457536,199.8547893073303,205.29182122765664,209.9678251603759,199.27841544828118,208.28645683846483,205.18815603005015,205.66915422277347,202.45487829535193,202.30030635800324,207.0378057244387
326,io.reactivex.rxjava3.parallel.ParallelPerf.groupBy,195.363575022011,197.94310909541852,201.54207886266317,197.502513486312,189.98973188060168,193.36975517793195,192.40957812567007,196.81488123671053,197.7438064859615,195.5300798217433,192.9269156078172,194.6192051439273,197.35180352716552,198.22631654152264,198.06062893828258,200.595009507934,200.02704783653715,204.31906035095375,199.7596996685628,200.73817238404337,196.98433245714935,202.47551168651302,198.73177768161645,197.69388742391672,200.62155171789195,192.34398563991294,195.96512016826125,201.91385607818438,202.0903776700518,197.0313585726437
327,io.reactivex.rxjava3.parallel.ParallelPerf.groupBy,1531.6822188266956,1936.4523480385465,1934.3726055891032,1815.927686127683,1922.5158028599549,2056.5348837880083,1875.2530529544533,2107.121524179597,1997.7120138315101,2046.10553064454,1761.3384219140064,2040.9569974998258,2037.4611933874087,1926.002427042913,2060.176172631736,1509.928079105736,1908.3990928356434,1854.255635034894,2025.8486427703526,2077.596570220398,1963.8318468981095,1990.8171155764946,2027.3066712549642,1470.373854527414,2134.187962822026,2025.4847126381355,1870.3614006366192,1912.479599001275,1748.819346961459,2089.103006020511
328,io.reactivex.rxjava3.parallel.ParallelPerf.groupBy,698.174336934618,691.9247767059757,699.9673486230888,728.6402965166604,717.6825551572757,693.9859782240021,745.5163187041369,593.9232057294992,648.7124705229776,713.7599011618878,744.479543285044,714.297524099924,735.5509218890063,744.9782458902417,739.7749892994797,726.8306695320885,723.5674354685933,715.6494305386575,643.8284422541348,721.6192267906955,736.5625915684345,665.2501659364654,751.9314208466931,746.4425499856877,744.6819024232428,704.5100907280087,757.0710269115758,767.9144382053807,753.8757635357966,704.7420108636311
329,io.reactivex.rxjava3.parallel.ParallelPerf.groupBy,212.11662947858832,212.1672177857902,202.96036245009458,202.94388317508773,205.65390360604405,206.2814947372359,209.9296949650156,204.1256396617958,199.16512112292068,205.79726664306273,202.2521206030232,199.87767825882614,204.28466028648336,203.94754632266617,205.31619932573443,201.73314678822908,204.13488350841226,194.98818176630314,203.60038619240626,203.36457153380604,201.5666049909111,195.8518044234433,201.77857807557018,197.68016930048535,202.39556325874176,199.41270088047807,192.8835448238607,194.612996487445,190.36081046818694,204.98851223878563
330,io.reactivex.rxjava3.parallel.ParallelPerf.groupBy,206.1776113207979,204.47226893327482,199.3379698973034,198.34263103453594,193.0258811857585,198.0556100482178,199.04141950926467,201.8802983072035,204.12807468584626,205.88386646978879,204.934322443409,212.24928193078497,205.45881572652948,209.49438070329623,197.3119652845741,198.6420228405146,206.18585248103486,242.67253777995936,146.27865650003733,112.97782674576722,200.65511759566868,202.7276284916752,134.42457517343468,62.98635967394901,62.37571552049603,60.178267977364996,61.62555634086173,61.6255039080181,63.10679506823512,60.331579910362464
331,io.reactivex.rxjava3.parallel.ParallelPerf.groupBy,585.4584632161528,604.0406758874504,590.0197135170363,589.6578168516185,590.025647576285,588.3282044964752,605.1159044844915,588.7013088508244,589.6314072561704,588.6155104624108,596.4165280962296,605.6540812771326,600.9416888251083,594.7513546213025,595.3817288206149,597.6047734854507,595.5002466649947,597.9195158477303,595.5852891984488,596.7008511886668,606.0951998722986,597.2767062705802,583.4541844449935,593.8281787856092,596.9662039522957,604.1137126256851,599.916252890929,588.3119914818177,594.2047027591191,597.3049711571218
332,io.reactivex.rxjava3.parallel.ParallelPerf.groupBy,517.8410093462644,506.9573207840352,497.86701125755394,505.7374039448001,506.9131647610501,504.24654523143084,488.89070212796014,499.3415223292366,505.7760206296963,526.7584291111681,530.9995453496055,521.6405948465567,520.5003202130957,516.9805102978486,502.07138984434226,489.5125165128681,512.7708785883203,504.91744286480946,496.25915753164224,512.6585227719083,491.7450503529391,513.7399530556025,519.011906689081,528.283418409633,526.082151309678,538.2269908605482,533.9793606297529,529.0509825279805,507.1617139245393,516.0159915611483
333,io.reactivex.rxjava3.parallel.ParallelPerf.groupBy,428.31506553105186,430.6780711296597,462.2332779459396,438.0414426718301,429.76919331426893,439.1481172073909,444.32693844124555,450.7712953232909,447.5904262975728,417.4322207988039,416.9308361774482,420.4573850286121,419.36082951425254,413.92174850736643,400.97676299560766,440.83705472197425,446.94750109957334,420.4645766239459,407.93422998790174,402.81325617724946,415.44799134576294,438.08449889972036,409.8349936209283,424.3920316779234,415.87051330936447,427.7246590943026,418.07755326839106,416.2760912981954,443.63647672914806,467.84794520717617
334,io.reactivex.rxjava3.parallel.ParallelPerf.groupBy,76.2938786383285,73.77254022517042,72.94651685393349,69.87276560670506,69.79981907468097,67.08901887609926,77.06722919921125,71.49935422875612,76.77951648538233,75.37174029086853,67.14108246158446,73.86611226058874,66.94557518879319,73.32146861181548,71.84697743358286,65.71687298188525,67.98489476137811,68.7033835158811,71.8201212634269,75.99528390638427,69.76224163000697,69.83710188701605,68.88346742723199,67.43860791535609,67.22020083444646,62.96295145619209,63.99355911226891,67.03540172885839,63.191721078054435,62.63682766444458
335,io.reactivex.rxjava3.parallel.ParallelPerf.groupBy,59.24985564883606,58.16834489456629,59.41144756466293,59.409709228376784,59.492642343637925,59.944695084259955,59.74812413494923,60.27161535861301,59.725187510038246,59.796406629820545,60.01476550162577,58.50323702128865,59.783242224735,59.47729674361939,59.69174787432164,59.07327645630284,59.1555308392793,60.391351202130934,60.07704092603145,59.07238143228873,59.44204186481015,59.29087889465738,59.440389359990796,59.26092740315251,59.93633071473569,59.81177610872773,59.55378096846115,60.629347275151794,59.07464646728593,59.13048614214921
336,io.reactivex.rxjava3.parallel.ParallelPerf.groupBy,113.89056710968698,112.33322971437876,112.97095614625641,112.82664715949186,114.70550039535944,112.95500714327466,113.80621351098263,114.4835562061708,112.43117683460949,114.28859191628798,114.3800463090195,112.49621965413728,112.36110755135213,109.97157509712677,112.7347764446886,111.8931342242964,112.99577916557696,111.45779527580244,111.82153182880744,115.06411292025425,113.30770803315073,113.65438803047496,114.56410192244142,113.61997209796472,115.4127162763538,114.93967035088656,113.64079553676693,114.60857447039689,112.7272618009811,112.88628817440018
337,io.reactivex.rxjava3.parallel.ParallelPerf.groupBy,158.87569851324582,158.51481294657393,156.85438203847323,158.71676485418124,154.99560938671414,153.61493819648595,153.09478878759614,154.94635369869067,154.60842741032542,154.23189524071358,153.4125517364156,153.1644337934472,155.04879964673125,155.80726127616177,155.15962228156388,153.71146237294417,155.47924729334974,154.5586463480134,154.96271581561206,154.66323750396478,156.54434356139765,158.4919191265258,158.70616933491314,158.48848665073606,157.05841813508783,155.76324438566786,158.9000294825101,159.19766795156963,159.72748287182802,157.78471033641208
338,io.reactivex.rxjava3.parallel.ParallelPerf.groupBy,199.11404702561072,196.7970644415244,198.52668439214662,198.25330983601896,194.50304957092254,198.77102929068712,195.12434360519248,196.75898087341503,194.60314561055324,196.507698890846,197.37964761033956,197.14554145436006,198.95062980436217,195.54488258284044,194.6563612514448,199.36963985128597,196.96101924771966,195.36232370008028,200.61321471283543,200.40687840795323,201.38631447696278,201.11933203196048,197.95307106748896,200.9766850967153,200.52008365362693,200.83451035512226,200.53893151721897,202.64008061816995,204.215432083235,204.69302555405105
339,io.reactivex.rxjava3.parallel.ParallelPerf.groupBy,5.887805655310929,6.0096514590341705,5.988704040562946,5.9308458686348935,5.945132361545036,5.978162376632561,5.99186733262734,5.9641480389574095,5.944668175939315,5.899973530260421,5.968977748304558,5.941933418263236,5.94775003302513,6.066590907483853,5.941163822898897,6.076194867336636,5.988410180646631,6.05252696943763,5.864423105717958,5.973687507477813,5.992253460408776,5.938421343906458,5.999925180932994,5.974411035938438,6.084193879760053,6.068209748082581,6.025555928679021,5.9702123300642,5.909334539762062,5.835221241363026
340,io.reactivex.rxjava3.parallel.ParallelPerf.groupBy,11.451345417189362,11.685350290474876,11.739131505340362,11.815323550884116,11.79458243848164,11.62912170160968,11.671793099757306,11.5630798134733,11.558379360100263,11.678899553198102,11.58607460115865,11.754115251656563,11.63605889291774,11.910924401989137,11.783099948287509,11.819053039978238,11.84458774458806,11.751947208043775,11.956847498241896,11.863315822100457,11.967128726714845,11.908974326367181,11.924977450687482,11.898147443669487,11.710336774872172,11.620544010887242,11.96206646899272,11.939268130803194,11.811939803067107,11.94900439750247
341,io.reactivex.rxjava3.parallel.ParallelPerf.groupBy,17.597759063818927,17.252747449710853,17.199562971717903,17.297444170778803,17.2274054753078,17.2683232371891,16.931790636986502,17.25930355998507,17.398423362414213,17.564748277777408,17.403555458782332,16.932392681150557,17.252771609595094,17.37111843685489,17.230455416166457,17.408231068905582,17.364483200628953,17.30948776759848,17.367373365833284,17.47375558887637,17.316396577586225,17.4191738647314,17.422402359710308,16.61872826681534,16.253652357026027,16.109656819212187,16.841710956469772,17.03898639454638,17.35438128357977,17.377389206139732
342,io.reactivex.rxjava3.parallel.ParallelPerf.groupBy,22.52634447906725,23.106439576103547,22.986227204328618,22.879774154107444,23.486691338281155,22.977816870925555,23.354064343773274,23.077785476014174,22.928215608868854,23.345350452993713,23.076180157053827,23.376230261291358,23.437584205929973,23.390948517513504,23.85168476211337,23.308287481003127,23.167233407984593,23.395339701555848,23.331812857418946,23.35093137033521,23.68002879680942,23.10790128497522,21.941049205873593,23.21262818582719,23.02148026890317,22.800790564475335,22.78413777006233,22.84436370306051,22.740276974872977,23.137536503549054
343,io.reactivex.rxjava3.xmapz.FlowableSwitchMapMaybeEmptyPerf.flowableDedicated,11834795.6233123,11833369.979489518,11849318.282303097,11895216.661551725,11878723.491631264,11866579.191490224,11818068.190842258,11697571.447929408,11815793.865826653,11876776.93080529,11879177.661591621,11852893.700317955,11643481.907917308,11853081.154974082,11858651.530606851,11838490.159812689,11846933.008550635,11859800.257595574,11838835.685496345,11851919.747764114,11894143.419494957,11886032.737341046,11867727.808219997,11987524.417741457,11969327.27926144,11877943.58448657,11861584.928242512,11883935.001601493,11704016.50262523,11811461.168840874
344,io.reactivex.rxjava3.xmapz.FlowableSwitchMapMaybeEmptyPerf.flowableDedicated,2813678.3913730695,2801865.5507082953,2800404.8270334452,2800404.293912989,2815715.049540999,2810552.070181812,2736770.9303090144,2809364.376621948,2814370.537646344,2821789.6565410513,2817191.1542825447,2818870.6825957806,2817848.173152082,2801614.9471080536,2813688.9055134007,2816841.610920175,2868670.399666391,2934957.0668930165,2830875.728306504,2807863.221450612,2819472.726160064,2818321.5600611377,2818093.2522154404,2803230.458755462,2811095.338062485,2813375.1089748912,2821418.4155403506,2817600.3925991324,2818265.71883698,2882028.187036703
345,io.reactivex.rxjava3.xmapz.FlowableSwitchMapMaybeEmptyPerf.flowableDedicated,329056.57282899675,329860.95806346263,328759.6866155905,329156.29437694687,330010.25119653763,330179.9104332471,330062.02185173176,329686.87983513216,329520.88073120423,337534.38317671855,345476.6607525515,331518.17772394157,329711.79245261743,329258.3637553292,340835.2272315296,342616.83925646124,329966.8524830471,330011.95263634616,329986.076607737,329030.4010065749,329004.5814659663,329593.45496008673,328513.6103000496,342122.3103413871,323114.52524133463,324017.83620813786,328200.25892381533,329707.60791733273,329665.94959377084,329429.9495139998
346,io.reactivex.rxjava3.xmapz.FlowableSwitchMapMaybeEmptyPerf.flowableDedicated,32545.67678734879,32561.81295327118,33244.07684523008,33850.250445707046,32551.258793394492,32562.65620513167,32557.81087791219,32797.8492810334,32398.284483887175,32507.529277438593,32567.693753726868,32571.044072427518,32524.181333831646,32519.111290016277,32465.162723453363,32566.03589205448,33664.77376061577,32102.197686315296,32428.76349124808,32510.749441511984,33802.984868860025,33032.51300839442,32560.745011205032,32474.268277169853,32440.58826934629,32526.01685622626,32518.40237089152,32590.274736036023,33729.28020576133,33210.97632236877
347,io.reactivex.rxjava3.xmapz.FlowableSwitchMapMaybeEmptyPerf.flowableDedicated,3297.817254754645,3297.960443292749,3284.4739685026266,3282.70807205386,3286.2356183089455,3290.6621444269695,3297.4124307815464,3295.6784109963332,3412.3292282066236,3392.4711307130774,3292.4424907130474,3298.8734453180173,3306.95823209685,3430.8235397308144,3357.9833671776037,3279.290223865366,3279.169133962344,3026.495894737789,3235.506307034635,3290.068321742717,3248.414447308557,3437.4658143749803,3358.257438906396,3297.4124307815464,3300.426573985756,3275.2102583760284,3284.259081004103,3299.055180287862,3295.618489316821,3297.367314349192
348,io.reactivex.rxjava3.xmapz.FlowableSwitchMapMaybeEmptyPerf.flowableDedicated,328.8604451103734,341.69591523754445,337.06114852864374,328.1160042983237,328.7858256253294,328.1380921426165,329.8251758357231,329.2919626783962,328.96115659559035,328.7261343127904,328.9039804297613,329.4641022573349,328.53429212781145,332.2719297348282,340.3116343014052,333.09069903162055,329.068526781625,329.252523020179,329.2566195501841,328.5963148268868,328.10417945556173,328.90874196718,328.2640923056437,329.2589608926231,329.28687625428427,328.23253882232956,334.55720083152585,341.08416309968095,331.512876305608,329.51816272559086
349,io.reactivex.rxjava3.xmapz.FlowableSwitchMapMaybeEmptyPerf.flowableDedicated,32.90270472795715,32.94239297855055,32.95722452167829,32.84184771770237,32.803073114354156,32.846820854600644,33.30298422585835,34.114247844073105,32.98059339433194,32.88039188620613,32.75567008490679,32.903724918326795,32.8700972769512,32.87051276176093,32.44157448406385,32.746192123933504,32.90183710578021,32.78895239958824,32.888989333855584,33.92145270528793,33.90657626104381,32.93986820471256,32.95800122354482,32.99231678226006,34.04549694107387,33.382107669028095,32.78423543930728,32.91543153380031,32.783884893419696,32.674134711782074
350,io.reactivex.rxjava3.core.XMapYPerf.obsFlatMapIterableAsObs1,116088621.7205096,115863481.30260263,113916059.25060903,114766842.10321116,115085640.64876883,116540746.47060224,113963264.67540461,113950977.40437807,115892651.21417344,114663185.87233111,114804546.04640459,113683531.43955533,113455885.69890158,115384579.65043929,112905838.98959617,114985584.72457266,113488100.09591782,111455446.17161788,113465548.29345548,113486109.67314105,113867538.46156585,113575789.48799878,111291213.28527153,115406485.53763984,112769640.83345275,115762103.75325827,115701983.20925228,114419241.0676042,116513165.62212281,117029717.13560496
351,io.reactivex.rxjava3.core.XMapYPerf.obsFlatMapIterableAsObs1,1699281.9122405583,1711160.3807469392,1698475.65937599,1716332.648344261,1712377.9767213159,1694956.212939538,1714927.0464647564,1715258.0572044656,1723391.0906032948,1692355.7044912446,1728840.0242016464,1724074.219093711,1707304.8486513149,1713738.835526099,1693159.2088362167,1720051.9208038747,1722547.8333021638,1671342.181461275,1705525.867512638,1689422.4522951057,1684959.3877758286,1672090.4126132983,1688851.583333956,1719907.8389625903,1749299.2057863567,1703834.4000080284,1715333.2193146423,1727894.5537434488,1719523.8016161337,1667134.6829608267
352,io.reactivex.rxjava3.core.XMapYPerf.obsFlatMapIterableAsObs1,187214.41132855345,182797.2677896108,185216.27245871545,184753.31795361877,185441.0961829315,185758.9055556904,183640.8405457961,183724.22468719588,186291.83908422082,180967.05475059457,186331.4698049715,181811.070505721,186777.83358095028,184312.97632309565,185029.9470058744,185544.43830546178,183253.21245870297,185171.76892969932,187665.85783133245,185497.2342970131,185242.66086612642,180502.18701648677,184405.07599897575,182797.653738762,188802.69883685574,190110.9965656298,181197.23936561492,181951.1726425041,184119.3316289977,180774.43748218237
353,io.reactivex.rxjava3.core.XMapYPerf.obsFlatMapIterableAsObs1,18966.234314154502,18893.292896520335,18999.385008906647,18574.710651372116,18477.567883597476,19340.06759600113,18700.2899893825,18811.03608488894,18678.0611848037,18562.49495290922,18694.523095286426,18764.28254765679,18589.146832516974,18758.86540994614,18528.29885211484,18835.63996266463,18709.863880935558,19084.618349969936,18966.789805009703,18624.20268994361,18407.770305720267,18898.898099746293,18979.508446049236,18668.291328631272,18464.6714853513,18342.381623288333,18456.382814825,18551.172002759573,18268.584002054,18685.20731744997
354,io.reactivex.rxjava3.core.XMapYPerf.obsFlatMapIterableAsObs1,1873.6875232580587,1870.6922524175548,1871.7631333062218,1828.2050708403276,1849.6212549052543,1885.3593944703064,1832.4106710744331,1879.1436084875859,1866.4565643731737,1860.7888339615445,1896.9806005648684,1880.8893491604783,1888.629479225618,1876.4018706341092,1872.8735810332803,1868.4361227940658,1851.120399417568,1871.1671659484423,1901.4830666164758,1860.3533616353825,1872.05001698658,1845.9811273306,1866.7783294072744,1918.5896577997587,1895.902091824174,1872.6151120529441,1860.3901101705728,1877.1254078528477,1902.6953118862311,1898.0148752373204
355,io.reactivex.rxjava3.core.XMapYPerf.obsFlatMapIterableAsObs1,184.37828986618638,182.15610229109106,184.82635102255554,182.9089243422112,185.94151209736978,183.35694281507415,182.9144077636887,186.0261627115654,182.50950552140173,184.5978392086525,182.8824413378836,187.6062795186693,184.98657737394575,181.95698664205673,184.13420611858817,184.48906988173022,190.49975773268113,189.49721046242982,179.73883246661154,182.64669006919704,183.35669523504816,185.23557280193015,183.92930272605258,180.25299948509985,186.6571256061744,186.58696977759155,185.41461343242187,183.96842513125787,183.750067384595,190.6167648037453
356,io.reactivex.rxjava3.core.XMapYPerf.obsFlatMapIterableAsObs1,18.408441421403737,18.114853082434887,18.65322743648717,18.561320235525336,18.643144102827,18.24504935973882,18.60250454761232,18.86522329809642,18.74593606605367,18.68890738187969,18.2520830249792,18.487646887127664,18.462592249496087,18.641624225566957,18.583555438200946,18.03732043111778,18.372891470889133,18.35198514645185,18.532856880504347,18.13919158497775,18.41190724089272,19.070441098539792,19.257288961864084,18.591381112821402,18.389822507753447,18.203925952756524,18.760642900374854,18.097320890046014,18.594389426799566,18.23875276113118
357,io.reactivex.rxjava3.core.BinaryFlatMapPerf.completableFlattenAsPublisher,20724134.41032983,20807619.701011173,21095973.738826826,20764191.988951415,20864123.622233562,20849259.682955828,20822100.20999803,21456818.071873497,21073275.30478918,20865416.537549384,20951593.793626033,20973123.34819727,20922769.14216641,20911747.067175392,20920162.956043925,21047667.015907403,21261941.914486505,20985032.114575725,20760626.337809842,21010197.808866654,21267496.52888782,20838717.54531844,20608724.37189501,20756045.93872003,20809684.749612544,20724994.041764468,20732089.354413502,20801414.72768315,21124927.15551153,21370707.272350814
358,io.reactivex.rxjava3.core.BinaryFlatMapPerf.completableFlattenAsPublisher,997820.6153389058,975369.3121390818,982937.2605538549,980647.7315755056,982005.0894002528,970976.3469105519,1001057.2218779022,982307.24040164,998999.0889070949,967094.0031492894,975574.0269569441,994118.8315593632,983559.2033242261,975333.1386561041,996135.8773327528,1000850.6105854427,1002475.5768291383,982306.3797997416,983985.4827548289,978868.9399593879,978145.2326198496,1005787.4667315803,996763.867023784,992975.8748378736,984923.504169499,967473.5751472183,993059.9051906759,992080.2534920856,1008379.1267209675,1004544.6535588183
359,io.reactivex.rxjava3.core.BinaryFlatMapPerf.completableFlattenAsPublisher,1065.7908854335326,1075.725314616638,1154.534085460744,1249.4996391190143,1255.9008968602288,1254.4750912420466,1254.5085801354635,1252.020046092958,1253.2683456995856,1249.9938175305786,1248.7945146090046,1254.9154676391843,1248.1083944697345,1228.890629962824,1238.7659029747194,1229.493993140665,1223.6030864072281,1239.9777647187232,1244.7661905873572,1253.030172189148,1249.8207732014814,1252.0722995669373,1249.6309102639752,1245.2514233331203,1248.6069610036013,1249.1832889624095,1251.9677943804575,1245.7385967043447,1237.6370084912317,1252.0610105848068
360,io.reactivex.rxjava3.core.CallableAsyncPerf.pipelineMaybe,147732.98418800073,153039.34974631862,156605.9001288623,153256.6203284144,157036.4698283981,154589.1889454522,153554.19410421114,150025.89679649242,157057.6048999845,149368.833978195,150417.41617965934,147853.82800853509,150632.71811556883,153003.60233891668,150979.92496080237,148059.97958511012,137197.835634095,149102.60260151024,156665.30410344698,156866.88993061692,148057.01995407682,151558.86548875496,148384.4512374642,140448.59539159993,153315.34572873457,150187.66403301744,129748.468895419,155706.80785473218,149712.4083284994,148336.59181846638
361,io.reactivex.rxjava3.core.XMapYPerf.obsFlatMapIterable0,40693444.671637334,43252400.59309805,40939655.03045261,41301935.88397524,41158805.04331861,43328284.2314096,41232226.50149183,43359723.03094505,42757156.403230175,43032193.23405947,43093611.006460965,40667793.61490821,43265130.60686598,40953159.01007777,40977980.65902027,42864698.19181549,41303806.17819817,41024874.615951575,43435999.28148031,43646776.68795018,41464365.62525139,40684942.82047385,42851010.47991236,41116067.08473333,41360902.15690484,44155212.79172704,41760755.8603828,41342467.53272441,43547175.17713431,40733747.858077586
362,io.reactivex.rxjava3.core.XMapYPerf.obsFlatMapIterable0,50929635.2223168,49928161.70901206,49478027.249668024,50717411.13166215,50262730.727229364,50255700.583096616,50610634.58166525,49441998.826302074,51281840.74844339,50456559.87437079,50312855.189834855,51031577.287786484,50541501.54654461,50757641.34165758,50081491.11416385,50842120.8127418,50219866.441140994,50167374.639841124,50209834.56434959,50340411.19023928,50764942.84011205,50628827.30614237,49929029.48855442,51573826.375849314,51242504.78050677,49713856.03567889,50861806.72488186,48628372.725123785,49775051.80270336,49060021.0843876
363,io.reactivex.rxjava3.core.XMapYPerf.obsFlatMapIterable0,9292727.502516355,9178434.715074152,9291506.06345799,9227833.506658668,9074192.229068302,8991991.74657446,9086813.286489325,9204943.610357407,9257843.612651415,9234646.131587287,9110864.555693783,9300602.631421885,9271023.946045704,9221357.817811761,9318388.572855707,8980367.466430074,9062380.948734751,9149636.9824112,9060187.518472033,8938130.349130632,8756921.64774366,8862799.690245029,9121689.311319284,9120819.068342574,8915261.178363677,9111896.210902704,8912652.782702291,9016605.157991095,8910630.471442306,8937595.973011076
364,io.reactivex.rxjava3.core.XMapYPerf.obsFlatMapIterable0,1113759.3870540468,1113801.2846811444,1071153.3197131965,1110337.279996018,1104551.3963834096,1105320.2910099044,1103730.541814292,1103958.1295854182,1115864.1400328043,1115273.6352980158,1116452.455530781,1118663.5362248216,1067843.4319846642,1080044.7244418028,1098114.165622438,1073738.8971301818,1087493.7777559366,1082432.2028846184,1118223.7646076444,1110920.1278860793,1070167.161839546,1063023.8951385906,1090163.901911062,1066195.9598517949,1040245.9885560751,1051422.846756896,1053039.7141416767,1081238.0601316886,1105847.5837810868,1068023.752529073
365,io.reactivex.rxjava3.core.XMapYPerf.obsFlatMapIterable0,89137.26033537989,89166.74042063719,89075.92376297284,89012.7356977981,87347.8354718799,89431.57846115001,89752.06388597366,90038.33032920238,89839.36797403154,90229.99405406347,90564.56711531928,88704.1378844839,88723.9783831907,89704.95574177534,88384.90068608947,89318.41341910916,91046.21448049432,90654.89922563353,90539.64010493059,89766.84809836613,90300.35311604946,90840.28751149024,90789.59754184684,89868.86421299649,88579.6687607036,91076.08787138709,90919.71479818317,92548.03172541967,89804.25744126085,89775.87534628808
366,io.reactivex.rxjava3.core.XMapYPerf.obsFlatMapIterable0,8981.64705719724,8955.19602041168,9172.254272361104,9167.158922804898,8969.446638959056,9040.139432966818,9058.519388326169,9108.030131411457,9184.49761716484,9107.754531924198,9223.845300854906,9064.749500682965,9263.557720700182,9088.314937377525,9086.63077573519,9049.021049755775,9037.943729762339,8884.523611843933,8985.972085667148,8811.668433536335,8929.469232348829,8902.441405071007,8902.356101485535,8937.50365573448,8816.043291798018,8943.865926744355,8954.03523851919,8780.709613257364,8889.542455249828,8957.87653895599
367,io.reactivex.rxjava3.core.XMapYPerf.obsFlatMapIterable0,1189.9469378861459,1191.521625514745,1187.7635768477921,1180.8838647954328,1171.4976407246997,1163.8989911269596,1185.198585309394,1180.9286423867838,1163.3634714933899,1184.6901549521835,1173.9832942177234,1201.7070526615303,1198.5994616207113,1182.2523412548858,1190.7444817139024,1179.4060181059133,1189.0493051404694,1183.952255941327,1150.593713853701,1183.5926204395635,1183.9835722279354,1199.610879819691,1179.3140861618924,1204.1667250554287,1186.9251097732738,1186.1976132312964,1188.4353791051287,1201.5185467122583,1204.5338670750516,1199.3972573011104
368,io.reactivex.rxjava3.core.CallableAsyncPerf.observeOnObservable,269706.0503441314,269849.7989783295,234835.36376568323,256784.5657350549,233496.64886675184,252182.30966122262,239064.95098724955,332322.9004151261,268227.3561797825,263879.56914140907,243899.44765360342,239493.22497615864,263164.87546996033,310661.5992618782,332000.3158978341,288875.78786404565,231045.32453097735,293871.0437353619,301011.09836331307,257723.5927662203,242128.71868838798,266042.02554620634,244331.88021939615,219984.0437896252,221997.6324652371,223307.45099087732,325661.62795717287,270062.91715800564,222839.85216424832,249036.60509407282
369,io.reactivex.rxjava3.xmapz.ObservableSwitchMapMaybePerf.observableDedicated,111615352.02973579,110214736.83232021,107817679.90835457,107662476.29812892,108076322.67362982,107227143.94929801,110195036.46517257,108111540.86793163,108661988.42593363,110940528.26535954,107495433.6587017,107156379.89399143,110426720.34108523,109875432.67806207,111021832.81157552,104372640.80884461,100326824.6776696,101090705.42029895,105999008.31562108,104919264.99242443,99719452.87848926,100857799.64022486,100949569.96085382,100886661.55720754,106420355.40853779,105740901.75535448,105337570.53112389,108299298.56658201,108273776.20291607,110976308.76202668
370,io.reactivex.rxjava3.xmapz.ObservableSwitchMapMaybePerf.observableDedicated,2243242.609622103,2215928.3504220448,2160737.3894856065,2131102.645614624,2194900.5749811586,2183135.0240972317,2191924.314686534,2208127.13488532,2186002.711509304,2161576.872542864,2156292.893548765,2207534.943532002,2160894.9628507984,2175375.7090791385,2153469.6705399845,2212609.8292331686,2198872.8310316303,2197172.3531710114,2131924.628578125,2191837.948964019,2202573.2160154954,2161994.383936032,2163369.656888924,2173510.0451573976,2166134.2366867806,2229754.1649907148,2267048.3140288754,2209534.0024386942,2141974.626934386,2176008.0891815675
371,io.reactivex.rxjava3.xmapz.ObservableSwitchMapMaybePerf.observableDedicated,231367.93409760186,229318.67699611917,231121.31875687247,230942.2382824218,227262.10112395897,229726.02783586184,233119.215660778,232144.36291635074,230763.5057988103,230135.42808414518,221477.36383306354,214527.29599528798,220889.01838422674,220320.31292258107,222603.24410007583,216400.31582022074,219975.72052495438,210185.05557186936,221580.57142876915,222290.27046373507,223887.29787348284,221192.01448950288,224052.5221398862,226108.31336061397,233878.4762109916,224953.50869991508,229618.07566387125,232477.3194143212,235865.95062367708,232859.409422896
372,io.reactivex.rxjava3.xmapz.ObservableSwitchMapMaybePerf.observableDedicated,23364.365190197783,22974.562849195532,22524.537008796742,23369.507417522655,23407.07702697999,23732.458021856153,24102.380432782662,23739.104481388553,23149.128361916766,23231.682368671096,23896.961390264056,23628.59818615541,23121.747818625136,23236.62388066054,23559.32316517372,23301.657828934127,24408.405142758267,23373.853418994386,22849.049582278607,22674.318109779888,23184.949294515893,23565.779801353536,23338.947343457967,22976.214380523204,23317.657368234843,23124.40217318304,23679.35928087479,22977.81078907707,23473.424956658833,23060.298449758287
373,io.reactivex.rxjava3.xmapz.ObservableSwitchMapMaybePerf.observableDedicated,2323.0081568223222,2363.7457838684363,2363.160742367634,2442.0547459832956,2373.7344028576645,2191.0720218398064,2135.0514798944905,2240.028360818155,2228.2260256899767,2239.519988004331,2280.1475987422764,2189.140709732053,2279.215505419112,2293.9910430954797,2258.7073483237073,2304.7112865124273,2292.3971087299924,2325.7576490756933,2381.5565613129534,2377.102265935349,2375.8649748417497,2386.151463064371,2516.660167827558,2394.224831403236,2316.742489438814,2362.548542961474,2403.5622704499924,2340.0765706840593,2347.6396842612594,2339.447621324891
374,io.reactivex.rxjava3.xmapz.ObservableSwitchMapMaybePerf.observableDedicated,238.4190245740414,237.6269390128584,242.80646600733306,233.68892055331597,234.15729902373434,241.2436019156305,240.08044412300052,232.9256755132748,241.09664150355962,243.87863087280257,239.16198453768743,235.59593976992196,235.66372036122172,235.43890412264506,247.28114234427264,250.72392387583753,241.54177038278152,239.64604375196254,240.95007978524234,237.72245736696686,240.20423124557425,233.8583122643484,243.74591827980146,247.93057472839513,235.1607374309508,238.35351257607235,239.71458239418487,227.6433522981712,237.16862766955538,236.8445120515272
375,io.reactivex.rxjava3.xmapz.ObservableSwitchMapMaybePerf.observableDedicated,21.482611327959845,21.71731905741548,23.599595341671943,23.68615024281625,23.308019513066046,22.593804781872297,22.554057410354876,23.281754384960802,23.306236589846378,23.67659406196348,23.375008899669403,23.56477079569569,23.860103844759173,23.93763781915442,23.394726899910676,23.95135169103978,24.868285399930407,23.9072773937668,23.342171551572225,23.32512748545233,23.885538469383942,23.37070376705645,23.38918247153152,23.4506922052209,23.281271663102025,23.736832796832942,24.33696458854348,24.372719013894063,24.290073534991336,23.593279257399647
376,io.reactivex.rxjava3.core.BinaryFlatMapPerf.singleFlattenAsPublisher,19647707.369569633,19652045.630793963,19661098.054933596,19831794.944284663,19803670.39240924,19807289.93384359,19673604.52720208,19690133.845702495,19684284.54726021,19572178.32583046,19865736.832063798,19780937.625164777,19810398.287762742,19778818.462220676,19601091.550327446,19835844.56064919,19671172.46146113,20061086.21009542,20330850.252920277,19761065.40826565,19778583.72814576,20022701.525672868,19455961.780249234,19387809.976406142,19393084.184360307,19381318.951228864,19419466.574813977,19628956.791612152,19788889.34609423,19673795.276661087
377,io.reactivex.rxjava3.core.BinaryFlatMapPerf.singleFlattenAsPublisher,603429.1747917493,606548.9050165452,605106.3422556999,606842.8858842436,602448.969806332,603796.2489206033,605145.6004921304,605653.8708127588,605139.1460502464,604040.6931749134,607613.2185918972,604064.5122481785,607405.0678705489,605894.406688596,607823.6347407761,608423.8570899059,606996.6761527188,608765.3729716658,606851.616212819,607559.5263301407,606486.1943958687,607737.5000397373,606151.8488026364,606311.795817751,603898.1589259885,607528.4218548184,601617.0756456888,604568.470895099,602847.2537230819,603587.6696705729
378,io.reactivex.rxjava3.core.BinaryFlatMapPerf.singleFlattenAsPublisher,771.8655533704517,771.3560133769759,770.1533227028467,782.31382862934,730.4749718444617,620.5886682453889,627.6818644684491,623.5531686584243,631.0639497849874,628.0877233087889,626.5376346482963,623.2710888245174,620.1799695160273,628.7777773579262,625.4372859431522,618.6668738724284,625.2778160027952,628.2255267117973,625.767760688279,630.4162213402982,622.5128158676866,621.1503278453899,630.9007612029651,626.6450713648044,629.6611214217398,622.4328186753401,622.5204407559432,629.6289690929481,624.9045641706686,625.8557654280294
379,io.reactivex.rxjava3.core.CallableAsyncPerf.pipelineObservable,133788.46958603273,127704.61318205971,132036.91420213875,132756.29886030243,125967.3208179009,127021.81903536717,124923.57907945996,126950.29607312611,124145.04349746373,132615.80529895754,134818.7283180853,136676.38185623777,131604.13361414,132719.96486997275,137083.4775921052,141720.09209149078,135270.30116888485,131111.477977882,135920.31802028482,140942.5942877387,135613.7949908102,131371.35917536577,136026.37550711096,132316.60816159874,139216.09708749276,139860.29272103493,128911.6466536925,136332.4143246527,138044.44756418638,127516.47620969643
380,io.reactivex.rxjava3.xmapz.FlowableSwitchMapSinglePerf.flowablePlain,46059575.860108,45568359.914066456,46640515.69001852,46619755.01200817,45041704.09770171,46540788.13142713,47348711.10139256,46774715.43137238,47665225.378549494,48124578.28145203,48399707.486492276,47353793.13800279,47824482.242461324,47820250.3278751,45968120.40132036,47433702.54588543,47912061.36831054,46547142.177956514,47330854.182550095,46060601.83160799,46241111.27704041,47892063.14142365,46582251.431287386,46790539.31913064,46128272.54080001,47667469.63938903,49117210.15478335,48409674.22804675,47335454.42603778,45925364.65023693
381,io.reactivex.rxjava3.xmapz.FlowableSwitchMapSinglePerf.flowablePlain,1599344.99678398,1611283.7257055824,1648759.2421211416,1710243.0984768686,1725147.8250866453,1748780.2967710646,1715473.9003510743,1719642.2891017753,1712637.2599605438,1736992.7009392034,1707737.88357797,1653313.7546788603,1642581.8857082117,1687627.2215155296,1707309.718549689,1698907.8971207887,1715848.9997524638,1690225.4274430296,1708886.5799004647,1676234.4268629262,1688488.2877989952,1702494.78825218,1677991.0416107972,1716025.6850534824,1709466.8592139152,1713792.1269766032,1758368.482296873,1734067.5608612588,1761982.80055278,1741437.8564564004
382,io.reactivex.rxjava3.xmapz.FlowableSwitchMapSinglePerf.flowablePlain,182845.06163914368,184815.01118632645,182187.48143540617,177791.20027811837,179099.28323958066,181301.30666035318,184563.2457205698,180096.2595248416,178894.73653748434,182484.29187743057,177989.4306553362,181274.8490643444,181250.06333791168,181906.78971575107,180661.92668852748,182909.14009564035,179688.18212657204,179328.293642827,182801.31300350017,184459.39160538142,187972.64347369847,187592.15548636546,186543.6670943909,185580.40744155506,184024.62266750316,184889.16152765247,187902.06320475228,186008.34521770536,183235.20839930035,181229.7265517857
383,io.reactivex.rxjava3.xmapz.FlowableSwitchMapSinglePerf.flowablePlain,18655.486574955314,18639.01966572534,18361.289473181256,18679.40444263132,18701.916093048996,18970.12302234792,19067.29963182424,18638.936135692646,18754.804118670178,18714.002861785517,18219.460747078243,18321.0522336469,18680.09076526209,19134.89286559764,19012.005082762014,18344.115773625097,18439.379657951937,18514.864501874963,18174.107778526828,17860.48125183723,16992.04390988918,17080.30647053314,18322.493859429625,18746.309382834617,18653.62632830356,18568.980730078747,18790.766611661144,18506.59288822293,18659.99792079166,18013.228565473455
384,io.reactivex.rxjava3.xmapz.FlowableSwitchMapSinglePerf.flowablePlain,1835.724066808346,1863.7053053260058,1852.1578919168048,1841.1120059039845,1867.5755187603409,1877.2073041628419,1863.3526079500095,1774.6214093670112,1794.3525832331488,1837.2971162660128,1893.2281517080582,1874.9948040355878,1819.0619952249763,1855.8961964576758,1850.2766546948903,1860.0644359503922,1865.222700148499,1847.4724616284718,1825.1169719066522,1849.446948782224,1900.0265347051295,1900.2032371818368,1870.072103883351,1892.9533709375817,1885.9466478766014,1916.161198519187,1922.1934995068314,1904.2630159360986,1911.3474067435682,1898.9756792257958
385,io.reactivex.rxjava3.xmapz.FlowableSwitchMapSinglePerf.flowablePlain,185.39899874014802,189.71188626573522,189.86942736440977,189.12352216640159,188.84436240796657,189.16740124848852,187.3955907523992,188.13132112093695,188.5085320542486,189.48966246177503,189.87453717169666,188.16708460948988,194.1724556346409,184.35467990089853,181.36063358006507,177.58633199652428,179.89343238990625,181.034285097513,184.4790019662859,182.04728846637047,183.30468591581385,182.98601254920075,184.4109102275219,183.64597042020543,184.97628289593592,187.56965575012833,183.957146934031,186.87096634522248,186.51730663966262,183.0640294977279
386,io.reactivex.rxjava3.xmapz.FlowableSwitchMapSinglePerf.flowablePlain,18.203785621892262,18.643975318501017,18.74389324574629,18.63052355556129,18.70972696804841,18.69723936116969,18.58791725036477,18.808698067374298,18.873589978926347,18.955725509996537,18.942729857596902,18.33827750507113,18.919927932401247,18.410113472197505,18.66415733947506,18.854929007212906,18.639027387925896,18.981361157504583,18.098892209864147,17.884928210926546,18.073761595153975,18.16691385446131,17.669497040652757,17.705283585940318,18.15861729010496,18.335825393964363,18.40777745493873,18.501863667408877,18.523823788593035,18.74677190454526
387,io.reactivex.rxjava3.xmapz.ObservableConcatMapMaybePerf.observableDedicated,114421546.46832912,113415845.57792012,111946711.1927881,115004055.07559185,114161084.63949314,115455351.45584948,112275294.8124529,116126014.80726597,113583302.05449994,113925087.07923338,115343942.80177648,111757380.4815576,110418709.85228537,113148620.807518,111253357.42699021,113361578.02206014,110207106.45238462,113250086.07633659,112834397.51274303,109193880.29176699,108441867.40136132,110806337.21697731,111718887.82438082,115461178.46120282,111638538.85033278,115424108.33531152,112058129.69402853,113609639.71838903,113141649.43197003,113884158.55639708
388,io.reactivex.rxjava3.xmapz.ObservableConcatMapMaybePerf.observableDedicated,2545235.1073864773,2376241.1818520655,2404594.418391333,2362426.707921559,2344998.446003322,2345321.9914984317,2386621.926079676,2355498.3535662773,2297667.1916724714,2306040.8755771704,2337437.415334573,2353463.933025706,2356262.3388690017,2344023.7645136383,2382324.4956106707,2366295.493212274,2354923.4882431054,2378183.5120245484,2372286.634564392,2337609.292496532,2392983.8392439857,2312584.3455371093,2418882.1279259743,2347865.595098804,2300247.324902329,2341276.602182601,2339233.352056762,2372572.7130936133,2351040.7038529147,2335214.4059141185
389,io.reactivex.rxjava3.xmapz.ObservableConcatMapMaybePerf.observableDedicated,276322.16013818484,268761.4908039469,260090.32267749205,256627.1082613756,257682.04000979225,254158.2915719448,254395.5327516087,248891.57186546325,254299.67778874468,254903.0212574127,255573.28638111483,252939.14748330365,257293.16065521244,277822.96121410845,275512.97324692615,253946.43747509198,250360.08636803,252448.22134449487,258209.2649498097,256133.67599089988,255036.723800258,252823.36237746212,254693.92442755715,250875.95187129718,256529.05200689766,257843.44907165383,272941.26286623994,265075.866811009,255031.236151647,254971.8227766957
390,io.reactivex.rxjava3.xmapz.ObservableConcatMapMaybePerf.observableDedicated,25989.566830200863,26325.322793647854,26136.12316796555,25545.595691735736,25272.815766398817,26150.46432647074,28052.294388967697,27041.483648804395,25843.532268271887,26392.262946115734,25823.547442331073,26049.268953316096,26100.206482044632,25973.53131455657,25640.85072578877,26037.478300872415,25300.48432388561,25913.79587788193,26264.799304699787,27730.670568210928,26251.281886264896,26028.58300636128,25943.216703689126,26781.059368851787,27894.983674164814,26130.082598930036,25833.840654732936,25853.539703579117,25239.130082476444,25775.448709094693
391,io.reactivex.rxjava3.xmapz.ObservableConcatMapMaybePerf.observableDedicated,2481.2510294142694,2418.375454538865,2461.2619782895,2500.6680913255746,2669.6368893384965,2453.42325171541,2479.118432445755,2470.291861194486,2505.393349065244,2500.330309029699,2435.644885411352,2422.5718952075385,2517.251920556997,2449.0125046578487,2489.0824719301145,2460.5876153580166,2592.612889191676,2686.3844928986027,2487.0667679883804,2490.8497928186207,2509.3394740982517,2453.251120562937,2601.1694335940065,2567.696570160911,2622.4058703484197,2549.8049628685853,2555.9630049134985,2554.408450091128,2569.707569848259,2744.0122190864117
392,io.reactivex.rxjava3.xmapz.ObservableConcatMapMaybePerf.observableDedicated,247.8614712151837,247.1979112518093,250.92124786451524,247.24215951371255,252.48331612202136,269.67024156553856,254.2283085281294,252.10288884481108,257.56349992489925,263.3047871548076,259.49567534488074,257.61276525011004,262.9130683197862,258.6069154197067,259.83650437553433,260.1035523265957,262.9508281951275,277.8985347985685,271.10932723831723,260.9471381116028,262.28393312620955,262.2179723945034,262.43452210028414,259.50544153616727,263.71707825295744,261.3157014573275,264.4335238942756,260.51348117439454,258.9016849330652,258.9809472896698
393,io.reactivex.rxjava3.xmapz.ObservableConcatMapMaybePerf.observableDedicated,25.978327554259533,26.1305073926404,25.68381114700381,26.812477820122513,25.099357883706478,24.697042686310294,25.39846084682538,25.483041289871885,24.978651446011334,25.14212658007278,24.68973257462325,24.91236351184929,24.81554836168911,25.232483049087197,26.021889704213912,26.875042955899097,25.266079414568303,24.881439889165247,25.528072855980987,25.273441504602626,24.739996882997897,25.21517290210867,25.3557399341528,25.48244207110257,24.91415330196741,24.662664859260314,25.14451833673719,26.163830507116685,26.34076927754248,24.978815778573388
394,io.reactivex.rxjava3.core.EachTypeFlatMapPerf.singleJust,53897612.63849695,53172849.28942251,52726894.935781606,53539354.173638836,58471272.59093729,56080089.495971486,53620823.256013565,53726545.351496145,53190097.24439147,54002626.8191351,53890262.40485304,54821564.43765111,53801135.914784834,53858216.23443518,53828047.65925003,53365511.23583789,59231778.91531821,56939305.230519116,54331657.94505896,57036436.8024096,56957337.16067499,52761161.44922145,53903178.4062218,53129520.96882159,53847684.97262011,53285753.66263385,53397533.41044967,53568875.58266983,53175645.76751529,54267958.04805068
395,io.reactivex.rxjava3.core.EachTypeFlatMapPerf.singleJust,53144502.940905936,53577138.976462655,53268176.414063856,52845486.15114687,53057422.098057956,53794749.78022877,53348356.64908792,53910848.63532221,53436703.81672785,54977967.301234044,58994101.77137972,55045048.40435196,54085590.41643196,53171510.02295563,54018065.98564077,53899801.47843766,52932991.25972518,51852076.88575413,52588715.50121674,52764839.13252592,52371573.2472773,52403457.18715206,54789640.39981205,57865015.38659487,53107384.24524773,52742131.57788684,52590776.27007838,52727321.46996551,53111163.63503182,51772596.50370961
396,io.reactivex.rxjava3.core.EachTypeFlatMapPerf.singleJust,52367499.451297216,52241472.15511125,53644230.18750872,56566297.50270875,52811659.538649574,51373569.26359808,50013087.60344561,50168809.142810956,52392479.23304525,52445220.38372248,52427692.371615626,52793117.82968641,52829771.478979066,52980097.88904098,54064735.82446873,54237898.38134967,57619839.90498051,53758977.27522377,52784576.90979137,52398741.57245629,52369733.88098831,52322532.05970057,52714185.722016424,52294865.75943838,52711216.4786581,52212818.365099184,50997966.652840964,53054136.30825806,58105523.469971344,53322669.245332316
397,io.reactivex.rxjava3.xmapz.FlowableConcatMapSinglePerf.flowableConvert,40459030.88770554,41381370.1345397,40474434.09675002,40242877.111845516,40451672.34138994,40192728.95523423,40633078.5497068,40422806.45050334,40240023.14239424,40681851.245932706,40634516.45990028,40499086.38407788,40652499.35125031,40864459.03836023,40484440.443956,40393724.73138961,40272010.464696564,40686095.33979548,40713740.78892059,40907276.80736929,41292643.38584534,40531748.748635374,40468759.856928796,40508435.45612003,40630474.75930318,40478910.427981175,40705238.19838628,40445856.96253054,40740087.12198256,40741388.84417815
398,io.reactivex.rxjava3.xmapz.FlowableConcatMapSinglePerf.flowableConvert,1293993.4235245269,1292028.9217186295,1293514.4406942648,1297755.666135389,1292891.5106746145,1297985.8362361952,1357447.167132893,1400392.7479505425,1299955.1410494645,1289483.9240769548,1293728.0708417695,1286029.9082411032,1288053.933936123,1298471.2375069994,1287529.1900076256,1291779.5935702513,1291867.154870057,1294055.776401262,1291654.6864389807,1375439.6201760077,1386730.7534697778,1291484.2313209863,1296564.7214646314,1297517.4959871834,1299229.1352524809,1299118.6809826514,1301166.0509376067,1305337.975477638,1308555.5798270642,1296285.6164767775
399,io.reactivex.rxjava3.xmapz.FlowableConcatMapSinglePerf.flowableConvert,144943.04130876678,135331.63457291145,135380.58076001104,135511.95133031977,136562.22441901205,136591.1663278773,141594.84573759165,136099.7858335258,135412.64930641907,134774.27959016795,133311.81328676158,135128.7421069292,135844.87317041887,135527.9586449086,135266.87427633,135588.0843676346,135216.71905769146,139290.30849379094,147443.1105323929,139363.17015815608,135163.57882822852,135516.34779838886,135242.3803326644,136063.67208671826,135599.4668637546,146152.74315244038,141575.9354591563,135691.94498191617,135277.81610132023,136277.72618827425
400,io.reactivex.rxjava3.xmapz.FlowableConcatMapSinglePerf.flowableConvert,14270.239096581132,14272.040790410518,14307.88763327595,14235.729760069238,14276.445145959402,14963.330211413077,14168.14104071847,13852.410898521719,13798.17283967158,13789.413210853587,13924.690967651513,13845.152162961296,13796.31777208617,13896.205748464241,13863.213013123672,13852.662151447399,13746.673198596218,13891.658496430658,14434.564338230919,14045.021862542428,13746.484944908281,13810.77712473949,13799.461180685359,13760.114371518821,13742.177242106338,13721.368639039767,13722.339624350132,13702.869842106902,13739.79675489137,13773.140528484742
401,io.reactivex.rxjava3.xmapz.FlowableConcatMapSinglePerf.flowableConvert,1419.2343897507458,1393.1372635279915,1413.9470873340517,1419.6476022953298,1417.7367447170836,1421.8315072790615,1423.5322073872017,1423.2721414733949,1420.0051330437484,1424.3001202853936,1447.1125755783776,1492.9754441085051,1442.230779002865,1415.7024688906256,1417.360253189319,1423.9935711836624,1416.9813703513514,1420.0519051856065,1425.3822436117655,1427.3265202633934,1430.9855500168387,1418.1277535807328,1426.7947027905996,1458.0817977752415,1495.5100484754687,1425.9262753337864,1434.0195350315473,1430.0016172009205,1431.6466223692607,1429.554780888595
402,io.reactivex.rxjava3.xmapz.FlowableConcatMapSinglePerf.flowableConvert,142.08708394961783,142.46621981967454,142.74345247437554,145.76755148249333,149.63683603767848,143.79354870004101,142.72295462114377,143.01960802401499,143.16626666475725,143.42450858560224,141.9665171969191,142.75409721679006,142.75837730641595,142.87136890617543,143.09485606367662,143.00810692500053,147.91727844536766,148.77009679199162,142.722354924126,142.47470332001836,139.31730840902634,142.4590570328977,147.86893016325473,145.46824968683302,141.69932098413838,142.46504007044445,142.06106782897814,143.16145539665425,141.886241145413,145.62066631899634
403,io.reactivex.rxjava3.xmapz.FlowableConcatMapSinglePerf.flowableConvert,14.266338478490209,14.33714565523482,14.322897906405684,14.383825192950505,14.328315355744115,14.339523963939998,14.344401535717367,14.30904562068401,14.753475140005389,15.001873832491475,14.257411829598912,14.317930420054612,14.277635496433724,14.336078129683745,14.60549765069694,14.568857477776028,14.250178791293223,14.345233973032647,14.298412978631331,14.294702249928955,14.40241313008091,15.150104527578058,14.472432845272792,14.301119615205153,14.275136287367035,14.305566283538138,14.15651968939769,14.295668959067088,14.286033530943591,14.172192794372494
404,io.reactivex.rxjava3.core.XMapYPerf.flowFlatMapFlowable1,46118953.00976357,48163977.66709642,46122289.9719709,46294703.75217175,46692338.643208966,46269041.09857003,46591281.622890696,46747962.32369183,46656020.840039596,48627835.29589884,47582774.97312471,45793191.241638616,46090188.23998708,47034473.67980458,46781004.45889594,46352048.56071309,46940072.54582914,46059302.31154844,46389904.1469967,46766277.42566129,46679769.8869802,46629168.71543895,47878956.124825366,47558324.84231419,47329424.54601314,48344974.268202364,47418005.558735065,47368528.62928434,47964068.075402096,46869630.18400444
405,io.reactivex.rxjava3.core.XMapYPerf.flowFlatMapFlowable1,4304503.35315205,4320141.714637026,4329476.51911767,4353652.761455946,4414136.284044121,4375269.565309769,4390437.416492671,4516499.096327015,4417391.35603192,4462091.0380845135,4470196.88603328,4442096.815417851,4417675.597771228,4475896.381806355,4388390.244665638,4355766.956757675,4439707.576149299,4350915.046798222,4417772.37207541,4412069.485625316,4453554.96790734,4393962.348429269,4340488.144266535,4320504.1605988,4436993.60804444,4365847.006736027,4367986.4116489,4383091.245157523,4395958.912909255,4319441.078459285
406,io.reactivex.rxjava3.core.XMapYPerf.flowFlatMapFlowable1,582905.4594054662,596137.888947377,587263.4042820281,580146.4573272918,580845.8328848849,579639.730203162,581424.2928387088,588178.6791644797,581311.9016719437,582563.0195496402,584522.7783481772,576433.0389305393,566029.5651552882,577808.1539778726,564334.1772309114,570470.6363050393,582376.5222046438,585814.5765090341,589142.7048892102,597239.6517590124,591127.6098595214,589887.3345659447,587297.7776607855,580313.2272280277,588688.0440639943,598581.6401651927,597201.6624108562,586013.1467446737,589372.6819763937,599350.3173035709
407,io.reactivex.rxjava3.core.XMapYPerf.flowFlatMapFlowable1,60189.60480496062,61118.24027792143,60643.31145584173,60421.49915415001,60735.794498474126,61210.039075188186,60089.58373774832,59841.83303812509,59400.137746281514,60747.43684698705,61545.35267197702,61097.62956578199,61260.359155382874,61675.96248150588,61557.74864845868,60000.89529749452,60073.98446620175,59954.38274877947,59394.09466990868,60273.26189363485,60008.36316871379,60957.55885921366,60838.67936230251,59890.649191315424,59591.976002537485,60255.267962322425,59539.76517491416,60027.33640700161,60373.56813344181,60969.16610035118
408,io.reactivex.rxjava3.core.XMapYPerf.flowFlatMapFlowable1,6257.532506004009,6200.938721739652,6164.383481514863,6212.2791706109965,6247.18269982893,6203.090608307551,6116.383780450504,6072.285838462539,6177.135911343042,6269.487419247577,6270.675737086959,6281.336445899192,6240.514743814036,6337.135209180814,6295.152928150083,6188.824847371507,6142.765168230384,6247.247081781704,6109.431389111184,6225.19325230566,6211.7668040624085,6199.768376653448,6165.196145715376,6213.019666265919,6150.077537569985,6139.658340292679,6195.731786770951,6157.397067679133,6212.672915196361,6237.798993165245
409,io.reactivex.rxjava3.core.XMapYPerf.flowFlatMapFlowable1,630.7283686285813,612.7836751070138,617.1058377082884,630.9687430704058,624.6346299673547,624.0480078994213,617.8208165176894,618.6014140764624,625.2730100777349,623.0162355584849,626.9183865106073,626.5990229936118,629.8927135235691,625.0057475528545,620.2116545478092,620.1035726943809,618.2195707418477,614.2853502520824,601.2812854730677,573.6510073629996,593.2331761183523,611.3760094693273,610.5191203412294,605.13902936888,620.6673502303073,601.4301311178727,612.898779153724,609.6783075087911,625.228316951629,619.1486792341345
410,io.reactivex.rxjava3.core.XMapYPerf.flowFlatMapFlowable1,62.30702038467632,61.385359627569954,62.27660799956474,62.616202315859844,62.68326160447909,62.36564231861405,62.03264702198158,61.913952855117294,62.4571208320145,61.915670114316256,62.05814948490805,60.92153422143195,62.214450485237165,60.378572501401095,62.13493984541904,62.09919112077614,60.747443475708835,60.31359438399043,60.82445842330983,60.40904656885073,62.5932591125517,62.2689906929999,60.77108044473544,62.57335931797692,61.75308289168707,62.001316659960594,61.18511890393799,62.51728075633462,62.00295741706288,62.07054143630819
411,io.reactivex.rxjava3.xmapz.FlowableSwitchMapSinglePerf.flowableDedicated,9610389.965957968,9895690.57881902,9860142.943880787,9958407.552609725,9865319.330553176,9818428.576227197,9601699.786574524,10017103.67742764,9634806.924707172,9648507.029794205,9741731.159263333,9963345.514693068,9955986.40777751,9714684.725563372,9959618.24288851,9904664.99477027,9537519.528917477,9766871.065623144,9825593.870344814,10140671.159155171,10311309.233889928,9825509.981119622,9826987.10266809,9859644.98342172,9993731.278813202,9624381.802697912,9521200.788179519,9605250.926211076,9730582.979353538,9571009.108661065
412,io.reactivex.rxjava3.xmapz.FlowableSwitchMapSinglePerf.flowableDedicated,2025215.9700952615,2060610.9271157922,2027990.48260959,2035590.4795285019,1900661.322785179,1846597.214935935,1843614.362794553,1968433.5840692776,1987076.4795364293,1930234.3348348134,1947693.4132707287,1889359.740392493,1921167.0997835263,1981478.1040484726,2008877.4236014897,2013737.1200593435,2035972.152260911,2001911.9798773997,2068620.8129872705,2021186.1101833724,2002196.3982223803,2010576.1699080137,2069050.2746174294,2007201.3344864133,2004023.1214162759,2109031.7246155464,2078835.9698502412,2029717.936423443,2014816.153074364,2126896.7876244285
413,io.reactivex.rxjava3.xmapz.FlowableSwitchMapSinglePerf.flowableDedicated,234750.80907884036,226212.92565888003,230010.14839060337,230358.9570993835,231320.99745076516,237863.66640415465,225148.9097242269,226273.29734165958,229432.93903800898,225939.18992574877,232057.81251677315,226557.3867239111,227786.57258017425,225375.86649043843,226623.15012592566,232655.38705350168,228015.97011155164,224131.3738542535,234642.76835460716,239069.6110735829,231427.91807584322,225430.27421819724,232279.0849099921,230496.12973129895,230956.08101772488,231398.07042444538,232830.34224164332,233001.2839294814,234481.48064787858,234519.13166945847
414,io.reactivex.rxjava3.xmapz.FlowableSwitchMapSinglePerf.flowableDedicated,21547.836847766957,22218.189013882806,22562.10275277952,23061.3022341783,22734.871720453633,22259.64329481237,21434.948542160488,22992.34811833843,22551.786037357608,23697.126595005087,23426.565966190945,24352.168643861474,23800.213406046,23983.948197215675,23408.990721365048,23445.58208927016,23898.883491961024,23998.54885574779,23268.76861816459,23320.872808933655,24035.815412608295,24036.52209040275,23751.080714420947,24006.038538609126,24092.213354550426,24363.21862187247,24497.308852780658,24324.3601489362,23763.949847292297,24878.55485450561
415,io.reactivex.rxjava3.xmapz.FlowableSwitchMapSinglePerf.flowableDedicated,2313.870500312366,2302.542015183012,2318.5406646347665,2342.7706123010375,2334.679488195822,2297.550992028103,2326.362709220348,2334.8053052552054,2336.291465878269,2316.829347833468,2370.3532657039254,2328.415039274928,2302.654643251296,2330.180482514841,2355.144693877248,2334.8907424409717,2263.4486827505475,2373.6685124449,2324.88789158098,2323.236461367262,2288.8745605185854,2281.9641890710104,2357.617238483715,2345.642777370149,2289.643655888903,2389.3071630447034,2208.634406955251,2138.3036785135214,2147.897274664942,2247.073603459649
416,io.reactivex.rxjava3.xmapz.FlowableSwitchMapSinglePerf.flowableDedicated,215.84137040659886,219.89628789488097,225.2622773049402,225.50334759370273,225.78879918933748,226.34071544307955,230.92151024051228,228.9517243821645,232.81958344839418,234.90411589835614,232.2203591571502,228.36061289160418,228.29327365421503,224.69759164507485,224.43031305069184,222.09695865225302,224.0994491922386,226.7338448484831,228.55094196646957,223.18475074248784,232.08148784640943,230.18457000981738,225.60293612518444,226.89658348690224,228.5168475148499,226.3953907334611,226.4522204574456,227.14626259477208,224.44334459447057,225.30260687218689
417,io.reactivex.rxjava3.xmapz.FlowableSwitchMapSinglePerf.flowableDedicated,22.549630128025115,22.841816582739344,23.22545511041374,23.33090961798969,22.841278218943106,22.527026427771066,22.41015783314368,23.30243569204248,23.191552543468493,23.220677558240332,22.90918231980707,22.64890072713449,22.6401008890932,22.293696524091974,22.38274395231445,22.33300128821218,23.056339950653726,22.302298073979937,22.45957843230666,22.39681175347288,21.255314467483995,21.327970700766173,21.367300679996667,22.26672811935105,21.89515640107316,21.668877663731738,21.531984846912643,21.576579499354878,21.906362436707862,21.62278400298712
418,io.reactivex.rxjava3.core.RxVsStreamPerf.rangeFlatMapJust,27793517.678037222,27212490.88411933,27833903.772256207,27657836.16338723,27329712.510862537,27853830.001157753,27855888.79755652,28006882.415827125,27538198.558136743,27663983.527651593,27341113.538268544,27769111.249909554,27382137.346706126,27146388.150271527,26163085.885091666,25844275.52819783,26935873.353955045,27695713.60057902,27599790.283593122,27543447.637838993,27161983.091483783,26940541.302746505,27073497.20101851,27100689.63038999,27189798.023186877,27219076.543176994,26959075.983794257,26661141.58693581,26865226.327286255,27057450.252857096
419,io.reactivex.rxjava3.core.RxVsStreamPerf.rangeFlatMapJust,60264.21834864874,61202.65658945513,61096.58747584136,60448.0481325258,60564.449752149834,60590.34493108512,60761.99874280941,60328.688187997825,60897.17571826207,60894.97997436315,60313.50488852732,60131.92875571401,61266.0269276028,61689.599545893834,61086.78158182558,61496.84564291743,62642.149126776225,61675.53118309967,61194.71284760732,61204.8851104614,60600.98696515627,61524.505288648215,60853.47178676302,61992.481617426776,61936.79901391024,60337.46482793573,60900.528534751,60942.169601936,60556.54985112878,61332.32732117233
420,io.reactivex.rxjava3.core.RxVsStreamPerf.rangeFlatMapJust,61.9587688557185,61.8442653171849,62.18561022156444,61.98486187107926,61.78422772872314,61.86082600853261,63.74900950350013,62.63427103793126,62.43558159317076,63.2103141146584,61.99850174617501,61.878927998872044,62.95539710843503,62.112532961309626,63.314402149019024,62.30731955928826,62.709760353446384,62.68813717453998,61.419900707597876,62.62119699010561,62.41208619916301,62.89183459778132,62.91351957929446,63.59118498993669,64.02765320062315,62.58472724099167,62.15007693972358,63.467169691057954,63.062341183898496,63.12500561220753
421,io.reactivex.rxjava3.xmapz.ObservableFlatMapMaybeEmptyPerf.observableConvert,112632450.05244158,112881617.68592818,110759289.29653963,113412462.14579771,110848555.6413288,113301219.51189512,111834138.10449952,110912212.8863769,109710266.75975949,113202880.70115304,112126809.21161656,111580397.70085323,111648823.42031713,112473863.02940446,112930570.37292928,112228403.41308011,109533733.69493334,112513637.67969821,112038620.75347674,111514393.24917883,112827474.07131283,110951454.892157,110330670.61639836,110276487.72761698,110957305.50293548,114072735.39327359,111170319.29226881,112634229.181487,113108795.20788017,113548123.46263683
422,io.reactivex.rxjava3.xmapz.ObservableFlatMapMaybeEmptyPerf.observableConvert,1656556.629498435,1643849.0210030873,1633193.1380350702,1656963.5352935046,1634395.2158628867,1630309.9799773786,1609742.0576957746,1643692.859438607,1694402.0519054097,1638374.8071081392,1639783.8058056794,1642108.7415314096,1677279.8823667585,1678518.272449234,1627244.146238036,1644838.9262911796,1641594.886759264,1660720.976069817,1616009.6206563546,1616433.842057881,1615539.1747813267,1671125.303050961,1643613.240589874,1626999.7132128673,1636909.9858873964,1668503.5707040373,1695327.7601371128,1652225.9237385804,1635806.7039207695,1628558.61565024
423,io.reactivex.rxjava3.xmapz.ObservableFlatMapMaybeEmptyPerf.observableConvert,178161.2728085,174070.79114234098,174422.42678887848,176269.08176557973,178122.00868811578,178440.8750689716,175807.66408561406,174403.85327890035,173690.29644420856,176102.292185041,176678.05638010797,171608.09482039846,178037.96991416597,176620.251621832,178543.2441564645,175045.63673744554,176805.76649565052,171786.90643169038,178339.78304333275,178586.7630495685,178770.77743809173,173616.9020603865,174743.73095190764,176710.66140547406,179996.48766659075,174148.5746919564,175252.33089680053,174819.63828169391,177482.6838611703,176896.52805969754
424,io.reactivex.rxjava3.xmapz.ObservableFlatMapMaybeEmptyPerf.observableConvert,16916.744030195365,16784.670016317246,17251.507313329716,17090.80629263449,16737.249855067108,17040.577001757087,16913.69541817291,17041.748010940628,16687.063549710372,16831.509384697383,17046.726597777535,17595.811983562307,17269.936033780832,16666.591539682166,16546.110004038677,16973.740529224626,16816.66384879056,17057.70438206366,16963.128383574265,17486.14162279388,17576.96993028093,17125.250325041772,17093.449590923174,16948.896372612697,16759.742550035957,17092.486169777403,16523.928638038895,17047.318806187825,16675.208077693183,16812.456145777047
425,io.reactivex.rxjava3.xmapz.ObservableFlatMapMaybeEmptyPerf.observableConvert,1743.8391064286845,1747.274262645913,1784.55498730737,1738.162231876669,1770.8772567357205,1753.7916302626168,1785.4656262072667,1782.3544365701375,1766.6590648336912,1777.8290492921071,1774.760717886211,1763.521614782123,1769.8177105456316,1752.9051205045425,1795.3146727346623,1758.1265679953997,1763.0845870884532,1779.1236997381889,1780.505724488859,1781.077991137406,1751.57716226672,1738.5033374125546,1797.0666664707685,1729.3289926815758,1804.7466298158936,1799.5274988340016,1791.248347412217,1758.7660550121018,1760.8818870865418,1782.1254985429864
426,io.reactivex.rxjava3.xmapz.ObservableFlatMapMaybeEmptyPerf.observableConvert,175.94308962715436,175.33326195808462,179.50966110325206,176.11968810620155,177.95903311873994,183.8512725937789,179.48248773313477,176.982263368512,174.2436513476816,176.71230529848185,177.9381205950581,177.72772929419685,177.56143904851822,176.2586209883986,179.20160167046475,179.4200541000106,177.74808066698805,181.74032633215108,182.5791880184505,179.7986950436461,177.9242684922832,177.8376310417815,180.590168310855,173.6547126102531,177.37694927551382,176.91310788866872,179.99088238186206,178.55557107681167,175.2059663851366,176.272304914869
427,io.reactivex.rxjava3.xmapz.ObservableFlatMapMaybeEmptyPerf.observableConvert,17.67245252649814,17.93599545403028,17.90955297854268,17.943748787899768,17.784924542117214,17.7261727309668,17.51064248939442,17.56583491950383,17.911954896248695,18.073539210616563,17.936240378257054,17.834690980523856,17.90219372765851,17.974239876610277,17.70150133542929,17.49736463199576,17.88407815951804,17.829243787353697,17.938775282857563,17.539874712674926,17.918624038257423,17.786749959039092,17.616371139546228,18.26615076250369,18.031834627015286,17.86376322450422,17.86051349750261,17.496873177536624,17.956471931867622,17.577644223965404
428,io.reactivex.rxjava3.core.FlattenRangePerf.flowable,49009846.96889761,48713278.86505827,49260965.70783671,48618588.58257727,48434613.05952047,49288368.0986453,49222762.33245494,48626462.24175328,47963384.55594388,47833788.54714495,48893301.518993095,48778911.46196227,48378560.56648703,48806450.96661669,48070849.589271836,48663011.553600915,48333646.70391091,49381531.7084289,49089702.12886804,47787497.43829308,49277122.07188232,49658907.27238688,48649618.96814828,48555389.37803121,47930114.33598793,47233229.35901659,49119282.06916935,48131516.05301619,48755019.16262501,47834709.538203835
429,io.reactivex.rxjava3.core.FlattenRangePerf.flowable,9492555.06351712,9470818.599837884,9573648.090626923,9704897.984000167,9522841.75940293,9457217.805709688,9296250.819377476,9559949.542383863,9544168.739846958,9682047.74734293,9625558.937672751,9602088.287563197,9680306.085416058,9647018.176982282,9641124.067188736,9564823.166547442,9355797.289393015,9645624.893566106,9658707.931971323,9510821.647312004,9544759.567847334,9353858.790663987,9371575.984039048,9383954.387420159,9277365.706681028,9377019.389889836,9320788.263384847,9448065.308744658,9622983.861359362,9630788.62043422
430,io.reactivex.rxjava3.core.FlattenRangePerf.flowable,1334907.3902367186,1304075.931987387,1362093.6268974917,1309856.913112181,1327314.4046145503,1321465.1437139043,1330627.134343638,1346607.317117106,1319735.8375657254,1334592.3524376932,1345769.01043959,1339570.2305047223,1342332.1608611953,1291458.96969748,1347256.7581062915,1320214.62633482,1316706.7361914462,1328725.4593001879,1317095.1317632587,1293097.8169461444,1337593.0888385943,1286609.8157841354,1317119.57870317,1278928.7299178818,1330306.2702600504,1329988.363958018,1267181.9352568786,1192312.4096321545,1252636.9949956317,1294210.923388228
431,io.reactivex.rxjava3.core.FlattenRangePerf.flowable,135384.83823722682,136968.6816347162,137781.30964865693,139229.7485574412,139122.0045282463,139255.73319975488,138755.41965266896,140062.24940640543,138953.00819822747,140632.5523168209,139146.0885605121,137954.53896407352,139537.2565069849,140701.9176745606,139700.96913239005,139430.06568112865,138710.5110863658,139893.03449674053,138498.63236800252,139880.76245218227,138520.2622136986,137932.93067518444,141711.06111789236,140163.96341882946,140902.36293509632,141560.68383007945,138120.2932838424,140686.4417639185,137254.37421770956,140441.8331551022
432,io.reactivex.rxjava3.core.FlattenRangePerf.flowable,12814.08656065361,12595.096956420466,12789.066321424138,12637.720026440282,12745.262107040133,12838.3577943011,12816.766693808122,12772.75732566703,12507.279092940362,12794.724990181061,12972.686878688766,12929.617306725218,12709.25814789265,12547.950752905992,12679.21894743362,12859.16607022118,12653.464252323556,12942.4974795826,12550.953852894454,12836.121418833367,12827.314465224641,12903.888149381497,12735.763854024564,12636.889184578165,12765.038869163385,12711.084916285792,12533.390060979887,12773.539499040759,12457.886127943415,12738.78626118382
433,io.reactivex.rxjava3.core.FlattenRangePerf.flowable,1241.633464834647,1221.7391550251846,1251.6661380843243,1245.9956465191885,1246.4828093527433,1222.6314279749856,1236.147126470827,1261.881819720056,1272.9943848217686,1270.629865520174,1236.054788902926,1239.2620145133092,1261.7169413745044,1234.903149015829,1257.0870267188882,1246.4581932919145,1242.513370880808,1271.4812153204498,1264.4198272843498,1259.0037692024866,1245.4932200182136,1229.09961447372,1265.9180223980925,1245.01121755107,1258.3226147367445,1227.5442754152964,1237.4751286366143,1233.4550250331997,1244.4442647913393,1237.9354676620062
434,io.reactivex.rxjava3.core.FlattenRangePerf.flowable,125.24170344163157,126.41901977696259,122.95831071701959,122.84138462450376,125.51079556802813,124.25058088190268,126.44255523558398,123.88776202367822,124.09962323016836,125.91631639387359,123.1322722248908,123.41066508020798,123.50763938923524,121.68135631760771,124.08705764116719,125.64768026076608,125.88790211046252,124.48246762635253,121.52683127205681,125.26427954479271,123.0155666973488,125.32675694372051,121.59921918789112,123.77969467138935,123.0863004815544,125.39923371454259,124.86083211429872,123.51074774390786,122.86257881990284,124.30570972571205
435,io.reactivex.rxjava3.core.XMapYPerf.flowFlatMapFlowable0,113442408.39308819,112864662.40537643,112501934.67592096,113110634.92363663,111983291.29874085,113194519.33740559,113668039.01337554,114751965.00910982,114200399.12956981,114448565.99547584,115225599.96972659,115222994.8567119,116627578.08782391,115097536.59123163,113778580.87156531,113616922.75160305,116477960.7159227,116521729.41209315,114881615.36909541,116189798.97937892,115353744.89907825,115294764.76913545,116870627.1117199,114673982.45603524,115118941.70854217,117487370.983632,117168570.85672164,116264180.89479838,114664250.7873642,115268255.1694915
436,io.reactivex.rxjava3.core.XMapYPerf.flowFlatMapFlowable0,13298758.753110576,13353323.121448813,13819595.863880105,13350664.71606648,13420957.098772148,13455420.796149937,13430022.169911461,13502469.573923187,13344311.290866701,13220833.034840949,13250303.593644653,13068715.229334382,13433644.77622161,13462901.139284918,13587052.910702087,13712883.945200382,13132858.641795075,13178178.988470929,13084545.981813347,13619233.616695082,13386528.57943947,13444188.865028517,13559357.362345438,13453430.889525767,13352435.769849995,13206725.074612424,13204852.936482407,13851474.012914563,13606633.25558592,13434948.448967425
437,io.reactivex.rxjava3.core.XMapYPerf.flowFlatMapFlowable0,3511120.683088763,3546632.119326637,3551610.4905339824,3539166.456431502,3572056.9676418635,3539627.263535233,3493672.8263864084,3580349.270300444,3542890.0953126117,3518267.3418357586,3547655.342523777,3513211.711843932,3524400.0325680585,3581500.485018096,3652711.9117570613,3519144.943102466,3566637.6090630475,3588811.8661378324,3515061.9117057594,3579483.3727775575,3554674.1698305863,3607309.4412837955,3657517.285772107,3660038.469301317,3648869.8978666076,3584057.958241207,3467374.2669345126,3431216.9586886824,3417567.460195176,3482402.559143426
438,io.reactivex.rxjava3.core.XMapYPerf.flowFlatMapFlowable0,552907.8651064044,554746.9990928714,553570.9843870485,549429.3799153718,550174.4137426699,543029.5348236979,541844.2134748566,559843.997874789,544504.6072696825,555754.7216765465,560593.7797443523,566113.8995023345,562732.6035634761,562148.5822660672,570089.2567268804,544781.5032380932,559898.6226544875,555788.6779037889,548616.3049682201,546710.4033656081,549248.7774906982,550647.687827086,555282.1662990205,549201.9849814309,547112.8140163866,552685.3827194534,547422.7759765162,537924.1301527327,543712.4619586441,546852.1114128272
439,io.reactivex.rxjava3.core.XMapYPerf.flowFlatMapFlowable0,55067.625238898014,55102.22036849351,55023.049719097115,55543.70727575687,56861.033608002086,56426.748844540896,56100.22912918868,54408.771525535856,56859.04321603468,57489.824678024284,56720.83565640435,56436.305074223674,57425.559615518905,56454.291379139875,57970.14188080221,56726.515342155755,56631.93277122693,57250.05419846122,57355.81123916312,57121.606517218,56191.8378664411,56903.85125401277,56514.971217246835,55722.83800345587,58450.80458523144,57139.7167056487,57511.58603138173,57005.876248999186,56600.35889891203,57359.67910401859
440,io.reactivex.rxjava3.core.XMapYPerf.flowFlatMapFlowable0,5314.306243891391,5404.747363322592,5313.25623709529,5328.558555493462,5255.686997560861,5328.251018410844,5387.072620835395,5296.1629308564525,5240.045578098405,5022.347978696013,5165.086611248754,5238.937690126698,5179.41831506729,5153.351996906501,5105.215834275453,5208.689832937828,5281.91330267505,5173.79900086413,5124.797466274538,5232.452617434333,5257.837164783006,5303.890129915959,5276.461304959532,5263.219476252159,5229.322711963201,5176.097988711024,5267.203561616046,5205.429797220013,5206.877660884764,5281.398756168888
441,io.reactivex.rxjava3.core.XMapYPerf.flowFlatMapFlowable0,538.0375288762821,534.1905912110535,520.0191596218493,516.1056889655264,522.532596682398,521.2459041680139,518.8385058078437,508.6191998567824,522.6358592140871,521.8435236539018,525.2577026630504,527.1469712981923,526.1954602960938,521.3740029186637,526.9605712291789,527.9010618387923,524.8886433026511,514.4696851630036,520.4138542330803,519.8363991677995,519.8843496468836,512.1658830576911,509.3030254306375,511.1513772827104,508.22303523063886,511.14613447153437,511.49976039533,503.6989079333959,518.5240182847954,519.6401538702063
442,io.reactivex.rxjava3.core.PublishProcessorPerf.unbounded1m,471.9284509275549,476.1977601098936,478.3526749828116,467.2727469766061,476.77220968074755,481.601500283395,478.9208008671606,487.80380384668143,479.17640788213004,479.78406214779693,480.81171365212214,480.340509292659,475.48176291696154,483.27597574745016,483.3343944054515,474.76284076862515,483.1887092455719,478.65971171640626,474.39243138135697,482.13541741262065,481.61447050604676,485.55249394282504,481.4827796425213,477.7602345929888,485.67487661005043,479.3307416419436,487.9656635746119,486.0936637810703,486.8396744452514,486.82386955811324
443,io.reactivex.rxjava3.core.CallableAsyncPerf.subscribeOnMaybe,297575.10190704284,268637.17259000853,257800.7776927796,229579.37102976048,248994.78135533564,273880.8913301819,265503.08152070176,245129.56839472643,271664.910365229,305697.7470229038,234885.65366495503,305571.4107985628,265710.08582454175,316011.153198589,231829.48095499555,321026.90144714527,247259.63842200045,258476.53924171068,288213.1366809919,284620.3742949366,228471.2342999312,252367.8575001677,243204.7591806444,307082.29164728057,269303.2476826295,273206.3445497983,248966.05438597008,242730.26967167968,232641.03508386045,228307.72454207504
444,io.reactivex.rxjava3.core.BlockingGetPerf.observableBlockingFirst,25811985.69338202,26184217.323488336,26313022.809352286,26305684.51846319,26199348.7304395,26303242.348925915,27131128.314693876,27140170.997374754,26296601.650261734,26294327.768383045,26246519.26336022,26229367.958524358,26351887.700784445,26353566.15885723,26380316.78404018,26300996.54380353,26274701.320296835,26167581.706151523,26115777.398334246,27130392.09982394,26816043.915828597,26206764.59753103,26130437.639669012,26106954.881827917,26109451.804265928,26115388.808180667,26161592.82420508,26025840.883002706,26099968.283368602,25967086.78468123
445,io.reactivex.rxjava3.core.BlockingGetPerf.maybe,42147260.79861769,42952388.4912667,42804988.080339834,42254695.08930859,43078554.87642968,42423637.23957844,43110038.622679144,42890248.277721345,42170332.6977727,42396911.52168184,43147578.7866333,42663560.99599142,42870402.15781609,42133404.099398,43674343.91065721,44047668.41138135,44922595.465319455,45399894.523433,42762894.88732408,42263558.84967689,43994875.57012338,42791184.74344244,43253931.495851666,42071356.19315453,43203685.53558262,43411509.70097578,43138949.52913175,42500067.11915058,43133795.676408336,44386897.99066731
446,io.reactivex.rxjava3.xmapz.ObservableSwitchMapMaybeEmptyPerf.observableDedicated,112539230.42001624,109232735.37160279,111676449.49796359,110600750.94809733,109993660.79044403,112265036.38858993,110488521.84846944,110676262.03593835,110369860.04900022,112733816.67086595,112363852.51898798,110825516.17539659,109470425.41966434,110790677.94367112,108819101.55394737,108383892.49128081,107954875.30776496,112022146.18415312,112423929.0857452,111220980.19720615,112641786.67694318,111615929.02328064,113359081.91848917,112395052.42826325,109797708.75953482,111704127.60353754,112207599.6689806,109259489.73004365,110812250.49373645,111599835.76045485
447,io.reactivex.rxjava3.xmapz.ObservableSwitchMapMaybeEmptyPerf.observableDedicated,2860537.621596408,2834874.6151758735,2806019.4234419456,2890346.0190852922,2889278.7792774406,2831216.097927631,2853821.9591672937,2878993.8676420287,2900511.286119654,2924513.0406838036,2871007.070108812,2906005.081667328,2907308.1494140783,2920499.0554068787,2904367.195644416,3181042.192918409,3076858.3570779394,2889253.8983841375,2854596.9067141125,2863843.1795785986,2884392.538084123,2864448.823821049,2892099.012593186,2875188.2622669144,2842014.075766197,2794526.834742563,2836691.900727429,2862705.742300998,2835292.2546792747,2810970.8675957546
448,io.reactivex.rxjava3.xmapz.ObservableSwitchMapMaybeEmptyPerf.observableDedicated,301748.8178364855,287599.5634891336,307476.64770434174,311742.5235424187,309825.1874853628,311477.45493402507,312700.2531485189,311968.5079763758,319429.7682104902,310491.0190630226,316316.85576937534,311124.6399531013,314102.67450278107,315054.6675825176,312856.1830857114,312716.8890093073,314522.4884644189,307299.3903040065,308991.81645267725,306839.45541104075,318658.4806655194,309509.37706875487,315488.26311721146,314084.9934385855,311194.637074788,314740.62185842445,308976.1887701018,309447.5235196952,302187.96621287864,302177.9132789317
449,io.reactivex.rxjava3.xmapz.ObservableSwitchMapMaybeEmptyPerf.observableDedicated,31062.645046619025,32383.489374987636,29858.17145572188,33316.16454586284,34081.22391390609,30964.913243531606,30965.482754675828,31281.192697810693,30984.532200740585,31159.03762196401,31489.243589062433,31529.209451915875,31339.770238027104,30867.15121197816,31166.601885817894,31403.641521024092,34464.21755886876,31397.273620909953,31631.22109175702,31476.139854563015,31200.005610661523,31587.536328329155,31300.87292018427,30808.749442051398,31134.800917876368,30685.361831273276,33152.45449887617,32566.43218682166,30992.256158722717,31254.520547630436
450,io.reactivex.rxjava3.xmapz.ObservableSwitchMapMaybeEmptyPerf.observableDedicated,3116.940740722637,3091.7366025918786,3099.5455756231577,3104.183311100133,3059.937589668867,3120.607830093384,3105.0313513146125,3119.0297197586588,3107.942021341592,3297.379729899009,3068.9915201794943,3123.196229834271,3071.7407911533387,3103.740133149872,3010.439061879161,3119.4255983286007,3092.99985066129,3118.1590480955238,3119.3927072695706,3335.7362866963826,3364.2727653419524,3031.216366913609,3064.2499329014245,3090.426385958502,3090.324139929949,3087.558584099466,3075.103930090291,3106.7270895588176,3079.646380253891,3045.2001355515954
451,io.reactivex.rxjava3.xmapz.ObservableSwitchMapMaybeEmptyPerf.observableDedicated,323.3648406360906,309.3573688441264,313.87015348685327,312.50772158655536,309.62459504049394,312.4330530457152,314.54959140727044,311.52063485077736,307.6800284620809,309.582595359164,303.7029387408265,309.2488382827971,334.37287698176317,336.636048629113,319.0739236728191,337.5329485708706,315.8154402990282,306.28751398496814,302.16751037885564,301.84238273721274,304.2961857445867,301.6472271875709,307.3003333768619,300.74121729511825,307.2571808773972,335.3993085587533,318.1343783078963,309.11294692226676,308.1630399691502,303.7084568890601
452,io.reactivex.rxjava3.xmapz.ObservableSwitchMapMaybeEmptyPerf.observableDedicated,30.415477065030952,30.85484894785249,31.260461600435853,30.821809165768332,30.080460564687463,30.58767043329095,30.86979509388816,30.82412313257183,29.833411987632367,30.06630966506033,30.496575582813268,31.12576812292159,31.44685612163846,31.353931700486218,30.59591799763384,30.0971723520167,31.354748037688324,32.98954416191515,33.81653252838422,31.71475171923761,30.842248376426735,31.206627572284415,30.997113145861388,30.977204339984272,31.19522785152836,31.39416156066954,30.78780857602552,31.243701068489177,30.954743267655132,31.549968566618425
453,io.reactivex.rxjava3.core.XMapYPerf.obsFlatMapIterable1,40329169.44367999,40231068.79701954,42815953.4163598,42844683.72308571,42806480.17415301,40407126.990459226,40925738.15954849,43103846.15799592,43156524.2400419,43544171.367596075,43036056.27460614,40527443.06246126,43015488.19064609,40355512.67379817,39963417.44350808,42511286.91576232,40844021.6538306,40824688.194847725,42838155.947127536,42658687.24293736,39705695.34899773,40528151.818874426,42746232.74924362,40243291.502684645,40414089.83850409,43074396.40447596,40156775.8833377,41107357.99623574,43046367.14522498,40661143.7266615
454,io.reactivex.rxjava3.core.XMapYPerf.obsFlatMapIterable1,46763385.49734395,46654095.022357,45599527.71611203,44219313.08996433,44134534.455059595,46081087.8302038,47076745.19741916,46609740.947524145,47084128.37485436,46374520.52832683,46265473.76877872,45902990.576735415,46451558.43023406,47127546.201309,46903750.09455617,46900047.39947219,46920006.76481684,46272621.414683945,46741122.18948146,46942556.039553985,46524778.30980096,47025165.97405302,47154308.56160509,46591999.86727006,46420880.01101496,46447075.149368174,46930421.87562394,44923121.951551795,44772716.08948304,44690410.67950638
455,io.reactivex.rxjava3.core.XMapYPerf.obsFlatMapIterable1,6793526.095770717,6917693.931270539,6922400.572934031,6915713.3792407615,6922455.343177266,6911597.497477413,6912818.239400734,6862340.110021331,6731766.584700723,6822872.048308237,6930730.7022991,6810447.105138821,6825161.680524503,6865828.016827732,6877989.048504045,6800557.209358075,6852834.188670949,6711453.998184983,6827388.4650661,6913680.827401269,6854134.088239431,6826379.103240367,6906959.632519021,6849075.523327627,6731627.804688054,6831910.01633006,6835574.025127498,6859678.637566267,6968918.147404772,6982012.792042398
456,io.reactivex.rxjava3.core.XMapYPerf.obsFlatMapIterable1,733424.118301363,725772.8954714419,721160.6794351145,732164.6650011024,733919.3197257344,730381.9811055339,730930.7298420854,732145.2790452148,730192.414802857,729730.9220230189,739654.6685298136,726455.0823146271,716312.8208384182,735777.4295953792,724639.3303922918,724688.8796854396,729535.5257987283,720311.8904226179,734543.814616736,735297.8579247366,733966.1075894067,733774.4871122694,729636.7941027136,721993.5341946582,728185.3565358304,725072.5244767237,723730.1901281574,729644.776479398,733176.996280692,730522.7465540094
457,io.reactivex.rxjava3.core.XMapYPerf.obsFlatMapIterable1,73368.22226136635,73439.17969158178,73764.00722805275,72778.9961528985,73256.51526082556,73338.6982184675,72956.24202397335,72182.11213805758,73770.835710095,72170.97567526433,73117.11345983404,72780.0995689039,73403.62088678514,74378.6423993248,74510.24863455891,73484.08738471242,73277.3779724842,73272.8765970893,72602.27719679828,73844.68606728464,73344.83071309811,72783.99717129157,73506.49212596478,73938.62297264996,72551.61440926802,73820.75526014707,73871.6648449836,74064.90507313999,74300.82739917796,75864.56671431179
458,io.reactivex.rxjava3.core.XMapYPerf.obsFlatMapIterable1,7836.005485527799,8022.597313750433,8116.333673354418,7934.44972961622,7941.915809363285,8039.925472000593,7839.730002938174,7857.964658150536,7999.776798227553,7834.284996145542,8029.469195879868,8174.767681277266,8074.247883809623,8208.798067786915,8217.558676011306,8337.358540308625,8273.377817168015,8176.512491795702,8167.866733086383,8105.813787104581,8304.475481024143,8260.631625393296,8163.608915425392,8267.434222180218,8260.270163829675,8129.115189562236,8228.480386913468,8147.5521942363,8043.156892165092,8085.755648464304
459,io.reactivex.rxjava3.core.XMapYPerf.obsFlatMapIterable1,720.1116112671887,713.3575943786734,723.7474287935419,738.7206564773563,729.3374115483565,728.0278091363467,738.0974573815038,742.8270134164236,744.236849115601,746.3720667310503,730.9552456673676,732.4692191102487,744.2548959092545,737.0761112113261,739.7559611662149,733.9988732468181,737.1944690780274,744.8841086957168,729.9048058152256,731.298753968326,709.6764457342138,702.7576231123343,719.1471396752036,732.2229393889176,728.7306298238001,732.3999513114901,724.7006660134065,720.8584947566208,726.7594346327828,724.9521118383483
460,io.reactivex.rxjava3.xmapz.FlowableConcatMapMaybeEmptyPerf.flowableConvert,58271061.532318585,57823479.26093652,59136046.88301673,59087065.48090332,57898512.68404025,57876297.29281006,57791686.80256557,58748373.233612895,58805938.2764496,60270989.85120811,59804861.019256026,60627020.15354748,58247243.411125064,58387258.09370658,58493997.45793634,58674751.95527409,58286185.24653821,57950053.499259904,57960703.27649045,58519232.401981406,57913346.95925229,57261854.3582939,59539730.479936406,59887083.2294883,58573294.15130932,58674946.34341098,57317861.411167346,60452556.37156943,59814421.255627654,58388095.40896902
461,io.reactivex.rxjava3.xmapz.FlowableConcatMapMaybeEmptyPerf.flowableConvert,1993992.8460571764,1974639.5229047057,2041017.0815410374,2013321.7360119922,1905687.0020849078,1984902.5777326648,1998408.0413909238,1999843.4113571679,1979058.1176553282,1992605.3638769095,1993856.5729465617,1996848.2562858616,2006114.7538950213,1992851.1463576313,1980887.4409690732,2054679.619633284,2089586.9259348426,1984237.3209307133,1999445.441307713,1949346.7239971673,1938940.6841775624,1953933.313585652,1975545.776289442,1956824.8712906516,1995620.6192026595,2004728.41681632,2001350.7837102895,1976634.2845835038,2094536.0587690668,2048120.9784414012
462,io.reactivex.rxjava3.xmapz.FlowableConcatMapMaybeEmptyPerf.flowableConvert,208617.28131370485,215301.12665309943,209377.90094196264,213614.82702772322,212651.3189065169,213514.3507471656,212770.6836228469,211352.64867194512,212546.30175514697,219906.8127978708,212203.68651342107,211307.87946339432,211862.41238780334,211482.70484268677,210443.0606400754,210691.53175452413,209837.07793728317,209888.98119147358,209093.55157504862,211198.69809823317,212549.31478973685,213309.98446747055,221953.277437167,211373.79994590982,207745.11975530078,211479.70336662373,210984.57236536843,212200.2313879864,211676.7770139989,208290.8149747159
463,io.reactivex.rxjava3.xmapz.FlowableConcatMapMaybeEmptyPerf.flowableConvert,22901.302990547098,22882.132584118,21992.40249387525,21901.656618088018,22042.423917188476,21970.00264887259,22039.747559839132,21847.604877495338,22068.83266909597,22223.44704774375,22091.965477440623,22058.916355734025,22025.185750907975,22021.52757460178,21689.9773879186,22060.42819449114,21936.75813818504,21845.075953287174,21653.271064282893,21919.728853004086,21804.42127687091,21663.459106753024,21499.534150090272,22019.829646054313,21940.668530530224,22126.997484600644,22068.037445293914,21752.094494770165,21723.338121187055,22014.282247570503
464,io.reactivex.rxjava3.xmapz.FlowableConcatMapMaybeEmptyPerf.flowableConvert,2281.310930033583,2277.928129089599,2272.089110387289,2237.7891487930333,2274.4138698992438,2258.623193892563,2298.875507344458,2380.221610408078,2279.0242653880896,2186.731591817494,2244.6863118219817,2276.163054844734,2238.8428466652213,2277.451901593007,2259.929326842398,2241.730225701179,2282.02148288027,2276.5487812019196,2253.527991801533,2309.5228087067876,2312.815234954927,2384.772433090572,2284.5438359940918,2279.639137683783,2245.246409985445,2281.9540526682354,2305.5863593624395,2296.313126817506,2303.6613364432683,2237.583057723356
465,io.reactivex.rxjava3.xmapz.FlowableConcatMapMaybeEmptyPerf.flowableConvert,234.23390241858684,228.64773523859108,229.29347640609555,228.8461044274641,235.15596738468838,236.45313379314769,228.8544099188963,229.76448313326702,228.17528712120898,220.1516712924202,221.60084325389568,222.69395681710725,230.82775725085045,234.86945368590503,222.73767871744695,227.92166794485934,227.1545263099837,226.77718619868452,229.39538487803082,226.38715886797362,225.76928704287874,230.61313700753124,222.9123439560738,224.85674286969075,225.75484107882076,230.77121226630314,229.3296702910579,227.9801796819315,227.7465181253265,228.55950526508528
466,io.reactivex.rxjava3.xmapz.FlowableConcatMapMaybeEmptyPerf.flowableConvert,23.040547236959046,22.970664623622465,22.9471184115149,22.697909392870773,22.729281730752504,23.567764396405952,23.158457771768074,22.942108434187773,22.81175221960432,22.90349411205139,23.407296929300585,22.953042734033843,22.989610701806317,22.89812427585802,22.805045798029962,22.977272919903218,22.854579964419194,23.548912873415222,23.508110512638368,21.889179200871677,21.333388546728756,22.62464944126259,23.30569889865929,23.275052882156636,23.116199522579397,23.229773579890548,23.187899158307665,23.150793028003633,23.078730518771177,23.02151789815199
467,io.reactivex.rxjava3.xmapz.FlowableFlatMapMaybePerf.flowablePlain,42688926.57925397,42605266.2120055,42754189.45239244,42829986.76039084,43001940.98158174,42879440.97086327,42998964.15296553,43397831.11920512,42858108.26141057,42563011.02107838,42812646.91055533,43223570.444423474,43156848.68160418,42574630.81983816,42698267.793594845,42708442.35228411,42794363.52877471,42608150.24777605,42694616.25150606,43031680.32011061,42894753.19433294,43800840.20059272,43132622.188882135,43115499.92087203,43124624.5026008,42813164.53111742,42964939.055410944,42876855.52114593,42884950.54714913,43151456.07489312
468,io.reactivex.rxjava3.xmapz.FlowableFlatMapMaybePerf.flowablePlain,4035160.786497778,4040806.4937307616,4009259.4265563246,3992407.987281893,4021965.2933353246,4026303.4581811256,3988206.5409549284,4018141.8225255245,3991936.923606572,3997163.7059355834,3981096.890507702,3982882.295188469,4008192.9021113594,4007871.5738321356,3996750.68328099,4004230.117436587,3998340.320772128,4015330.9032866573,4010736.7929627327,4017712.506792814,4001484.7628145562,3998962.0990738855,3989785.001783072,4013052.9082521354,3992689.668483503,3994389.0834441134,4004316.80577276,4019560.049240898,3996012.0873777014,4024830.85525684
469,io.reactivex.rxjava3.xmapz.FlowableFlatMapMaybePerf.flowablePlain,529904.5538513162,530854.5545158433,528555.2330648929,528654.25073644,531610.2043484094,532221.8331229339,533633.4189379965,533160.2007046134,528663.5535399572,532110.6554054045,530367.907407353,530639.4165214858,528983.8562923124,530424.248203334,529801.2034464041,528691.8406126889,530113.2108957184,529758.3087216434,527579.655327065,532509.6490308255,532659.5470825677,528787.4079113725,529535.5551196659,527798.9388901318,529185.3366762389,530305.8432544321,529726.6687747029,528722.0570091356,528994.2604037755,531138.4953502852
470,io.reactivex.rxjava3.xmapz.FlowableFlatMapMaybePerf.flowablePlain,54186.525963934204,54708.10732781273,54667.847015319916,54597.504621051296,54539.51726935881,54496.63258037268,54494.51112668782,54389.80231460534,54512.760779325465,54392.36409164376,54420.01821836178,54425.73271441369,54623.586238347714,54668.0141970686,54381.13124680583,54464.63231774054,54716.597667779395,54669.45710487222,54542.42499457556,54521.4710760856,54433.32883705544,54407.574555207626,54325.57995838959,54458.35748148,54593.30865906973,54355.33343605229,54647.74168304989,54120.30350999792,54529.12027216598,54652.11201844461
471,io.reactivex.rxjava3.xmapz.FlowableFlatMapMaybePerf.flowablePlain,5453.030538418758,5445.136308814105,5458.601522088888,5462.783623821618,5427.965049903934,5451.254437381854,5417.845825468109,5420.789087938167,5421.029624855091,5410.016221010306,5438.527908584895,5431.3391200872065,5458.307046087271,5498.7906775352785,5476.085690828717,5524.317100492988,5469.666716797945,5470.887336404409,5493.272970815586,5477.649430436452,5467.470360349815,5471.641454278784,5476.4829819871475,5492.284401470877,5468.301407305269,5498.723364726244,5436.233768286594,5459.729022729144,5457.751061058603,5492.184125063854
472,io.reactivex.rxjava3.xmapz.FlowableFlatMapMaybePerf.flowablePlain,549.0968339964091,549.6335329411785,548.1283553267922,549.0784536282746,548.1026988792539,548.1146391931455,549.3967832091141,548.8718889101533,549.1319311449821,549.7410747025205,548.6691420826105,549.4987159498837,547.9955809636351,545.0698889260474,546.9573017782367,549.277253300226,546.2020234228702,545.5630405572374,548.6431997706068,546.7840525594982,549.7364981027833,549.9076666534153,549.0861416581986,546.8778061698672,547.1623617251693,548.0146772824517,547.2484358134272,549.8836704598632,546.6955949724589,545.7400449157051
473,io.reactivex.rxjava3.xmapz.FlowableFlatMapMaybePerf.flowablePlain,54.830360457441444,54.39436681018881,55.04034949049345,54.576545116295904,54.465011649778816,54.82998504658703,54.478997354506824,54.64177111672201,54.92610022770963,54.75659968652225,54.81475370430058,55.07446041970195,54.810116763257355,54.891889161782416,54.86337926781068,54.73216377797936,54.735354397283075,55.03015709604383,54.79156625219713,54.7064840669265,54.7064296524461,54.52527022771015,54.58216631203542,54.82683716539713,54.73191884712901,54.5839299005384,54.97413675963515,54.97311688146328,54.784959555944916,54.87134370911867
474,io.reactivex.rxjava3.xmapz.ObservableFlatMapCompletablePerf.observableDedicated,8774221.049287368,8839859.100824788,8745123.099651892,8806308.668683626,8854178.160147568,8773003.609173724,8970979.225741295,8936534.856456328,8951271.013840137,9111945.491207253,9082588.717230117,9310872.0266314,9043411.034001378,8788739.867969496,9026759.633887693,9080255.56736855,9031038.905856684,9129592.810648914,8885328.513660857,8764114.32147138,8859529.09409322,9017834.58266866,8932748.622747406,8976248.158785157,8856795.349818503,8964498.875554781,8890939.975692015,8943701.866591632,8917350.390843505,8984495.003511203
475,io.reactivex.rxjava3.xmapz.ObservableFlatMapCompletablePerf.observableDedicated,1246171.1134777851,1267757.3421355367,1272525.6938175515,1312758.1396194373,1330300.5094782696,1292074.4564140153,1288001.822710104,1273095.684919164,1283089.593770987,1305846.9429840588,1287862.9263459377,1270292.5891034417,1255214.0886315496,1288296.5469267382,1279519.508156213,1285673.4369091701,1280061.3015040532,1257489.0606045288,1259907.1099198216,1269087.448106071,1300082.6015840794,1347932.3777575942,1318766.3428440057,1290842.7801610525,1274746.474457612,1263668.458367419,1263115.1763204138,1266911.3930858667,1285429.1432254645,1322550.4803936908
476,io.reactivex.rxjava3.xmapz.ObservableFlatMapCompletablePerf.observableDedicated,133371.40036423586,134249.9182891689,130849.4203343581,121495.46252850964,123434.20759847431,131533.40815474812,134727.79984273214,133572.72378721394,132589.23844330537,135931.38317368925,133437.95209023354,133302.78387027595,129491.568925285,132130.28283672014,132639.7995913774,130166.98172959973,133138.2039656285,132320.30646640933,131945.9057005268,132189.08534199608,132566.82300042818,134054.32226323488,130139.44647994933,126895.98233872553,126812.45043354413,131854.1678264487,134507.69501650854,131345.87422363163,130410.54810158197,132593.26412958896
477,io.reactivex.rxjava3.xmapz.ObservableFlatMapCompletablePerf.observableDedicated,13273.101211560397,13084.140646726464,13534.829710949043,13615.213316402129,13610.083781864016,13492.982502345301,13695.001798708896,13886.345638917466,13875.72022844761,13786.933870190753,13753.744310651926,13777.186718890796,13584.77954340582,13360.072169707959,13579.141851623399,13447.149806582094,13705.953728610219,13690.383234191959,13662.39810305157,13609.37476846515,13563.496243524609,13636.258473900447,13521.974361090337,13603.793656389933,13579.243771914342,13605.026791618515,13725.743751303162,13485.623940418744,13478.081455270742,13025.827180572316
478,io.reactivex.rxjava3.xmapz.ObservableFlatMapCompletablePerf.observableDedicated,1333.4414840340878,1332.939664486087,1307.4104049741313,1314.353080671106,1314.388177276853,1325.1732111818117,1321.3144452492836,1340.066670365424,1364.5994682224853,1330.3393760816073,1311.6051701188494,1319.6482767840853,1318.753482773958,1293.3407299096543,1308.450675769693,1318.2210368249193,1330.4856635131705,1333.7291476184307,1334.410509478922,1323.3299345343084,1336.1302927504944,1369.5776729200454,1328.0465422654459,1343.2649318476697,1349.7362993197294,1350.5531546327052,1389.6136998979516,1303.5418702097147,1348.5264190980354,1313.2905722524843
479,io.reactivex.rxjava3.xmapz.ObservableFlatMapCompletablePerf.observableDedicated,136.80919358579783,136.3288255172271,137.8360957904293,133.09417515189875,133.57717907183573,134.41359849830738,127.3022569660802,130.96507027237422,133.4198092831532,129.328408052584,131.0923019567292,131.9704098586423,131.36055546917493,131.5920798172478,134.85064562803208,132.79266218500752,134.1085510911246,132.62353628874965,133.3663594885423,132.46024186668495,131.49078995025576,131.47452812790857,132.59814236801935,128.88095614059876,132.65553430266502,131.26128707230802,132.0783170873991,131.9222270979256,131.3125155571135,129.89331667061867
480,io.reactivex.rxjava3.xmapz.ObservableFlatMapCompletablePerf.observableDedicated,13.143556611288165,13.315408903429388,13.44516331272298,13.240278537328424,13.35925791482666,13.29822261874187,13.195856810875508,13.222287638021168,13.14043641970507,13.41229157045024,13.16314688193351,13.402687710852101,13.328418003179731,13.497185605902887,13.443009315500383,13.471451260555401,13.394080655393797,13.252461399297733,13.386929499265728,13.650657212939116,13.47095957140741,13.335198356074848,13.780264694710263,14.03584809125875,13.78437366183885,13.436641488886295,13.674181436468286,13.595922256613107,13.69318631831635,13.604901854689897
481,io.reactivex.rxjava3.core.OperatorMergePerf.mergeTwoAsyncStreamsOfN,149115.848585656,150625.0225966033,148137.7998104823,155259.6605071394,151831.43384650548,151361.43590860895,154795.10571453272,147548.54631063127,150695.02647354195,151910.4364321761,154809.38994866796,146946.860974378,149179.07406312847,150646.2438274903,148270.9102291773,158561.09661181204,144873.88501818725,154898.7075498032,152289.73891196412,150106.81892466568,150770.57454920345,156618.86020459744,150164.2525571554,154757.56095880226,159423.76174820279,156934.45115270792,150840.090537773,145829.24353644066,143252.39251995136,144249.867361139
482,io.reactivex.rxjava3.core.OperatorMergePerf.mergeTwoAsyncStreamsOfN,7280.686311630264,5224.91990978117,5995.781249916878,5717.56155754235,5605.355137523558,8549.074195108189,6865.460772979968,5635.417033014186,6160.412777133258,9297.487177968811,6859.9012084640335,6329.527045080137,5584.83992821979,8239.654406757796,5930.70834555569,5865.842132590686,5720.14067470672,5502.885655538964,6914.492344886531,5858.932824680649,5693.316465566333,5903.599594261119,4960.610532545868,5729.485515118685,4693.892645010545,6085.490423587747,5025.753290796708,5671.738856127848,5844.14615271465,6025.520493697977
483,io.reactivex.rxjava3.core.XMapYPerf.obsFlatMapSingle1,7266979.882581371,7327067.627441538,7290787.473837924,7291199.641720823,7376653.075483133,7548123.067054229,7250039.615476099,7256101.857145278,7137666.468116551,7182915.255194561,7188721.330472435,7167843.296673505,7083675.679410866,7163953.299128427,7124262.621231615,7210883.407771184,7202258.4469654765,7468926.926185902,7564189.131428828,7312256.020369113,7215923.42554721,7239393.702686067,7164926.525968894,7130857.006041199,7219645.767237751,7188257.854594448,7179919.695209045,7171992.491001502,7258342.8075729245,7156732.645836626
484,io.reactivex.rxjava3.core.XMapYPerf.obsFlatMapSingle1,1100982.3552113106,1089314.3672871583,1074918.9262729082,1096033.8658490146,1085788.4057956985,1040360.7932855897,1063610.8068683424,1077308.4342815871,1052877.5027022515,1053860.6015128016,1073317.8594189598,1066203.5006125318,1072164.9322891582,1105196.913238963,1072588.284090933,1074007.761590199,1088467.916720897,1069123.1599398355,1088015.3361220637,1087248.5937293123,1106487.2500501536,1099740.7761812897,1095118.0267824214,1135213.71328918,1107462.9322252788,1127754.421720133,1141092.6084095975,1094593.0876738154,1101911.3178457892,1102398.799801078
485,io.reactivex.rxjava3.core.XMapYPerf.obsFlatMapSingle1,112701.20355169893,112865.34746464681,110870.78253379861,110792.94906024529,111436.27969980222,110602.57406948727,110258.45938035237,110628.12051413955,113426.44145571014,111505.36210570649,111831.22459342678,112885.47505423288,113768.73873746359,113931.48220776586,114176.5325122441,113012.56317861461,116763.3829743036,115118.9294716325,112914.40218565149,113908.40094645988,112061.09575820524,112830.00383622013,113691.91485644343,112305.45376399306,111595.41246962677,109312.72742424447,107194.06264147474,110258.83467173955,114272.53765945029,116107.80464671682
486,io.reactivex.rxjava3.core.XMapYPerf.obsFlatMapSingle1,11281.238967619245,11239.51183058948,11161.336871515448,11313.17156003876,11350.80058913525,11460.149336035085,11372.679392795239,11518.227933181639,11674.602806885277,11952.72220618527,11629.174014657261,11545.081796554556,11473.159740200106,11622.180368973839,11568.97552983045,11594.09693646986,11542.911030230496,11539.889090754998,11637.033532728074,11756.222220094141,11896.567998213488,12055.655034957335,12351.91012920975,11801.528163102512,11559.307262275079,11696.23883216928,11699.169312182157,11423.665498820093,11701.076703140585,11622.792949706587
487,io.reactivex.rxjava3.core.XMapYPerf.obsFlatMapSingle1,1130.2174668116338,1147.530073811943,1183.9430667935828,1121.711956708349,1130.6735666266,1135.3848711844896,1095.8089292760467,1119.44133272793,1144.5115842594637,1141.6508523447799,1151.5290407437424,1140.4973155436983,1137.310530511709,1161.0894388293868,1171.1833818463572,1181.9682150303079,1168.4685746499063,1140.8356181366182,1158.8206794527787,1153.2838407202926,1167.294782359122,1181.5734698078725,1163.7675723404523,1147.99052142293,1141.541610541662,1137.3691832046575,1138.84057712413,1188.7777627523644,1170.0766924819625,1145.8470053619972
488,io.reactivex.rxjava3.core.XMapYPerf.obsFlatMapSingle1,115.103065005991,113.09449781994384,114.8249220779607,113.58388600155274,114.03678623242567,114.97139017435484,112.77355487443367,120.18155674819604,119.63819257079126,114.25578114456536,115.36648777494845,114.93681923046901,116.69074967593134,118.1405785639583,117.82080210053641,118.66078595378413,117.68924719187372,116.66054860195315,118.22784707354754,117.18775130503607,123.39296890642966,120.00296032426719,117.23663696847056,116.97029831699986,115.15916192443389,116.30222676368612,116.39160409223568,115.57802394112282,114.94843401755129,116.10516576085932
489,io.reactivex.rxjava3.core.XMapYPerf.obsFlatMapSingle1,12.05346503935765,11.74041177056193,11.573603036914209,11.537982057647548,11.524050369968545,11.6042395342599,11.596160229561299,11.780613117199268,11.684873827711016,11.62851544557564,11.619287435791733,11.742236663529406,11.996557911614326,11.859552936006962,11.953472209145344,12.310132085548801,11.751071747440607,11.670233511452865,11.579685307229779,11.801262943820655,11.592527705493966,11.574675816552071,11.529164231967387,11.69183814029342,11.834061242988788,12.244814083168334,11.814249319098293,12.011427550209081,11.890602308937568,11.64026955209238
490,io.reactivex.rxjava3.core.XMapYPerf.obsFlatMapIterableAsObs0,113852900.13294807,113853569.20013024,112741396.64208423,112366777.16874819,115205588.80146857,115533277.50251907,115815239.09960409,115167422.40856364,115118897.10423195,116236485.61401843,112770303.04967691,114071656.76124768,112717933.48107053,111423368.37905219,112611697.05696458,110464128.58792953,115163770.56985468,116094832.2178253,115633411.32138468,116122450.1787218,115007026.03687896,113499246.79985635,114392623.77164894,113108970.38488455,111577975.27429144,114594609.32803702,114569637.95049417,116298150.27246235,115759361.22201672,115607672.04206815
491,io.reactivex.rxjava3.core.XMapYPerf.obsFlatMapIterableAsObs0,1909048.4498118185,1923872.8898642564,1896807.7847040317,1938636.6603509272,1939840.8953723488,1895752.622117689,1932010.7804974837,1929419.7670860926,1927667.5348220621,1934525.4545250465,1946024.7882256496,1911132.466789488,1901628.2528237524,1932947.2869154464,1900627.8317878158,1912601.8780644012,1991264.2796699572,1948779.4993935642,1953523.6225337759,1945666.1728556766,1983916.7036958558,1945562.649209662,1935065.2228995794,1953754.8308574208,1962086.5136407318,1903080.18693535,1946336.0406227792,1938179.3134664646,1950021.120916429,1949905.658983999
492,io.reactivex.rxjava3.core.XMapYPerf.obsFlatMapIterableAsObs0,212237.9923419471,210412.57340275234,208099.4117372776,211269.72151646152,212217.4468569894,209927.0569473039,209762.86509398118,208553.77027499964,209841.07482956428,213049.7466568708,209328.7030843099,209696.45750826594,209647.40531309514,211288.87542941977,212297.40885623608,209732.34248148842,210699.16491909002,208929.2506202749,209038.1694942662,210302.15086627795,213127.00689281715,216108.3498149698,212590.57123507877,210340.44999838705,211739.11225076328,206945.9073228515,210242.4369125146,212460.52319836273,211986.8445582246,211082.3269412856
493,io.reactivex.rxjava3.core.XMapYPerf.obsFlatMapIterableAsObs0,21216.75043948287,20870.58486999289,21091.9144947705,21237.129221286898,20866.606444555207,21169.81167496125,21092.656439970087,21306.082372242876,21140.38065026809,21144.844962843905,21277.919592354778,21157.12210637532,20880.73959679646,21590.032118860112,21062.716501244562,21086.877771387768,21107.863890333967,20947.501340145143,21116.1417795234,21292.089422503755,20916.783532116235,21044.43875517763,20787.884418182697,21005.879687510223,20991.42377498016,21157.95038703011,21497.575828596506,21585.0034303527,20734.177113350725,20605.194284404082
494,io.reactivex.rxjava3.core.XMapYPerf.obsFlatMapIterableAsObs0,2063.003802282927,2082.959451357196,2071.6052307640152,2060.973659849079,2064.801388819211,2055.5396372317664,2086.9194156936824,2119.272996114321,2134.501738990064,2073.217010204973,2083.322430629274,2079.4600224570486,2073.940013407028,2074.733176865056,2071.3887870250574,2080.782955610683,2079.6280730765266,2073.8954964059362,2087.2542032006545,2103.3782287753047,2116.3291865396495,2104.837803303715,2071.9076965121203,2076.632566863517,2132.1597712702965,2109.1915742890656,2046.400110086129,1995.9660995402687,1975.8447084851366,2053.8371389302315
495,io.reactivex.rxjava3.core.XMapYPerf.obsFlatMapIterableAsObs0,208.596195521382,211.14279530078284,207.05299467843741,207.55904682423426,205.38883655699868,207.56695886559356,208.98540241243373,204.7383294690405,210.0890630664626,206.83382412118777,208.812714623378,206.399694126422,209.95338237088512,209.65560314348386,206.51951706111305,210.8668841642317,207.50323890608473,207.27013986376787,207.6527423190199,209.6714649428951,208.80986984349298,207.69671004836505,206.92897452649942,204.2837989777583,205.2471121327803,212.6320716695225,209.07425057957124,206.3916235391262,208.48580541202398,208.88478834168143
496,io.reactivex.rxjava3.core.XMapYPerf.obsFlatMapIterableAsObs0,20.925985500767293,21.22526764881608,20.98716942433319,21.06726968240457,21.00277627393922,21.122135370156464,21.21893139015555,21.07605486092865,20.96192296040934,20.964814563035528,21.241444482026353,21.18409204680577,20.92022913703825,20.832739166251695,20.76151962827729,21.05316816275679,21.2066993250993,21.08944697244817,21.307009130479553,21.126831863056445,20.971657182807267,20.891927916270717,20.974532952808563,20.94247527175098,20.714966391875766,20.617475401996984,20.89397242952583,20.754201680223797,20.611029253645057,20.601254095064558
497,io.reactivex.rxjava3.xmapz.ObservableFlatMapMaybePerf.observablePlain,42667047.65657738,43344441.84016509,42853213.41150152,42856546.526193835,42785381.20938102,42759016.21591442,42880627.36485436,42610768.78126895,42602593.740064934,42611398.05788756,42729830.78312608,43012231.337720074,42351775.20170696,42906641.99415053,42441187.30947445,42083054.217173114,42068974.04307214,42340605.88762588,43260121.546406135,42609650.28015644,42004588.721676245,42170844.991180986,42393162.12342314,42337384.76064525,42344092.49049149,42491848.285533264,42694427.50302118,42915689.55740931,40890540.29977961,41191847.55010669
498,io.reactivex.rxjava3.xmapz.ObservableFlatMapMaybePerf.observablePlain,4532437.592393104,4528076.471528957,4534190.583880888,4537385.978574469,4537698.721013925,4509991.693887427,4706949.196106394,4667725.743114905,4630130.653907252,4520243.12589541,4510561.8581630355,4547071.666539582,4545856.219781501,4538007.95299331,4544122.068011145,4519600.854377781,4565089.145168751,4525479.908835103,4517710.902133222,4805847.115407024,4974155.682977713,4534142.598157045,4528019.2183109345,4513362.865496882,4794231.823827604,4539623.386341654,4520582.475742322,4492154.197795083,4515323.324718157,4543752.885297857
499,io.reactivex.rxjava3.xmapz.ObservableFlatMapMaybePerf.observablePlain,607016.3912822597,556049.1120661796,542637.8452323384,545930.0852495403,572658.273815181,548220.5083835821,552255.3318295748,547700.5322531172,548535.1107268996,548166.6942335133,549721.4861967048,549039.9066899187,592250.5193326086,566267.8182149588,549201.3692047896,546575.935195421,572598.6249985165,548783.0723545923,548200.6737334481,547538.2026821756,552323.4406068193,550609.4979538912,549352.1560980927,547348.7896683353,551514.9200659099,604417.2524628391,590869.191110368,546549.1977909829,548265.4808744814,548724.6370524303
500,io.reactivex.rxjava3.xmapz.ObservableFlatMapMaybePerf.observablePlain,55136.15141700654,54747.27135490697,54805.49862042645,55141.204878075194,58704.48504425719,60187.43995587121,55153.488384139644,55200.78511490397,54727.85116468968,55232.12314363595,59814.246605175016,55232.901922987556,55362.48360903252,55572.11877263531,55894.820884513,55801.24164707446,55520.92034018307,60464.20628636408,60462.242257229416,55808.70291378807,55860.13949098548,55723.099561924246,55540.82712658998,55776.124152525896,55464.15964558094,55891.95856688818,56358.442067950295,56124.666670611026,56317.68953357384,55426.937704308715
501,io.reactivex.rxjava3.xmapz.ObservableFlatMapMaybePerf.observablePlain,5644.297967863055,5573.393915705243,5488.398647137031,5518.894037234485,5539.102333075902,5497.267291231821,5525.288420055527,5516.89176410048,5536.945876244081,5543.58565577733,6125.621620352511,5885.453159005184,5494.739857036208,5540.3031074333285,5515.196695055775,5550.954105880232,5545.5641630212995,5514.293348821642,5562.051325401837,5548.741428920351,5570.053575486828,5585.382643394134,5562.525458404903,5826.113824785795,6190.575883646211,5746.368060411661,5600.796573642611,5571.211873187537,5563.161854035071,5566.794827887326
502,io.reactivex.rxjava3.xmapz.ObservableFlatMapMaybePerf.observablePlain,555.6332031859824,554.8504883228651,556.8368445771915,572.9299329609186,612.8059929762957,580.2383872162774,562.307948489324,566.7484379376011,562.5241130382313,564.7346407927804,564.5448774688616,563.0889136913138,567.5576529435452,568.1390188371544,565.8419461983781,565.6249420196959,589.5319022371133,622.6642158683087,571.1299224000583,566.9411736168844,563.5929050092608,564.1984511592165,566.4873227415584,567.9683227027379,567.4661051895935,569.7379541556277,564.7869358228216,570.5807868783303,568.4709246788723,565.4094146003957
503,io.reactivex.rxjava3.xmapz.ObservableFlatMapMaybePerf.observablePlain,56.20095267063097,56.012325423768985,56.12775034408157,55.85984747510542,56.06478814656374,55.91949471655838,55.69019023683461,55.700049994972375,55.551177428384484,60.86130196173337,61.34849189921365,55.93685243978591,55.98955548436172,56.3956245033246,56.15847447005602,56.31100957057177,56.04229253433101,56.3064988114355,56.364353706563215,56.6301111417395,56.64121185100975,56.44726532973887,62.19726622183807,58.77923629774134,56.24328573575232,55.987840289746856,55.99303631405273,56.25376689286556,56.23271594987261,56.23412640098176
504,io.reactivex.rxjava3.core.BinaryFlatMapPerf.maybeFlatMapObservable,24803671.50696982,25282341.435303736,24886790.0188573,25521139.290091645,25378474.051657025,24832540.77808969,24835375.08490837,25302557.810912993,25092508.720934432,25227011.199095394,24873297.600996852,25158707.779827714,24939638.742107555,25165038.452645235,25150142.503084335,24747723.514202006,24216874.1713166,25240315.022591084,24991134.788625,24808009.654575996,24703162.01440149,25654444.77776635,25161291.570996348,24951528.594304416,24669478.02020732,24593006.991127376,24372820.845192526,25105482.97097137,24407892.621590666,24336536.541339118
505,io.reactivex.rxjava3.core.BinaryFlatMapPerf.maybeFlatMapObservable,1157994.2712995836,1146694.4865421208,1126933.4200537794,1123850.8303776314,1171427.5357777472,1149509.4128504118,1136688.974890811,1111102.2362166287,1128962.8720441884,1146856.7611472956,1142540.7004474339,1146569.5117667331,1150856.2777466387,1147575.8546265978,1155082.4406845204,1132110.2605917794,1144700.0919545605,1127589.7382395272,1144021.680493607,1146313.2565117255,1164166.454182924,1157394.8002826497,1133427.4086035397,1143587.4280144682,1131170.420213494,1116340.662146514,1144115.6359867698,1141668.6020008624,1163377.3855989105,1152186.067065645
506,io.reactivex.rxjava3.core.BinaryFlatMapPerf.maybeFlatMapObservable,1235.5456651480117,1240.4720451737976,1237.1841747742862,1229.5978673950556,1209.5903468276495,1210.3260323695272,1213.7993007132256,1235.2961628347093,1223.6854700052172,1203.5531808815977,1225.8282491640477,1236.0850449054208,1226.6295370271157,1250.2193630297243,1216.7843310612411,1202.0349294284194,1231.0886361624466,1224.789611764439,1222.6881986144067,1209.6790370707731,1211.4383795900987,1214.2926890801232,1200.15422491431,1224.967341506404,1214.0415712114814,1209.8947996471707,1231.1757463054846,1237.5730125592067,1229.5763211982758,1218.9248874105879
507,io.reactivex.rxjava3.core.BlockingGetPerf.flowableBlockingFirst,26414349.79782025,26460401.162851322,26691101.026417702,26961902.667187788,27002054.67611934,27086231.843879037,27227457.024603203,27078144.98473419,25718144.48367579,25321098.393089093,25047111.930092454,26113597.900567804,27147434.4398037,25684581.71988891,26459730.090133663,25090953.67474191,25553958.081076212,26313671.381447602,26754521.658651713,26138851.376543578,26273522.92344672,26435394.98172201,27228896.692813274,25897936.10327031,27170373.92292737,27890630.17639771,27290684.215097636,26667733.194848668,26179810.355912913,26905171.91958267
508,io.reactivex.rxjava3.xmapz.ObservableFlatMapMaybeEmptyPerf.observableDedicated,6305663.14178712,6190213.5856067855,6317176.277855995,6236757.824009524,6222422.10083418,6283403.795288655,6445121.922952654,6505950.928962197,6317342.938430933,6306833.01852257,6342116.828054214,6330631.846996578,6337490.244954396,6341377.359172451,6507326.913323534,6367145.090468203,6338116.832854343,6349333.230805891,6359040.973599851,6566191.312675695,6523648.9422560455,6332662.520139401,6329817.271326888,6349383.814134925,6374774.376831024,6351570.560983894,6381410.651303832,6402873.198095287,6470652.0622934075,6446918.549294556
509,io.reactivex.rxjava3.xmapz.ObservableFlatMapMaybeEmptyPerf.observableDedicated,995764.7600336517,972181.9554671306,974373.23201857,973632.2729797857,974972.7683664588,968337.6199610342,977372.0409730747,973005.2474000746,1002156.551350478,985940.4174897852,972689.1825997834,969243.7523763925,972785.7254134734,975073.359565071,976695.5704138769,970052.724107415,971653.0836464391,970403.0232726365,969820.4177673662,974574.3013557597,993689.2157725638,983936.5538256888,976781.4348131114,967945.4713535118,971470.2018231467,973853.5345023612,972758.3292281296,970129.3491866266,967327.5345686665,964981.9841940083
510,io.reactivex.rxjava3.xmapz.ObservableFlatMapMaybeEmptyPerf.observableDedicated,99540.75470452291,91015.59674480652,96146.39485170867,93761.85288353293,98482.36269277318,99472.35537502302,99098.90247263026,99867.12597476726,100344.78137333141,99823.69101193977,100210.80678264187,100253.1244900498,101074.64479463044,103596.36054058955,102856.03630616987,100988.74916275866,99758.78477436672,99713.41871872963,100373.8747341223,100218.76882954955,101499.33123376191,101545.43025254777,101137.61219340436,101061.8579797507,101174.1293762377,101288.48439445793,104009.54131845277,101761.65986520675,100526.63147577266,98569.50679524869
511,io.reactivex.rxjava3.xmapz.ObservableFlatMapMaybeEmptyPerf.observableDedicated,10179.538225607472,10156.031998122164,10131.00835952404,10068.573977798951,10015.919692917842,10137.434987197867,10099.910825616565,10091.846523198075,10075.447986355724,10035.160706827995,10166.309433099137,10553.273575966672,10178.542372734923,10213.404936388191,10132.50829229525,10176.397571500323,10210.85140174752,10232.95425347302,10379.972735618247,10189.139730932517,10241.801012839029,10170.764536890174,10179.146397141429,10189.88301559348,10191.539709300569,10207.417891056557,10240.220125315696,10186.12730354327,10205.802451140384,10147.677932997762
512,io.reactivex.rxjava3.xmapz.ObservableFlatMapMaybeEmptyPerf.observableDedicated,1019.9087579426057,1022.7729178201481,1023.6498646583931,1002.9189601363452,1001.9442888917048,1007.8051459140632,1006.9046280074444,1005.9754311249816,1006.1675995572215,1002.3813783276024,1002.4158932614125,1000.4095752756351,1000.7511322076915,992.7335562698985,1010.8739743416188,1020.8610148771296,1024.2200564270308,1023.7275103536591,1018.8440272055632,1024.825250897518,1020.6696867932812,1020.7941374670911,1020.5355797710357,1026.437877455039,1043.1008929267364,1021.9795054307906,1021.1616885445679,1019.8492112147251,1024.2390866371027,1060.0585175081433
513,io.reactivex.rxjava3.xmapz.ObservableFlatMapMaybeEmptyPerf.observableDedicated,101.94005221543372,101.27629348163246,102.09399400718564,102.65092782112468,105.95580117327538,103.09032049672422,102.35871527894987,102.76277839460553,102.43990857061128,106.20538975360137,104.02559691485045,102.9448691106862,101.8812900603288,100.66331092064716,100.27246451031347,100.10971052912444,100.43464524670006,100.9796315212854,103.37286566503973,105.21861311945595,102.50497783578653,102.44801154805126,101.31330792235323,102.15022646491981,101.98153685464169,101.61730496158785,102.09077243434565,102.16956283039721,101.55718427170744,101.9868568527607
514,io.reactivex.rxjava3.xmapz.ObservableFlatMapMaybeEmptyPerf.observableDedicated,10.214518520673403,10.17590973981382,10.140245008894894,10.123057068887912,10.10776379505673,10.064539978863442,10.142430492561521,10.166273102662698,10.549336359471207,10.409586678948074,10.222989962985741,10.239872151584306,10.27107044974842,10.215506311868351,10.278520345586767,10.27939068971494,10.282126050196608,10.26452481070112,10.30585166932349,10.21752307808716,10.280945413907274,10.279074854519061,10.290795175786736,10.274524400998823,10.064863792449918,10.538919934311487,10.16580983876594,10.305309695588553,10.2755513138744,10.272528317879587
515,io.reactivex.rxjava3.core.JustAsyncPerf.observeOnSingle,249767.28491526833,318904.414052218,333487.0742467536,308113.7952360623,393219.8312512256,310041.44390261604,449206.7733585977,248989.13710192652,266519.70803884347,345563.01202477084,426256.82397382316,262943.9665841231,348495.6897382557,276204.1104997518,361525.4744446486,373779.13965767075,302870.54818436236,242797.4352429459,321764.59624100564,264957.28004218166,346682.99349413306,300464.5672153768,246519.93965265795,288359.1614737697,244227.77976267724,241312.2053744542,326485.629739812,252715.15033476384,306609.3402727347,246845.15267145046
516,io.reactivex.rxjava3.xmapz.FlowableSwitchMapCompletablePerf.flowableConvert,110428836.79038328,110105798.57861076,109496204.40682743,107816673.4811939,109928003.37502076,111181099.56285213,112109872.5006317,110359209.97664121,110924647.15992224,108688954.21829857,109596466.17051128,110440082.20959526,110706343.44000594,109769340.27295187,110215139.66743721,111138187.16501053,109917045.70918088,106686473.06677794,108398324.70282209,107217302.28261763,108699932.85522981,108876630.16551836,110986151.03736597,111121541.87153672,109555117.98801808,108062994.4449512,108741829.41260168,107915555.81812592,109670500.97787574,101018136.03753418
517,io.reactivex.rxjava3.xmapz.FlowableSwitchMapCompletablePerf.flowableConvert,1483259.2788830036,1497820.2102638574,1508453.8499034871,1463618.2928019227,1529270.705410203,1528116.5733740288,1582793.5696823548,1550234.561754271,1562440.2862412042,1568550.1487784856,1560476.6689821926,1578498.600844014,1593511.8432162774,1613848.8487707186,1550870.4856307944,1568717.4202774998,1568638.2930944995,1573537.7865009613,1582963.407623745,1557147.162570036,1561769.8538455649,1564744.067602854,1574385.3097111727,1572355.214749751,1553518.5275845479,1600717.3202884304,1560662.065079693,1553334.6154860302,1586603.1358770803,1549818.5752246275
518,io.reactivex.rxjava3.xmapz.FlowableSwitchMapCompletablePerf.flowableConvert,162875.45881093995,158213.18073381708,164133.49476643468,163021.95565827406,161167.71112319457,166000.8662356472,166932.18825586588,161913.8590930662,162518.97397971692,164968.1579086775,165314.1725975215,165650.82748482074,164286.90150592919,164997.41073171733,162714.52766074624,162145.08854874395,164617.81684832447,160119.21003383183,169582.61148386018,167339.58608373787,163862.3602530864,161452.6871999305,156101.57428805644,149351.54018927063,148489.6401956742,157841.5626842894,158704.6308657541,153974.2969108157,156924.97038027935,148108.36001785347
519,io.reactivex.rxjava3.xmapz.FlowableSwitchMapCompletablePerf.flowableConvert,16703.084156247278,16526.669470894238,16775.28475218402,16727.010807147803,17199.210284197175,16243.407691230845,16558.596386618,17186.709621841594,16767.63801506695,16499.82922161792,16408.762040947822,16314.645248173238,16410.653046419255,16655.204380886724,16805.513031401468,16246.029494690047,16490.3757144825,16570.4556998106,16551.957723222167,16354.154973298377,16868.475781396868,16376.883653348887,16427.13366582473,16845.58987251736,16953.676053529627,16636.104079250916,16453.193347642227,16604.971355234487,16556.75692525635,16543.247824096878
520,io.reactivex.rxjava3.xmapz.FlowableSwitchMapCompletablePerf.flowableConvert,1670.2665675772446,1684.166541346185,1703.257984175484,1675.7361989046237,1710.582410911266,1706.5914385964172,1675.5556577195737,1732.7209037131554,1698.4788268674122,1711.6827977906446,1718.8928425013057,1701.3630386015193,1704.6754638851855,1704.1517141763243,1716.0898733427568,1715.3946252289943,1638.6181544500866,1557.4762643416373,1538.2765562269892,1603.403339945736,1618.182418187758,1584.0475423097125,1617.108171311954,1568.2151820075187,1545.727993607781,1607.1180714586342,1636.1511647757143,1672.2081692988409,1663.7768975007066,1669.0309589561991
521,io.reactivex.rxjava3.xmapz.FlowableSwitchMapCompletablePerf.flowableConvert,167.95383117134932,170.12932845524728,168.9358569134244,167.63072660761753,164.66566250950936,167.2275620111827,170.8110500121539,164.59708395037745,167.76288477746994,167.30409177081154,171.1687976430622,168.98982562956832,168.9138385711694,167.4937095618778,170.80275219928322,168.72974741958527,168.95628019711108,168.7009470365064,169.42803957174448,165.7985790987861,168.00287788929825,169.03560639493875,169.2313100970993,170.9671117405829,170.56745985479628,167.4262872061086,166.2206637797462,169.7183723877904,168.35401554112775,170.76598280945586
522,io.reactivex.rxjava3.xmapz.FlowableSwitchMapCompletablePerf.flowableConvert,16.70300840095002,16.85114448834922,17.513881210349304,17.10894880316449,17.138205311628358,16.412464019848162,16.264898432889762,16.50690223445459,16.578635283567532,16.40570043391543,15.681179479359203,16.1855323273342,15.71298316129355,15.063934690552172,14.956848102238169,15.505369127024432,15.538387193703342,15.691614396951076,15.942340666931601,15.274530769207145,16.08901110244736,16.34717031006004,16.7136222775832,16.533632006198534,16.87985248470525,16.884716306894994,17.075981063351737,16.986976475836435,16.89939867396562,16.69766670341463
523,io.reactivex.rxjava3.xmapz.FlowableSwitchMapCompletablePerf.flowableDedicated,18854298.902504377,18971325.74695679,18995533.15454144,18855400.615538202,19110508.714215655,18549716.678402275,18758734.629041795,18710881.231143355,19420647.490673255,18787384.26803366,19010961.6190365,18976854.474476155,19026404.82162258,18952134.432865206,18950581.04193465,19236923.33154401,19058812.754470106,19175803.587503295,18980943.34349645,18817045.624463834,18895121.127281886,18715194.466020003,18817692.906681385,19052270.660995837,18921988.127920985,19100096.215348344,18849967.71092836,18859280.412479997,19095996.8301875,19001129.807987396
524,io.reactivex.rxjava3.xmapz.FlowableSwitchMapCompletablePerf.flowableDedicated,3991706.30964433,3912072.695457248,3837649.690036779,3707019.397618581,3781543.707851287,4001273.982822683,4007416.1566071236,3995829.0433338745,4013220.508737647,4018836.1859364817,4021646.47103272,3996660.886554965,3983941.699579203,3967169.2255819356,4049864.7820198038,4028334.003308383,3993360.382257507,3969604.301730548,3979154.1107583195,3882346.115880956,3950092.7264026646,3973117.5290824766,3940887.2039228654,4003987.202948253,3953094.565859248,4000909.453409136,4119406.2379705026,4063291.7195890956,3974624.0620327736,3896249.487227965
525,io.reactivex.rxjava3.xmapz.FlowableSwitchMapCompletablePerf.flowableDedicated,455325.2180734142,450277.04339486983,452605.94063253666,452887.9771969084,451408.3605870083,455620.549639089,450016.956833167,454144.3636564084,455077.15811671905,463157.7515455755,460359.2915961015,449518.59168177587,448903.63802257745,454978.5978926715,446687.3050619733,450277.567754808,446750.10768539243,453645.9586252571,455607.9373639007,457943.72315715643,443840.61995358765,447424.3392994875,459509.668321292,413700.18095209374,430653.493459661,405147.4277879501,398750.20512261544,408614.81958131737,419716.23220489564,396538.6758298731
526,io.reactivex.rxjava3.xmapz.FlowableSwitchMapCompletablePerf.flowableDedicated,47588.70444270057,46685.51650973647,46089.747916647546,45695.79170517006,45290.03921247622,45958.12622402467,46218.02510378732,46910.39398926779,46534.59772522065,46490.33089010549,46628.29761991238,47096.078121190534,47503.92787700145,46771.234120542314,44963.039971161576,46909.98167233437,46677.02020266893,45703.857357862194,46829.6597819667,45773.013911961294,46430.18329948727,45991.580985869514,46482.052355524254,46077.595118155594,47481.387816958064,47587.77543326473,45517.37873329767,45554.15519337713,46476.906122425375,46374.01484903395
527,io.reactivex.rxjava3.xmapz.FlowableSwitchMapCompletablePerf.flowableDedicated,4579.904770732936,4524.73255210831,4534.790714873718,4609.287173738581,4596.755189501173,4642.685901683586,4715.843510116796,4619.385991214048,4647.998700232004,4592.134355121253,4580.32800175755,4615.997100773903,4572.061876911724,4552.425215344736,4545.229860797616,4512.564226185242,4533.93761227263,4478.925232622255,4585.857694949192,4698.783837148356,4635.768726134022,4644.64282232232,4702.324779077998,4649.921897008491,4621.183617081023,4563.754698184973,4674.965570368245,4678.835891593664,4661.755071388549,4683.602039018347
528,io.reactivex.rxjava3.xmapz.FlowableSwitchMapCompletablePerf.flowableDedicated,472.8305143749528,469.44552662181434,466.1609131532896,465.2013335118016,462.34317171076594,474.15164881823773,470.23159924598815,471.5572831602778,464.4498127518142,448.8197082255664,471.9255084461938,467.9807841821489,469.8226569813146,465.67078379463914,462.9259489764239,463.4854046693016,463.12444887254856,465.32980502567335,468.51711253059386,462.1051693836917,455.3621391887536,462.7863144355315,474.34065605259246,467.7864040500467,466.9004059413091,448.865376745072,458.98125942499934,472.06550573376654,468.0212636370145,466.66861861392226
529,io.reactivex.rxjava3.xmapz.FlowableSwitchMapCompletablePerf.flowableDedicated,47.87064518721189,47.092560639854156,47.37249955993168,46.839137212847724,47.63776566921932,46.853802174781634,46.05576268100472,46.64585279091888,47.398210609718554,46.89713741330034,47.00636543944413,46.779601788878644,47.52327784205191,46.09586826452077,46.83787635836855,46.62356067178262,47.46195865922004,46.71937474955806,45.38414348135397,44.414343801832004,45.645219654585894,46.8960995810537,47.12697338359263,46.191509682683424,46.78283077794778,46.208710443971114,46.02634070047036,45.90902002910243,46.7753111444434,46.97141427761317
530,io.reactivex.rxjava3.xmapz.FlowableFlatMapSinglePerf.flowablePlain,43652646.43696551,43813983.52415338,43489044.00529755,42985335.030061804,43191170.79314454,43086719.05473583,43512881.8195761,43335077.810894564,43158468.44426268,42987341.5042625,42823922.68644686,42781474.94553838,43109717.22939084,43137521.73594163,43226819.005065165,43206728.574969515,42855963.13024937,42707994.79979688,42794370.934207015,43106438.31152234,42929540.18092539,42806419.52614764,42798216.45759772,42466116.51002878,42677860.91660986,42934785.203120634,43107555.74551672,43138102.71414108,42810013.35628068,42842285.05294688
531,io.reactivex.rxjava3.xmapz.FlowableFlatMapSinglePerf.flowablePlain,4031997.760761891,4001130.889701462,4010184.860528675,3993477.0712307333,4011527.981079451,4014905.596707554,4009721.3893980915,4060180.1890186076,4043985.6858286588,4011945.3270192626,4009218.3625242105,3974600.1719196923,4001759.2471372634,4012221.454145512,4000624.875994814,4009006.575553535,4014167.340416269,4007977.982600153,4004455.676441059,4004762.1238371227,4049210.3197625484,4019735.591575734,3988423.548053574,3979817.3767706575,4006520.064973373,4013573.6567016514,4015403.5693212138,4005933.011665984,3993473.6512494017,4012714.4617317207
532,io.reactivex.rxjava3.xmapz.FlowableFlatMapSinglePerf.flowablePlain,529112.280381163,508029.79187238746,513858.58945955685,529078.9250133176,530147.2242172033,531663.6812903231,531170.137470439,530639.4209471847,528922.7214827524,531597.9508299769,531059.9637513336,529435.8385617724,528473.5879304353,531831.5047815158,530346.6762427246,530145.1221362602,528588.6388456968,532229.5021859477,529758.2965022153,530920.3777613173,531026.9660980956,530463.1023615763,532069.5018302933,530117.4732839916,530804.2271490453,533275.5867195192,529666.9803910628,532058.911574286,529545.6331488645,531516.7726196701
533,io.reactivex.rxjava3.xmapz.FlowableFlatMapSinglePerf.flowablePlain,54483.40936532895,54755.48228816891,54661.133679472114,54495.22214787265,54723.33662945981,54591.468233493695,54294.2998738033,54906.06548139496,54734.39392605606,54480.14235309315,54518.97319220303,54731.45026728052,54617.59082044916,54625.128219079,54829.26409575015,54647.96021628496,54556.000826915384,54641.186513660796,54689.42505780001,54737.47156558147,54480.70924303662,54220.22761132178,54734.463877271286,54706.36573439567,54522.10770561711,54401.2330583485,54637.09546012645,54703.2089409176,54067.48928899247,54676.85209512561
534,io.reactivex.rxjava3.xmapz.FlowableFlatMapSinglePerf.flowablePlain,5470.120453862103,5495.301349367647,5398.87320657193,5424.226635463222,5442.821569259218,5456.180487147011,5463.5690719165905,5417.3935552958455,5448.758630890169,5463.950092279857,5434.641654795517,5451.673117679864,5419.554572229263,5429.366531105148,5428.847092029607,5434.695385323653,5425.30383586239,5445.314522026709,5442.898961411995,5460.013817764249,5443.556353233525,5456.835544035916,5437.207358777042,5455.221054440857,5449.960240235487,5429.14407914849,5465.117254090686,5462.818678122436,5455.234237859563,5467.994258606029
535,io.reactivex.rxjava3.xmapz.FlowableFlatMapSinglePerf.flowablePlain,544.4113742559838,544.8448287376203,544.7531745156397,545.8164304722872,543.5321541547792,541.2355745703086,545.1442053692011,542.5786952392484,545.6124372998626,544.7708519470038,544.2743793844229,544.6379916536216,544.0952995556156,544.8660245278269,544.1543042205585,543.3270780040234,548.4968835546032,544.9793932391829,544.2639075569051,545.6943500462069,544.999021726756,543.5764305687372,539.5155037478089,547.3162771816889,546.7932514568984,546.1823050093475,548.515284174074,548.9159884079742,549.8413234918188,547.8987192780453
536,io.reactivex.rxjava3.xmapz.FlowableFlatMapSinglePerf.flowablePlain,54.969821183381576,54.90333274519885,54.733141671405214,54.41780184155402,53.32663872027546,53.409065911804824,53.36087091565987,53.65268577694524,53.349714778198205,54.13977463671099,54.796368748258004,54.49275209193489,54.46235142463822,54.40015435875653,54.81039423877861,54.584927694561834,54.586450864790315,54.36047257820208,54.45777590601451,54.29380396660976,54.37562922736656,54.55157627826055,54.94683558481472,54.660532077386165,54.35899841884993,54.82542318789698,54.54615801959101,54.39960822470367,54.530870593102314,54.74807857785866
537,io.reactivex.rxjava3.core.BlockingPerf.observableBlockingLast,22780451.87207739,22762442.9175576,22830459.180394094,22860985.943304893,22844795.591144376,22823742.36719502,22724873.907843348,23352943.294243753,23140541.155901138,22664714.1562384,22769064.28918617,22867891.164123215,22707230.783741076,22881393.062779274,22759635.65145395,22944309.839701265,22828436.35955023,22858854.925211295,22888432.011517465,23413699.04180049,22815747.170698177,22898952.399746764,22748763.96220217,22420823.009646136,22390456.674594782,22622772.075844496,22620226.645584203,22570471.12763617,22173319.556953248,22278944.635406256
538,io.reactivex.rxjava3.core.BlockingPerf.observableBlockingLast,706476.0443728453,705590.7791794502,703071.8353758889,699644.4811857628,697477.134368145,701527.878510597,702735.9699636513,702214.1581494053,703736.2480413484,701637.4914692737,706056.6473307878,706940.5715524238,702655.6567367733,706190.5035268257,702523.4600687255,706383.9860992556,705098.168676329,706976.4425753588,708364.0966438124,705798.326096957,705574.9942410067,709408.1995294574,701675.9006669201,702958.1480147246,700227.5580069545,704750.6639709609,704331.0906839701,706887.1854438893,705917.5352594212,706199.0399238572
539,io.reactivex.rxjava3.core.BlockingPerf.observableBlockingLast,711.2147385613628,709.2316276745885,705.4326156092371,712.1523962180213,712.2664076238655,623.3716457446909,542.7699019271663,534.5492648525807,535.9641155945686,531.6434899768478,536.954406939816,534.315564737141,535.1981538163948,534.103479003009,533.3935262267449,574.3440996125865,538.6297442978804,533.4794851333144,531.3862271208401,536.3447904770575,532.6165767830059,531.0962436130723,532.4758573897784,532.41923443698,534.1182076932548,533.4673872275268,534.821554114362,529.6975548792077,520.3848494267986,499.53792991252055
540,io.reactivex.rxjava3.core.XMapYPerf.flowFlatMapMaybe1,5582719.708972715,5608765.188074745,5582386.789523772,5604253.4770803545,5559843.441953297,5764705.45201848,5676465.022683328,5584030.337296861,5613406.890259201,5702662.095755884,5553451.891964197,5600196.197671542,5602154.504091507,5599801.570904605,5590148.68892185,5578930.545284014,5578305.965202502,5720067.416633848,5538698.807104448,5540217.0431104675,5562111.705832423,5550467.353739257,5662582.384657879,5547803.5535531845,5558524.009426159,5529255.502983361,5532255.737600927,5543240.167388489,5553240.97976958,5527425.8485295335
541,io.reactivex.rxjava3.core.XMapYPerf.flowFlatMapMaybe1,906879.8086538041,910139.6745691784,907839.9461301754,907865.770865402,908871.7175443538,905349.9571128574,907791.3969225463,905091.502022255,909566.5340283179,905298.3952016517,899089.0656341427,900903.0098045934,901489.1888678687,905240.4464471857,900903.6077583956,937510.9803202522,902224.666459708,907875.6446202622,904552.2024167503,903501.5740314058,908352.502718861,906377.9283661296,908599.9801738515,945316.3270515288,905665.5626213138,905722.1555580937,902137.6040060176,901755.1690465349,908580.3538961936,909871.986559647
542,io.reactivex.rxjava3.core.XMapYPerf.flowFlatMapMaybe1,99303.0388017822,98970.59798574279,100756.52378217592,102036.22736959369,98608.20090760903,98571.47271842025,98913.82455072424,101804.16609975188,103497.30897547,98853.46055023807,98804.90275387184,98310.32936189207,98802.63142308425,98425.36022851882,98817.90640662203,100992.97276805763,102136.37376742132,99122.30623375154,99415.89658436473,97893.6192605381,101788.04468878717,101670.3218125403,98624.00547932163,98387.69159048793,98942.55954442089,99149.42356005673,99108.98480735521,99407.0245790128,99181.83723736143,98663.42176746011
543,io.reactivex.rxjava3.core.XMapYPerf.flowFlatMapMaybe1,9817.006803604672,9854.04849307751,9939.067855148027,9953.169925452548,9973.017986837891,9949.10029089937,9888.690895544485,9929.048300720377,9762.41228031638,9970.450219404453,9782.839050924149,9814.238140321642,9784.906791073674,9851.794229052512,9887.50787895785,9866.332252949613,9838.584988808003,9871.595390435086,9835.556592727791,9781.943726152562,9859.24783798244,10052.69751796949,10213.929978324526,10066.041018338225,9842.438270792258,9861.081726208573,9864.285648161931,9892.737894392172,9884.395915143647,9864.645179766365
544,io.reactivex.rxjava3.core.XMapYPerf.flowFlatMapMaybe1,1014.6752440560626,1011.6149490019613,1048.184985860614,1028.9271385825355,1006.550231081643,1005.4593393767336,999.3642714079365,1002.6750049559936,1003.962995931896,1014.7968295563481,1006.1778500663551,1014.9990120343278,1007.0145416116661,1008.6057471081186,1014.6432473756497,1048.4449039909168,1022.6003227994357,1005.1594143314177,1004.3562227265757,1008.0592851234785,1002.4556495405534,1011.9856210329733,1013.1639411684037,1010.3083055526114,1009.8109401663493,1001.3270141217708,1005.4750213818361,1025.6528544579216,1046.6829377578115,1014.9138673048235
545,io.reactivex.rxjava3.core.XMapYPerf.flowFlatMapMaybe1,101.34564844320087,100.11078080588726,100.45635781699283,100.46312985627829,100.49140156068161,100.43948280205862,100.41347275560432,102.2487874631479,104.9801195037625,101.99031515612394,101.30358506018189,100.92583132230037,102.06078531693852,101.25477096101321,100.79857340437745,100.54563187645513,100.8887230677841,100.63829800653896,100.55967632847023,100.65497076436013,103.4689352395207,103.51022738524601,100.59610432741503,100.88434366631235,100.92607407296732,100.49713984841485,100.23288475634064,100.1982062384183,100.98396849204998,100.23312627395745
546,io.reactivex.rxjava3.core.XMapYPerf.flowFlatMapMaybe1,9.984730591140503,10.019661746202674,9.976210071034746,9.962195291948793,10.395788811871382,10.16056087773945,10.041776959877275,10.038961162640566,10.036716462150443,10.047201781370337,10.060919783920712,10.063906584476937,10.346597879373714,10.114718665596724,10.10010613687352,10.23761351118015,10.500914318905576,10.184888729479537,9.999483372146358,10.073857908756207,10.094026508449739,10.02780422038847,10.071282624875169,10.097364887380747,10.47244970718131,10.187826492401413,10.03089756278981,10.031916460138614,10.03215847616153,10.039079526435737
547,io.reactivex.rxjava3.core.JustAsyncPerf.observeOnCompletable,214399.81156383903,226629.7724404831,225242.74981674453,213713.94288696945,204518.40192230258,217161.80046492032,209497.84355366422,198649.8255532348,229621.0291652146,211011.6685948838,243385.67785724756,243856.89072584693,313820.4757386338,295807.1315582453,252149.27825261545,305198.7422702723,233645.172191144,328725.4690912444,262765.903129777,290280.07737098174,218639.46804110645,215873.40829823274,229787.1144004611,255458.58964252996,241735.03358620888,251305.95440640743,262160.1542317092,200959.088670172,230770.58377851648,258630.38964347733
548,io.reactivex.rxjava3.core.OperatorMergePerf.mergeNSyncStreamsOf1,8827115.286616314,8848154.746875333,8825734.669074945,8776482.788420925,8779977.155641658,8816287.908256944,8810456.293175831,8827667.522609847,8817992.312910577,8897403.618024612,8960236.690410474,8809770.21847267,8766947.853885163,8794260.806745566,8900029.585683642,8832999.07103281,8815725.675243817,8800414.15092458,8753617.252717858,8727222.2581773,8783490.592792697,8784521.797517892,9061701.79825389,8887098.199549584,8810181.023031268,8763484.303335035,8795087.743853822,8840775.991412563,8848070.61642761,8846539.028034756
549,io.reactivex.rxjava3.core.OperatorMergePerf.mergeNSyncStreamsOf1,522307.43019841413,521710.7838160108,524531.9562620975,523680.80244847847,520258.33242031914,523398.0030558953,520982.97088248766,524050.76590674015,522169.14679120545,521435.8567049092,521394.82437265647,521379.2203349707,519532.29838082235,522155.8623872551,518905.56767944613,523626.87616548047,520667.61470574915,522940.65234682354,521424.26138323976,522075.6758815951,518838.1421446718,520396.3123428067,519482.2542891626,521280.9285007193,519988.76595072704,518594.48856238177,518640.4173982283,520259.33485844097,520320.83021610207,519749.66479436494
550,io.reactivex.rxjava3.core.OperatorMergePerf.mergeNSyncStreamsOf1,54322.00992704707,54268.437335852126,54416.073587268744,54556.53006221449,54498.013019589715,54610.187706310775,54752.65872156041,54433.798540511605,54545.085928784254,54782.58759397271,55050.42551180052,54908.75906372509,54941.912429347205,55112.8419464479,54834.58680302891,54748.562118790316,54882.29674148722,55075.64495693616,54697.158701394095,54628.50470856912,54640.09451012221,54989.42660481375,54932.939453888364,54855.56891654353,54970.0548965768,54998.548714683784,55023.20376751301,55019.66706317605,54692.44739080347,54900.446615133216
551,io.reactivex.rxjava3.core.XMapYPerf.obsFlatMapMaybe0,7609926.762262347,7675339.8963704,7443955.479024404,7537659.380594585,7454259.813561223,7471768.693964863,7354100.480348978,7479593.574905047,7398408.718782926,7499760.664975796,7511555.78976534,7404449.26531446,7391612.156412557,7765576.769518172,7652108.67171134,7445603.954747982,7330366.571648361,7424864.290787786,7421099.678968548,7564557.713842281,7533042.883004193,7435184.20341433,7395679.512649325,7507629.59973144,7323577.69075456,7521347.641320794,7431506.861508211,7478437.143421614,7463209.628412356,7436694.600274927
552,io.reactivex.rxjava3.core.XMapYPerf.obsFlatMapMaybe0,1130387.121154346,1115510.0213223216,1113805.5200495364,1099826.5964534248,1114351.8584589798,1130352.3142786315,1171338.7797772898,1139888.7822159396,1118547.245843671,1090407.6257012086,1105306.8822953426,1163748.436974347,1129050.3471845943,1112793.540412763,1110671.1405717193,1125967.764705657,1125465.9980550308,1121515.5317740664,1118474.8200954276,1150117.896866511,1149307.073054286,1098848.6518524888,1123593.6370958851,1103252.4757061412,1104065.0454452941,1097896.09034508,1094845.8060207693,1093794.062277861,1115883.7988780474,1095977.2222923515
553,io.reactivex.rxjava3.core.XMapYPerf.obsFlatMapMaybe0,115701.20347990518,114352.39229637544,115919.4255507447,117206.527287803,121339.39521199577,115348.55550480784,114614.03321575021,114575.67856565406,116344.16871391989,116319.6049804014,116158.37281635571,115861.24818419514,116977.97521107481,117570.14108986888,117093.29287220647,114628.07809958256,117622.27586276637,122635.50574424397,117190.36541387631,117358.27269141772,116931.9519286504,113939.1528787068,115163.3452442782,117574.46671044767,116084.56417663368,115630.87285988954,115466.24232895108,115306.27896366295,117344.61383902824,117992.3525024071
554,io.reactivex.rxjava3.core.XMapYPerf.obsFlatMapMaybe0,11796.61462917118,11762.393189897726,11971.965538373726,11526.174631841615,11864.71700277005,11772.150539360813,11708.967206203331,11766.210216671627,11792.410957280274,11812.119404281764,11825.28719533844,11399.915811006795,11463.080225368876,11515.89384081712,11624.786930234257,11912.730073875899,11719.650622866584,12147.910405324104,12101.361592669178,11792.874570601103,11731.268473291811,11841.341809541043,11723.631148827062,11729.362825823213,11530.444370097808,11954.326848505629,11988.051433442277,11762.035595415426,11715.16368960969,11975.779368687847
555,io.reactivex.rxjava3.core.XMapYPerf.obsFlatMapMaybe0,1163.140123074934,1166.3131127217068,1189.4481828728644,1185.6363179158425,1188.2378012976442,1173.3278403733966,1185.591006670429,1199.266752530305,1203.7188052684953,1201.8015597282592,1222.1114736299892,1228.1877368120715,1197.7665996071007,1164.310406889449,1193.7993975306372,1169.601005821677,1160.404757615129,1159.8910201194226,1199.9046639747332,1185.5589969498735,1194.8330029705069,1180.2634742828259,1197.2676409621645,1221.86812743861,1228.4075476386267,1179.9239291243655,1199.0929521318246,1185.3198646469855,1203.3474740020952,1195.0270794585026
556,io.reactivex.rxjava3.core.XMapYPerf.obsFlatMapMaybe0,116.52206088027707,117.01624362076652,118.28285060365862,119.99981256029278,120.92812842265018,119.30994599157899,118.52766901688275,117.82726181718542,119.55228232166264,122.508400129586,119.1477494924286,117.7387417352068,116.11383085430305,116.56867956599069,118.22340699075471,118.55228445251026,118.6682052408333,117.82936728703316,117.97597537237517,119.40074865702216,117.73948972277887,120.19139376875466,117.56162410718186,116.29212737851232,118.1176888581221,118.82674063071421,118.74580797361935,117.73819135305958,114.83926315821387,117.84093465333595
557,io.reactivex.rxjava3.core.XMapYPerf.obsFlatMapMaybe0,11.693003627502977,11.989550315589643,12.10302554514194,11.876547986790317,11.814144416668428,11.824183356223934,11.884796189962529,11.73722064864674,11.90628733876822,11.928767602835023,11.61936941988135,11.569346431606174,11.933742465583213,12.108130012092893,11.815574095020589,11.60801327158087,11.729032421211574,11.785005716454515,11.935455728959868,11.564918703059554,11.841104783286113,12.078293568947617,12.093988074806786,11.821029041087511,11.4617918384804,11.464641812202174,11.884853678331462,11.695107495044516,11.65044971638815,11.63034844834094
558,io.reactivex.rxjava3.core.JustAsyncPerf.pipelineMaybe,139972.6367729665,154753.70966356882,162173.89294616113,155061.57838756836,142327.23727716634,155592.65056304616,158256.5493047938,140713.41747658845,143290.06177935778,155626.06411430048,151176.89014019293,147861.3592233794,157314.2927313775,156547.50432348787,156281.9960660643,161736.07446129157,145546.85118700692,147568.6597853397,160660.6453894929,158607.11599321087,162115.59351597543,148624.3660408912,146985.34850166133,153539.69123168095,147298.76204472617,150285.10025781917,145052.32770096677,141193.05923096233,142533.81404970962,155823.00692827077
559,io.reactivex.rxjava3.core.XMapYPerf.flowFlatMapIterable0,100778016.31219833,100488807.47119601,100429999.59635648,100664825.75777076,100355501.35859776,100806546.1054975,99861606.13441241,100771445.06698716,99947668.89861497,100319034.1375898,100385307.14928567,100538108.43118519,100335018.50488254,100560621.23272955,99143424.90465459,100055284.60286947,99354840.03605475,99762689.88667744,100218962.863339,100327333.06319484,100305284.02047783,100155451.19776762,100467633.46642485,100797571.72513238,100661852.65670133,100218788.15340929,100175252.79968712,100257744.58422972,100487836.80024335,100228629.87966079
560,io.reactivex.rxjava3.core.XMapYPerf.flowFlatMapIterable0,19555024.952922158,19194347.55054621,19288688.202936906,19277577.024459623,19252947.011210725,19199154.88832435,19242763.785001125,19252949.77300803,19321136.589454066,19700131.990823742,19489433.988386687,19062844.043374013,19252662.012149088,19111488.071225267,19243336.793357614,19272761.221505795,19235529.22605042,19261122.986062836,19289785.01973543,19310316.363956455,19382999.009033002,19190818.72101604,19843052.90106595,19584842.791293897,19276208.774826016,19266345.917520195,19158535.025632273,19433814.137156006,19341881.770803764,19339025.951200925
561,io.reactivex.rxjava3.core.XMapYPerf.flowFlatMapIterable0,4695069.237621136,4666433.319231083,4691417.2477114005,4703951.012075425,4698374.201764087,4690867.913060462,4722891.549880099,4690587.798500347,4422637.992349746,4441021.716826349,4573188.326185286,4620984.4835824445,4695006.910337469,4682205.768569983,4593644.236880507,4657909.863360472,4658604.095159725,4685210.718667711,4673519.787211723,4699781.3948432645,4700957.866577868,4690737.858417132,4698499.908869815,4665499.045623152,4684984.579598444,4700136.986106315,4699691.3133099815,4693053.546602183,4697426.213809297,4694003.311088354
562,io.reactivex.rxjava3.core.XMapYPerf.flowFlatMapIterable0,527988.7043157197,528237.8300202097,526140.823384194,527001.4855739039,524439.9325198848,524073.3135903536,527897.0744010594,525801.8986672712,527671.0084658564,526177.9126409908,527026.2706050922,525192.1097533043,527065.6534138244,525905.0510812859,526585.656069672,524813.1888963928,526408.921737577,527776.7601154301,528981.9993352321,528125.7293294952,526911.5093285373,525650.7151492999,528406.5633854393,525910.9524784186,525088.8168296267,527341.3658398171,526760.4429852829,524685.5317964607,525239.436674757,527601.1500456937
563,io.reactivex.rxjava3.core.XMapYPerf.flowFlatMapIterable0,53652.32883512343,53780.39794747023,53683.41229847698,52973.10049056261,53073.24211410261,53357.42987586177,53608.78183047422,53650.50480584064,53344.75829406119,53472.73196246955,53785.82082770252,53555.07303491713,53039.00417962054,53297.68428896859,53025.20212749667,53202.09859706045,53240.86180780132,53434.02235339868,53224.01418602818,53550.50197618381,53594.66351781736,53038.00677866725,53790.49553363042,52897.20843389387,53794.22278485294,53060.87460836382,52685.20831618174,53133.05681784606,53269.92856245895,52596.43655487519
564,io.reactivex.rxjava3.core.XMapYPerf.flowFlatMapIterable0,5337.737826331184,5342.4982539339835,5348.754991695603,5354.074162787622,5328.137566340962,5333.589980270267,5341.536600333775,5364.412834482916,5358.509326659467,5372.381123184134,5351.752488510399,5337.786787444562,5335.371263844155,5338.655768814682,5357.375876425148,5307.027156057958,5336.19856167422,5341.678682002242,5319.233019640891,5352.674600205704,5314.017972008782,5332.037951056567,5314.752430760633,5312.878574160188,5341.642478527269,5268.803708586512,5316.05273787869,5338.852994682791,5369.3672664194555,5370.328998872907
565,io.reactivex.rxjava3.core.XMapYPerf.flowFlatMapIterable0,531.7937315699547,533.8070789188363,532.3493142243674,536.931691550201,538.4034048783157,537.8105379524479,539.8816757527703,535.4253836200005,538.7716244063034,535.3119726218927,535.9330415976489,536.7486728014475,533.3976431093965,535.5191182907911,538.572034504222,537.7042701792612,535.9041728312394,537.7771817047499,539.4497623213317,534.9196133503449,524.017270064119,526.0853522153212,533.9189462986814,528.9614815538747,521.5978126178204,530.9396868443936,533.5838371556326,531.3602815416847,537.9709603275616,533.7505367416387
566,io.reactivex.rxjava3.xmapz.FlowableConcatMapCompletablePerf.flowablePlain,113003204.95198122,113146049.00082575,112469572.43513367,113143143.84419373,111731547.91049744,112428477.5632484,112816964.65178576,112415971.98391843,113360351.22491777,112498799.13843694,115057640.76492041,114578894.02746484,112192957.24216376,114546926.28123741,112578508.94967826,114800217.6791244,114792986.30397578,112307057.11854401,113870536.55929768,113315691.07659554,112877506.24153183,113977924.2719432,113389043.06702292,113645496.08019644,114003631.32154438,111751531.99839091,109828104.37060393,113931947.59068024,112637164.4957189,114598882.69232364
567,io.reactivex.rxjava3.xmapz.FlowableConcatMapCompletablePerf.flowablePlain,15817806.49686325,15827746.361528974,15824431.097014679,15653620.361369839,15530139.119133944,15349583.271121759,15363894.16043444,15637200.036363008,15456864.69908014,14572380.666905474,15169169.982230833,15172791.208107347,15608402.527173623,15696969.125284268,15652205.313188547,15598760.413325312,15488507.557337672,15799096.515220348,15605993.522072578,15719535.402716657,15716645.88269963,15497368.923768431,15388566.589994907,15937524.049668234,15531125.67303346,15738769.83550482,15875231.356076596,15777919.601442115,15367048.293181742,15441610.109395256
568,io.reactivex.rxjava3.xmapz.FlowableConcatMapCompletablePerf.flowablePlain,4452711.478910827,4411008.568371193,4374120.27448421,4394853.937029403,4375356.495158713,4415432.497846818,4386025.496429292,4344801.401474859,4368304.093323048,4369292.546469816,4401836.078301271,4318702.716813858,4257053.890940291,4358364.315886389,4377820.553023125,4375690.649413046,4380267.074884276,4338102.330275192,4342066.388218523,4333235.5083921235,4378424.110499223,4354281.05210157,4327601.695380428,4353139.572093764,4374939.08179279,4334653.51300333,4375162.7265461935,4382212.099821602,4371339.187523829,4389391.196285939
569,io.reactivex.rxjava3.xmapz.FlowableConcatMapCompletablePerf.flowablePlain,527037.9774279076,518962.59190588986,520016.8067841645,525238.2664877274,524403.3043194849,524066.8279827397,521993.2076885795,521257.3820610177,519788.3000262814,518374.7090932035,511393.66003693733,519795.5180646529,521108.13632189645,518240.94688293233,525009.6994988499,518936.35570894484,509485.37063706754,521147.2385363112,528911.8327882604,523617.86510198854,518523.4883820329,516794.86775457894,522550.35130756866,524153.41237644316,523044.2306404291,513860.8839146973,513325.67076346074,512090.83904562675,517547.4490810463,509883.29321400606
570,io.reactivex.rxjava3.xmapz.FlowableConcatMapCompletablePerf.flowablePlain,52707.24984111779,51707.93523921085,51916.355899994014,52003.62161436547,51486.50649938456,52337.7843502829,52289.12171947242,52273.07079008792,52575.365185573726,52178.64254254158,52266.7780517847,52412.97740880983,51318.97089774276,51520.57644098666,52101.272165511175,51140.64830152474,52590.16260295708,52419.00761371487,51641.7510108769,52060.21389353306,52645.2414274381,51836.83746037746,51415.50482087039,53172.31181927451,52000.57501058943,52604.68449975939,52653.794915214865,53271.1352381603,52579.22386955891,52367.41165213009
571,io.reactivex.rxjava3.xmapz.FlowableConcatMapCompletablePerf.flowablePlain,5663.028909465634,5629.119965901011,5617.63125868418,5663.237114074729,5615.479197997261,5512.290887875602,5676.328076016658,5579.514844445731,5590.115045657467,5657.237342176664,5528.803788282357,5481.302800209025,5708.591079761377,5527.301171586238,5504.126401569922,5537.715859799234,5547.6964744304905,5586.255826930015,5559.200475787572,5541.818334701947,5556.020001672006,5579.905442922364,5487.627894927701,5524.78584825095,5578.747455681429,5505.489151700151,5576.022778053049,5655.1455238597655,5573.3478012669475,5548.193704086791
572,io.reactivex.rxjava3.xmapz.FlowableConcatMapCompletablePerf.flowablePlain,571.3229052287118,567.688008888699,567.996116280137,568.7047108842629,554.8729562879283,569.1593340197136,573.4711827243897,560.7772816948021,563.3640982671682,574.3356194677765,573.0467594694792,575.8788823052313,576.2435598927368,571.4628403595588,571.9146017116724,573.5310935955604,575.5357774461982,565.367660017712,571.5372143152874,578.1176058015601,574.0524437779925,573.9288064272779,559.1756431365649,560.2852189333719,546.5694393775609,538.4502675839593,567.8873402378943,563.8755893093527,567.4368251928012,573.771505825692
573,io.reactivex.rxjava3.xmapz.FlowableSwitchMapMaybeEmptyPerf.flowableConvert,61971906.330617286,61978997.49242419,62099822.9190208,62214644.90631509,62170107.46165509,61982221.32021217,61917538.10021837,62093529.2692603,62201315.38787231,62247908.754597425,62620300.913618565,64530402.59270286,63320279.37267441,62256824.92920028,62147958.06579622,63321907.457956314,64824169.803244345,62203490.46469142,61629473.5345483,60874366.96103948,61018874.92615819,62133956.25885419,61781019.356649004,63161625.140179254,64186563.05474735,62188946.96416819,61984212.22489035,61885664.52420113,62038156.100961365,62051956.122762695
574,io.reactivex.rxjava3.xmapz.FlowableSwitchMapMaybeEmptyPerf.flowableConvert,1688943.081048044,1689789.681842658,1688113.6137474114,1691820.4247416626,1693863.6514979284,1695872.593026534,1691585.180841705,1692706.453909885,1697011.7397695733,1694318.7482808535,1694658.4683426656,1688369.1125766062,1690284.1622258648,1693426.410083279,1695710.130248573,1694921.3814735392,1692016.1737474527,1691291.7185916384,1686151.5137309146,1694738.9097765666,1695831.2932075376,1708003.3689366844,1689154.4644317736,1688082.4868290217,1691129.5846221354,1693702.3421974685,1695181.613431613,1695481.5250216795,1691180.5423329645,1691979.9637936759
575,io.reactivex.rxjava3.xmapz.FlowableSwitchMapMaybeEmptyPerf.flowableConvert,176568.4279465434,175609.85853066985,175932.3457103412,177098.32740914106,176653.09378046254,176534.8889618948,175542.4294468658,175855.6260279242,176832.50000317735,179729.58252933464,178216.15367740204,175867.56238491918,174490.05947833246,176480.28723091196,180841.86114218167,177195.5583181373,176427.0904094312,176703.35623579813,175758.58966634248,177189.41493258346,177367.97055197312,176662.72962202513,176812.00854827833,176833.43841843406,176789.7138661111,177384.33479502136,177242.70822826383,181250.88688665823,176454.865576875,176710.607617195
576,io.reactivex.rxjava3.xmapz.FlowableSwitchMapMaybeEmptyPerf.flowableConvert,18223.88785079613,18252.21345736548,18542.26774730439,18833.884978457816,17782.9121836959,17798.973461456553,17765.7187928784,17769.616617576707,17722.90656755641,17793.706326375246,17816.031880774164,17798.304675883013,17703.281937181346,17686.001466043228,17742.49506382619,18210.15690615556,18129.826433238744,17673.862629096813,17678.18835901606,17734.902528761715,17806.149549326536,17770.624553659545,17771.90798925111,17709.132571268394,17694.15048614101,17757.866479866858,17781.816033343053,17800.78511421674,17859.041738214364,17685.554347416535
577,io.reactivex.rxjava3.xmapz.FlowableSwitchMapMaybeEmptyPerf.flowableConvert,1813.3908511854424,1806.6063440908354,1816.7073084688252,1822.0291244928974,1825.6011349559412,1825.860343620021,1822.4261234809942,1819.3187797340727,1862.241536955621,1858.1069770638603,1789.7546389570361,1826.2842682375722,1824.7136495116958,1823.5952530335892,1820.5384006679722,1816.6295801454605,1824.851139593139,1824.107121453334,1819.0123381468059,1821.3457598536402,1835.6523127667435,1823.744081288049,1819.2751443849475,1812.7041993033492,1806.7507420736513,1821.4507560961054,1824.1146404216663,1824.7101904040092,1821.9305826228715,1817.3953107800114
578,io.reactivex.rxjava3.xmapz.FlowableSwitchMapMaybeEmptyPerf.flowableConvert,179.57620840866116,180.72844719458158,181.27336138034622,181.36215654990025,182.4926796576783,182.39142383804221,182.23290843078564,182.19160437332448,181.70489816263122,182.1979331779084,182.69419968887536,182.40571706643746,182.18700053041803,183.28979438669407,187.1837381395405,183.95301306582562,182.75486304374033,182.58908162849335,181.90842075229014,182.18576934750175,182.211172848195,182.7191838198053,182.7548721692435,181.9289667445794,182.04887219559757,182.01235527517574,185.46516372132763,186.39969252064924,179.6221767858169,180.81833380902376
579,io.reactivex.rxjava3.xmapz.FlowableSwitchMapMaybeEmptyPerf.flowableConvert,18.153078367118294,18.18655893913996,18.22963878083012,17.886671800366713,17.466220748746395,17.780136363353183,18.22750480339601,18.07782983378739,17.757576513199503,17.723618303813552,17.86850634084099,18.032631785942,17.788878371697706,17.770994716343647,17.76659221207708,17.81069925017995,17.609575581610798,17.748588965484522,18.156750884672398,18.70181776865297,18.388986462033973,18.266143457278098,18.308683993928753,18.209802588220196,18.311168662750138,18.06700325785344,18.258952032637474,18.24279098356508,18.20521890888473,18.171437022431085
580,io.reactivex.rxjava3.core.XMapYPerf.obsFlatMapCompletable0,7797679.132401218,7969706.363124919,7945468.79543339,7808649.195578566,7824335.572248971,7808578.641954989,7809160.895700159,7850198.093984368,7813077.822659473,7819053.868877111,7826047.289563143,7805786.8304748675,7823460.559687638,7815099.624658558,7779717.872965384,7790822.276711973,7815700.088280402,7780482.791052684,7769164.320956688,7977964.94927337,7831589.559361746,7831931.679027264,7836068.489390015,7811331.357595447,7784374.795962357,7780768.410857492,7844093.566339221,7952523.47138373,7875873.249383875,7787926.877000558
581,io.reactivex.rxjava3.core.XMapYPerf.obsFlatMapCompletable0,1103296.8706146043,1093097.0744652154,1083795.0518231122,1097282.9535613267,1087013.3263443958,1086902.2869638228,1097330.4262353156,1126823.8718369543,1106434.7784913247,1094439.997085445,1091038.3242372891,1092924.240780199,1094337.960258376,1091954.3568746455,1099093.4160102196,1093436.0113565011,1089918.609798754,1089216.5689752875,1093810.705609473,1111469.5630889526,1124172.5820808427,1097217.330029941,1084838.8949214823,1085106.6627132634,1095138.6350017262,1091826.4903363397,1089199.6100745471,1092877.7253207106,1095373.2418024272,1093458.0956263074
582,io.reactivex.rxjava3.core.XMapYPerf.obsFlatMapCompletable0,119010.33274042261,116050.68234925957,114862.55690631247,115117.76737797426,115091.1663805621,114973.90358072318,115485.02995599959,115177.55460710239,115143.55386857627,115167.27980656808,115181.9446548056,115104.89863463807,116961.61152693101,118644.28864852402,113991.7884094257,114278.25772989412,114667.61922196801,114416.14990225549,113774.64318842202,113988.2204179447,114062.93878906441,114028.60778430483,114196.88731330029,114486.11957693116,114448.96500897198,117299.39196143739,117820.93346421917,114095.81802494862,114244.22938946915,113752.77851860852
583,io.reactivex.rxjava3.core.XMapYPerf.obsFlatMapCompletable0,11523.752980118763,11555.70924679964,11522.091284924014,11336.096010143987,11324.037049185485,11551.199201564152,11466.241319372675,11486.404774504585,11561.838960131623,11568.654542339416,11834.619812838513,11544.595234946468,11540.399446538884,11625.488106507693,11592.508113760809,11552.840753300292,11499.81950902794,11500.456696213652,11918.487543930674,11938.88478877188,11564.660523194902,11511.23310626484,11579.676875909829,11579.95719011516,11552.964126577519,11554.45659035203,11583.802153770685,11553.4655264761,11565.346106896463,11561.207097733615
584,io.reactivex.rxjava3.core.XMapYPerf.obsFlatMapCompletable0,1156.4724727686016,1159.273720810281,1156.6031127984463,1149.7363734977116,1148.7532202382156,1155.7347184314049,1152.4158323476722,1150.6565071701361,1155.5189690083914,1151.8798681447915,1152.0135814587943,1206.4670950388518,1179.4466460937322,1152.578435216692,1148.237790568718,1156.6839245507772,1144.909256782126,1151.949152964388,1147.532788910192,1150.3400522127256,1140.793976030311,1148.8596265865256,1148.3882420995512,1158.8027648166117,1195.7209187375668,1152.6826192149426,1145.559958344321,1120.6387161636574,1100.2689636962168,1143.9224111746173
585,io.reactivex.rxjava3.core.XMapYPerf.obsFlatMapCompletable0,114.55267204477052,114.37548707982224,114.23955333200881,114.77225809689189,114.86102195384957,116.32653774645223,114.24993818780301,114.87364129205157,114.97905679476295,114.29461807783007,114.38713807863509,113.75388777610202,114.18154894082316,114.9889158734322,114.35373910609478,114.05682069403237,114.57651968357655,115.06924983020019,115.15074243227757,114.88182451357761,115.10122175084854,117.16165795779902,114.65047175648337,115.388016002587,114.75067157680866,115.17600894854044,114.70984591843332,114.96514314342463,114.0758947900163,114.92254611128756
586,io.reactivex.rxjava3.core.XMapYPerf.obsFlatMapCompletable0,11.678622799496374,11.585538829638658,11.715411428086277,11.664807805017777,11.647449093921058,11.62808233318348,11.481649882202435,11.56445686963099,11.554228805714384,11.500092453076594,11.559559924972021,11.537663753388621,11.543647544320146,11.699516634470246,11.85527276252456,11.576998661997063,11.605728665427637,11.495907953966407,11.575628968648925,11.521229545617109,11.511650605341538,11.75821664938844,11.765177469883191,11.609967585580025,11.60782378815067,11.548041160486791,11.611822161417475,11.564842523302998,11.51405327334834,11.344483062503858
587,io.reactivex.rxjava3.xmapz.ObservableFlatMapSinglePerf.observableDedicated,7493899.526689072,7311846.041223403,7197191.62538377,7656970.398062265,7327216.68044069,7362224.154710341,7326992.488472934,7400691.133281385,7482014.047332591,7444439.187593768,7341462.950621136,7378953.120532598,7242617.892291361,7388086.608159862,7295021.033392054,7431231.465781343,7566050.711024221,7344109.0403240565,7278704.24253673,7410225.616846489,7380297.571485531,7314505.506555752,7354744.7981766425,7402237.591629084,7331202.3641580595,7473385.510296205,7240340.344477646,7475482.665292472,7687853.4122991925,7433991.444497928
588,io.reactivex.rxjava3.xmapz.ObservableFlatMapSinglePerf.observableDedicated,1134097.6834250013,1131819.220930653,1103872.4516895746,1110771.4081831577,1088329.4047238075,1123127.9802437522,1120027.4044887149,1132980.2733374354,1149611.40880754,1133765.0261361413,1103911.0399977767,1096234.8381644264,1095095.854998157,1104794.0219235227,1107018.893812496,1089435.0119584694,1085155.0987878647,1099020.9559384137,1105738.8019513618,1089747.7929782302,1103586.3904809887,1151938.9971465012,1149361.0148796535,1124462.6265293981,1098099.1755499684,1107703.487191616,1114060.8583488874,1114945.5990962386,1086702.4164663397,1090421.4908416152
589,io.reactivex.rxjava3.xmapz.ObservableFlatMapSinglePerf.observableDedicated,117107.16845810936,119812.60193126855,120079.22583076126,117386.07064254292,118797.01890760753,118157.72470559253,118372.89365852461,117848.93159074757,116427.42687125294,115174.6707074596,116814.31233329103,114060.35081894464,114081.66713838794,115182.04116180117,120177.20303423144,118601.96703698653,114514.3716726401,116822.66539972808,116713.36799615336,116302.15088413897,117131.95531645097,113578.21864266257,116903.93057417672,116738.38428102391,115610.88240281233,115170.35884065363,116100.76812700176,117546.25962841105,117250.06890526443,113645.17750297581
590,io.reactivex.rxjava3.xmapz.ObservableFlatMapSinglePerf.observableDedicated,11653.106066927394,11778.303654909618,11570.318623936237,11482.821786605871,11472.713602666046,11843.027817689474,11271.914029986609,11935.595801025202,11469.046119434246,11613.426796093625,11451.970318992708,11526.101570388646,11781.392009483958,11540.185909125226,11565.241886829077,11783.097084836583,11540.025029445362,11698.6674983746,11462.73005559987,11932.100176461492,12282.852756986791,11942.49590019976,11939.366210684073,11638.141477579482,11426.23452227065,12020.287533517314,11489.362489743531,11710.773507269038,11635.255587982736,11688.726898548366
591,io.reactivex.rxjava3.xmapz.ObservableFlatMapSinglePerf.observableDedicated,1217.4395322323044,1193.2778628424658,1168.6356346013945,1174.7863157674524,1202.682680593504,1191.7485246145773,1140.9197191839596,1150.7099520494864,1164.2741763429035,1176.8643228428125,1161.6462775468408,1174.3418412893911,1200.6632391753394,1215.7533905035034,1170.4886790434919,1157.4154855037573,1175.9064413558065,1187.2758567094756,1159.2897808237046,1176.0637932413265,1165.3894978922447,1162.8213232011196,1154.628021572686,1151.7070345230932,1178.106060190164,1183.680393273332,1198.4379661501387,1177.5026240690959,1167.9530140129095,1163.3268971847626
592,io.reactivex.rxjava3.xmapz.ObservableFlatMapSinglePerf.observableDedicated,115.33226058025399,115.65929581972398,115.45229730335262,116.70280335723962,116.17163352031803,119.82596776007446,119.9830850424856,117.13028374858884,108.95480903176751,115.20747419056117,115.12716055408022,118.52462038583491,118.08065882418921,116.65799655130246,117.1379854307685,117.24856415296871,119.46862339493083,116.41614057491358,120.58593563180557,118.02302241575758,115.08225503682714,116.70016762752232,117.52317603841556,114.95643220193406,114.6168023324627,115.32823654906197,117.97807035426062,117.47806703404434,117.7461253419738,117.88445920173166
593,io.reactivex.rxjava3.xmapz.ObservableFlatMapSinglePerf.observableDedicated,11.61176471100519,11.647467295411445,11.96260518329953,11.861796430518563,11.757438551949479,11.449676748575527,11.880194769853155,11.769769768100717,11.623123138030156,11.653796303051632,11.715388427173988,12.105233957325925,11.625610625752309,11.70800634920501,11.703766219009735,11.5113927419391,11.69827840121727,11.466493054024202,11.448728048269661,11.473353807928397,11.71573989005237,11.74241741566149,11.895881357894435,12.30909905854083,11.65986574228158,11.81780148014694,11.834942191647912,11.80100219008014,11.955103597952618,11.819896874472944
594,io.reactivex.rxjava3.core.XMapYPerf.flowFlatMapMaybeAsFlow0,50556581.5425825,50606450.09607163,52036967.63465018,51918015.55858557,50450985.69252509,50823725.00247356,50634927.59768371,53139029.76324519,52578879.43932195,50917795.93718887,50409031.06168054,50990165.771045566,50600828.39964106,51045252.39307647,50720010.92071457,50710416.90658638,50659863.730633855,50423204.028333195,50607864.65537912,50577555.22215448,50737507.09393199,50617242.47915152,50958951.30210674,51069899.2568255,50975135.85347509,50661593.38823418,50588203.014468744,50774904.773880996,51568216.51017007,51605618.187740214
595,io.reactivex.rxjava3.core.XMapYPerf.flowFlatMapMaybeAsFlow0,1266506.194711854,1256717.6267244802,1254876.4237073492,1253553.8325047847,1248711.0909759486,1253773.093935207,1256643.0785970597,1261159.5214284582,1315111.086632338,1289879.1803838299,1259432.232962542,1251293.7854877913,1259790.402541647,1257215.4064065486,1259914.2762835613,1256130.3560987802,1260790.783164731,1256688.3162185294,1224232.8956911587,1236658.0332153114,1253261.1469848817,1252404.0007322915,1235832.4565108458,1236560.4340408067,1238627.9756642815,1264968.3795053812,1248435.6205952195,1261614.2242868165,1264400.8288419237,1263813.1373279577
596,io.reactivex.rxjava3.core.XMapYPerf.flowFlatMapMaybeAsFlow0,137630.09614260148,139093.2886097313,139817.1356777239,136794.07746512242,137095.8605731718,137288.56792309048,142603.82050521803,138167.36011863707,136663.37291972036,136571.10373192444,137067.60817275723,136860.41423782005,136346.77423718382,137141.89728399777,137380.94931049968,137158.93005730936,137250.79351911705,137587.93156851697,140690.53403117342,142218.65127785117,137153.57374906476,135260.81589228552,135761.512869023,135553.90979242424,136918.4469462107,136357.54524288085,136667.7285912704,136509.720478731,136119.1619177819,136410.7716748854
597,io.reactivex.rxjava3.core.XMapYPerf.flowFlatMapMaybeAsFlow0,13357.196484872147,13484.765270690934,13358.708231456389,13398.25536516157,13390.121784232717,13451.876445471768,13551.342407558332,13716.802660295783,13612.246398814868,13611.994568814167,13618.205336863977,13686.38403495061,13633.62408102412,13629.821061367655,13561.414946997771,13585.669786314213,13521.048239893345,13591.806231658673,13554.260845493312,13681.191072215473,14143.041766491195,13826.339349853186,13697.401944036319,13718.110558865696,13666.900894163191,13725.149617180019,13562.953889366514,13692.94154931118,13605.874553836613,13659.026616786208
598,io.reactivex.rxjava3.core.XMapYPerf.flowFlatMapMaybeAsFlow0,1369.0368196217025,1367.0721571903377,1358.070286810774,1367.8810312830662,1374.774974082692,1369.7083411543763,1365.1282604908006,1375.8870369224946,1380.3090131670815,1378.0040076413609,1370.5349994032624,1371.1506886961613,1374.46984498927,1425.0703667468156,1370.163764391644,1368.408609377651,1367.924471418235,1371.8123580184208,1367.7762441164487,1372.1259009160804,1368.0744688922305,1367.8946857881413,1365.358972154727,1372.1954859032014,1365.5417078163564,1382.3116875713556,1426.4505726064986,1385.4510067258789,1339.5881128241856,1344.5836187570287
599,io.reactivex.rxjava3.core.XMapYPerf.flowFlatMapMaybeAsFlow0,134.63510936852236,136.23341660824664,135.61978207500536,133.40818660930063,133.04605288243818,135.76710551450174,141.53871979218718,137.19663590627619,135.22059014107393,136.90041070103226,136.47105239391064,136.4962553826526,137.23339749909556,136.86871511785282,136.9750454752902,137.36137236481017,137.3331325562742,137.0956910478584,138.44268829816872,139.28407608823642,136.60174580620676,136.15319411994545,136.53767768876338,136.5077913994109,136.97981515669784,136.68981186029262,136.56273527136435,136.43019356650137,135.73520206692936,136.8064477426047
600,io.reactivex.rxjava3.core.XMapYPerf.flowFlatMapMaybeAsFlow0,13.664866471473289,13.760409690958026,13.836788438707,13.876561766388305,13.805387264241716,13.786345761896367,13.7697162431986,13.806193270142295,13.692843021679636,13.65670073840191,13.714399065753193,13.792308821049028,13.637852327497784,13.826756930053534,13.77686207524115,13.56920383122981,13.297762338324274,13.774509082399664,13.720802524251322,13.708354417068017,13.616620919796928,13.649363893234739,13.687746088626097,14.05610149568296,14.041013756250765,13.744592943404637,13.74934964471322,14.13812848986035,13.99364205869884,13.767152122378638
601,io.reactivex.rxjava3.xmapz.FlowableSwitchMapCompletablePerf.flowablePlain,97887057.83776532,97901552.72828887,98106266.22179562,97966923.27678812,98312798.66107127,98348870.47567818,98426484.2215355,98775968.69195943,98431702.79259054,98173961.06124781,97692487.52014332,97369220.0542551,97615093.28810407,97609174.33161056,97918623.4515382,97407467.41136113,97520390.50746359,97427506.30532904,98108810.82237053,98165136.65151875,97914584.33029124,98382318.28693213,98210643.52721497,98374508.8973075,97670539.98975521,98210190.14581151,98467621.92367788,98293360.76291066,97820301.88641949,98038561.98230816
602,io.reactivex.rxjava3.xmapz.FlowableSwitchMapCompletablePerf.flowablePlain,1446714.1764457796,1452300.224053144,1443430.4993837029,1453912.7153075722,1452298.918128582,1451354.1539550752,1450656.403989267,1476423.5553987615,1463462.3089834752,1458938.7912017095,1453112.5996274555,1457402.6354003733,1459785.5040664366,1463076.1635631432,1454330.9486904808,1456190.433632071,1461205.869303089,1459293.758169507,1457554.8794617406,1460589.7334872882,1472617.4727394592,1459831.355823842,1448859.610684664,1461307.1893333376,1454121.2021822953,1455981.931129151,1453556.9465306501,1457709.0506053234,1460871.8930233675,1460263.6414112188
603,io.reactivex.rxjava3.xmapz.FlowableSwitchMapCompletablePerf.flowablePlain,157458.01621702375,156840.99950418962,156388.8877461631,156442.93993674737,155335.78698267747,155592.947606434,156355.83593252936,155829.15662813603,155491.8779452214,155420.98980030994,155277.61921319048,155076.92837380985,156159.18024226883,156973.63322633176,156381.72703273213,156042.56566647982,156564.84109300096,156621.8229615846,155860.29005941062,155275.69794777347,156443.9259498324,156875.16973123912,155783.10680978154,155008.4773642101,155518.09517074056,156388.9742645364,156607.18596059506,154268.8536769371,154488.91356658464,154901.09032706378
604,io.reactivex.rxjava3.xmapz.FlowableSwitchMapCompletablePerf.flowablePlain,15716.836436577863,15666.807997538157,15758.78058555829,15643.31555906723,15659.616495992013,15600.528764321938,15844.400289449044,15827.581679454303,15740.01469082037,15695.168548446147,15399.168922252435,15609.453493395142,15594.087730273692,15658.432193931783,15705.951549204332,15647.874763142883,15639.577371700685,15657.6028094709,15859.611931155656,15667.621783610144,15304.650083948645,15470.300943511265,15568.853120434884,15603.231638948662,15712.147349281751,15629.144523591303,15688.373288262113,15639.423123884688,15632.039333022789,15763.413317869077
605,io.reactivex.rxjava3.xmapz.FlowableSwitchMapCompletablePerf.flowablePlain,1478.4308721220532,1534.3541811190419,1560.4858199223356,1559.6889231636528,1567.1841176795995,1550.5988104685698,1568.4076563436133,1574.2579656366074,1578.1486471963376,1576.1094619035068,1576.7925335224018,1585.32122886265,1606.675599343088,1594.543824929845,1580.176784781493,1569.32300347224,1568.4798481649127,1567.93785067707,1571.5924813548072,1570.2574519453517,1566.028914866065,1569.735218633056,1562.601038265511,1562.0464581119243,1568.285233617071,1564.3179917705838,1577.1202870352527,1566.8294405269355,1564.3160028277637,1565.0092708810687
606,io.reactivex.rxjava3.xmapz.FlowableSwitchMapCompletablePerf.flowablePlain,152.68828137679114,152.1727829692136,149.27591448684257,149.09112988674022,149.48598451947262,150.89335295403933,150.96251329062468,150.16092029829278,149.5595134324913,149.03256346012216,148.77861355478652,149.3272608294377,148.92149767063938,149.33585744649136,149.38895926973467,149.97222454412554,149.86413362604702,150.85182956170874,151.6109074348791,150.0690566616264,149.67530173450695,149.98616047700045,149.65319339033087,149.64216174611167,150.1569878878153,149.7850707059128,149.04968825239195,149.1702185819456,150.0620813787184,149.5196504795158
607,io.reactivex.rxjava3.xmapz.FlowableSwitchMapCompletablePerf.flowablePlain,15.316470507496097,15.329867034501206,15.358995103955534,15.465502490656348,15.289816800348833,15.241896233145678,15.214798700582019,15.090538686091772,15.199491988139256,15.149048381470369,15.268196895426488,15.245067460805098,15.19629209105312,15.217604791215694,15.180043873343827,15.213207951207858,15.09183187273704,15.090736979681953,15.061831231806385,15.146744902229523,15.156976212915305,15.229442115657042,15.341514373578919,15.390022432227372,15.282304820974218,15.345101467992105,15.453875941712115,15.450615988924334,15.268749040418767,15.389200789355582
608,io.reactivex.rxjava3.core.CallableAsyncPerf.pipelineCompletable,150459.73536926068,151858.47278325266,155330.93161331463,154864.212812959,146158.76727867106,150400.23470780294,153259.07028417883,148269.59900055904,156251.14541117134,153704.98400080393,146638.9630293478,143542.71375248063,154137.1586356177,158159.65240856618,151287.74953460356,153658.32064316145,155297.0966787831,156663.3250457098,146872.22894950787,148348.26487173355,151958.47007931533,146925.36351932524,159107.50794566586,154175.6547300505,155741.8686169128,150749.09613190283,151634.9815540572,141388.49705914565,148158.1127083361,145259.45806115604
609,io.reactivex.rxjava3.core.BinaryFlatMapPerf.maybeFlatMapHideObservable,24124587.917644147,24363011.002951793,24307778.15904285,23871160.24930074,24104310.076030966,24190110.70823062,23667880.46943263,23968511.357573505,23860054.17622865,24118532.92868691,24051914.39011335,23953040.511130445,23964162.23127245,23605651.865096945,23317384.282363024,23657167.82914013,23651167.297039595,23312705.29296441,23814797.40831616,23956359.802816525,24117177.039086103,23865691.845712516,24217420.130111963,24219762.472285464,24508980.054251365,24725571.21184595,24120496.272522494,23915197.60344279,24079558.10373218,24372700.152164727
610,io.reactivex.rxjava3.core.BinaryFlatMapPerf.maybeFlatMapHideObservable,973962.28676623,981422.844807908,992065.3650347434,977127.8859300353,979872.2023485359,985067.764581761,978575.3256390953,983480.2250150118,985650.0816934045,982331.9908657114,975959.6769328377,982886.365919011,975800.1664712222,974605.2415528272,988379.8724728663,968227.0786246511,947569.9592350189,913750.9265598624,931578.7082985124,977607.3952917658,984531.2232388593,977363.246793244,982467.3832716803,994466.9042159446,966628.3587995389,984444.5792806887,987651.227310135,980097.0748275048,970473.7065290248,980569.0247032165
611,io.reactivex.rxjava3.core.BinaryFlatMapPerf.maybeFlatMapHideObservable,962.9054821607766,956.2162287621491,955.4677356775506,833.3800818922836,728.3421577214352,778.0629274643015,775.1023832738066,781.7597886697355,775.0174452831492,723.5752099779031,769.5870672848293,775.0274211892593,764.0762930178578,772.5112514439927,780.2904982360544,781.4077515299217,779.5151563835175,781.0487178089011,776.1275604421999,777.6229430768691,777.5364529826795,773.3901517031661,767.0009825282586,774.6077533512503,782.2328525080526,780.4096216820168,781.7025934313032,783.0303077953112,779.9183472285553,773.5150145945144
612,io.reactivex.rxjava3.xmapz.ObservableConcatMapMaybePerf.observablePlain,46664993.575707495,46133660.584961355,46632859.14231447,47384910.15249614,47842757.14211735,46715135.12449794,46289404.35331532,47534148.723915026,47426778.172974505,47476672.96314101,45884644.22563573,46581340.71677583,47087281.73382189,48546184.37632727,47625047.58674649,47270338.80379129,46393357.65967299,47615788.110888466,47092260.301190734,47366763.7398574,47790197.8144948,47547867.95004184,46713241.19296963,47644821.740382046,48199403.776380904,47920721.90837498,45943988.19232799,47437616.12378001,47013539.242281385,47311081.49422527
613,io.reactivex.rxjava3.xmapz.ObservableConcatMapMaybePerf.observablePlain,1293265.6168875443,1292073.904688601,1289578.3984340345,1268339.6215131658,1285542.314397231,1320908.2704284338,1281698.1607336062,1278528.334995434,1264989.9832111215,1250413.489553895,1328425.6509349227,1305304.0082277819,1325172.0029599443,1270132.2950486494,1190369.153493045,1177497.6799636702,1222580.2189080275,1235281.4486227941,1243621.8385867325,1226014.517766438,1241000.8982421558,1178273.1186200455,1220774.1227977523,1231155.8157349515,1264099.7066455674,1312494.2388524034,1265316.707724791,1290503.390357896,1305494.3627190685,1270200.2355222641
614,io.reactivex.rxjava3.xmapz.ObservableConcatMapMaybePerf.observablePlain,137677.69055373082,138197.05822177127,139752.21223505173,135996.60282184096,139617.19633074306,140118.67794155367,138579.19729829612,136012.7634744433,139394.8144393077,140063.43870941995,143056.39773269155,138560.2326120827,135892.65381306692,136889.74371368633,138622.33702182726,142304.08959675956,137651.28764581872,138810.8367921147,139000.7493856927,139559.40855229634,138185.08333112788,138060.7489633942,138849.8266014083,142750.9828486664,139274.96216915493,139209.30369450213,136982.47504718855,138002.62297080722,139950.7743750663,142215.39014675192
615,io.reactivex.rxjava3.xmapz.ObservableConcatMapMaybePerf.observablePlain,14247.574960887547,13759.736900070733,14012.77716098827,13938.882198427698,14024.3602577743,14075.901657393673,14152.656757194518,13836.960844240597,13397.062004703741,13019.589327496366,13156.077535311457,13663.011494781364,13850.509567306732,13087.926358137063,13087.095793694594,12987.083111932297,12753.562871632575,13543.507815382482,13409.145797185281,13992.92922838228,13956.759551124615,13724.213616284,13751.770509205853,13659.16146407772,13649.498490126476,13427.150205580952,14203.367365531434,14031.184755028382,14042.410300857071,14295.506262550625
616,io.reactivex.rxjava3.xmapz.ObservableConcatMapMaybePerf.observablePlain,1332.623966832159,1341.4219303161933,1348.4718103342511,1396.4342346698236,1370.9296822747367,1339.6843663442362,1355.5981722341883,1346.284736421241,1347.859150066677,1398.3966142353033,1382.3760396917164,1343.8548986111773,1382.9703813170502,1368.1245343742048,1357.221623898143,1333.700057525563,1404.47455657442,1374.9619930677634,1351.2903685116858,1354.1639310229978,1384.0232919947928,1389.7570815801964,1438.1475725419175,1401.8262660635417,1398.7106669075754,1378.4486729118848,1377.9213727948259,1385.7318498012087,1370.3131812195015,1401.2511671725094
617,io.reactivex.rxjava3.xmapz.ObservableConcatMapMaybePerf.observablePlain,138.3350194116377,141.28553501469614,143.03783767602897,130.8089904883361,130.1585531979811,124.47442739308764,135.1056269600163,136.99538544743658,130.40402193159528,132.38340970711405,129.57180186366054,132.97760725170477,135.4389109932384,137.4695242143208,142.54980476603032,138.9169725206148,138.51861539813547,138.7085379910037,138.57920645686104,139.6037687656782,140.5525649646914,141.74344549759692,143.1622310873335,143.38181104227297,139.75074839121135,142.27158527553522,137.14556448148358,137.6369528073887,136.2919423704265,138.98854136768404
618,io.reactivex.rxjava3.xmapz.ObservableConcatMapMaybePerf.observablePlain,13.201012793016634,13.54100661916515,13.557728157174912,13.711619320332522,13.812388168554156,13.450526735164761,13.682076471124935,13.660714169842157,13.705373448930091,13.484597953860977,13.537614060018983,13.427201286261433,13.566978014276046,13.839591262539736,13.996456181273638,13.695526451957504,13.849867053345458,13.929060423516923,13.959123095026264,13.57750496279385,13.91904635316243,13.93405253991965,13.634501513173047,13.848824747234936,13.697033400626859,13.737129126876688,14.181064968217784,14.31040144545587,13.92521070116953,13.30763408664694
619,io.reactivex.rxjava3.core.JustAsyncPerf.subscribeOnSingle,239018.7403051817,210551.92289605204,208342.79407998253,213128.30940116427,252171.3411539851,284347.08289504185,264815.1202193888,222749.63220322362,210644.0935916462,213761.61916937673,215155.69598178266,411148.80755431205,748092.263529857,254004.34556393794,213034.23508056448,207302.99653487562,317222.8891317172,217708.04604151737,229876.44737186766,233736.54360467114,210706.780974977,286314.8468844888,289168.84880024835,242829.5353361633,210590.74957108303,268451.2566188483,246286.05037886588,261381.99351314234,211811.74492255782,263594.11224519374
620,io.reactivex.rxjava3.core.CallableAsyncPerf.pipelineSingle,146388.31902293267,153883.20298495452,145374.8162581629,149848.61360062697,143605.5121032891,152697.82373256853,147971.52236482952,159189.2551268954,155764.3111689498,151915.38128265744,152386.14040598244,145918.64675047004,146365.75559776893,153972.499537992,150972.06079805893,155951.65187398592,151549.81003942084,147230.70480243687,149478.4615458583,152404.70286974235,150312.8746316008,147621.0954367252,157169.01381303678,151111.12812378336,148598.11214428858,150839.224580989,145943.9719544699,143098.8812779638,144597.1100821579,142696.16878006604
621,io.reactivex.rxjava3.xmapz.ObservableSwitchMapMaybePerf.observableConvert,113525359.41628602,112315876.15259224,111864565.54252715,113641331.12262869,111032077.5264326,113688066.62513809,112096923.11160931,112449665.68999419,111665905.99601965,111428240.81285955,114073559.07917343,112321393.85245574,114448843.69599211,110501938.36863737,111926873.82816832,112908196.89770357,110364236.41456945,112360152.68356016,114120087.30195968,111937832.0770153,112097910.27919784,111927469.15216464,112350871.54320727,110805485.86271335,111030581.11699574,111425802.85556884,111555996.97750826,112768105.77313428,113626333.3854651,112442240.38328075
622,io.reactivex.rxjava3.xmapz.ObservableSwitchMapMaybePerf.observableConvert,1301977.0616126747,1285894.3812187377,1312931.1528499967,1305120.5528426226,1275002.4367495426,1275063.4298774207,1287274.4291562764,1301667.0462663511,1298636.682983387,1347937.1931183874,1355283.3723167472,1307979.1182043944,1300578.1936360202,1306669.8474562273,1301018.519440715,1314305.7781846514,1292458.2338495,1322232.7985819546,1298224.8976638208,1304146.9766354004,1310962.5580824562,1288360.1081292331,1358490.4067970938,1303399.0698425139,1277640.7616991256,1324097.5688983821,1314393.6275254511,1320284.429441589,1297632.346921338,1286939.2487458237
623,io.reactivex.rxjava3.xmapz.ObservableSwitchMapMaybePerf.observableConvert,134716.95659335842,137188.8750619426,146226.85744839915,137652.0794569908,134764.76546853557,136815.6290579845,140633.9154258765,144363.13841657125,140045.54053948817,136660.47834393242,137849.6291415396,135796.60790542804,137427.7704747064,136988.38796624588,137165.1239076668,135773.5818745807,136056.02752495513,136006.70800035057,134797.40147047912,141486.82288169424,144839.06803327822,137537.3170279335,138713.12373012147,137921.3233020358,138235.8055196846,135440.0674566711,138976.04911290362,137044.18162943804,138254.07665060356,135889.5938927647
624,io.reactivex.rxjava3.xmapz.ObservableSwitchMapMaybePerf.observableConvert,13500.156172738423,13786.102692678958,13898.614308153477,13817.440614734152,13887.1938483971,13781.84211853441,13678.424794880526,13856.377171470695,13714.809703745883,14010.467535061014,13858.2838455617,13809.122016022222,14155.955347119205,14342.137214534301,13707.143970463536,13594.591419105096,13533.93613788201,13808.426743163758,13758.984476873731,13915.254865932438,14343.858547981938,14616.20075691021,13635.334527498386,13629.37242191746,13700.324834291841,14527.672824449122,14144.291314427983,13679.72935833855,13586.26664049928,13902.564351692223
625,io.reactivex.rxjava3.xmapz.ObservableSwitchMapMaybePerf.observableConvert,1423.537847014429,1435.0009279589392,1374.28761327848,1360.2228094933398,1381.3370700946573,1396.1142981087085,1426.0617953708872,1370.2023476649256,1389.0675411846835,1390.224739783635,1352.831978268299,1347.2616224897015,1353.6294764179381,1341.4117547274348,1371.8564489411829,1369.960183780988,1384.2410414006156,1382.2379984539743,1456.7299761614288,1414.6031260199795,1373.7593503320463,1360.0816048962938,1370.8046260706692,1351.6645533528008,1367.8376007451764,1356.6798439070355,1355.3918560050884,1357.8609183797132,1370.0660588492678,1367.7558733574322
626,io.reactivex.rxjava3.xmapz.ObservableSwitchMapMaybePerf.observableConvert,133.58279421710114,136.31747354121867,137.83451133714973,135.14266009974827,139.16743416512557,137.0598466169017,137.24901661452554,135.5949517094183,134.3289297417946,138.02818989243914,135.1072684555277,138.9910192968251,139.4529796502293,134.02316665488604,136.4927628647866,138.44763202133367,138.6117665998951,136.69465898895672,134.68587523097392,140.78396025535807,139.7387959107809,135.60278013218658,136.6457325470899,136.15233503187545,138.01867507457635,134.63739349474082,135.9856578209667,136.6529887298859,137.1399392138151,137.72958132683414
627,io.reactivex.rxjava3.xmapz.ObservableSwitchMapMaybePerf.observableConvert,14.087903113185028,13.647755896768343,13.521438133437787,13.569227122866305,13.417403448156339,13.471031575207,13.473452543323296,13.247312815950126,13.45283689499096,13.464906876304905,13.553311740687569,14.11524519541614,13.998049110559526,13.513698192026064,13.532309120219105,13.537677117249284,13.521611758195784,13.393857445333085,13.600194259734728,13.219899382344865,13.31763952251681,12.981060956590857,12.959411279385899,13.80177640298064,13.768837479712687,13.611775462170408,12.814770905860275,13.217564649834825,13.289537182593417,13.362106861571295
628,io.reactivex.rxjava3.xmapz.FlowableConcatMapMaybePerf.flowableDedicated,10247499.085348247,10447601.893476212,10215209.47389688,10139643.385579687,10270840.882553624,10386167.52215893,10467915.523407796,10670689.629396588,11182633.781798122,10302383.284673188,10164651.674428243,10330782.547888186,11203383.719254699,10503535.294211494,10196470.721167795,10115502.527688434,10340793.641129205,10583515.605222091,10559118.012440087,10192295.37960601,11006382.560296757,10844068.43180214,10249337.282875117,10350684.87074644,10429813.266743371,10322882.78202517,10355441.26060415,10476026.082195647,10594215.350353632,10386364.497299256
629,io.reactivex.rxjava3.xmapz.FlowableConcatMapMaybePerf.flowableDedicated,2103689.139767265,2294744.9098516447,2236726.585107267,2121812.9021557905,2110614.475876559,2130524.564498679,2124133.3305333327,2043555.3581055896,2055070.0912305221,1993423.9193725048,1998818.2909483744,2054399.818437547,2193182.893538624,2165451.858537095,2089581.8829834145,2030779.9255896609,2142816.2531220606,2116551.6740424726,2114184.062543713,2119158.7460937616,2156632.4736806164,2143838.4958906695,2147974.971101645,2096628.6608481559,2133202.8704322195,2364051.237126367,2308764.715495279,2256883.162058801,2164672.6059091133,2146762.5024440573
630,io.reactivex.rxjava3.xmapz.FlowableConcatMapMaybePerf.flowableDedicated,242000.46080021962,238863.54351396897,241827.34966137412,245643.41172906425,238093.5338414922,242490.92998136493,257058.7347410524,249398.67895066892,240543.51765518473,238378.91514116505,245605.64800075075,263861.1600220275,256817.74773889087,241152.71688636538,237285.57588594896,241046.102583485,239494.53086302776,242237.7714504195,249816.61235060022,252168.3575456981,263653.9610186879,239737.28416708455,241901.36138040596,242767.63156301464,238840.70797150477,241718.70890357855,243879.48650511092,243261.5496327371,243657.06801026606,242743.24085184507
631,io.reactivex.rxjava3.xmapz.FlowableConcatMapMaybePerf.flowableDedicated,24773.802354604813,24124.629875737857,23478.76856172068,24187.091324062345,23040.469672580086,22529.00183004492,22795.44188595621,23206.43481879721,23123.36845726097,23259.60319104957,23218.929684134713,24126.692429777075,26103.09426529388,24646.168043951508,24045.981123687827,24420.380806650614,24203.13645530549,24322.811141579747,24222.388133690878,24261.597170190023,24616.204593971805,24169.005188925807,24191.449795546447,24296.275721077818,26873.911042250656,24684.367130592334,24363.13751489057,24078.686134075226,24761.84723380364,24504.159732871838
632,io.reactivex.rxjava3.xmapz.FlowableConcatMapMaybePerf.flowableDedicated,2427.6963777248234,2428.3634166721363,2436.0780373238476,2483.703607230031,2642.4425397520436,2424.9776391272544,2410.489308914035,2430.9542278007425,2433.2791240265533,2370.1335171082815,2605.8320202504788,2360.652417538042,2382.056885900492,2384.999057925372,2369.550695275365,2338.023877369222,2537.2879659526907,2407.1512966804503,2609.7275229570814,2345.3496486145373,2423.9477178716734,2359.4735212353125,2367.9842647445607,2406.9774177378667,2408.812500443778,2380.547429367108,2349.7015385608706,2457.027132735712,2459.6612628298667,2334.469165056558
633,io.reactivex.rxjava3.xmapz.FlowableConcatMapMaybePerf.flowableDedicated,228.01164794217755,227.76643417687612,231.32693323699604,232.22864604974367,233.89968861004425,240.96481576339113,230.46642735392018,239.83583165372553,235.2880665446894,226.05552779786203,226.2966083622361,228.81268409785207,228.96840190260065,227.362524818078,230.75922351858847,230.803745728577,227.96432928157566,228.8843522899715,230.6800152157337,225.08953578687473,230.25217684893425,232.9456894113508,236.49126991279692,258.42232763882043,247.30484364316297,231.67795883345906,231.10206448355237,229.2442927502843,230.62554207110975,234.90935270915787
634,io.reactivex.rxjava3.xmapz.FlowableConcatMapMaybePerf.flowableDedicated,24.27218487139125,24.366513770691398,26.344836504691088,24.375458795494836,24.153584162817168,23.93087361351224,24.168645786315953,25.502732321544208,25.793270138207763,24.599746285695133,24.545556160486786,24.01791375136429,24.116689493466982,23.867712511242775,24.455163246837564,23.82800121888566,24.372339767644682,24.121773458797612,24.472850037976233,23.761804754456147,26.190600826787797,25.951275442306052,24.315940224937272,22.85595766358765,22.75137515642263,22.790018399600626,23.68999675347349,23.368084761908822,23.380158562871532,23.80378759262623
635,io.reactivex.rxjava3.core.PublishProcessorPerf.bounded1m,1657.026162410299,1660.2656230083028,1659.874575160299,1658.2180987616728,1672.771911082672,1680.2299002298278,1574.7544390917858,1583.760196533602,1589.2244282837335,1584.0985338791284,1607.075910459499,1616.5690340115157,1585.4390066764386,1609.8735186771316,1583.412297524826,1570.4634527318376,1593.9826740319352,1590.5652555703907,1586.1189267973534,1597.680393623338,1586.6974247345902,1622.3784003173241,1639.4421666872474,1670.7438532476272,1624.7956624478993,1619.5351448273802,1613.841246436588,1591.6230861453469,1576.6084461391845,1614.5453569438475
636,io.reactivex.rxjava3.xmapz.FlowableConcatMapSinglePerf.flowablePlain,43959555.65288041,43587686.35738967,43184622.61530099,43019064.98987839,43045197.40642831,43069407.2145193,43771957.951933,43241248.145507775,43055268.470489606,43208563.417546384,43122988.25812698,43102114.1900801,43401158.90923496,43512023.501667,43417086.784481086,43104392.56578055,43146113.50388094,43161661.060492426,43207274.80596387,43559854.78911106,43081998.14857523,43140986.24119075,43282556.48087403,43082235.838756934,43139335.08136694,43323811.821418494,43948110.644729525,43289301.38447063,42947584.007310465,42978103.73657229
637,io.reactivex.rxjava3.xmapz.FlowableConcatMapSinglePerf.flowablePlain,4335786.053137264,4335379.924479172,4348495.192608323,4337745.988551791,4335932.8478381755,4470309.601913426,4745353.48748169,4409622.26470266,4324865.047632043,4335309.361473814,4337495.592780472,4334674.635986223,4693489.32152805,4345484.382915933,4341688.190741614,4338688.424528038,4314234.464801033,4356616.21987507,4339033.7205390595,4296343.302297413,4328865.509042658,4328781.97503482,4335066.258448589,4310116.198701556,4375540.436845481,4584826.070627561,4361094.967822133,4368456.692853703,4349775.849952756,4370356.055458637
638,io.reactivex.rxjava3.xmapz.FlowableConcatMapSinglePerf.flowablePlain,555186.990275188,545553.3376550555,546909.30977921,543057.5950164795,544764.0258078905,544840.4583130603,547080.4086619086,545450.578999415,546823.6967454398,547924.53804,547312.4854466425,546993.1746881567,549510.2356376281,546235.4961074934,549895.6953030083,546875.0555681172,551917.2366177723,544578.9067227418,546119.778115026,546743.3994071934,544932.3240638155,547990.2437187921,549004.0231052812,547274.4999743304,601790.6004456973,596458.7192845411,547502.3571795991,547657.9171506109,547082.7414641534,547266.3977937812
639,io.reactivex.rxjava3.xmapz.FlowableConcatMapSinglePerf.flowablePlain,57327.4876021621,57486.51629506347,57624.40296951784,57468.46096854732,57614.56843475378,57482.88230091264,57643.69096392021,57613.679032940156,57699.586896336325,58696.70911030702,62922.807925953915,59688.23152381451,57693.16692368276,57245.27449523601,57635.82257405817,57241.76918265646,57580.363393331274,62471.81242454433,62867.098934852555,59924.69312910118,57510.22399371302,57357.10083958559,57498.24424307767,60243.195044260094,57707.27822563707,57395.09571927781,57698.07790396579,57569.86739434174,57786.58290599302,57452.08026855898
640,io.reactivex.rxjava3.xmapz.FlowableConcatMapSinglePerf.flowablePlain,5732.636464858581,5727.874295136902,5691.943786363166,5743.183853372148,5762.069852112053,5753.876895014985,5681.177911767485,5778.114758150363,5640.171334747156,5647.3240661352,5835.758327615882,5914.381708281071,5838.3537642985375,5657.789654696217,5645.043876338489,5626.918685398077,5642.981417662191,5636.29165904575,5649.861479463689,5667.825498988537,5673.819866970777,5661.649900792112,5865.622717970231,6336.831772538463,5852.586961798986,5633.111293379823,5680.766151261383,5647.064496001463,5658.736981905081,5671.903742121593
641,io.reactivex.rxjava3.xmapz.FlowableConcatMapSinglePerf.flowablePlain,564.4873613672617,563.9577680225416,567.3883910599061,633.1329440602308,568.7936979569573,563.2031025285145,567.1795605861231,566.526226014235,607.7748625654348,629.4716919625961,568.3692544933031,566.627641212205,564.5030059085681,569.0627138758565,566.7653160849768,566.2643303338106,566.3678852987364,566.6707608878995,567.7312836997244,566.1042447619495,568.1124765095975,620.0497161453836,617.5399531137488,567.4677260548474,567.3264394154982,569.0237504823214,568.3604938446174,567.7623744134368,611.4871390101537,628.1437176248523
642,io.reactivex.rxjava3.xmapz.FlowableConcatMapSinglePerf.flowablePlain,56.608346943461356,62.05320644825008,61.797877804660054,56.96750197701718,56.762956361634,56.58231837889792,56.39978876676165,56.576786401608594,56.60977399608421,62.18926350952104,61.25797873440136,56.32232533213999,56.536860834583514,56.64253468450211,56.61740224260537,56.606992426011224,56.537393127080605,56.24061353410217,56.681171527621565,56.66508250315724,56.58933212221837,63.15191942271354,60.48172178366138,56.718748909936544,56.49418849189058,56.85811120891737,56.645685091658265,56.53048402979313,56.616732238477375,56.80626462037532
643,io.reactivex.rxjava3.xmapz.ObservableSwitchMapCompletablePerf.observableConvert,112709301.93483838,111330712.77804759,112426684.5732439,110718914.62338835,113222800.36180453,111355916.17913482,103517986.59592667,100854663.39938162,101399883.3776086,106891497.94872105,108451405.00278254,105017106.93083072,108585390.00878264,102184127.50695278,103391368.58587272,106780999.14557774,108203667.59426418,110635178.98031613,110779380.06631634,112116013.29821242,113537848.51548333,110096126.9869497,112668705.50782697,112402152.80980375,112426965.12030448,111891170.07760012,109332154.49842966,112732845.85060646,112591327.5342023,111313085.2971854
644,io.reactivex.rxjava3.xmapz.ObservableSwitchMapCompletablePerf.observableConvert,1688172.8809041558,1653160.2766976135,1681587.578781188,1611795.3749824995,1631526.2582749526,1653420.6999549894,1680117.5437597306,1678060.5634189197,1641936.2822907544,1642400.269547202,1656394.4909068367,1682833.9523484744,1646913.7424488927,1669049.288615304,1662507.6484010757,1612808.1880285246,1646240.007540036,1700280.8905936598,1683413.272231628,1622795.8932368865,1634170.1483840928,1628871.8643689621,1637866.4647855544,1586109.2523315686,1641322.699445345,1616197.8867316653,1635564.9833329665,1649182.8406122352,1618315.958366029,1593176.728290089
645,io.reactivex.rxjava3.xmapz.ObservableSwitchMapCompletablePerf.observableConvert,164483.07470521194,156950.2715245497,156599.54539184071,164158.13462984966,167308.5516066558,163658.4637380009,163690.40396212632,159736.3459639847,155761.82341156073,165614.7412715048,171283.96156086482,174017.77321589613,172899.36177498635,171478.0730831156,172962.73739707182,171119.94386911456,171151.32884121078,175644.3432036647,177691.65626194712,181437.4815102431,169519.50335235242,172450.25575364954,174977.36640789444,171442.15235986357,171897.60464988285,174527.39571543632,169519.61723981588,171155.70004966116,172649.29094466893,172920.25765978373
646,io.reactivex.rxjava3.xmapz.ObservableSwitchMapCompletablePerf.observableConvert,17136.467227233905,17531.65833177579,17335.027071605607,17161.363107492354,17366.245818676587,17294.99039396949,17164.98463966361,17260.308866481653,16949.920764645074,17379.121085709332,17247.61817257487,17360.30999118267,17670.94905564681,17216.031949307715,16904.512115557125,17173.212022193045,17649.262659531585,17291.771644417695,16803.2850706301,17170.46496043254,17157.93287952249,16964.663303284346,17040.93960332785,17347.109173902594,17627.25689344758,17180.055337477213,17399.110279096767,16900.2256453095,16076.576949638149,15554.830447853456
647,io.reactivex.rxjava3.xmapz.ObservableSwitchMapCompletablePerf.observableConvert,1631.3689033083863,1626.455838296637,1579.105992300671,1583.7159336241336,1678.7464438158725,1667.0767478908667,1721.0357312163712,1722.9060631929544,1761.9236523242976,1797.682800667505,1709.579146063297,1731.023610939179,1757.1519071177258,1758.6403422222525,1775.5851700367243,1704.6617576047327,1730.5719395696035,1752.0556700267464,1729.0384678757066,1755.1635662715119,1691.832195623677,1723.6235519981258,1762.3307548958282,1755.791227644077,1763.1637702133908,1695.6580281671693,1733.7859216097506,1748.7530201134634,1771.0494458835044,1810.6145382709476
648,io.reactivex.rxjava3.xmapz.ObservableSwitchMapCompletablePerf.observableConvert,174.49617109782326,178.21139781280692,173.63943060313593,174.93510449921902,171.3825873736828,175.05508364324356,177.2827256155367,175.0005249270007,171.7519573689354,173.2463149485761,174.64068151308524,178.04688263273434,168.53133172519938,171.702376937697,172.15912816292854,173.74860366660062,169.92667392137614,170.37503438785927,168.47480540232866,169.72658133996254,171.02851680666558,171.4235562359516,162.197230919319,158.7428540381721,161.84335586194513,165.73332579772523,163.9460979658569,161.94513606485881,162.96886463544254,156.77153543047336
649,io.reactivex.rxjava3.xmapz.ObservableSwitchMapCompletablePerf.observableConvert,16.670891969612413,17.026165415625336,17.23380655454456,17.152936829311,16.67484031373504,17.083864557288123,17.104684179339376,16.787355474718932,17.05911343510741,16.304937050440934,16.635121860188878,17.194582179734486,16.64040012135746,17.29149003189453,16.920828997835397,17.78329641326699,17.17670573913312,16.89216556712994,16.516066838078117,16.57829832290911,17.280808022933858,17.302267015501645,17.474449008706884,17.05103084611999,16.97471726199488,17.062342289571028,17.567462270941984,17.483879122812223,17.087576197489366,16.995838416001295
650,io.reactivex.rxjava3.xmapz.ObservableFlatMapSinglePerf.observableConvert,108239233.52219263,109007691.4037778,107584916.62938413,107150682.28246929,109489062.88280879,109631058.094545,108785954.92515594,109626411.10700814,108842000.05184779,108219563.54486296,108886914.27459311,108658502.58127797,108934132.16718267,107589944.73280653,109636033.87399925,109918269.8732666,108822561.08298866,107922474.24998508,106856555.10731545,107465082.12697822,107896117.98015437,108599866.80511904,109343802.39750075,109901151.11657862,105785935.26547189,107371606.70357132,108150596.41527559,107149307.04495353,107100441.26339962,109303473.6386551
651,io.reactivex.rxjava3.xmapz.ObservableFlatMapSinglePerf.observableConvert,1299296.900639791,1277782.6597817421,1301277.293140675,1300947.9067414352,1299080.1858839802,1301237.6160573475,1309176.7893136977,1297810.3747160528,1299786.7595806094,1304469.7699238986,1334492.37219614,1345113.297665225,1344205.9937465298,1317099.5718872661,1314090.5446918786,1311510.3192731994,1267968.0229663209,1306794.0259636075,1329699.7304111905,1311927.9297254274,1312305.4088429022,1279695.6972515718,1319383.1088729529,1319656.4137967674,1289391.2284322057,1311535.736877748,1283557.572264108,1319835.3635889904,1307649.6432676516,1300737.1034901554
652,io.reactivex.rxjava3.xmapz.ObservableFlatMapSinglePerf.observableConvert,137304.4437128127,136484.24284171575,138668.56349896803,140126.21682425126,143859.58685146595,138164.34020247357,137393.46556677765,135187.20352501154,135972.0207046018,137299.70389373507,134861.8353296273,134150.78522261002,134947.1573694384,136420.0566283778,136828.01433677037,137040.8019186108,139479.69328618838,142487.75207551516,137389.03907470443,135011.30449065534,137429.5397121972,137595.60630009547,135607.50632920026,134438.06496274608,139477.90464976366,138125.44876646315,139808.7996718874,139651.2608491052,138071.77597015773,143184.92194674315
653,io.reactivex.rxjava3.xmapz.ObservableFlatMapSinglePerf.observableConvert,14286.69156763947,13984.705114199362,14122.359829129446,14164.839842957503,14064.292959864322,14186.03517937538,14186.450283477001,14061.533508591858,14056.33152304176,14706.809366127338,14577.073962222403,13939.287307647084,14062.526922179848,14239.603664464663,14174.397907470431,14128.155720532352,13768.992302529346,13988.74298482514,13953.513538657502,14039.513320270753,13893.903632064394,14141.774841478384,14471.13370005218,14484.634301770224,13994.424899488713,13906.071394270504,13697.747916258471,13895.915187589051,13808.118517330091,13743.11833251119
654,io.reactivex.rxjava3.xmapz.ObservableFlatMapSinglePerf.observableConvert,1379.4113610310844,1380.1924176719945,1407.1910199545384,1412.4523611456318,1410.4247723608403,1391.3991312421688,1379.5852097720742,1368.041801633467,1386.6101171270966,1391.4647925480535,1404.849669846529,1409.9502934165016,1408.0245009134242,1394.4669190028028,1393.1219751233248,1359.0398994678214,1393.787621611157,1375.6527508543656,1382.2424440593816,1363.5588205436131,1370.4292956832471,1387.5932672739034,1372.5048469163974,1353.80837654715,1357.4398130953716,1377.2676792296,1388.8960661295794,1405.570685301023,1419.8985865832506,1390.5449691886424
655,io.reactivex.rxjava3.xmapz.ObservableFlatMapSinglePerf.observableConvert,139.16183190464594,139.21525709960943,135.29872088758395,136.79799368587592,137.0654826052401,136.67098183178368,138.3922724781757,136.70381014293855,137.37462742296304,137.8526794606613,134.97066083199616,135.24631287225677,136.39730002281348,136.8464189062186,135.87658845801394,137.22604578788656,138.35754751997968,136.1638621121881,136.4258542480624,133.37445022118496,135.02727297738005,140.20375176847395,136.05158791796515,136.79649114324198,142.10003938367183,137.26194908832562,139.73761230982643,137.87933269592185,136.25759436550777,133.29991935424513
656,io.reactivex.rxjava3.xmapz.ObservableFlatMapSinglePerf.observableConvert,13.740652345851917,14.154380493759163,13.54955573721488,13.75856808685391,13.717760910244769,13.580374428984905,13.847559241028057,13.692454705936871,13.86541343717955,13.653705211786146,13.74956613121309,13.9169297627446,13.894797348201745,14.313146835676406,14.14548856221681,13.651595568115201,13.561964837238918,13.685348773816358,13.590119350321045,13.592420373965505,13.733836746857692,13.724632594918559,13.82699571700709,13.799458377567005,14.165436816359552,14.138594121221013,14.382637606654773,14.11976415965014,13.85031821219863,13.916421991365812
657,io.reactivex.rxjava3.xmapz.FlowableConcatMapMaybePerf.flowablePlain,43329898.83634134,43219203.4080168,43260006.212576084,43531958.326420665,43233958.090758294,43349175.513052434,43119229.284811184,43601953.345323145,43540923.49595799,43352274.814325415,43159362.83687713,43091760.78820179,43171718.30144801,43031025.25531693,43183410.409611925,43644404.84293521,43482606.55179271,43027151.23074224,42862381.05114216,43427846.869983606,43112715.0544504,43083040.2424898,43231335.80700857,43200876.72359322,43148961.49395135,43264318.58063136,43129384.938966624,43171232.52551833,43336657.060531296,43160957.99750202
658,io.reactivex.rxjava3.xmapz.FlowableConcatMapMaybePerf.flowablePlain,4680372.692025229,4415927.940997212,4364116.659884776,4343543.594339234,4339953.115231031,4371929.352147991,4373064.42497904,4458768.015935286,4659942.893498042,4712703.585874865,4354744.009803955,4340752.728035728,4344271.243867296,4694185.380180466,4398822.461050499,4351476.259421628,4372525.409914864,4374930.256982031,4364590.984382721,4330456.615743824,4461659.256958739,4694561.418846348,4473298.789199915,4367550.161559449,4364170.720253339,4375069.478738244,4404706.072697379,4392203.377372676,4374215.046670554,4376233.900855496
659,io.reactivex.rxjava3.xmapz.FlowableConcatMapMaybePerf.flowablePlain,547552.4494803085,584777.6178183192,615132.5339199923,553947.5176511235,549213.1893745118,551376.3910447472,549681.7900728857,550256.662716961,548058.910916543,550198.2427296719,547193.3183150272,547467.5820527509,549161.9560181578,550667.5667447502,602395.5043065271,599485.5360016429,549081.799463775,549684.2078530759,549870.7311202711,550779.7708844029,548247.9192772083,546968.0636287008,545862.9656326702,544780.0012479181,547824.4804778694,546042.909563993,547010.8697736317,610349.6866727863,589584.944692702,549063.752077898
660,io.reactivex.rxjava3.xmapz.FlowableConcatMapMaybePerf.flowablePlain,57617.462181260766,57893.4911047569,57661.95963662826,57398.131394077616,57584.18200978977,57725.512476866614,57743.58998022394,62085.26546185352,58722.15175851785,57760.064749026584,57472.10123594545,57647.999023722405,57518.251716297294,57407.998247524476,57955.37278699826,57674.52006965096,57824.76986521523,57733.13928239338,57418.09219393701,58101.56252324903,63102.76279671465,60269.58482785703,57681.38272468989,57864.905637605356,57712.97015624418,57485.74071736384,57697.24234562652,57562.01196500421,57328.64688835982,57219.56487609334
661,io.reactivex.rxjava3.xmapz.FlowableConcatMapMaybePerf.flowablePlain,6262.41297393265,6085.521744931588,5781.537361380342,5744.230141043807,5773.484066224564,5742.735690795786,5727.315660233706,5710.5239764318485,5646.515856437437,5680.486762340536,5651.572475496946,5617.386502750489,5816.9873264933185,6313.067995458762,5940.481675152398,5666.493647794126,5690.767008617133,5661.186405884787,5653.345020405971,5661.456307704946,5653.536636137303,5689.860086340477,5668.006948976519,5698.571797917961,5832.972398374611,6266.952577969842,5918.990133043449,5680.757152588642,5701.588333919114,5697.167730315148
662,io.reactivex.rxjava3.xmapz.FlowableConcatMapMaybePerf.flowablePlain,563.1962676751672,562.0666203668198,556.141965267159,558.4841734062427,562.1285248402693,585.2341771865881,628.9648226493963,579.988153247832,560.9603339338272,561.7423647288102,561.8159996419573,563.8300137083171,563.1032962916796,562.7660710878685,561.2936775781282,564.4435388217044,565.1036738051785,561.2250845359514,598.690804936409,628.8192597378121,565.0163590653885,566.621966822395,562.6324625943402,563.2118379746672,565.5095607024616,567.4132753812045,564.2734443344422,566.696989386563,566.1813900343072,564.9001166209796
663,io.reactivex.rxjava3.xmapz.FlowableConcatMapMaybePerf.flowablePlain,56.0642936112787,56.455988961249616,56.558209852960694,56.735887521807705,56.469392356922825,56.64104440457551,56.62485698163014,56.76897038674148,56.879169191960415,56.739344727082845,56.56514021203215,62.07793244523113,61.516990795904235,56.846562997411475,56.60031961644414,56.778297667540954,56.78869545418279,56.701352220114735,56.969272995947634,56.858403017196544,56.539369516099626,56.641114534961595,56.8244963497095,62.454464313759495,60.92249340652804,56.50530313422277,56.08050328304416,56.11233992869705,55.9336227309009,55.85365008774773
664,io.reactivex.rxjava3.core.BlockingGetPerf.flowableBlockingLast,23160052.249355067,23245886.643074457,22789248.34747597,23125605.866454974,23117937.082926825,23072644.69065588,22695755.929719895,23043125.904928386,23097137.27810956,23097219.43977968,23074082.83936384,22996923.355989814,22881018.807996176,22836568.96733264,23283236.678530894,23606732.336624302,22798359.23654501,22696469.167237606,22829923.24732813,22974809.59879814,23002752.787095863,22855093.472523488,22631160.717792086,22766654.210571256,22939722.83308062,22860484.748990305,22918252.10392773,23280380.259579144,23595218.151014473,22671066.72899056
665,io.reactivex.rxjava3.core.BinaryFlatMapPerf.completableFlattenAsObservable,24541965.839504503,24205683.399867743,24121029.513149094,24876264.843991,24522033.730139237,24624517.78085868,24778132.402358588,24517020.685035132,25207118.283367906,24285830.383191247,24272019.96655525,24346524.25613341,24885021.453534666,24893828.412986975,23899877.359073006,25504299.911461145,24548547.17027944,23985150.835577738,24355639.06362186,24323023.276625995,24510773.979622703,24721498.96122082,24534617.50529181,24827871.769510034,23229762.360180404,23659621.18160885,23233837.37574794,22440586.308811773,22727295.498755082,24279779.66088611
666,io.reactivex.rxjava3.core.BinaryFlatMapPerf.completableFlattenAsObservable,1084840.3928175825,1111389.1137749644,1095963.3193682225,1118943.8051873979,1108278.2209084744,1147778.369869675,1143989.7794483895,1122753.38628325,1124860.5871474913,1139428.7250052672,1161443.5477671605,1139224.3092893069,1118336.5225555692,1136297.8000619905,1134472.2433655823,1132470.0845492433,1139411.60451114,1156499.5357809186,1129168.16974843,1156326.6373496368,1144579.0804571807,1179502.929313797,1145129.2892186875,1147180.761243,1148727.5967375012,1150467.8634074584,1139156.752273157,1159812.3318671056,1143950.4025116523,1146579.6276533576
667,io.reactivex.rxjava3.core.BinaryFlatMapPerf.completableFlattenAsObservable,1149.8570888618538,1141.4982281993357,1156.2550052437864,1171.244035763289,1169.225281851273,1159.5597012667126,1143.0923321060604,1154.2099767430088,1160.98671633569,1139.4829129094678,1170.2709446069289,1162.3617343856697,1169.9955352970373,1177.2203152130312,1155.6603271609806,1173.012934249101,1179.2253774625733,1189.816932387149,1182.8547548989366,1131.1982598397437,1149.2544820652477,1127.8291113330508,1071.7490413879666,1079.7839071657945,1124.3641945352742,1112.340782358743,1099.4775052005011,1142.7224464304313,1116.286882450884,1106.8284205650725
668,io.reactivex.rxjava3.core.CallableAsyncPerf.observeOnFlowable,329963.5531790723,316748.93942018616,275440.3567091764,253711.96151137116,301236.9508795832,277392.17782157444,274829.3348019537,337189.12930041703,455769.65100407746,291196.41724529496,268204.68324330024,266079.9633207879,250478.93727841508,323071.2574631599,246264.08687455326,261615.15672972804,258068.26795847033,297988.0738631992,258556.52965425898,300352.2333645345,282509.8459752248,275019.8454110048,255432.92393744944,305415.83463291865,308920.76716764824,335510.9383238773,311605.2386075706,315549.65039131994,241522.9598039284,240289.15256347237
669,io.reactivex.rxjava3.core.CallableAsyncPerf.subscribeOnSingle,263310.35546795995,238953.8361430812,279704.4412671792,286817.20730807935,255075.17559435184,263065.3136594336,295665.6173472991,310367.7606473589,273182.7354318989,246659.6003746882,346752.29402292205,266939.70854186115,365204.3868922231,249243.03574323477,268362.3939913095,261533.65446108615,258480.55788905572,291761.56017087866,290670.6581357182,262908.1853624015,232133.44972011857,310681.45290244,269172.8448245574,263584.73217817966,243103.29471411958,308927.9236966688,252019.52559143247,265477.76716773136,260425.76917365802,269123.3350982931
670,io.reactivex.rxjava3.core.JustAsyncPerf.observeOnMaybe,262455.221831441,222641.40570165153,272829.1295877498,237545.1501220855,205630.73740626284,229519.74143264143,209980.9274907346,203357.4700795979,222431.03924305792,258285.6449392554,264798.6899499977,272509.68153144006,265546.69539035804,238418.39287623635,218520.99076864636,247219.45907297576,327530.2923570905,207107.7029684664,207388.41215354635,233848.66997643947,248497.66751012087,217485.63441086048,210891.14985194235,262420.31536730664,250568.65440732636,215611.9922581189,231190.58892469664,296662.8279298649,294797.6911270756,228014.47650582716
671,io.reactivex.rxjava3.xmapz.ObservableSwitchMapCompletablePerf.observablePlain,97949005.76681872,98532362.83807723,98307149.42306735,98424524.49019407,98654178.10975046,98238917.13336188,98145122.0680324,98000938.36957501,98355224.14656515,97961601.03683193,97561458.5870214,98320754.03364995,97871505.82469967,98207587.19423757,98397363.8931325,98167418.20582716,98334560.80627681,98429494.52240415,98527384.35466327,98564451.00712839,98391851.35906884,98268228.89192203,97941829.82980625,98681934.26549125,98445340.10645857,97687993.33742915,96477816.55165347,95374732.14030688,95673374.11139256,96084588.25590597
672,io.reactivex.rxjava3.xmapz.ObservableSwitchMapCompletablePerf.observablePlain,1463341.68493658,1451862.7970162279,1453656.608312844,1464632.1676988967,1464625.8762732015,1464535.2728630314,1467413.7563127335,1485284.316581431,1480696.4095293556,1466618.9675882075,1464494.6419643413,1472372.6227564102,1471326.7220951812,1474645.439361653,1485013.6757035244,1480810.4288054106,1479902.237447938,1479822.3520789037,1491045.9426211778,1490807.3746851175,1482184.2255258486,1478745.9132416535,1486524.1165579527,1494318.803754188,1497783.8291031655,1458954.1070566608,1461665.8579377092,1459376.6075744592,1462622.280919103,1463200.6162420146
673,io.reactivex.rxjava3.xmapz.ObservableSwitchMapCompletablePerf.observablePlain,153482.08063160357,152666.088909117,153306.18066690455,154095.86754946937,153231.73434069043,153115.53883773967,153510.9195519567,154695.44240282173,153866.48166557768,154631.87331757304,153463.72551084246,154021.08102873518,154765.63228655915,154490.21216354816,153546.41930756133,155179.66159832434,154802.72977168314,154180.61186316708,155465.80100693085,155822.4853735315,155756.349938406,155284.40041298245,154486.36868235984,155396.68368036053,155026.10909761715,154335.8305996324,154812.49714448777,153882.96146185914,156421.29437286168,157298.73264125324
674,io.reactivex.rxjava3.xmapz.ObservableSwitchMapCompletablePerf.observablePlain,15631.193024028942,15373.392873968622,15513.063259188157,15524.586206983302,15531.721695620983,15520.247857748318,15713.262765137586,15612.576774268804,15730.250941180431,15775.181015702388,15804.06024316576,15743.469271907376,15801.701858588913,15767.977620099091,15638.637859003842,14870.949117403268,15672.667149367617,15928.28809243921,15792.84630099202,15697.381334806832,15727.029579518865,15806.48346275065,15692.32697825154,15797.49239790799,15783.02194191328,15802.235905765014,15724.12245245005,15780.660758444074,15833.01342910022,15762.263744660488
675,io.reactivex.rxjava3.xmapz.ObservableSwitchMapCompletablePerf.observablePlain,1515.2704109345686,1560.5542495263824,1581.3394713401424,1580.7271696519724,1569.8208614622151,1576.8102277354715,1577.2812991577885,1584.1285027930878,1573.6660963803379,1579.6444915293143,1576.573807955643,1591.8270798243186,1584.5422447599958,1583.9763457826798,1581.3056945273981,1607.169411633729,1581.0117332807022,1577.8481668266027,1579.9311070890856,1572.387853684682,1575.0830118718163,1579.7676114450535,1584.1855290307017,1599.370869875255,1570.880622497974,1583.841075802613,1578.9228917216599,1580.7165095590262,1581.705359925553,1581.8270351228446
676,io.reactivex.rxjava3.xmapz.ObservableSwitchMapCompletablePerf.observablePlain,152.90974089687262,152.95862775036608,152.56738328444106,155.00480128365598,153.04310837183647,152.87466158108688,150.9729974285584,152.29155809900197,152.54632767912128,152.56182291667,153.65953733143243,153.54638314086398,152.4756104547922,152.51591053454968,152.61193242636088,153.40074933018732,153.18863989214995,153.14400632411557,152.40246847891868,152.55496710761855,154.92483728564184,153.9471608699218,152.74312455576458,152.38816046899984,152.1888192874489,153.07050720383702,152.52975412369125,153.58053148399847,153.48976976780716,154.28575876551645
677,io.reactivex.rxjava3.xmapz.ObservableSwitchMapCompletablePerf.observablePlain,15.831528614106174,15.779495437220824,15.849766121544537,15.644831535124219,15.779115546096273,15.824607926398546,15.811525977882601,16.072473711044193,16.00702905179354,15.792806761272494,15.850935252881328,15.776116259343729,15.83159622380611,15.826110734909072,15.768596601761782,15.887165190380637,15.703845064773173,15.801612134392952,15.7724215122829,15.812866958702779,15.887370064585387,15.59872007159251,15.546177147137861,15.472354749360603,15.28714735532045,15.251573503885172,15.24266060366469,15.334403852345739,15.184320747077388,15.314485071032683
678,io.reactivex.rxjava3.xmapz.ObservableFlatMapMaybeEmptyPerf.observablePlain,108951347.52804524,109400847.0644665,109041116.13861156,109849494.22904445,110286564.36835548,107256183.75773448,108135389.48826961,109865802.58864167,110279641.0218951,111631404.16766833,110929536.18308826,110832718.04370372,110729637.86034869,109790722.73985052,111064101.69473812,111092706.62733199,110747839.33582497,108801597.77210605,109200845.67381494,110857556.45241342,111553166.50605023,109169006.61496256,109027083.64976132,108336319.93214963,110971043.2877453,110846247.3765278,111294053.79613042,110960401.0328132,107267632.04743108,108737428.74348183
679,io.reactivex.rxjava3.xmapz.ObservableFlatMapMaybeEmptyPerf.observablePlain,19264880.602762785,19317513.602250185,19004637.271447923,19505361.786291514,19364978.33773839,19201761.746818334,19480308.77571463,18998918.84569499,19134133.99413903,19695728.602091122,20239634.21809995,19045166.099683285,19198786.537582073,19048495.728153866,19098156.43028393,19230275.897848513,19454114.639936548,19369441.43550715,19268441.0683223,19176971.44751361,19250440.90456011,19283320.499918833,19835523.958544724,20290758.613937877,19395332.06703537,19128334.34371382,19462908.649036396,19327355.42025912,19189157.132227603,19023281.374258623
680,io.reactivex.rxjava3.xmapz.ObservableFlatMapMaybeEmptyPerf.observablePlain,6179594.782158167,6225240.465196989,6199497.159687547,6309676.85397358,6174331.612884987,6279912.84116583,6285564.491962656,6263455.63656499,6164506.854526019,6319548.051974617,6217109.921992647,6296479.721932325,6270610.012452516,6403004.277466934,6397242.14142147,6453711.29907956,6337742.742436659,6248075.220685822,6182781.920916085,6211601.022316373,6142736.254636587,6083739.721650001,5993485.718562234,6115977.588181272,6127656.151865595,5981616.203946442,6084088.9449998485,6123777.515843092,6304983.576201754,6188033.681425526
681,io.reactivex.rxjava3.xmapz.ObservableFlatMapMaybeEmptyPerf.observablePlain,788473.9877417171,774859.9424062051,804407.2808077607,796804.6847790835,793385.5395458812,791760.0932176231,797388.0842405588,806261.9278413483,811007.4864044081,796700.5477149647,803595.6553966245,834188.8149408557,809407.9617741104,800840.8490933692,792748.9902224789,809420.5010558995,800212.8343726147,794125.1065847694,802334.4341141129,795061.6238229891,799263.8435917242,792189.0567981149,785021.5606715167,805577.6247565403,781159.5730825345,784505.0380978644,795969.9056657103,774183.4055660794,781466.1532350957,783437.9392341668
682,io.reactivex.rxjava3.xmapz.ObservableFlatMapMaybeEmptyPerf.observablePlain,87162.74353089547,86050.88143000609,86603.04482286723,87256.83007422449,87102.03497005843,87748.68738334402,85655.54231426689,79974.31334410346,80903.21652483546,87007.64559922148,88485.30929552835,85782.70572710471,86797.94513932843,88126.9471648976,86726.9256075827,87280.14858215058,86600.52655492132,86082.67033780747,86929.17699540194,85415.35190846024,89816.35064303291,88602.27531838941,87714.154465115,88514.96146284865,86248.51806198823,88490.39927171373,86827.68483568676,86795.19465983806,86930.7848442594,87541.49638088366
683,io.reactivex.rxjava3.xmapz.ObservableFlatMapMaybeEmptyPerf.observablePlain,7113.736279568644,7263.291698320163,7179.158357875058,7229.853768977669,7164.536089123693,7335.756383891751,7274.981720808539,7273.519824041776,7101.951936544916,7099.914444381197,7249.89836367484,7187.289029641038,7176.087340159017,7240.693648533319,7257.572739435257,7245.999197082897,7146.016865291707,7144.089900099447,7120.267495361148,7041.177815748811,7249.894448477687,7159.454700132765,7034.241140820548,7098.311892726255,7131.968227081548,7160.574676185384,7132.584344104976,7217.389868965942,7144.64499020719,7187.186176870726
684,io.reactivex.rxjava3.xmapz.ObservableFlatMapMaybeEmptyPerf.observablePlain,693.8500583085495,833.9669251394174,881.5663486974123,885.13611511787,887.4941833401355,868.3760136529974,860.9243677942893,884.748939217263,879.9612541373598,885.9132868074873,878.8494847218486,884.8236245676204,879.3416834866828,871.4798450537618,880.7913123527816,875.7979840580073,878.7577835983179,869.3699363098385,880.0717170741927,879.3657179045041,889.5041708061009,877.9104689345571,878.0056384203592,876.9975943955985,891.3754141386885,888.7076436238923,891.6315270300341,858.6602899468089,869.061616814259,871.7063238828965
685,io.reactivex.rxjava3.core.BlockingPerf.flowableBlockingFirst,25918461.804889813,25849171.354059633,25683246.889684822,26027410.518390827,25951916.348320663,25682586.675126888,26031901.06560758,26695026.36546166,26664864.5395537,26200352.58084632,25733868.754000798,25788666.02824649,26115724.05729861,25652786.15759411,25950275.85090189,25777213.364601012,25683604.30201659,26020623.23202619,25967537.27828047,26323675.49909507,27218895.757081226,25903911.450220168,25777113.405077524,25619999.849443145,25687704.08683542,25902979.42775195,25628151.170067582,26153288.83719246,25928574.987967145,25926145.883458138
686,io.reactivex.rxjava3.core.BlockingPerf.flowableBlockingFirst,22829645.457672454,22002632.76881033,22549960.169937335,22449276.2711147,22413314.42048803,21922921.494198907,22084697.59558848,22695426.297077518,22386237.65254679,22748252.48847217,22424478.303344525,22378650.418053124,23298468.567380175,24063276.151920635,23253128.55033844,22655404.058043208,23752044.320378717,23540856.901322164,23257521.69002675,23149330.775408607,23186061.19914524,23175876.874003757,23311185.890724543,22797693.63098626,23284947.122574758,23117768.969113857,22954292.76329592,23622851.50210992,24154948.342899345,23283847.285431508
687,io.reactivex.rxjava3.core.BlockingPerf.flowableBlockingFirst,22810827.727601863,22911376.16990126,23347468.729129847,23075328.70101202,23362529.743222844,23453923.818259202,23138821.696785767,23355568.493505467,23135851.31514515,23287732.392509863,22884842.160124395,22900063.499329332,23239878.124348894,23040275.474215977,22915426.765698675,23071347.17335733,22902961.34717966,23383866.207059633,23134493.35015503,23291098.432923008,22783500.649735443,24255213.75880493,23347312.972687498,23173837.731219053,23309697.112722214,23026889.65297593,23002637.069131803,23278527.78757837,23468063.046639867,23502155.91077746
688,io.reactivex.rxjava3.core.CallableAsyncPerf.subscribeOnFlowable,346182.8068511019,277994.2638262147,345017.2792129154,304658.0077142443,257253.4979524789,277650.87194993376,270671.5986318078,264018.5952753361,288074.5472233888,289623.98588944064,274555.0891103933,278135.6163337932,266449.06776130665,367940.52878049144,299511.283622624,289646.20357203146,260853.80621660856,329712.74088327185,280032.82246756344,423039.1899502891,266443.7150428931,285407.883570607,266031.71606483485,267477.84800949576,262997.63241231145,265297.1318376971,293527.2255433894,304528.3335195429,257648.28150682157,339583.4938738152
689,io.reactivex.rxjava3.core.JustAsyncPerf.observeOnFlowable,215971.5842352771,264890.0955742148,214763.16878642247,220306.2496860014,225630.44884917117,250099.53428891243,238059.6730320707,239472.11304770844,470228.41163779015,235327.74861075432,243235.00650741087,240177.89763726958,251839.00238992614,221911.89431613978,274584.846722637,279303.77832150774,240234.38788614952,293072.77092420997,233347.309465943,215993.4911025477,277957.92782390304,263884.37847108545,222097.89586143015,226458.73855875863,227744.03813701883,272880.9169415584,260353.97552143203,218090.81608486036,219778.68248975053,287041.29795224714
690,io.reactivex.rxjava3.xmapz.ObservableFlatMapMaybePerf.observableConvert,97757746.81548843,97648180.18061076,97423067.93331182,97172340.90084608,97819167.56513569,97266386.1559484,97949268.56685992,97213203.0581846,97758504.5450119,97981214.09949389,97892537.50264245,97501792.37274481,97663394.7115518,97749323.62648363,98195119.18506417,98012344.3937438,98136770.74055232,97082607.47044045,97680946.12357108,97842274.7023888,97383455.16282149,97964640.65751173,97844032.23054966,97608169.85552214,98088389.36498655,97808171.76376247,97958125.99836479,97609678.67951113,97701759.3567224,98028922.75017565
691,io.reactivex.rxjava3.xmapz.ObservableFlatMapMaybePerf.observableConvert,1174922.2768162412,1183468.1473736684,1208504.1993919243,1169012.5352509648,1158172.152448887,1162783.4060873224,1163592.4294535348,1160013.231901977,1169811.2847561545,1166581.9814213503,1158590.9863522374,1161724.6409642312,1161840.7054757506,1159049.0523370826,1173623.5509817104,1157075.1342757693,1165717.702406717,1158202.0017036644,1163819.9640851503,1160625.875131322,1162722.6959721881,1157375.6242058843,1161917.1493364875,1162613.3130111184,1161961.9369000988,1160249.8995199157,1164315.5472783595,1201591.3146372726,1195120.9754684365,1159327.0869746972
692,io.reactivex.rxjava3.xmapz.ObservableFlatMapMaybePerf.observableConvert,122673.96562946288,121779.10218809386,122641.89137399707,122937.54713108864,122860.00607129438,122853.43502707021,122732.53233906983,126578.82186889787,126873.68306782379,122695.9799495072,122586.94775374985,122373.59765811772,122637.33877880586,122740.80508740753,122637.82813981039,122168.6269279419,122550.8266246596,122772.95633563948,123170.64203218628,126442.78495779097,126932.24002531913,123177.3937959331,123062.04563855605,123346.09233890743,127422.24929665451,125149.49083581909,122868.592280044,122929.27573895894,122819.45531968438,123137.16822371293
693,io.reactivex.rxjava3.xmapz.ObservableFlatMapMaybePerf.observableConvert,12809.89139774073,12801.128051162796,12535.063405132496,12506.157160044357,12531.425689522051,12729.326796823023,12511.384790187098,12500.74327865318,12472.010021732514,12506.84675616746,12526.119814612866,12516.204094581626,12644.931414780931,12756.20217913348,12765.529003041904,12490.058340665411,12550.975012074663,12955.656705690128,12740.720736142184,12516.368111155909,12528.637936598085,12488.54052161713,12542.848482390333,12514.847107254785,12555.06742214695,13046.548441020452,12784.467578063244,12525.756442900349,12560.839290523681,12507.880944907622
694,io.reactivex.rxjava3.xmapz.ObservableFlatMapMaybePerf.observableConvert,1253.7883467353993,1260.5004762662604,1245.662756739217,1260.4383650502323,1254.0385336723875,1265.7119543362799,1274.7739583564783,1251.5354875976361,1253.7171927442466,1247.6573546130453,1296.9934617390502,1264.5387089243716,1250.2292761590434,1252.0028911254758,1253.4879075711683,1253.1808245181714,1249.6615753997812,1249.766091278824,1294.5451641456677,1259.9421538275885,1251.7537837859907,1253.834906304052,1252.570105414121,1255.121684671892,1250.3650171304305,1257.4148079502836,1254.1848124806927,1250.8445750564817,1252.2871668374569,1256.0364868746994
695,io.reactivex.rxjava3.xmapz.ObservableFlatMapMaybePerf.observableConvert,126.22333883429552,125.07477002013152,127.24413535284343,129.26285530033587,125.16330931122282,125.23482984213962,124.7379730438027,125.43325542375189,125.5545964501935,125.27872266243901,125.62009130333433,128.17038526693383,125.60519461216518,124.63945669002733,124.10733047374026,125.16484346472923,124.24075517856564,124.05738260536477,124.18329786184795,124.45281841771565,124.5959049542367,124.36851884556167,124.14784336817223,126.19777237123114,127.33643899281115,124.38817202266031,124.31137131596078,124.5458418440738,123.98011514870407,124.25835036741356
696,io.reactivex.rxjava3.xmapz.ObservableFlatMapMaybePerf.observableConvert,12.461138836207773,12.482669086245789,12.459988556631494,12.516868670986172,12.793316576174913,12.502481153449752,12.460920420825834,12.488349270732517,12.468763003151405,12.467599549943824,12.38745494537322,12.386753038415733,12.41761339769092,12.425677898509328,12.492182308229514,12.7192215934225,12.57457778959212,12.462574397770465,12.42502739663584,12.491553895888842,12.59216025314721,12.361377151323088,12.352229166035238,12.421778887829557,12.49703519856294,12.417989306070837,12.469192115259066,12.546710534702274,12.851663033717369,12.466033451045389
697,io.reactivex.rxjava3.core.PublishProcessorPerf.unbounded1,116628774.82821447,114728359.54421113,115027345.8662585,115606223.2353432,116791494.26509199,115397428.39355682,116284758.61723347,116233237.71526447,116697875.88487947,115928610.77628148,116895073.16316593,116245753.01331684,115757123.7719541,117522757.51185189,116452285.34444956,115308451.03208098,115065573.84275791,114736391.0026363,116386597.37737142,117936183.49351874,116357345.6001984,116297371.26499669,116862638.3844937,117473453.67456473,116778119.02685045,116144430.135952,115615999.57095364,115579273.35538448,114550863.21969394,115098404.96595404
698,io.reactivex.rxjava3.core.XMapYPerf.flowFlatMapMaybeAsFlow1,41335861.10980957,41668928.61369573,42157248.090311944,41420612.7728155,41507528.2235408,41346676.849961534,41420955.450648926,41447824.14753546,41135758.81838956,40917170.33455158,41187020.08336788,40910836.522262245,41234328.9170368,41054473.075713746,41071665.19987955,41119066.78384962,40993670.42979609,41094531.929169506,41150049.01352539,41363440.67775359,41639594.662722655,41219469.13703922,41248784.23751106,40854862.95062726,41047927.336530566,41304197.95394027,41200598.100078285,41247835.62557995,41359613.148313396,41109612.30138928
699,io.reactivex.rxjava3.core.XMapYPerf.flowFlatMapMaybeAsFlow1,1021149.7585946848,1019768.6304192276,1015291.3134259287,1018484.4057252116,1015078.1958866818,1015058.1727010127,1022167.0641930798,1049309.956560728,1040958.0090079755,1023403.8915610696,1018269.2977396308,1023716.2746877888,1003872.9032969872,998488.42618654,1003440.807751401,1011357.9366069757,1016361.0423849168,1012923.8332834854,1016960.8747917243,1013581.5885020664,1056346.2073340286,1026569.8781475759,1019739.6577946288,1009900.3688938195,1010204.3454129946,1022743.0322423619,1017824.7130094636,1025884.2715174985,1024070.2205271705,1020881.7871861522
700,io.reactivex.rxjava3.core.XMapYPerf.flowFlatMapMaybeAsFlow1,112686.47552532118,108495.67460757328,109264.54997183464,108544.70759953797,109036.35575933648,109233.78827282556,109122.47050752825,109829.08605171787,109374.96665808921,109521.61434227577,109588.97041484778,108588.18435402084,108545.99284766383,109337.13887586126,109463.71938394693,109692.39324856074,108534.214292355,108837.61329997795,108760.8160297567,109080.7274690952,108500.18053048101,108722.60683219777,109308.2166115673,108437.69846480733,109691.22848615299,114181.9382059122,114400.18501061309,111185.5174395912,109168.66904134261,109752.93309069151
701,io.reactivex.rxjava3.core.XMapYPerf.flowFlatMapMaybeAsFlow1,11031.649149430452,11037.86338705558,11053.143712974555,10985.202364456316,11085.448032745415,11087.695621311717,11414.363886903411,10964.08376441206,10942.705127816815,10980.758735032592,11231.619858551781,11026.602080468045,10972.270684139896,10977.666674561042,10971.639109874759,10991.811813316624,11060.292594745933,10990.89185431968,11017.818163504717,11039.400924830012,11016.92302967231,11045.505012987502,11071.088395510425,11023.886278817025,10963.986850867072,10986.151045177983,11073.561852378187,10966.770932048103,10992.380821173105,10984.193661327516
702,io.reactivex.rxjava3.core.XMapYPerf.flowFlatMapMaybeAsFlow1,1116.4191048113846,1103.462954511206,1102.5409846245761,1117.3916450579813,1100.806139232432,1096.6695087735054,1101.395997739028,1102.0491949345292,1105.8937578855807,1104.324474779857,1119.7444687135173,1150.3343854655411,1141.463979929665,1103.2122468822647,1102.96219309254,1098.733367077611,1098.7676496733177,1100.713328019424,1101.4108531318382,1099.3425865371953,1099.5740865750097,1097.5719677864306,1105.0312555642781,1103.0022605541774,1133.6984430163484,1097.3191803850411,1101.296720724519,1097.2147837261002,1099.9816864538568,1100.2719665438174
703,io.reactivex.rxjava3.core.XMapYPerf.flowFlatMapMaybeAsFlow1,109.4135344832599,109.90399688045298,109.31629935220731,109.5362496979426,113.49690872203165,110.03726995047005,110.09520316062738,110.07376394959977,109.93019773227613,112.03913534532988,109.67488481649468,109.79546641742962,109.5065834840323,109.53578766050215,109.7456090198184,109.8118643840965,109.62278405365116,109.83236264522986,112.79829600465551,110.3583225268923,109.8066417042363,109.91958030689713,114.06888387593506,111.90941570682202,109.63224892640777,108.67560852498214,110.340099778584,109.840837989573,109.29872386724894,110.88406538720254
704,io.reactivex.rxjava3.core.XMapYPerf.flowFlatMapMaybeAsFlow1,10.931295756764344,10.917276130554013,10.929936755461092,10.920512993123111,10.940757689860487,10.929724820430334,10.947559678377337,10.910994868678142,10.897203184359713,11.0565815252395,11.033902461593206,10.88080438945972,10.823351357332436,10.918015594606633,10.959634842900982,11.055045305537933,10.96587359823923,11.071979342757176,10.97742277848119,10.994764351854391,11.038050906269236,11.121925721548045,11.516577328497542,11.138077076373277,11.003116520889524,11.038087457960616,11.38076392837283,11.363376867582232,10.972985136055184,10.910823504580831
705,io.reactivex.rxjava3.xmapz.ObservableSwitchMapSinglePerf.observablePlain,48930766.25295214,49346271.85934949,49097059.88858032,49318189.32265325,47408054.355310455,48963125.49651077,49386151.13719674,49210246.53695956,49570809.78321667,48985753.56595236,49395201.96752057,49544497.975522116,49624481.96927074,49359850.89181878,49339863.17558631,48867716.52883636,48048311.86556611,48856862.372714356,49146328.2386286,50043217.439761415,48570459.24068104,48668527.5254847,49225659.38388808,48517606.71452859,48165028.27489272,49319208.66795499,49018193.61348961,49557863.83851416,49409762.85225893,49005700.56673053
706,io.reactivex.rxjava3.xmapz.ObservableSwitchMapSinglePerf.observablePlain,1809747.6094731004,1785795.3158457042,1769420.3472846777,1775691.9468946399,1769698.7013642304,1742952.0926518433,1771462.0653638449,1759377.895699614,1765526.5280754939,1790242.0452622839,1754418.1944005657,1840150.3270112914,1780994.9868471103,1808271.4991625126,1763061.1068446443,1756583.9077420174,1747315.0900203274,1725060.113049296,1777046.5053382632,1779448.6126571186,1753930.7475842347,1754300.8842477463,1743445.5963735401,1783897.7148142962,1782358.800499848,1774190.7404638473,1750686.9110967866,1770733.7061948674,1790279.4752700562,1792059.6145748168
707,io.reactivex.rxjava3.xmapz.ObservableSwitchMapSinglePerf.observablePlain,188127.02640253064,190684.10695849487,187306.4823370946,189559.14103053795,199739.61623282937,196962.8124330487,191226.96830742533,193627.80258724172,190716.50344759744,193006.67230867912,189570.66854396474,184973.30615169005,185397.35470262158,185508.4654739736,186735.59083014043,188891.69423594204,186620.29164885345,198623.0375996687,192851.15565315058,189078.94913403178,193967.89989748443,189015.37695778423,188242.4372477369,191580.43194050383,186140.82484943935,187325.20358309016,187404.06274793227,189505.47280186036,185608.22798374837,192229.13280645962
708,io.reactivex.rxjava3.xmapz.ObservableSwitchMapSinglePerf.observablePlain,19593.137879033835,19338.64060959699,19485.61237108622,19459.775980090853,19298.143660525046,19179.877113661427,19101.73123007661,19104.098683682605,18942.9042666456,19515.7397515898,20061.188574977623,19440.923011746996,19234.087343120515,19018.127551233814,19371.09181185889,19272.449184559016,19142.404576290588,19333.594486348033,19174.533733122178,19516.277981212326,19083.837553115343,18845.81397980741,18338.48841118879,18873.619658952623,19603.432293916023,19569.664546521682,19446.447026186936,19578.01050215078,19406.43095124473,19503.04762791416
709,io.reactivex.rxjava3.xmapz.ObservableSwitchMapSinglePerf.observablePlain,1935.6063383185192,1953.3577301182638,1956.250898712109,1946.5483910405367,1923.028864654263,1958.1095888266727,1945.5570725313105,1925.2527401024677,1946.1528124346078,1920.0768999894074,1926.5715131563304,1947.1757702323396,1920.5914940304028,1930.6284080890382,1944.3927369823493,1904.674643477401,1963.239417490791,1920.7375395507415,1932.6713183195786,1971.9997031505768,1936.378052796844,1924.4732370345055,1937.6629357816691,1923.4703589723645,1956.109025592696,1936.8604511413557,1932.061282908902,1951.7671893061251,1925.7777517670017,1921.4351998872987
710,io.reactivex.rxjava3.xmapz.ObservableSwitchMapSinglePerf.observablePlain,193.32696311024577,192.28165630617735,196.50038597862618,191.10394570405657,195.0175883676482,193.9763643679545,189.87717168554855,192.74157267757863,195.19997427184666,184.86590663501838,180.09869195384707,178.44475700433753,172.3073022450257,178.28905012648937,181.90625824396304,171.36106809098692,178.89889493173155,182.40549579984184,192.46489197794753,193.60697628927696,195.71222806695823,199.35262845428903,196.23318996393698,190.35236699705143,192.4611186832041,193.53584742843688,196.52121457883672,194.90466900791353,194.44764094760868,196.2618349024643
711,io.reactivex.rxjava3.xmapz.ObservableSwitchMapSinglePerf.observablePlain,18.841206145038758,19.98839253105501,19.830554475916824,19.231597224997447,19.437154469470943,19.162106318501824,19.45048874055116,19.173403605519244,19.40064190418852,19.27465456120702,19.41005483076513,19.413415742092468,18.900642102859656,19.405505263250888,19.98128095654276,19.316955673322898,19.45005646108265,19.278050967841295,19.40223487707985,19.504518162631207,19.06018757128683,19.61615944651531,19.529460460611386,19.584908249650038,19.599902889929144,19.664845180556803,20.33098583541669,19.835434091264908,19.600180600376092,19.634960654165024
712,io.reactivex.rxjava3.core.ReducePerf.obsSingle,45295443.97015143,44537443.61654038,45316935.46880987,44877891.557892635,45095327.388867855,44147435.03897164,45109303.7816369,44954167.13864411,44646054.07693112,44716826.48047405,44849686.25404299,45116964.68891353,45638440.168350674,44469022.509231806,45209789.268245265,44975839.234920874,45293511.19878788,44926886.03635359,44664012.79717729,44843565.00442491,43223512.5037371,43323707.80509562,44177103.573310524,43942741.47274017,45320353.88527826,44228897.83398049,44534872.34763961,44840435.23639988,44607709.05584635,44213703.28661444
713,io.reactivex.rxjava3.core.ReducePerf.obsSingle,352546.7660841227,357235.9616405404,345174.11339202465,353458.0726915617,356511.83620406163,356747.78139142715,357225.30725265044,342556.47334478004,348074.039379568,352953.53349352273,348541.85925590043,353897.4771314037,350914.69883853634,352208.2193915953,353583.1851315528,352653.742813861,350512.88130387664,355697.10963790136,353080.05977035087,354204.66459553724,345973.0598453567,350707.72992091527,345044.949875745,339411.5636556184,347127.45340683847,351442.4740646991,348553.92330969503,355052.6556893791,350192.48787355714,356394.5832991193
714,io.reactivex.rxjava3.core.ReducePerf.obsSingle,336.19319114075233,340.727943728962,340.26039299676256,340.81829204595914,340.28420944316264,335.56214207447624,340.36726338397995,337.93778092340307,338.712007406007,340.6648307742758,340.4843126745525,339.7608562634712,338.5991446622036,345.39989290027796,355.3180909304727,347.6301243287552,350.88151853939786,352.9182306105587,351.2762830378712,353.65317551365234,351.875059019044,352.9421337254072,349.8884391208516,348.5559519167164,351.43817371502865,353.14132310036985,349.7290613988437,354.93947288156846,357.9089279258357,354.1353304283542
715,io.reactivex.rxjava3.xmapz.ObservableConcatMapSinglePerf.observableConvert,107622773.97595567,109820589.35176688,109841621.38864759,110256845.79878005,108513837.42611076,109948886.5095834,108954143.04681326,109170726.25381188,108352302.5729995,108696488.81501219,109175477.57360956,108754411.9940206,108198508.33651695,106822903.8239446,107768345.56723736,107142064.56624348,106491712.73798226,107699550.0184233,106203196.63118272,107301177.78116222,105974930.31359519,107859298.06348526,107881316.57913989,107436226.41023342,107695341.85425404,108513224.12130441,109970832.26425993,110861152.79208004,108577448.98839676,110055198.3480888
716,io.reactivex.rxjava3.xmapz.ObservableConcatMapSinglePerf.observableConvert,1350882.091466387,1329721.578389566,1351953.3649535144,1376593.2608120986,1369274.903301822,1367297.7892585215,1379852.6531383847,1406290.559009549,1366324.9600668682,1395489.436394771,1404576.7060852493,1397914.6148090404,1389348.597603901,1374929.679937327,1382223.551869778,1375924.4254902531,1379787.7008412573,1369498.7843076452,1364863.7808745336,1377110.941510331,1352830.6886899238,1376306.0820474632,1404269.2741000645,1429274.673334084,1406022.8234072232,1388726.810747767,1399316.0820400047,1398119.102396091,1408011.7243932635,1394936.8913205976
717,io.reactivex.rxjava3.xmapz.ObservableConcatMapSinglePerf.observableConvert,150239.61768611512,148483.0317733639,146353.86433503547,152089.7209758695,152580.00619025624,147108.40229234681,147583.97644953633,146160.3772978428,144193.17811716962,146375.91046937264,144915.02173425836,145348.28679489094,147464.27618735455,145900.9093762038,146743.21002674307,148141.72012434222,155500.3184195566,148364.8107287179,149838.96316325327,151204.08437879276,150359.2215648248,150915.9422340787,148579.87541269115,145143.78243513085,148753.26988757701,148649.39424061924,149103.761569862,146866.53050091906,147746.17188471742,148638.45518160053
718,io.reactivex.rxjava3.xmapz.ObservableConcatMapSinglePerf.observableConvert,14834.141118063406,15202.487539347536,15176.244663126872,15110.90089088847,14990.884348405023,15034.355482059951,15113.564710100176,15150.104613667228,15193.709826130114,15465.952599292119,15053.024247915226,15002.767867683331,14798.25692655864,15202.599338915108,15175.693691462733,14919.756816284875,14926.734869659387,14980.35689453438,14854.532892058916,15076.951820155558,14891.90572787521,15268.235892756715,14974.813919863478,15256.641335062548,15242.085898852822,15381.100436340981,15173.722827749589,15341.363460052899,15292.041663041018,15319.123055085922
719,io.reactivex.rxjava3.xmapz.ObservableConcatMapSinglePerf.observableConvert,1501.4246105479244,1520.6771313521485,1502.6730108394763,1504.9722078251377,1520.8061124527046,1484.569750902212,1491.5048725849724,1476.594874047382,1508.3854566140371,1517.40425798389,1497.6025542533318,1503.6499172189733,1513.2437276954533,1479.339757352236,1531.7506264027697,1522.1682948545329,1490.8416681423182,1471.3867554280728,1467.6860502123711,1487.4170351539951,1498.8736164755323,1488.2320573760733,1502.3004928353241,1462.0758657075621,1507.478178890986,1480.9300882523937,1485.8542035279872,1506.693746415716,1507.5428285919725,1511.6313493930354
720,io.reactivex.rxjava3.xmapz.ObservableConcatMapSinglePerf.observableConvert,141.39704792119613,142.2798266123111,141.56347373986796,143.6179092917204,144.60589600762128,144.00041192459904,145.2845851420215,146.39002847053024,148.70655942817223,141.57220165136036,144.38911837359586,143.4756277149132,143.7380057184788,143.91261208847413,143.47638122500277,142.42616909507484,145.53418175880387,143.9253580065321,143.7814122820986,146.12580601863866,150.94685960992183,148.95522763349882,146.91631573197748,147.030130447516,145.19241077279955,146.57014508786227,148.19699296346056,145.27521599113638,144.15284701738648,145.80740314699054
721,io.reactivex.rxjava3.xmapz.ObservableConcatMapSinglePerf.observableConvert,14.280988896901487,14.424779060876086,13.986472982654826,14.312294069584354,14.200492115024808,14.312713119816896,14.27263030724499,14.382271762896952,14.377649674431494,14.396207426261334,14.373666614838418,13.939627053326,14.247212415351434,14.256411697843143,14.233137563547828,14.413250980257931,14.326687506782076,14.255805890073031,14.694026765563553,14.49265636136127,14.559511953667005,14.680592240615642,14.714469876246413,14.554334150011952,14.817059398094301,14.854026554802722,14.493587095468923,14.397101616966125,14.247682065976209,14.253763538067817
722,io.reactivex.rxjava3.core.EachTypeFlatMapPerf.bpRangeMapRange,27091943.983216837,27981543.848045345,29380745.716141913,28022239.425015714,26847104.71562899,27615354.20804976,27795043.1200373,27357708.30366078,26825836.246157482,27245438.608004864,27608900.266896594,27414127.34299682,28027771.23834321,27996983.057434246,26837106.69251199,28029563.505090438,29365999.28024291,27713044.262065522,27477661.66063037,27268273.719334256,28807129.59001344,28956901.010837678,27771057.09906038,28459862.266302217,28547696.938353963,27127499.656370044,27729348.92044901,28656421.048965998,27488768.838777907,27118231.503319427
723,io.reactivex.rxjava3.core.EachTypeFlatMapPerf.bpRangeMapRange,14030.029075545497,14173.22259874046,14853.058939891685,14790.255192329025,15095.155743034447,14534.373350492993,14586.439338509415,14570.018840361272,15104.789426651401,14990.855583093931,15199.491561807767,15127.676404032018,14970.859130709085,15101.328428823443,15153.036424081058,15183.194592259659,14970.095491860286,15164.00372495527,15401.851776548207,14788.138753587129,15172.305769303965,15252.00120744893,15380.153138007916,15397.800927048407,15285.202032255349,15192.407060927255,15352.685764040541,14978.454073755047,15019.00083093172,14978.886499535398
724,io.reactivex.rxjava3.core.EachTypeFlatMapPerf.bpRangeMapRange,15.313186686658453,15.485110371000046,15.56857089379658,15.116063502178418,15.223496890479923,15.048418932174707,15.22475703145674,15.498578954184584,15.175217950985354,14.942728764381096,14.645223888796737,14.822455838377753,14.983640220120575,15.24333489492725,14.690179587915548,14.421313168743092,14.401716726110697,14.464531993606522,14.682002407090803,14.473865550286739,14.615963070980307,14.648356848207118,14.159392786787329,14.562671655004344,14.36939967136953,14.664678574237067,14.863922911288133,14.011156781504125,13.918103900279998,14.464416852305002
725,io.reactivex.rxjava3.core.XMapYPerf.flowFlatMapIterable1,50444310.91320915,49861712.46582715,49381475.48279744,50457813.376982495,49749953.283736706,50434310.59663455,49449510.50458998,50182279.852177754,50340728.00266195,50202877.305750474,49547203.5357925,49381368.25291169,49150009.16270631,50501343.55789682,49529352.69251985,50058975.15339642,49046602.515494764,49726845.99435876,50131258.62348916,50666440.4702791,49705258.64781237,50101775.217948206,49087956.21357452,50828469.854450785,49317904.27808804,50834151.28223227,48424009.046451196,49708289.836187705,49543930.37610307,49557565.80308319
726,io.reactivex.rxjava3.core.XMapYPerf.flowFlatMapIterable1,14461541.401124744,14105550.496527912,14400458.615219511,14379428.804267013,13837802.498482,14616849.202407043,14772891.70994777,14498546.580118239,14233468.425817743,14156464.759421611,14660552.420471165,14286970.187844861,14082470.40937991,14390264.61587295,14392410.710584465,14438179.730986759,14558136.335929828,14483947.092353253,14676658.035331657,14345331.539376164,14486764.475285081,14172610.553395258,14673859.598319728,14356757.100655613,14069424.374804286,14105923.672492236,14291945.384456027,14149872.86350794,14177485.56078506,14075909.040617716
727,io.reactivex.rxjava3.core.XMapYPerf.flowFlatMapIterable1,1979906.9319756734,1921505.8764268223,1946700.8876270773,1950760.4550466468,1999867.427805204,1920171.7989188328,1927146.290811285,1918103.5431967587,1976777.1611591133,1928487.6590458266,1935975.0009518906,1895514.454271425,1962034.0045369023,1952293.4681015213,1994665.9298958278,1963900.6530682903,1933560.012655574,1963703.8010417551,1969864.7741796973,1952616.9121104071,1969395.6004508147,1900757.04011166,1928264.8505346521,1949142.0123039524,1935608.1819647446,1953439.92864005,1960760.785192281,1926154.403572897,1974615.7691396147,1984863.541442745
728,io.reactivex.rxjava3.core.XMapYPerf.flowFlatMapIterable1,222426.2431071979,226597.43461697147,225380.8662448216,219844.94063374624,222225.15060635595,224810.4410168896,225448.5424336449,223345.19157398382,220799.11725071503,226006.33536911462,223768.6423987864,227041.40525212348,227487.98840241847,224420.20447405285,222672.36610167677,227850.4340746253,222820.48025443236,227231.83524761666,219999.92838034887,225752.72379190594,225132.94531511178,225409.6415484129,223727.53958146513,223688.11644104187,220397.4307198484,225968.34148097053,223586.3080822733,227019.65229327002,220176.34782732028,225219.37755402134
729,io.reactivex.rxjava3.core.XMapYPerf.flowFlatMapIterable1,21475.20450110207,21507.669729119585,21467.25991621439,21760.066406110913,22076.780125437388,21698.731470459505,22027.90939720284,21920.76210939625,22055.618083193378,22129.142678925815,21882.373701986467,21567.76768245793,22301.59245729365,21899.434431331938,22321.857972187132,21535.701117258515,21954.09940816212,21782.448674877804,21919.650516715938,22299.43968197911,21955.900950001476,21683.659899423656,22152.075328071656,21922.894472277552,22194.2344320775,21521.489772498193,21536.689966222733,21703.082198356915,22096.85901323335,21949.386251261643
730,io.reactivex.rxjava3.core.XMapYPerf.flowFlatMapIterable1,2131.3286847475215,2130.43681902689,2181.25408308497,2159.960844229816,2179.975100324404,2168.5503944467196,2131.8192771525987,2142.144842925835,2166.500862032897,2189.306478061799,2134.2528813021186,2112.638478965564,2152.985881213358,2132.55084427373,2134.4902581124798,2173.8172254476845,2140.249142813974,2123.6630001658295,2159.360939289378,2175.8359680780386,2166.993710963446,2198.0420097665474,2147.6992426411584,2134.607249342979,2163.910055816166,2144.6671884010366,2178.722197668742,2095.115211894865,2130.2410526294566,2173.291226705526
731,io.reactivex.rxjava3.core.XMapYPerf.flowFlatMapIterable1,211.09593059202444,215.2338132543828,216.312755987643,190.26208960456066,207.237946281836,211.1065949900428,211.3509174498578,214.75911994305739,214.49986674819326,213.6130263315667,208.42946726981913,215.0679998118633,216.00947279381245,213.64116786716798,217.4753567949087,215.2482931213946,215.9900372435421,213.38554054546933,215.43891949562237,216.54713994681345,213.62123907567812,217.17727622873102,214.89564731834915,217.57338037517331,217.70776564119345,211.10749135894469,213.74384510115388,216.19986979347897,213.49469371359376,213.202831840113
732,io.reactivex.rxjava3.core.OperatorFlatMapPerf.flatMapIntPassthruSync,49709283.067107484,48270287.48152735,49012693.05715735,48699697.58837784,49679918.30777904,51118790.43686699,50104679.304989144,49452007.16285732,49198926.632108256,48708007.023992226,49954594.330377765,48458634.35478335,50236097.19174481,48267045.983488545,48926472.93042861,49320784.03620153,49774430.84202217,49735715.30962797,49538963.39036348,48395866.439406045,49701725.33146272,49340105.59770816,49828310.79942006,48804792.41305643,49591607.22993565,49559239.151924595,49569009.991514936,49499980.98084351,48270232.618716896,49155949.05661339
733,io.reactivex.rxjava3.core.OperatorFlatMapPerf.flatMapIntPassthruSync,62960.892872075274,61530.08756086932,62374.15368024511,63170.50119738227,63665.63425646213,63017.70552534182,61831.74356939318,63668.385354758255,62416.52448552829,63121.183601206496,61470.821235531985,61906.60016989257,62618.58317946206,62575.32461709491,62069.42331107216,62741.251965978976,61271.23568693075,62932.64259872234,62454.13785177053,63179.80183843094,61857.444186678375,61984.06977608771,62274.332353196056,63383.98259641507,63519.45731612363,61307.16873110449,62679.304302859695,62957.304958982684,62868.12612893606,62398.43168328576
734,io.reactivex.rxjava3.core.OperatorFlatMapPerf.flatMapIntPassthruSync,61.92828388891416,61.40695545016106,62.59929104573958,61.29010084887709,62.11917568193061,62.22756647927977,62.892777876564914,62.34217096047825,61.43450861802494,61.98548585054615,62.44369858078596,61.36728476119211,62.92074898858117,62.16598138029984,62.362330453601935,62.43538352801943,63.40742891661635,62.822577293900075,61.61980242991827,62.92485350389945,63.182127264925626,62.76970054226814,61.266241125914775,61.705108141232536,62.7829081927417,62.21379088638986,62.521731760033035,62.23353778528954,62.137712601002804,62.70516046092306
735,io.reactivex.rxjava3.core.PublishProcessorPerf.subject1k,478707.5990741664,478622.0454452475,480004.0275124192,478905.0146758445,479150.5493754021,478374.0770727959,477655.6754843369,480872.63319752476,478996.65284619486,480240.19597580686,479772.82833372767,479448.59868718014,478531.6234148947,480497.89246779337,477980.703237038,480129.58158195706,479849.48609385843,478346.0835589532,474683.6775388528,477792.5034505714,479060.2902064129,477713.7742142108,479245.7409446374,480648.5578246777,478298.80104156875,479943.3136955389,478347.7511181795,478047.81032617204,477149.6803502976,477127.23463431746
736,io.reactivex.rxjava3.core.ReducePerf.flowSingle,40734367.32186342,41132552.57995331,40363453.50999965,40044524.74008856,39392654.89431474,38926255.05187571,40888569.978449464,41531081.070191376,41391471.85247056,41514191.35832073,41411365.34166924,41890763.8358292,41500520.559040956,41331562.827566184,40772457.304418534,41597368.67362381,41866522.86457714,41480570.54129511,40895330.586401895,40849163.33042215,40636769.00722773,40699424.06466041,40224021.282666616,40246693.46796669,41021553.81483126,40508682.35151099,40637809.93070395,40480966.34929537,40256769.53380792,40071144.92120353
737,io.reactivex.rxjava3.core.ReducePerf.flowSingle,293300.67930103245,297491.9468546399,297845.2692711203,297918.6553200209,317708.59108449414,330745.64402314,335209.2987076861,331290.0119484191,337094.0081327557,335955.5425458373,337861.7624566623,338458.7161754755,337791.3492133424,339404.1585150278,338095.72019962734,330603.4598801633,333886.8415280369,331297.7165631928,336452.5156352435,334291.1559363732,343574.5545533821,335966.74056363024,341218.5148077254,337948.63546328666,340850.0714485707,339374.6763595164,341421.08925099164,337532.964711271,338643.5528031617,334982.9756785578
738,io.reactivex.rxjava3.core.ReducePerf.flowSingle,309.5321285682554,301.1411052150187,302.8951785800247,302.8867573049523,300.85710581159503,301.80660263084076,298.93825579795623,298.54836200892015,308.4819052570845,304.8521975944837,306.68994106992744,306.9052215294873,304.8919548281836,300.77269554693083,302.2514612593783,310.34699578270363,340.18521456832747,336.46362449423077,340.5467537252372,335.8910631386208,333.35698936998915,335.237645122643,339.5861806198828,338.2514269293597,339.7306051809321,342.5034983661809,339.0144676527955,338.79851821521,339.71559078682446,338.46823526332366
739,io.reactivex.rxjava3.xmapz.FlowableSwitchMapMaybeEmptyPerf.flowablePlain,122107925.98598598,122209522.57648723,122249367.5163664,122188801.56984408,121872352.54489723,121858494.37344034,122209471.58374014,121937383.41500871,122149503.03770305,121548781.59368289,121867258.11381845,121930664.3109878,121529224.17824696,121885019.02664584,121598468.19260375,121943672.73095089,121982305.14437227,121726144.98425762,122095712.86625051,121994883.87905577,121765108.59639056,121793183.260082,121976951.37665784,122155582.465891,121924794.51161997,121362984.23517908,121747231.36272915,121632488.45418191,122198373.07740325,122117989.83049308
740,io.reactivex.rxjava3.xmapz.FlowableSwitchMapMaybeEmptyPerf.flowablePlain,1798682.886664228,1802431.2320314578,1803243.6368799105,1798607.4885207734,1803690.3899319747,1823849.5863330378,1809352.5990242802,1802064.3087062936,1802281.0518905881,1770898.2168403172,1798259.0919854778,1799991.8584167676,1792673.6767606197,1801801.3442192285,1796892.4850175239,1796971.4369421462,1798849.222232179,1816843.6677736724,1831717.4598022134,1804738.033687336,1781026.8025873723,1795948.3006757158,1801876.6445060663,1802317.9810561975,1798902.6419795558,1798944.8637754098,1800188.5423732873,1795481.5835060556,1802669.0835645131,1802366.6315314586
741,io.reactivex.rxjava3.xmapz.FlowableSwitchMapMaybeEmptyPerf.flowablePlain,193076.1044800046,192941.07319536648,193277.20976453793,193415.43747392064,192729.66791099688,192941.62130073018,193231.21190143953,193328.87173270457,193319.31358328275,192944.00064841105,194191.69444096772,195007.88474601033,193416.79149693274,193187.79091798957,193166.93827004055,193092.80174843516,192752.67153998825,192716.0608582375,190657.35654657605,193218.59265563864,193011.82103508982,192139.9228219244,193008.73174246258,191272.8992354544,195530.9936693631,193372.90375137873,192911.5058069956,192981.0774360549,193245.8576844053,193404.22081610956
742,io.reactivex.rxjava3.xmapz.FlowableSwitchMapMaybeEmptyPerf.flowablePlain,19333.796316508928,19397.550964147875,19405.03438644686,19493.323007632614,19154.07740948002,19382.720139606463,19379.472975047458,19427.204440629575,19599.88586408794,19403.203864821437,19330.466166170645,19272.2588477744,19090.460392550263,19383.277001124094,19388.436652187425,19318.232652167582,19187.44495352374,19229.34737219879,19310.224077312057,19293.52310010021,19344.554288416122,19307.24740349621,18856.19434968527,19412.146275915675,19397.049529684544,19425.781109938474,19378.68701643989,19359.47615755321,19399.674420246865,19667.92281166809
743,io.reactivex.rxjava3.xmapz.FlowableSwitchMapMaybeEmptyPerf.flowablePlain,1852.3478605598634,1960.8291980510453,1941.3116283683853,1939.1298910874402,1940.7916657186433,1923.9720659765062,1931.7903002993219,1935.083989291989,1941.2269451936156,1978.4814617721656,1954.9001028257464,1935.8024358749994,1939.686639743976,1943.242325930635,1979.013612119393,1940.3026028563631,1929.090117638754,1934.334186698265,1942.6658964337996,1942.1445397103048,1942.5000082678719,1939.319329944299,1935.2801066367942,1938.8473293447455,1943.5801070101015,1940.8619173788882,1935.0079639870391,1940.0098907321362,1933.220894580496,1903.995198901698
744,io.reactivex.rxjava3.xmapz.FlowableSwitchMapMaybeEmptyPerf.flowablePlain,188.4469583042679,183.56967504989964,186.05606205841644,184.50499615843145,182.5863981699958,183.36388428102978,182.54638938174696,183.13013078001416,183.40868306943682,183.32116210337352,183.82804669363864,183.16789754830168,183.05144571345744,183.01270392829588,184.17582332031188,185.99984461155228,184.08029709923133,183.24533487353958,182.91911572789274,183.40337707655382,183.48991162393892,183.54587135572928,182.93594443024992,182.69646681116467,183.8027674994904,183.27547666856216,183.4753976024544,186.4595972016024,195.90322067453525,193.53074040135735
745,io.reactivex.rxjava3.xmapz.FlowableSwitchMapMaybeEmptyPerf.flowablePlain,18.717503477039795,18.896731065433205,18.959260946773924,18.833503317926034,18.805199495928804,18.686711709549318,18.688946758152394,18.85113269932906,18.986127785733355,18.74248718498715,18.638103515365763,18.721565630694414,18.644096265030846,18.762129482183614,18.771441722531275,18.73943736202368,18.66261608794259,18.772940774463464,18.87933008092291,18.916303415730646,19.000882035194735,18.933838503557418,18.83393544681512,18.901372844412954,18.794634673086314,18.381651358217802,18.777951827538516,18.665150870419396,18.647286574444383,18.68051464884714
746,io.reactivex.rxjava3.core.XMapYPerf.obsFlatMapMaybe1,7161118.901980361,7191918.788271054,7394400.8619123,7165055.117236987,7224941.458119798,7139692.680378694,7159909.746819242,7172865.520486559,7210791.864152507,7099976.840341176,7142200.862993122,7227399.980254379,7277751.130935718,7296579.996688345,7269643.654483454,7276493.292942875,7287981.056085043,7187608.150016065,7248736.783218576,7207156.0444013635,7300021.387573551,7271279.864788353,7451563.819698422,7571507.668429715,7508997.235053019,7255718.067177798,7122302.4888347415,7363734.800626622,7471251.625369912,7337371.937585927
747,io.reactivex.rxjava3.core.XMapYPerf.obsFlatMapMaybe1,1094110.0048296752,1088745.1975035027,1078966.682522482,1104712.1687404641,1088716.1944435511,1085956.045711038,1093396.0299434352,1090094.1420051875,1097250.7907239061,1094418.1976052201,1092998.0963592073,1093315.465118389,1092471.714078621,1081855.3675515177,1090420.0828954699,1117785.4956835457,1140222.1143439212,1103184.3199374618,1114125.5988547842,1084489.231352422,1130826.7780175407,1121849.5801916497,1086712.8978625522,1078830.1813812573,1086072.9491810547,1091760.508114649,1095715.2739757558,1092076.6805634182,1130450.3755433813,1118605.8546235557
748,io.reactivex.rxjava3.core.XMapYPerf.obsFlatMapMaybe1,115318.23182175064,116731.77873870367,115354.01440344835,117005.31773740261,116967.42715182704,115633.57424482901,115044.62239316554,115792.57634558452,120687.38749581567,120979.54199106898,118000.24819590194,115730.82199719439,114913.38788366117,119119.14570772645,118975.86952255445,116217.90401010118,115696.443268715,114646.62696077353,113720.52072066854,115858.70481727376,112432.45652051644,114807.25757059084,115577.54716904675,114798.16210858515,115153.44127550293,113172.51258134597,111595.37047217076,106044.95110161087,113290.38150521473,113765.81854351942
749,io.reactivex.rxjava3.core.XMapYPerf.obsFlatMapMaybe1,11466.377152175275,11643.704987131332,11875.548095489845,11478.056630003637,11714.413904443532,11494.133457278656,11400.976500136654,11686.812783436582,11471.914619214047,11348.052789381723,10874.324494956141,11048.825808134892,11562.291243109088,11752.215527861299,11832.605858712515,12058.545558527458,11539.064228047362,11316.300335782838,11310.986648706143,11181.927619595497,11588.786970473757,11598.434768031184,11301.072995584318,11316.52771974366,11265.040162252975,11438.552645618092,11771.443905218473,12023.575362626008,11691.745732901265,11432.432487749173
750,io.reactivex.rxjava3.core.XMapYPerf.obsFlatMapMaybe1,1160.3888000112581,1150.8137212353847,1155.906065293604,1166.9581491001486,1167.90565541325,1158.099165615431,1167.5343300999739,1191.0498518911525,1169.033745678813,1152.90121481231,1161.4926750989216,1155.678380485103,1147.9345984553697,1173.0457366775786,1159.6982778199647,1148.7386252031304,1162.080631529172,1164.3873424627277,1163.78910163037,1199.2439798057148,1184.3747200259347,1173.1303983221574,1154.0321317156443,1145.3215756366012,1153.2063933434672,1170.2130340750107,1155.8679039483332,1155.1326420876378,1157.0056670157553,1166.1845944021172
751,io.reactivex.rxjava3.core.XMapYPerf.obsFlatMapMaybe1,120.28050571010179,112.96691650883122,115.8425497025081,115.00611786544597,115.31027814396771,121.05798979463087,117.20092759170757,118.07141976270533,115.22544396492691,116.52284605330533,115.09707175903951,115.82038667091383,116.1282273713035,113.87598381532985,112.4669958509283,116.43519348543141,116.3832527889272,118.17774149211327,116.99499624100577,116.64160234696462,115.80466647881686,115.07322304608499,113.79369794290182,116.8426875623309,114.88332988968054,117.37527806402315,116.15291641046137,117.0810415591768,116.54484355363361,117.17439646730396
752,io.reactivex.rxjava3.core.XMapYPerf.obsFlatMapMaybe1,11.761934978035674,11.583700187026755,11.564751855654302,11.473457813740627,11.467029574199339,11.758093430323834,11.617071389799245,11.533838931081178,11.416452103566685,11.868101797491962,12.143194700317514,11.540403100317752,11.542026426500591,11.556520301574677,11.443206614136805,11.201540567290223,11.421734943681967,11.356117516942433,11.557908508576743,11.47924617818348,11.409060880485887,11.733229412381167,12.115630628103602,11.591968011917903,11.57873287239459,11.659105851493711,11.550257416544452,11.407544065560296,11.51041447674037,11.529051559835281
753,io.reactivex.rxjava3.xmapz.ObservableFlatMapCompletablePerf.observablePlain,121852557.15431361,121778746.88654733,121242724.9365196,121265162.03442074,121691773.00458941,121800701.5211793,121696573.89039302,120322361.01199363,120713771.36000709,121419178.21402617,121838510.27508537,121630725.84810334,121911069.94149046,121520916.78967586,121453283.68727411,121817852.30860674,121908511.57566287,121530432.87384199,121584613.3409117,121432050.77208707,121440231.46175508,121792110.23552887,121990026.93640403,121973998.8815738,121495876.89978209,121548978.51715799,121491690.3343323,120956409.64629215,121689219.52930751,121816974.81677647
754,io.reactivex.rxjava3.xmapz.ObservableFlatMapCompletablePerf.observablePlain,20783299.225854304,20560246.99666152,20558289.210742563,20459184.801327594,20459706.14785487,20461545.043829598,20717351.549765825,21279367.286532603,20669490.31696979,20425696.90929559,20540963.962395478,20532294.79574439,20184120.904081445,20475008.60407983,20456199.74414563,20401345.45347209,20524473.53255901,20544772.583280418,20537480.918575868,20809399.83823709,21182595.840577196,20539862.52534646,20528791.063599754,20494140.85779688,20526388.97622049,20405864.011408985,20478547.762628295,20449227.277790938,20523239.641296677,20539359.57521206
755,io.reactivex.rxjava3.xmapz.ObservableFlatMapCompletablePerf.observablePlain,7263736.195531687,7161204.37739475,7058645.036782644,7108606.10124153,7029988.33237055,7090063.875255136,7019243.013157164,7136343.818141761,7060088.412292024,7116235.152681061,7118968.817510979,7097102.698470541,7080411.7513831565,7143992.289688109,7129552.216138108,7091926.406665291,7112330.853291241,7099210.917422733,7097043.016154311,7060831.252667004,7047157.615740062,7047988.254450192,7030404.779003732,7141582.952106756,7163825.590845013,7075100.509414417,7065246.364774062,7087140.839351833,7136533.365995225,7091607.010838595
756,io.reactivex.rxjava3.xmapz.ObservableFlatMapCompletablePerf.observablePlain,944657.7269592514,947171.7079810826,944626.9446693251,946452.9215702509,942484.7731923487,948033.0730843042,951028.8180950112,930316.7050403891,946480.3862756949,944924.3486787846,949134.1535468625,949310.633177542,944048.6587919076,946974.1238151981,947499.5263852346,942265.3744013348,945893.4485513505,937706.990786569,946896.6217043562,945326.4279353123,947117.3243081674,945421.5182726103,946646.4116107284,946428.055333402,946433.603249798,945914.1775248381,941437.739921923,943031.0024021949,948204.8430571854,945008.2162145216
757,io.reactivex.rxjava3.xmapz.ObservableFlatMapCompletablePerf.observablePlain,97358.60965141584,97259.72971701926,97372.68027015631,96766.04509466093,96876.68844492594,97666.20703088996,97797.71874609811,97608.83903791253,97913.82807546563,97839.57219585053,97643.72360124509,97716.97754278826,97980.10138685106,98001.565323195,97640.2203386105,97325.88786041424,97553.87420202336,97122.74558655247,97670.86041592299,97659.95158251555,97476.17722004326,97396.71460041997,97582.8202237035,97853.78445896551,97800.93569485817,97536.1719706324,97448.37471034274,97795.26547024923,97846.73921946445,97977.77745560322
758,io.reactivex.rxjava3.xmapz.ObservableFlatMapCompletablePerf.observablePlain,7897.29521668979,7787.039741194315,7916.423446880363,7918.614118015415,7888.73671341219,7890.633097737846,7907.535218802444,7923.527971668143,7919.790418586153,7848.144081406482,7886.903160490568,7899.627350878977,7924.442007154741,7921.561375225092,7888.870108689813,7890.819280929356,7907.265857808698,7907.726527093513,7919.58636792359,7925.262498847645,7923.54294627223,7899.939636561237,7901.950462939512,7922.49543211092,7904.918946999565,7918.706463461781,7901.449908958788,7892.670487549043,7842.854896128036,7914.543109255389
759,io.reactivex.rxjava3.xmapz.ObservableFlatMapCompletablePerf.observablePlain,814.811810249493,972.803564694592,976.0985173815826,975.9652068403761,974.8309116790456,969.9925395586158,973.8029860226858,977.5503786359975,976.940224935397,976.2726836845637,975.1362379723115,970.5539159502588,976.6555570247707,976.6277202559434,976.356958614416,972.4499686834131,972.3236186318767,974.7667743772622,977.3241393100533,977.6930425146791,973.9711168865288,970.3396179069204,971.9437458398783,971.7366865665676,970.6697713490986,975.8822627326481,977.9755701702571,973.9440946350238,976.1134849479489,961.4312951217408
760,io.reactivex.rxjava3.core.CallableAsyncPerf.subscribeOnCompletable,261971.53983646008,221899.56093779797,227370.28790362598,253806.23353957324,250434.5761468996,289747.35099750047,228050.78355831918,275582.70918384584,224731.05821723887,296586.34733170946,228333.01317066993,260586.08092020833,274151.5021906781,254327.29537906294,294622.604394046,299672.42004461325,226245.99111087996,258989.26355762582,296882.9169654911,272140.5703292381,250485.2470435273,224577.26026625955,218061.3563958139,355217.48077609413,251605.54104660157,282925.5627397473,235459.36357783756,255823.96202698068,224940.46047656712,223428.78027860232
761,io.reactivex.rxjava3.core.RxVsStreamPerf.rangeFlatMap,28801443.843964156,28922685.95788823,29322217.84538849,30492007.285067376,29226596.218144383,28963026.01399982,29056953.11200319,28917249.664663117,29504150.200156033,29519448.928912416,28476874.411102906,28466370.641084764,29116031.54941445,29398247.248385143,29084053.832308196,31022885.7313593,30336987.425078284,29265942.85942054,29431577.444203895,28847604.781929493,29020711.88847597,28865719.01876065,29089871.24524394,28985178.600851726,29395719.742319006,29519878.919318333,29157520.810242295,28889157.95501852,30688904.316261083,29943247.34639448
762,io.reactivex.rxjava3.core.RxVsStreamPerf.rangeFlatMap,16006.782220015484,16190.698721162382,16112.022350267722,16335.825652598161,16251.05464364927,16034.816241005878,16037.42658411526,15934.99251009855,15897.668602049915,15899.622195601025,15998.074271432284,16115.626322554384,16301.83101199996,16171.373720393687,16087.524259224652,15876.781308567857,15846.005499601237,16002.402294271908,16072.534088455928,16198.69213379581,15856.239730488485,16592.631157707383,15933.023560584114,15736.345808632044,16226.13070127381,15960.983955683349,15916.78242981125,16178.719923500932,16525.718265291343,15942.80666497832
763,io.reactivex.rxjava3.core.RxVsStreamPerf.rangeFlatMap,16.107184802688465,16.37339628073334,16.155162912197937,16.535787449104852,16.233848116105566,15.752252355493365,15.97419479053533,15.985658801904705,16.22258341772393,16.300257461991308,15.790616644364361,15.941032463051796,15.88834809740537,16.340514326147034,15.739550558373296,15.65727167052343,15.593207095328685,15.67249265754249,15.76829336503772,16.054823345903024,15.660699482088532,15.74510307735924,15.840258611071734,15.716748036151323,15.722656629343637,15.871210711740398,16.282630045803153,15.910366689979929,15.550216261376828,15.498334023051171
764,io.reactivex.rxjava3.core.XMapYPerf.flowFlatMapMaybe0,6874570.899737019,6888931.336929928,6957550.457960729,6883550.373908139,6866153.281827654,6878100.627909508,6843807.16361987,6884853.604151144,6891599.555131049,6880696.844059106,7090002.840395358,7034017.983246277,6858209.87584898,6861632.722803078,6875357.518286968,6995574.785953,6841819.733371476,6865969.942952688,6881657.013815224,6877096.8450844735,6881715.827272128,6862692.805954967,6874116.368028814,7136651.860507594,6999992.655237493,6885844.681664084,6852430.331640858,6960347.645797808,7107582.619618044,6883739.411897832
765,io.reactivex.rxjava3.core.XMapYPerf.flowFlatMapMaybe0,1132553.7104987707,1133622.8460930174,1138319.2862087993,1179643.0591307248,1135665.2027391193,1130257.124150917,1107823.6922803984,1131230.9012095449,1126134.2880222106,1135682.033421934,1135410.9520095107,1132575.822296318,1132993.173493265,1130841.1196916252,1135347.8892944192,1144819.117362496,1176528.2254437446,1147115.5874344334,1135627.0927514448,1134987.5957296023,1134479.0197481785,1130478.0651556347,1131158.7709504224,1130844.5890205153,1136257.9164688697,1135366.9719106702,1135355.5213810285,1131436.3914338888,1153546.3528925818,1179813.4194524218
766,io.reactivex.rxjava3.core.XMapYPerf.flowFlatMapMaybe0,124296.4678477252,122976.15330266487,122544.47394239942,122839.3476702563,122617.55711428316,122670.20517466517,122459.73201490492,122369.11061944411,122645.52093399779,122908.1396557446,122772.64370873426,122110.26834413926,122513.56105477165,125685.56079734197,127409.95188502345,122878.10620262721,122774.98526249184,122238.08205474327,122680.74279701328,122436.56234614716,122946.27479376961,122617.6407344384,122744.0983486688,122585.88235154125,122859.46837529587,122929.75415150105,126728.82247681955,127133.58150125224,122584.43016626837,122827.20759629567
767,io.reactivex.rxjava3.core.XMapYPerf.flowFlatMapMaybe0,12397.230072257044,12155.506632296809,12488.807002956702,12520.308663169473,12438.559639670846,12384.81375836649,12506.660999353426,12364.577764442645,12363.384291123915,12405.017001642756,12405.460978511006,12383.241637898853,12351.731353672665,12414.563399138015,12730.446109017486,12917.471113953894,12370.650597062222,12365.464736127968,12362.525941856797,12547.868910000714,12406.056008588708,12401.877642475234,12349.251070882205,12356.169764241202,12389.922287389676,12407.0924956265,12395.862022678732,12804.239069680567,12720.287231425275,12376.328324285512
768,io.reactivex.rxjava3.core.XMapYPerf.flowFlatMapMaybe0,1243.2694188346795,1238.5410474679913,1239.9819078945955,1244.8741618953447,1243.885125964732,1241.1921316241762,1239.7580103941932,1279.2875187264706,1281.894465474341,1245.6355357616849,1246.470577826186,1243.0171649729134,1284.371015257666,1265.2077180704903,1245.3483552835692,1242.938468401062,1246.228482378672,1244.9333921119076,1242.805039930581,1244.3381750991482,1292.672845185649,1280.199642227273,1244.3827028057672,1240.991276373886,1240.8143195819605,1242.8690861134214,1244.7281078157694,1243.5836755442685,1219.0342725160729,1243.3943575291798
769,io.reactivex.rxjava3.core.XMapYPerf.flowFlatMapMaybe0,127.89120116469238,124.75734285116218,124.07257130157613,123.78366020247263,124.40740473509949,124.46909735370066,123.99501081274992,124.05183215028906,124.19585580347268,124.42336551158799,124.3285585222298,123.8020638984165,122.84360964321736,128.2753948708441,126.14317124786714,124.4336624589437,124.4717678319208,124.10100204083304,124.20583731584611,124.0621000762056,124.51804220907813,124.21633454816113,123.40834374779497,123.33024388751664,124.49492359698733,123.61707977793333,129.32821338986486,126.04534340892037,124.2973915923892,124.50376745063605
770,io.reactivex.rxjava3.core.XMapYPerf.flowFlatMapMaybe0,12.422671545282947,12.38789140523206,12.389616711310204,12.466660685035007,12.436272200507284,12.741595212298945,12.721737561533944,12.39894929052826,12.349643083582723,12.395093943632672,12.399115455496652,12.408508688890695,12.289996690492968,12.37525017210784,12.397945891158367,12.366122396997227,12.389082356375408,12.411130410970506,12.574515441966351,12.465559935260785,12.3307687006994,12.453803657142405,12.251217044618425,12.626690530775058,12.45783085347385,12.46112277072275,12.47825605091345,12.468886758540155,12.429298659460366,12.479889917387016
771,io.reactivex.rxjava3.xmapz.FlowableConcatMapMaybeEmptyPerf.flowableDedicated,12111058.623479852,12664939.872903904,12164928.218761224,12266795.96757146,11964002.914548168,12101337.454153508,11991422.405176619,12072173.561667686,12228504.2483014,12050399.893137025,11847668.526977532,12108111.350410264,11996574.817412192,12601584.63521149,13117430.828525836,12189916.585658573,12032539.914348105,12032928.289644944,12230134.919142228,12437820.663788158,12061173.276629237,11951875.321453491,11996405.291678714,12255764.762567239,12193197.353430245,12085889.626131896,12645201.370274162,12824089.02497297,12183804.116721362,12311777.350084433
772,io.reactivex.rxjava3.xmapz.FlowableConcatMapMaybeEmptyPerf.flowableDedicated,2750453.46179737,2691181.703801199,2762844.376471377,2692644.8671662146,2702968.699267358,2706290.7551118084,2905723.318674618,2905807.5135314334,2716488.7634143094,2696484.454453929,2719857.635443976,2899136.905140257,2902660.303409109,2744657.109418653,2777540.8362102825,2724256.2173290495,2753678.2494798307,2733679.407845866,2711140.987653063,2765633.1594193787,2767506.9897843725,2693085.178582614,2687406.9521083804,2727647.8422051184,2953812.109354029,2811117.176842515,2754709.2385698427,2707470.651496139,2692587.2452707826,2757279.152836112
773,io.reactivex.rxjava3.xmapz.FlowableConcatMapMaybeEmptyPerf.flowableDedicated,328923.3519141242,315998.44696169446,317820.3200152556,315965.17905113794,319778.9948232456,327046.2679858836,315948.30756292504,319130.1602299917,313394.4191582825,317883.55404349713,314956.902029348,310626.1480742433,338721.1193883853,329490.42293865915,318716.69524951634,312546.5736499904,305598.876570663,314803.710878804,316137.43322089204,320207.2080849093,315937.003632113,319534.9335466465,319737.6124732951,320828.23007395834,322431.0344508591,335057.6646233483,317023.80293688417,319123.79615059524,312137.14254667016,320343.4980610717
774,io.reactivex.rxjava3.xmapz.FlowableConcatMapMaybeEmptyPerf.flowableDedicated,30006.2994529911,31725.300317035515,31778.60980364223,32555.53281980241,32443.470809446866,35011.82117042326,33210.9742947059,32266.097204439775,31973.450532974854,33453.77331684803,34525.09169460677,32886.33752986519,31988.5039690238,32144.330220509204,31221.035385127354,32268.748488858608,32314.1470744926,32301.9700516849,31978.112223648448,32438.29037995965,33021.09787477108,32932.3238564728,32283.63463106839,32265.226824544578,32282.35381459781,32472.43973174333,32180.666851514343,32274.51346818417,32278.451247630688,32294.551912292252
775,io.reactivex.rxjava3.xmapz.FlowableConcatMapMaybeEmptyPerf.flowableDedicated,3185.6535506194095,3144.3320118187453,3246.2841651250324,3253.7995692173295,3246.52939933092,3199.648865075851,3231.0832520910735,3247.9947943310763,3252.4517634782965,3250.0177905973856,3248.6677262649578,3442.3102470842405,3258.800271390167,3250.9001424602025,3230.288758251497,3358.9100315948035,3487.8300938448083,3057.9908996989902,3099.8848082805243,3069.161035623429,3051.9133653352983,3068.708705894802,3033.7534620249085,3149.558444504314,3136.5903801158993,3001.9509661329193,3022.5097700728625,3002.2431006305874,3044.7986231086647,3050.548747576515
776,io.reactivex.rxjava3.xmapz.FlowableConcatMapMaybeEmptyPerf.flowableDedicated,304.6694035348937,302.8675316575326,297.1973386409161,309.3085833465134,308.8527424097992,307.1090214491521,317.0609665594991,315.60449927492016,318.69965648762707,325.64652665199907,324.4761449451273,325.92403101945774,322.3365668780516,323.3379429281985,323.8980333362274,331.7790235580445,342.1668336828205,336.54172171437335,320.5907329085967,329.6832288148417,321.8926018946945,329.2657009384145,324.30243583819,325.0655136886718,319.8193954288462,325.5304340679526,326.24172939802935,328.03623675321626,320.65075873701096,326.6400390838891
777,io.reactivex.rxjava3.xmapz.FlowableConcatMapMaybeEmptyPerf.flowableDedicated,30.5667026239552,31.079514627607068,32.61889269837029,32.149649643591175,31.898398751420117,31.444018437388873,31.282611297443108,32.03412761415615,32.14025280147641,33.2119675241855,31.114393173982076,30.65719110511941,30.937621247718756,31.326563681848153,32.11193121577625,32.26459536855089,32.51656776524308,30.95813567591611,30.643868361422577,30.469851129585546,30.350108513190555,31.498364759932677,32.53400246903502,30.849280994364914,30.456013927429066,30.31150626537857,30.86009849004415,31.15209550455237,30.91940632575496,30.11085540648927
778,io.reactivex.rxjava3.core.CallableAsyncPerf.observeOnSingle,302958.45211941766,352504.87223883823,242726.45023649183,238428.62405876126,240384.066359706,303297.8856489804,261272.5640045108,261230.11448552064,240290.057867159,287072.3771133495,271723.4605468054,361258.954472253,222525.7520141236,292441.94910461095,379463.34474616253,261780.83960694968,276385.38606003835,236321.60097612222,262596.64049854636,244533.55829244718,258745.1260272457,254858.9758317671,279415.4577106269,312110.7100220013,274983.53466396534,234514.04226712752,246720.1149039453,248165.13285553886,227424.91608020596,259999.07882452168
779,io.reactivex.rxjava3.xmapz.ObservableConcatMapCompletablePerf.observableConvert,121118137.3212752,121033950.07129398,119193770.69598001,121283203.45546004,121373845.0521204,121377113.68205349,120604145.1015514,120839497.07516366,120637878.4961264,121219147.60316528,121314630.05789307,121363625.62852658,120895530.10128704,121356815.08476983,121499399.81564127,121312374.89376229,120836917.91645609,121276608.5484073,120507272.471573,121016774.07352766,121358583.34136312,120803979.73842496,120724389.10516821,120741932.16383445,120928995.20595321,121638260.69917496,121351083.81216556,121621242.39789626,121411014.95653395,121023033.90153556
780,io.reactivex.rxjava3.xmapz.ObservableConcatMapCompletablePerf.observableConvert,2976734.5386035214,2972008.047457234,2967537.8698648615,2967509.3025954054,2966365.982810117,3114441.7493619095,3063105.687787519,2965415.6285757474,2969404.493559555,2973352.0922263917,2977099.904767621,2974340.6333189816,2965715.3497044393,2967181.2522366443,2961892.432380854,2972293.3755420535,2972612.679282508,2969253.464179539,2961513.456355531,2967302.8960724715,2972618.2351973746,2974007.0821085977,3028049.1410518344,2990587.551610418,2957404.3128314414,2969654.8533055214,2968497.9993381365,2975954.6073600994,2976518.2554415204,2949036.4284630935
781,io.reactivex.rxjava3.xmapz.ObservableConcatMapCompletablePerf.observableConvert,344434.69973390177,342895.81429339864,343983.08311785915,343321.8925167449,344355.247767709,344474.80858835595,344364.99001945596,343096.1527260492,341550.62138217525,343757.1022335242,349763.9996713461,361352.02687847265,344133.8064924434,342557.7475694711,342712.90622181445,344073.0733413117,343767.189190681,346374.6524697766,343369.60536711296,343298.0320798429,344770.760546909,343949.02261267736,344297.09356154344,352694.71568977856,361499.8865991232,345386.95114515163,344260.0889116524,344588.30575403466,344741.1054605386,343503.71707533824
782,io.reactivex.rxjava3.xmapz.ObservableConcatMapCompletablePerf.observableConvert,35059.08013519989,35068.56622167003,34982.14951452896,35762.92836084884,37076.44570713668,35575.85033082071,35127.7638719352,35030.43160378524,34869.00043716993,35076.52317654546,35118.78473478239,35122.034114384514,35023.39235624406,34972.30356349874,34958.02847206826,35114.10425973922,36216.141206643566,37080.24273021677,34989.177283111865,34919.59123893065,35046.64749378698,35118.06151812226,35082.68517426683,35074.00113267545,34392.246683264086,35041.57039271682,35124.895386518234,35133.30794410012,34921.599663847104,36557.14801488157
783,io.reactivex.rxjava3.xmapz.ObservableConcatMapCompletablePerf.observableConvert,3509.366275128671,3505.9904114951155,3497.385673714255,3474.0555015826735,3466.3821971001576,3510.82070830244,3499.7298103594508,3502.5773965242224,3499.4281094606395,3632.0156547492657,3689.286089938022,3503.334303422332,3505.962452483737,3496.1881186912656,3503.8987281336463,3500.363385410732,3499.022495580522,3509.674961982421,3509.347952622359,3488.0800816639025,3498.161086819887,3510.56898287199,3655.9790422605956,3510.9517877889966,3499.9842835610048,3499.0301073435758,3505.030729317207,3699.6109318454296,3524.7909587474005,3508.982037293017
784,io.reactivex.rxjava3.xmapz.ObservableConcatMapCompletablePerf.observableConvert,333.084913817759,333.47967965933987,346.5979373810916,345.6934843039657,332.77164145094383,333.1915855856831,333.6133454687352,332.5012836521591,330.23587974681726,331.1007010280454,333.442957530894,333.85852744899347,333.6518646415662,331.6988512763239,331.7057693533509,347.19813826132645,337.0009791324158,332.4651901782407,333.3819325669922,328.10030139902017,332.4171961991078,333.0516932544526,334.0147643319895,333.0427744524387,333.83191529681613,331.64806999228733,332.65269495179365,334.0119542280188,333.48734724242627,330.62425479190813
785,io.reactivex.rxjava3.xmapz.ObservableConcatMapCompletablePerf.observableConvert,33.309745853222715,32.77860813441866,32.35285623436373,32.33666549867284,32.36935504171901,32.35795421666586,32.36137093287659,32.78817940983946,33.5526038097529,33.45215361196667,33.18026726293455,33.3330962761957,33.33195316172374,33.324236241560044,33.150824556315335,33.139344674196046,33.309797936378075,33.34528640892702,33.29854780949034,33.15281230499625,34.510187453678576,34.69734897324071,33.28133956060478,33.213594028630304,33.14726386490504,33.19592987945233,33.24230449694758,33.325031414575975,33.32855248317983,33.27141672727952
786,io.reactivex.rxjava3.xmapz.ObservableConcatMapMaybeEmptyPerf.observablePlain,99172133.11596708,99017825.89336082,99070207.50011992,98877193.87870884,99508598.14992346,98978169.03766789,99240100.19800156,99124523.03956689,99032595.3795035,99300477.4008974,99418390.54505423,99041568.47725868,99201866.95126379,99191566.30802462,98452430.77333213,98821187.1315481,99505413.39999178,99074891.14684904,98728663.20135324,99239652.48441271,99219059.96393384,99042968.54012884,99230001.18608266,98886255.1262331,99239406.35637142,98752934.2636448,99173108.86382957,98992733.84448113,99584881.8403003,99386131.66479862
787,io.reactivex.rxjava3.xmapz.ObservableConcatMapMaybeEmptyPerf.observablePlain,2605690.143518534,2567911.8273932566,2577876.7065777127,2563475.847556255,2562753.9269843805,2564320.3376706233,2572572.153558457,2559559.7815958443,2569328.540836406,2559340.940924478,2565821.061449868,2556198.0031345803,2588074.550619752,2566449.5634502834,2581154.1962464447,2583593.962544361,2585263.708002742,2575687.2243880974,2586588.0900883987,2577523.363098746,2676221.1616213387,2612088.197104853,2561483.328566763,2571568.88319317,2571433.1468904517,2569864.37088919,2578897.237395735,2577521.662599205,2572186.5186302876,2576389.7085678596
788,io.reactivex.rxjava3.xmapz.ObservableConcatMapMaybeEmptyPerf.observablePlain,306989.00868510205,307546.528331578,301360.5177352635,299859.3604732608,303917.40209204506,314999.8344650716,306616.2241342281,300734.1013858265,300159.6384529516,301326.06657914753,301997.91539217933,300282.3802691854,302044.73259340494,301149.88896445895,300957.35549637384,301245.5847526255,301490.39972031204,306721.0348759557,300677.7279768406,301882.1955448579,300637.1951069952,301802.3999577305,302129.38213710475,300202.93363141955,301436.97041037603,301302.3388845667,301775.58827182994,302621.74076619686,300700.266459958,300582.09533622063
789,io.reactivex.rxjava3.xmapz.ObservableConcatMapMaybeEmptyPerf.observablePlain,30685.243914176037,30647.95382001116,30478.925435004865,30594.886658204083,30690.329829577862,30566.83690128907,30646.62997351763,30746.671436327237,30517.834706999547,30691.204219272877,31364.24606625306,32130.467755349582,30758.977361392663,30281.32692640599,30238.58099410969,30527.814633981438,30542.06262534149,30163.13362594376,31210.762236413284,30990.758014381816,30416.86709336824,30663.199770746505,30850.20110319223,31922.406339009314,32000.42562436047,30897.585354404542,30901.446244381386,30859.599529654144,30949.832583224197,30861.620463791536
790,io.reactivex.rxjava3.xmapz.ObservableConcatMapMaybeEmptyPerf.observablePlain,3105.01006069245,3078.2614450445362,3090.754723886622,3093.6222223223212,3069.3067326189966,3095.0849133846787,3095.260289723544,3090.2975166588108,3094.3595634955027,3085.6814743584464,3138.5576108890723,3205.1641332500994,3072.796359639654,3053.309788811173,3044.7893371153436,3071.3375247812546,3078.8005922432417,3035.947409709527,3043.193593259303,3055.4470007582267,3073.0187239030847,3068.066264712997,3058.889714790223,3057.0623701864765,3061.726027569875,3068.5298582662954,3066.0411432061005,3074.1713171572333,3070.763508219178,3061.0352535191482
791,io.reactivex.rxjava3.xmapz.ObservableConcatMapMaybeEmptyPerf.observablePlain,299.77824414012747,303.1681354373328,302.9408913790586,303.58468673741794,302.4811335429168,301.5993210795553,302.47297653020735,303.11687202452526,303.0849773607984,303.39737332646183,301.1022089633737,301.451757225428,303.4301839061898,304.526775136295,303.07479478479144,304.3435920450209,303.8662083162108,303.4325359463325,302.99574896964197,302.9483439749205,303.1228401001971,306.1924730792835,311.76114295328176,307.0104555660169,302.46977471949356,302.7398299312545,302.1733579424779,303.9760375689584,302.62831130280125,305.48477884203317
792,io.reactivex.rxjava3.xmapz.ObservableConcatMapMaybeEmptyPerf.observablePlain,29.310230160575433,29.36229413398228,29.21824681461456,29.352924236840458,29.33567888383609,29.25041351748346,30.132966145579488,30.05996352797474,30.028525578500055,29.234032023093153,29.77617375250174,29.092222380827632,29.230848992012515,29.218822622166176,29.427193210181315,29.872986930359108,29.910293734966842,29.921284879017374,29.995518399591436,29.878919056840008,30.005338859622434,29.835676372426345,29.97973855345551,29.978951658125023,29.946605920362536,29.854114703962928,29.81323937429913,29.83519263353182,29.87198111568233,29.8518457967919
793,io.reactivex.rxjava3.core.BinaryFlatMapPerf.maybeFlatMapPublisher,24150766.512438126,23413646.717905983,23999451.84235031,24133769.80520843,24321077.458635323,24336910.974110886,24286578.435706373,25063701.43869611,24710223.162614256,24560189.024830826,24543479.010276932,24218050.796092223,24228674.4960185,24472961.154800262,24565831.195627496,24639244.055194713,24558913.37374891,24626283.41778613,24455490.430038348,25150643.742649112,25367052.837132026,24627450.09477789,24649277.21609332,24660767.01781642,24921243.448975228,24939175.502720412,24877986.971730538,24790587.254105322,24655003.811050445,24981322.770248953
794,io.reactivex.rxjava3.core.BinaryFlatMapPerf.maybeFlatMapPublisher,1272497.1793592493,1227662.6805718262,1209294.3259029714,1239216.6960936654,1290911.476866602,1292938.529304696,1293948.331387592,1290241.8315747615,1296084.4827984,1265538.725615981,1285000.833303322,1295490.902084575,1279819.0786034812,1298515.0693233758,1293178.8034702293,1296315.1270714886,1289980.6308979474,1295902.8085233388,1285810.5258931145,1286643.5817595008,1291483.2219909003,1297617.988319534,1294947.5170279483,1296521.4261369905,1293767.4961629217,1293347.191745812,1290404.3040364704,1280659.9263262136,1295606.095299307,1277340.045079305
795,io.reactivex.rxjava3.core.BinaryFlatMapPerf.maybeFlatMapPublisher,1556.5180537584968,1544.3021128878627,1549.780941563472,1540.817183581985,1541.8086738780412,1542.7201629042104,1528.9120399525782,1528.620014108273,1535.797650980495,1555.7216222843517,1546.306642286825,1551.4916739224311,1555.9683136536637,1543.6659676649228,1540.0022525605953,1546.7020804320755,1544.4064583431489,1547.7627202361741,1538.0271639821838,1546.7267227758932,1555.3565225655539,1541.0308718821982,1554.5524459053763,1545.3716426178817,1538.298512803684,1544.2994347386286,1539.5866625499452,1540.5811036732623,1543.1138668619544,1545.318587133048
796,io.reactivex.rxjava3.core.PublishProcessorPerf.bounded1k,1508301.8011637416,1495915.656868959,1497598.5765305243,1516722.068922115,1508869.4879696344,1514240.7482322047,1518375.2633391593,1519568.4405065952,1506276.563004767,1517783.8912624738,1511050.577570517,1512151.7188274153,1523601.3636113587,1515207.1098395765,1510351.2743169714,1512890.8948514066,1522967.5761177521,1508631.8585250538,1505536.0381588135,1512346.6126676493,1503570.1463697003,1501354.9032040865,1505317.6546677279,1507093.961267007,1510370.790505205,1514168.1883988755,1513437.893834114,1514518.5646689108,1508992.320561788,1502466.072648794
797,io.reactivex.rxjava3.core.FlattenRangePerf.observable,36363376.62161729,38456254.062282175,36656403.31351931,36561602.79520848,36168117.00408678,38869965.71289136,36715557.220333815,38582747.6410233,38574597.69861473,38794059.053420044,39080876.520487696,36647236.65311801,38503846.13214297,36368905.4111382,36560149.61882802,38441148.16745044,36437885.1276391,36693576.407127865,39081166.436976574,38674248.84910219,36485097.80523447,36414128.3200707,38484165.30507404,36288159.285609074,36425456.924928375,38778602.53339451,36543242.17265671,36666354.26951051,38349705.827097155,36378059.00378054
798,io.reactivex.rxjava3.core.FlattenRangePerf.observable,21731038.36182716,21588133.1783703,21670486.262596205,21731295.78279932,21580176.494620442,21713619.80557979,21717656.05987455,21814546.29398108,21673371.312846426,21635653.556554772,21688783.220610246,21785060.404663686,21754833.765824858,21797618.376474418,21693986.894659497,21631346.687347792,21706448.33489639,21565409.884250045,21671921.5540979,21672181.78469867,21653831.497996558,21767074.85442773,21847681.569623537,21970871.509668615,22095336.942954626,21976909.051043462,21742179.041414503,21702584.254566036,21739543.1129917,21835199.067460537
799,io.reactivex.rxjava3.core.FlattenRangePerf.observable,2619024.0671161143,2605689.379754906,2618588.664897141,2600711.815052468,2605544.1819869317,2606720.793494522,2610769.78407468,2608504.7538841297,2599076.9702236005,2615483.7294740523,2614361.5462952117,2619010.418643766,2601579.5979007734,2605165.514228037,2613089.0111860163,2587946.6684298464,2622661.6218956998,2611646.815920147,2614323.7473419285,2619377.0548590343,2617079.1972787334,2611117.4757481655,2614210.3885624614,2593051.959733159,2605721.994287538,2594381.8800290413,2588000.7723956993,2594602.2482541027,2602683.439881928,2609256.8485080427
800,io.reactivex.rxjava3.core.FlattenRangePerf.observable,281299.4812702173,282771.400831437,283086.0444880736,285909.02534371254,285430.7746236648,285146.2223204333,284588.1817268836,285180.6627102567,286758.91296870844,286171.0852037861,285534.98542519665,286237.5674477785,286018.609140695,283470.9127149018,286264.9955922134,284071.7143925526,288037.367676647,285109.6104851979,285602.7074496289,286677.4457730273,285400.8444915192,286842.66044856154,285313.2100022231,286223.71877834806,286515.29636155855,284452.02301425807,286067.18494400603,286284.26833886636,285773.236157805,285575.1033283672
801,io.reactivex.rxjava3.core.FlattenRangePerf.observable,28480.872983375175,28426.333345630377,28516.926486424618,28539.503327023598,28218.63380678909,28310.327205073972,27492.190711437088,28056.807530300342,27561.90165821892,28166.055203138523,28186.215248850443,28285.61045044289,28589.84855957218,28650.212914319258,28371.705540934694,28320.986306937117,27815.98890400224,28693.742582812534,28507.306204770302,28447.057946657038,28270.881738159373,27633.184707216136,27570.951635798323,27686.123167545094,27728.686041149867,28455.52711346108,27649.25939617323,27691.030300164377,27297.126546544765,27565.714340759707
802,io.reactivex.rxjava3.core.FlattenRangePerf.observable,2873.3998703232837,2879.146540349337,2890.61910601102,2894.584234198078,2872.7962067098924,2519.1457148626127,2821.875631475294,2877.7393487584864,2878.918782822218,2889.4986113114664,2876.8048318066008,2879.87815523513,2889.3492116516154,2895.0682975562077,2892.491742920901,2889.142840434671,2875.709602217239,2879.5253966241285,2894.4443390480114,2891.034995646733,2886.207362454163,2898.031399659386,2900.6764266439313,2877.9468990017667,2882.597966944148,2866.061296140043,2888.960557021515,2891.041356705489,2887.801466536977,2896.974219089685
803,io.reactivex.rxjava3.core.FlattenRangePerf.observable,247.88667687046194,247.51753609594888,246.26314471658884,246.71667057551107,245.14742041773312,245.90500099639507,244.691420139445,244.85137521524436,264.7848376943834,285.5403420116155,284.74931040885707,284.02666278073013,282.46833724822636,282.97103848015365,282.5446879941827,285.3285255383666,284.1382173110421,282.2052251422267,283.3688921381855,284.779081488419,284.529687506625,283.45875817795985,281.27550826616505,281.80103747730055,281.08354929313015,281.21994676847464,281.5173047988458,281.7797966969359,284.93114211554064,281.8990908376456
804,io.reactivex.rxjava3.core.CallableAsyncPerf.pipelineFlowable,103565.08914504097,110690.11619040288,112414.68574919032,106757.46258293335,91422.93131386481,116782.70870258601,117392.41911302137,117105.99758310124,113561.41495787108,111006.1166189177,115903.45509282599,112524.89071221984,112815.92881196995,97986.97577289198,110087.69347951877,106378.86813838263,115048.70339778277,103959.29863313146,113241.51982575114,104728.57548031036,106938.18594266017,107926.68998583696,109036.28347003362,103702.11199774695,115863.00678147128,108933.40442646746,113214.70032589305,107961.70458635174,114909.44355272205,92748.58257050933
805,io.reactivex.rxjava3.xmapz.FlowableConcatMapSinglePerf.flowableDedicated,11367435.99465224,11385739.493330423,11546488.94580171,11197672.29277071,11385324.862768987,11377479.22374107,11346335.55877971,11371656.206809282,11383634.284416586,11398756.233619427,11415660.681558061,11249264.464016072,11349108.231340805,11408452.750152525,11403380.127646139,11388612.18957784,11215879.647401826,11115799.226217652,11379797.05570645,11341634.781335713,11382950.404943194,11357336.230732508,11351426.799582535,11342160.493164964,11381186.47509238,11358648.06929543,11390802.4474962,11121513.415822336,11562890.889097683,11368971.028373756
806,io.reactivex.rxjava3.xmapz.FlowableConcatMapSinglePerf.flowableDedicated,2406229.7556354576,2414639.117211697,2517466.6675567995,2631497.059991253,2431700.2158348737,2416336.0338874324,2411405.054301194,2410937.4048523447,2421599.4508096245,2416221.4133338933,2418000.154257822,2416603.9741491256,2413387.6278301333,2413119.3953918912,2418531.267671268,2581533.4892847007,2562563.3460621973,2409361.330914395,2407989.754265752,2416935.902715265,2414993.847597599,2419002.7137801526,2410894.469934431,2414292.5702566183,2410176.6081540845,2420820.5204251735,2421395.6307661044,2418833.881565935,2618866.9693500563,2560999.4547396842
807,io.reactivex.rxjava3.xmapz.FlowableConcatMapSinglePerf.flowableDedicated,270996.43305924773,271993.07924076373,271737.1900803635,272473.07861505554,272471.1600433241,272115.3907577011,271792.95428370853,271412.94708252774,272815.0374874283,272523.35224010464,271771.46985737316,272115.86608141556,272668.91955311614,296685.9398050093,276136.0663966968,266827.31527290645,272269.2667381857,271575.56073066493,272002.1856171386,271819.2650879164,271108.61158183403,297091.6315333547,286601.7397973048,271230.58767461625,271565.6987120771,272329.43662610016,272781.6441001561,272525.0576352838,272454.8750313051,271570.4338908989
808,io.reactivex.rxjava3.xmapz.FlowableConcatMapSinglePerf.flowableDedicated,27298.906064709212,29771.647920609685,29327.924022898038,27264.492490723398,27287.953462724538,27281.149973929114,27219.191910738944,27093.83176816182,27184.637940900608,27257.382873988852,26977.42853848914,26414.129416708554,27145.510429807146,27491.223317958822,30182.631670393224,27255.360556237647,27323.334506145176,27265.945156575166,27205.16735864782,27217.79103129769,27313.15409510679,27265.849462950213,27303.04240039389,27205.509348638898,27244.734999709228,27247.992072143355,28203.113938391223,30153.97520971226,28095.64060056544,27215.08878439732
809,io.reactivex.rxjava3.xmapz.FlowableConcatMapSinglePerf.flowableDedicated,2850.533017129535,2732.560770914244,2726.6117850140495,2720.066233902696,2698.720042878912,2721.0168013940684,2725.261353338575,2727.1554517725394,2726.804106392997,2728.7351189532683,2730.7977816934676,2848.613317833784,3011.248371327778,2789.3852027649996,2722.9434081005247,2722.1040303468276,2734.5125840699397,2735.3380099068704,2725.2220771824022,2707.113520485241,2725.9032195320938,2734.043662677293,2730.851187726227,2733.923255261608,2903.4614311322166,3007.678740810658,2717.053348725717,2729.760965751273,2733.998799774527,2723.890840074584
810,io.reactivex.rxjava3.xmapz.FlowableConcatMapSinglePerf.flowableDedicated,303.3089702631226,283.8395531642642,273.7294873815542,274.23337374785353,274.23088274241064,269.78470290418727,274.986211091431,265.0288460534544,261.87485576767546,261.9253803403202,261.8544696651032,262.0063468417459,274.99122173021993,287.9887428080324,263.95235950258575,262.5632344614968,262.26624618333807,262.4702185621645,262.15344021671984,261.72678680969756,261.583190728062,262.4768940492356,261.64974309470574,262.54916842133036,261.40503456059406,279.95988650758153,283.0508873509773,262.2804119206216,262.3413597483645,262.33598800163367
811,io.reactivex.rxjava3.xmapz.FlowableConcatMapSinglePerf.flowableDedicated,27.53393360153758,27.55266178870603,27.488783479243484,27.435765216111044,27.531918699758336,29.770891022663033,29.808549256668726,27.496488995415568,27.479746945605516,27.276458842848857,27.54387478323942,27.55552852576902,27.521480631124522,27.475971997541276,27.489945395386236,27.46632014346263,27.512998061478374,28.09984920574439,30.402447286380873,28.418889022644947,27.466388389775563,27.45098938101025,27.57980634356329,27.5811985041601,27.43195555105406,27.426940893576905,27.525741466378452,27.54205451387833,27.52220965158402,27.412978398339032
812,io.reactivex.rxjava3.core.FlattenJustPerf.observable,37499948.90187509,35747115.9627541,37682456.05651687,37679822.330817886,38292444.884357944,36157144.55081576,36096245.64252688,37806465.28830866,37650338.70282462,38528674.2400593,37884660.26494262,36120453.15523316,37773793.54792076,35959556.96195551,36192434.69766559,37650233.58287154,36122222.62925234,36155971.626027316,38271536.724760786,37736449.21087442,35723419.24015305,35829468.19687672,37669491.21763653,35756119.693626605,36277544.634728305,37620456.451746106,35874785.85274341,36024612.68981612,37511705.11892812,35792316.23910437
813,io.reactivex.rxjava3.core.FlattenJustPerf.observable,35628554.092087105,35815956.945464015,35818340.892574735,35526721.88632126,35481805.17603012,35458547.30173931,35636407.10586358,35307042.27770433,35405261.12211845,35452476.64183395,35621229.51277352,35714563.63066828,35805981.89581865,35751058.193800814,35821163.18154904,35749167.15877665,35706536.87456283,35611959.465565994,35630694.7859293,35724218.03157716,35542627.75163358,35493664.212090336,35498387.978371024,35578589.381154,35664609.733418375,35394623.65684286,35634426.70481128,35496767.94402615,35626634.95719129,35471626.45773683
814,io.reactivex.rxjava3.core.FlattenJustPerf.observable,5363139.910162791,5390833.722649344,5328244.079894967,5348963.086683818,5362014.163507131,5371955.500398011,5342895.033036654,5374623.234523178,5402233.21626706,5435535.577877856,5386447.547658661,5422730.3668251755,5396391.407958386,5414659.382211792,5371958.09241486,5421346.162472623,5431081.854649568,5386591.933846319,5381444.060472313,5408674.312647367,5360538.945563526,5374428.651540625,5361980.891997102,5344302.307036231,5366029.125488174,5359575.944290178,5371114.79625749,5371602.075542438,5396512.967853299,5364145.840263115
815,io.reactivex.rxjava3.core.FlattenJustPerf.observable,527944.922637904,532985.8214511687,530790.3066860834,531921.1379825319,531175.3830747847,533112.1117807121,535535.7677561577,534854.1656722727,534848.519838109,532633.825545939,534485.4362077853,529386.3259512007,531871.4211163857,530038.8958080783,529930.5324986456,529737.5877741771,534415.2503790575,533049.3038301994,533182.5584032558,532966.3139375916,531471.8750006438,532176.7208738744,530275.547439637,530403.415759717,531983.1655548414,532983.9931806593,531343.5198608836,535566.001670673,533315.732016759,532988.9912637502
816,io.reactivex.rxjava3.core.FlattenJustPerf.observable,54333.28409646115,52892.79780836325,52718.177837785806,54356.22174479418,54484.926162070864,54395.5832586314,54259.41649318906,53930.6336141107,54642.38576494162,54492.14800067397,53281.65461840864,52847.43857143809,53121.24224024979,54679.521697316515,54994.634352974776,54859.270476997415,53264.329615147464,54822.22478933672,53264.66254068642,53221.90750142268,54364.19084338349,53437.778393533,54788.74288573173,54891.824343286266,54852.00815902772,55057.8057812662,55021.89200127365,54762.91850932414,54704.8259418985,54483.41075043365
817,io.reactivex.rxjava3.core.FlattenJustPerf.observable,5613.814042409846,5654.813481632122,5663.079492646838,5644.275839409804,5644.153365706838,5673.349958908409,5611.864215333446,5645.766711273724,5679.961947194417,5612.625693992468,5637.425929642733,5636.321636694198,5690.499992837129,5622.257805747064,5588.637079496694,5625.791676934203,5600.196024658308,5611.933545145235,5659.110601657599,5632.236544704128,5639.81919303649,5608.841858703794,5619.101241613707,5607.492561175662,5608.807516943633,5593.219835324489,5608.296960717896,5588.19301463495,5604.63754248549,5456.543876584268
818,io.reactivex.rxjava3.core.FlattenJustPerf.observable,529.5223401369008,529.481871279005,530.0623668485955,533.193263662667,529.9636540326792,532.2331090388177,530.3770525278551,527.7302992087469,529.7704811771938,531.3586846059951,531.8066797629992,529.2247814848103,527.9490693341252,531.9662345071971,530.4124536385053,530.8669843757939,529.0672095388702,530.7227557396292,530.8910908780529,530.006874719172,531.5506302864596,526.644287069252,526.2167852514332,527.3788405445144,529.5225120766177,530.6050907939156,529.6397051755985,530.9456200186521,532.5922686628026,531.6953189095381
819,io.reactivex.rxjava3.xmapz.FlowableSwitchMapMaybePerf.flowablePlain,47345412.31569881,47663891.91300248,47657720.869983576,47319995.86739497,47384301.6403031,47985110.959453225,47605218.59971735,47387359.50294048,47616621.52602455,47291330.902934894,47833888.07482596,46898726.73005716,47443986.28834021,46933942.274479724,47234112.17418507,47930810.68034413,47790555.4751929,49274987.84316734,48756219.697474554,47546940.74743958,48213476.72544775,48274013.79187111,48026348.16340211,47667812.42875189,47665385.31729903,47803358.26198056,47734429.540897995,48388798.11650079,48049413.807246655,47374907.65664064
820,io.reactivex.rxjava3.xmapz.FlowableSwitchMapMaybePerf.flowablePlain,1672357.893014747,1656280.6958533032,1662133.2346775336,1659583.5773992757,1671088.0115749103,1670016.7898645035,1659800.9769356654,1634568.447742487,1635683.0647348843,1656946.7113287335,1666331.817235612,1649365.65668852,1650931.1335358333,1673375.6320635022,1648979.3436853061,1658423.9460991398,1657433.8184884735,1657557.7196441323,1664760.6233012697,1676085.3719724384,1630036.3133076238,1670473.6317413256,1650532.862299202,1667277.502138876,1691448.6213777931,1702060.6163106186,1688879.0404254536,1684598.5604360302,1691070.002059617,1687842.980770328
821,io.reactivex.rxjava3.xmapz.FlowableSwitchMapMaybePerf.flowablePlain,176710.22545058944,178200.97186801638,176581.35375339453,178161.67377086313,177645.3445515219,177710.72629997254,178842.3533239387,173812.79829548683,177042.50973473061,177127.32873162194,176516.4673828751,176465.49456958496,178781.27465622124,176064.14393050873,180277.73029995567,177352.2098050543,179081.8954362607,178293.57109041364,180075.53002569993,174240.80506029463,175537.42583771996,175246.48792758837,175179.24548154406,174148.75189107965,175650.7495289268,172837.21123549252,177962.50622909275,176453.7528012136,175200.13289218376,178073.52518102826
822,io.reactivex.rxjava3.xmapz.FlowableSwitchMapMaybePerf.flowablePlain,17803.724576778768,17343.597180485653,17397.819505753076,17502.911808967012,17403.052604471013,17312.716504449225,17228.5953526209,17410.431793148,17715.292167786145,17531.364032238365,17387.45190821935,17405.994594940206,17251.881577769196,17198.425948461918,17200.149605897146,17280.333182104085,17247.509746167892,17230.088907358757,17424.371866692778,17290.290474400215,17166.181174439844,17449.022278934644,17339.58980584027,17403.674971206066,17453.94313385348,17326.840834348182,17341.136538088707,17257.759650298412,17548.046860286737,17308.04058069453
823,io.reactivex.rxjava3.xmapz.FlowableSwitchMapMaybePerf.flowablePlain,1724.8927792507495,1766.1410814385695,1773.945387693071,1749.4678188873656,1729.7553295681432,1732.0856666183056,1750.059992026543,1757.230647520672,1712.8887290352732,1771.8761866077084,1756.7517593616549,1790.0389316776602,1761.4053477931798,1771.1877952686625,1768.563290435256,1795.4100282647123,1746.1656069878602,1765.42162316035,1754.872324264048,1782.7968146470346,1752.1821812321853,1779.6565885663872,1776.124679578662,1747.8712055488734,1768.7895971710477,1773.3825897578454,1775.2258754772547,1791.974089457863,1806.7593956580397,1772.2328996227957
824,io.reactivex.rxjava3.xmapz.FlowableSwitchMapMaybePerf.flowablePlain,173.31696425659246,170.66320606130398,174.88685974427818,174.74738151558606,175.9458097721102,173.80179764657643,174.98886986276003,173.34160127609624,172.34281428047342,175.14080422565561,175.4612332990241,172.5606803523013,173.70701029651,176.11613440981193,171.91625317752042,172.33174951955152,173.51943341764456,168.39574521066908,173.40518052102655,171.8088454785206,171.0698359933093,175.24263061599697,173.52971330631487,174.4533752953447,173.4755423218575,172.5600262893704,173.88142938389598,173.307962933363,178.27417612379716,176.60719962677172
825,io.reactivex.rxjava3.xmapz.FlowableSwitchMapMaybePerf.flowablePlain,17.66854831667431,17.342961872131344,16.93391355654899,17.286585934782607,17.35252897338266,17.8627288585226,18.08372102110713,17.95744464521167,17.523215166761727,18.257727295037952,18.20204377030904,18.065134320995806,18.16647580202285,18.34728642373624,18.186065768067188,17.96765875327387,17.835713583461374,17.943731240109358,17.416376879845227,16.99319151827102,17.00244717733552,17.10959307936351,17.03861618720411,17.093611132927624,17.240573032818244,17.49468952830059,17.038178823596255,17.221747886915693,17.154920482940746,17.050995117767727
826,io.reactivex.rxjava3.core.EachTypeFlatMapPerf.bpRangeMapJust,24287021.38020569,24313228.264300045,24122391.379145995,24211455.74217905,24188165.98669744,24381093.27094107,24167861.483334173,24102008.205570027,24124279.23946099,24150706.968680948,24183169.92999614,24103961.447284885,24174179.60662367,24145671.154337976,24223100.297992952,24312729.152819883,24098197.24636127,24090562.682044987,24066909.922262274,24088677.376189332,24150717.45190236,24178519.40629022,24117809.603969663,24279316.700568058,24249020.19892614,24304809.334595602,24161928.901100043,24286482.779284663,24050614.317353044,24061749.620363817
827,io.reactivex.rxjava3.core.EachTypeFlatMapPerf.bpRangeMapJust,53589.52971766266,53794.166903068464,52947.37073946382,53585.40534108798,53260.88748699615,53474.833166905024,53210.26070213942,53834.261156728404,53779.73476340384,53307.704944141995,53419.658279856645,53540.60502165617,53632.79111308461,53330.42974105055,53211.81075968173,53157.57181503608,53337.30369262373,53571.885705568275,53586.00435958493,53888.684983654544,53399.239076491474,53493.49293518047,53398.188051417215,53177.687295969896,52923.19526611823,53663.18621101917,53106.50202489738,53537.69257898754,53420.30136397323,53074.4410444432
828,io.reactivex.rxjava3.core.EachTypeFlatMapPerf.bpRangeMapJust,54.21941329997003,53.85457369421568,54.23022489697261,54.01598884072883,53.93278114788024,53.82524933076526,54.09883667228845,54.33680672215376,53.99157952724851,54.23696332220326,54.28598951709116,53.81309785529573,53.95801154811162,54.11326657195323,54.38114431785938,54.41328440781004,54.200120048338626,54.164956203004266,54.59113218194707,54.372377740705815,54.56525092671936,54.40001736685936,54.39416991972813,54.13261359056487,54.4552327378182,54.453327148385824,53.71467596703787,53.719761623691014,54.34106255774936,54.4125824367937
829,io.reactivex.rxjava3.core.BinaryFlatMapPerf.maybeFlatMapHidePublisher,22624928.934879627,23100694.82010927,22518347.262870625,22661467.28013492,22282149.385806527,21968777.385043,22575163.644140515,22062234.456661936,22259156.157348488,22505369.82011678,22672268.63367845,22789989.95719563,22803894.823063806,23219649.306097113,22908102.10662828,22885188.89866939,23315974.923947986,22575059.967387673,22664117.639250223,22736332.035184514,22984584.841748103,23001833.549587924,23011504.41476147,22977796.38336684,22803623.88415298,23290794.858184345,23622509.072026264,23113760.273464054,23122779.609619875,23217972.327298727
830,io.reactivex.rxjava3.core.BinaryFlatMapPerf.maybeFlatMapHidePublisher,1222862.3577992192,1212754.184101683,1225911.363203006,1220816.556821796,1216214.547642273,1218812.8390374419,1215645.8802045533,1165691.231717568,1031351.9874341927,1153467.8245382926,1226154.9913204333,1228179.8393943014,1226777.6752628903,1221511.2523782917,1230642.0885344087,1201499.6308587764,1220277.0313639676,1228852.4877872483,1213643.3072269235,1230616.6419556,1228120.3486324614,1233455.711858842,1225678.08164371,1233406.3445468734,1218074.7945682642,1222948.0194790955,1224083.040036689,1233445.8244623605,1229791.9279710234,1232315.6091280214
831,io.reactivex.rxjava3.core.BinaryFlatMapPerf.maybeFlatMapHidePublisher,1266.1632193177804,1263.4016693935969,1264.6403893881543,1257.5365650798174,1264.790500101563,1281.4747222298834,1284.2978794864762,1276.5719233072416,1281.3339318701994,1273.237860188697,1274.3310284576319,1275.2852740198873,1267.2649761756984,1258.0264286192125,1270.7730653459905,1283.6659567427407,1277.2323042887363,1279.1614521058793,1282.6001160662133,1278.6581251770715,1266.9011158341068,1278.5269757036372,1277.6519867635855,1277.9676487875358,1273.8965965393622,1273.3392413475583,1284.7334383672737,1277.281746639519,1279.121471232885,1277.6449577979674
832,io.reactivex.rxjava3.core.EachTypeFlatMapPerf.bpRange,23633897.48700711,23439870.89866344,23503659.324496143,23521191.499108482,23478041.365437668,23377484.912884727,23559880.634064317,23507752.50474315,23616720.141156517,24622067.696837388,24663303.851754177,23529891.257734947,23399072.53625579,24227576.876390368,23552905.333316684,23362015.838020764,23481308.799170293,23471800.211743362,23397605.239125896,23518835.028203458,23553477.382992372,24056709.116542153,24742149.66023144,24384812.003453672,23505748.341559637,24047686.75010585,24728867.02711264,23517262.55610763,23497963.20117805,23414698.648987368
833,io.reactivex.rxjava3.core.EachTypeFlatMapPerf.bpRange,450946.6860896593,454087.1581687102,451025.42181185016,450785.5105142182,453810.1735531088,439992.1668818747,447008.4305443418,444704.015253502,444848.93434194947,447820.3469219243,449228.92259534413,448400.7747505103,450951.97430821,452153.8786178374,450108.76078424323,449602.84050560626,453372.8382162912,450037.8158359062,449764.7454335581,449938.8941582755,449465.77422420285,446956.93387955305,453758.31270476547,454424.3453213363,447389.0932515426,450961.9033497805,452315.6812149108,451585.2109203194,455670.4413731902,452426.6158779317
834,io.reactivex.rxjava3.core.EachTypeFlatMapPerf.bpRange,452.610485679077,455.2441435806005,448.8875949551225,450.7971633655465,455.5858282902588,451.3895268108657,445.4724763936519,439.5225905621314,437.6920551891908,439.0611634173656,448.15343591878224,449.6852639347163,449.1587216718801,448.5626908499381,451.101687377299,451.63627066469377,453.61973239281406,451.7672842812192,451.8547323183975,450.60902502395675,451.62734331068594,454.50078724331087,448.7323504484486,445.66612610196785,451.15150672905247,448.9695645647327,451.3305594344133,447.45746498302753,451.1439845160278,446.4412912243888
835,io.reactivex.rxjava3.xmapz.ObservableConcatMapCompletablePerf.observablePlain,114285736.17010695,112039173.37371077,111017960.65037902,113677993.82652713,112182061.4808596,112448627.38938229,110894643.20969996,114006411.6327431,114051728.15268429,116282672.59923331,114644203.69743988,112141397.03509252,112469041.78354718,113847066.06597105,111999733.5159073,111904986.46639061,112346954.34975393,110893421.22718894,111695397.26700342,110839948.73564547,111128855.01779097,112428633.50593714,110640080.00047022,112812913.10554644,113548130.84237842,115321797.1012003,111232437.7715699,112421983.73844919,113518286.50420119,113614679.0438758
836,io.reactivex.rxjava3.xmapz.ObservableConcatMapCompletablePerf.observablePlain,2953260.71741634,2910027.6366300415,2932560.5391667187,2899535.7189437537,2915911.0316985273,2953502.798787076,3021149.0966406194,3097520.0969460495,2987286.278409454,2977602.5626187967,2997068.7031391184,2931070.7895605583,2979176.459869256,2933254.304835882,2931250.2428196357,2971764.0079781786,2960837.1001310004,2938758.9266232317,2914005.189790223,2974605.215334827,3100906.440852293,2986022.5052901823,3007992.7990902676,2941461.7875948306,2953931.112006866,2978019.4208451184,2961297.1311726817,2957504.9934791625,2921289.4965101853,2879486.038733846
837,io.reactivex.rxjava3.xmapz.ObservableConcatMapCompletablePerf.observablePlain,358524.65901363944,342570.958928813,342158.9715647022,349525.45904185297,345470.4039335777,342921.1790385116,341338.1600665082,349027.1658332472,341709.73148031667,350323.0918284001,344187.54687653156,341688.2491290199,353044.1311883741,342328.9228644666,345525.4272169289,346470.39575347287,344444.51271317084,350384.0686946172,344816.54565986316,351870.27690658096,344961.2524581832,344554.22386212484,348549.82522846473,350785.57603205217,349985.3241461557,357559.7210537614,355007.3370762882,343878.77923543355,343780.22312089655,348606.62450862513
838,io.reactivex.rxjava3.xmapz.ObservableConcatMapCompletablePerf.observablePlain,35334.75452057266,35676.51043433635,35224.14601229879,35392.13676166338,35067.33423148934,35630.325339078736,36205.41101692129,35483.33908732616,34710.8029797254,34696.51090700404,34844.86409569453,35164.21833475465,34746.475825388465,34866.592078370486,35095.96571754057,35172.4989784336,35393.39997056753,35689.228814952374,35686.31329201546,36881.11895763039,35602.55099398382,35825.02573842504,35475.19226045612,35217.407083186095,34852.475391240085,34947.85611558615,34749.88414647017,34844.25150098116,34786.40875008749,35015.68220125662
839,io.reactivex.rxjava3.xmapz.ObservableConcatMapCompletablePerf.observablePlain,3469.415330659062,3469.107284215231,3566.472222741062,3577.036850634635,3608.5816715611427,3498.5150358457313,3494.8287079605366,3515.9347702108,3498.5238578999874,3562.3664473768,3486.6439752970387,3485.3264850540486,3501.247308856037,3548.4943821324787,3567.4597189279475,3540.946621494305,3573.261957035822,3591.1291727223897,3578.736916313071,3515.829665084386,3491.644637866981,3495.679012770331,3548.9753665619805,3528.0252747730683,3529.894544400486,3509.2322501683084,3562.090815502342,3556.10181402822,3653.218689772037,3725.158605876008
840,io.reactivex.rxjava3.xmapz.ObservableConcatMapCompletablePerf.observablePlain,349.1746433252849,358.2797402064303,346.561639034648,347.03097286135886,355.667374536323,356.58451271796423,352.11629970859843,345.89459865200416,349.51819161947986,350.94578835123605,350.5081371887051,350.31837992308954,343.94053165025605,352.22878591529,345.8415015315311,347.6504128267234,352.56947072048325,344.94209319104766,340.7873670854565,340.0588212408048,344.8936720400594,352.37891841351836,343.02417374914694,345.8234529773736,344.789879186196,350.3045033372472,345.1904861966296,342.24651349834716,343.7068208314853,363.34581257836004
841,io.reactivex.rxjava3.xmapz.ObservableConcatMapCompletablePerf.observablePlain,32.86814987692282,32.715026114100425,32.27429220692324,32.6961861230514,32.80824010167691,32.69122150742228,32.9258895845758,32.870306229464596,33.40889951473131,35.129016127330246,35.597944673953236,35.39304227589083,35.80871414607735,35.142074771499644,34.84767207857884,34.848591200049086,35.03065743015657,34.915273654238234,34.94383431404256,34.87022724126074,35.17883082428726,35.22611970120806,35.18710438289409,35.03385761043861,34.77330133861085,34.90106584394896,35.779330478364066,34.56109022504884,35.22929284698449,34.93766564939264
842,io.reactivex.rxjava3.xmapz.ObservableConcatMapCompletablePerf.observableDedicated,98675778.74244517,98096876.3832445,98673445.2297853,98348014.35516207,98711796.7660431,98590975.46421699,98919712.06679593,98094706.10831311,96864696.3923483,97838577.55484605,98440383.1263285,98707824.28824788,98342626.79497597,98368206.846848,98753169.47023724,98273870.9702297,98402772.23171853,98713408.6498768,98087957.66738367,98523761.37354907,98542137.66765486,98409541.83604556,98628741.59965841,98803771.96231318,98503140.5421409,98379921.30922937,98746479.98782603,98494826.65837947,98355612.73082942,98119163.17967968
843,io.reactivex.rxjava3.xmapz.ObservableConcatMapCompletablePerf.observableDedicated,2630084.8486646926,2640028.310965498,2620546.04554779,2641304.473261314,2620377.8228883645,2661656.8167970753,2722004.3581616073,2621222.2251750124,2640707.2356013022,2642654.61152544,2634578.2508529164,2638172.926064982,2636177.2415790395,2675158.0205699555,2773331.825917244,2670670.6189926043,2620959.603599649,2621278.026436698,2619581.585720653,2629235.8017721856,2632013.6470220764,2623820.117955806,2616660.2420072113,2611590.3899668367,2609348.223673615,2622708.8423674568,2743031.533840579,2744336.200834046,2631416.0645689927,2612080.914076305
844,io.reactivex.rxjava3.xmapz.ObservableConcatMapCompletablePerf.observableDedicated,303613.9255777937,301557.15394979564,303061.70416281954,301808.85825966456,303396.67969943676,305318.42226661043,316067.51079556596,310876.8411389214,302735.70300368994,302738.0130110089,304437.2132541808,302016.2164866831,302192.06259988085,302791.70538480865,302871.25675207406,301068.8488616229,303058.4363166242,304090.542319256,310392.9147324015,319773.4269656129,309098.853912267,302610.0816755537,302556.76682201837,304690.1256164245,304913.1455462884,304362.1416853342,305187.43861417664,304493.22494249826,305669.4891119772,303741.60424930544
845,io.reactivex.rxjava3.xmapz.ObservableConcatMapCompletablePerf.observableDedicated,31496.858900298903,30852.770208591486,30781.140076442618,31001.76497561972,30906.848370368756,31032.197637392353,31040.801949980058,31060.885411361927,31026.08141080767,30690.12646693037,30834.214066717654,30882.04881039206,32177.247148948456,32596.924603313393,30852.77480641884,30954.781054964948,31077.258306135493,32539.41357343064,30459.81889420826,30325.30196504177,30583.385640949244,30784.977334634183,30810.093785925485,30792.318185165364,30859.906448355097,30798.71951968542,31025.710085426726,30808.240740279332,30951.43502241924,32205.90932733447
846,io.reactivex.rxjava3.xmapz.ObservableConcatMapCompletablePerf.observableDedicated,2981.857920433807,2995.0824445127937,2983.969486137962,2986.874291421697,3001.1496242539674,3041.3233846213298,2982.8786535134964,2982.834697266747,2991.7838166931897,2992.7576704259104,2981.9863184808273,2974.231580503093,2993.2758547321196,2998.077515294158,2979.4733006278084,2979.774618787159,2983.673254958176,3023.1583073798506,3003.5044578065153,2990.589912367677,2987.653509871846,2986.5453074365787,2987.5151442171846,2980.239249228046,2977.1745575137074,2984.152682671435,2947.877400726781,2978.3791806868194,2980.9771373148733,2961.2698012086084
847,io.reactivex.rxjava3.xmapz.ObservableConcatMapCompletablePerf.observableDedicated,298.0251220276613,298.0648872884725,298.1222244247594,297.90741216374397,297.95233537310105,297.8765030827104,299.12465954379064,298.51047446398934,298.23276013838006,299.0262154478958,305.01580988447375,302.18883059358285,299.44401391493176,298.0247245198741,298.83594474421835,298.7199712360841,298.398885292741,298.830606973945,299.61221849706806,298.7517217841079,299.3245290023024,298.08491567523674,298.4926529332873,298.7932064170116,299.46232587507274,297.7718832134797,296.9190625358243,300.90231116197435,303.63183243610695,299.3408215768057
848,io.reactivex.rxjava3.xmapz.ObservableConcatMapCompletablePerf.observableDedicated,30.859750242663903,30.88395262150611,31.320432158265856,32.928407090232824,30.782856498942202,30.906398242165302,30.972540179492423,30.986943899083673,31.022831138179452,30.76126847059497,30.92732739906027,30.989774521029716,30.944271965508964,30.816992887118936,30.97235153928321,30.916736560016655,30.80384784297859,31.02157207840509,30.990259197898762,30.666010469439286,30.837239047884726,30.918171195160607,30.89855990424014,30.644049083534256,30.851974540054908,31.067704901727335,31.126348241056917,31.04112319075989,32.586498836849614,32.609010464458734
849,io.reactivex.rxjava3.core.BlockingPerf.flowableBlockingLast,27023428.0671552,26631580.519857097,27152677.59574109,27769173.66055529,28123127.851349298,27367282.085742686,27419166.10316343,27119280.195363607,27186980.127044354,27245063.153964262,27370577.716641333,27459221.21638007,27247294.764562447,27245940.548349295,27571451.994530153,26927041.986167904,27841418.352282703,28074395.680532806,27755793.75343157,27305718.093105603,27350922.76535211,27410683.450967755,27329388.582851175,27388509.945844527,27057571.97547516,27084161.964726143,27220594.059838403,27089383.45648059,27382639.411009233,27787156.02000511
850,io.reactivex.rxjava3.core.BlockingPerf.flowableBlockingLast,938851.895309051,924547.6964147043,931720.5527822102,930934.6110723998,932004.5258880004,922610.6121969724,925358.9029197138,913826.2703956687,918003.3237568991,929534.4516951141,915505.8769535492,916430.205152617,924022.1098245048,922292.9953680492,920877.24885526,927172.0616447901,924521.8190191236,930037.4534976023,920638.7774349026,916923.4996142429,929001.4466577801,931836.5763282658,927179.4272990152,932049.5458077501,933200.3556074824,924236.6931376775,934030.0978155246,928374.133111719,916302.0369233926,931049.9147221476
851,io.reactivex.rxjava3.core.BlockingPerf.flowableBlockingLast,945.0485345858643,953.0182234985891,952.860559338607,935.3787364093367,931.6097849938477,948.2264946674665,951.04348896202,943.3874651226081,949.722140743005,945.0772058245344,951.1026992782146,951.8746609521445,948.1203377431233,936.4941339636569,938.0989568900061,934.2588261309324,939.8115104636499,909.2582934600507,888.6227769653099,938.9573750910004,951.0311246783293,954.9320623133588,953.1938439320452,946.3078534024801,946.5582128853,939.6560041524078,935.766811589386,953.2067918278009,949.3952276448284,955.8770703852401
852,io.reactivex.rxjava3.xmapz.FlowableFlatMapSinglePerf.flowableDedicated,5590849.019195112,5572332.087481249,5571841.134458242,5583000.910654158,5574440.303591741,5633020.244466149,5578601.134882526,5582766.977099516,5571056.233552533,5602718.320083143,5592467.907555383,5604952.013588133,5570704.920148592,5591650.122736595,5557344.451633416,5578997.150482747,5679746.714285667,5770619.22149074,5562280.237420432,5587223.659292843,5592241.124405827,5597585.314587515,5614993.589432065,5564752.780612714,5521894.361496888,5583719.084268702,5580484.096650785,5546370.409137919,5577481.540838852,5733749.2861461295
853,io.reactivex.rxjava3.xmapz.FlowableFlatMapSinglePerf.flowableDedicated,922711.9012254385,945468.1165595738,960848.4406535646,925994.318859021,923889.2481691525,920767.845498737,920277.1605920714,934545.5221204412,927217.9793624858,922207.8436710779,957972.3804930843,949796.4263253243,918274.1239414791,923362.2095281193,918572.4137964689,937028.3859387927,924095.5833938726,921476.082719123,929776.3857628882,914633.2131462692,930845.3142899887,930053.1789113121,927500.8279271774,970159.485202181,939056.7518213855,919308.1539706171,919165.8862616837,929546.3456851741,925950.4819405653,931916.8560836576
854,io.reactivex.rxjava3.xmapz.FlowableFlatMapSinglePerf.flowableDedicated,102031.50694056037,101690.8669556476,104811.43910858325,104861.81595157731,101988.1908430602,102458.84201527333,101960.3943938888,101959.41017729643,101493.38903948035,102107.30404615108,102000.02891830713,102102.62490941427,102011.39957416338,102277.93441936205,102475.31109375125,103059.74221245285,106257.55048545818,102701.72378827306,102031.17495328217,102353.18886032312,105955.96099056402,103726.95594298438,101191.54579898418,101332.97033801727,101682.58636565621,101438.25261004537,101255.10715071227,100852.17301329524,100858.95837554439,100895.6094502739
855,io.reactivex.rxjava3.xmapz.FlowableFlatMapSinglePerf.flowableDedicated,10213.852892395507,10231.344088993143,10253.581817919137,10235.232613434808,10221.656971413697,10241.801657997006,10185.642809877943,10176.954844851354,10366.222989389607,10569.076241598332,10370.271882470588,10152.36028962579,10163.583374390317,10200.695810438549,10154.967788144206,10183.84368306038,10156.678723938605,10225.503040552228,10225.78262057902,10171.381102640942,10224.952034441038,10187.162880077492,10188.289957696268,10111.643603903685,10178.803827689386,10220.679018119625,10169.284173917713,10191.831659377727,10111.89411715495,10152.915993465209
856,io.reactivex.rxjava3.xmapz.FlowableFlatMapSinglePerf.flowableDedicated,1030.4436171211535,1055.360293358181,1017.0205989929638,1030.826940649896,1015.8342148403038,1019.4249648047029,1019.0927099131061,1022.5526373113868,1020.550752538182,1019.7593714601541,1026.5409257652932,1023.5173133291032,1023.0860455198697,1021.1288586326388,1028.5560680011583,1026.8822227703415,1025.138676433783,1027.5009551161115,1054.4653027887273,1024.4311405586657,1022.2078216488724,1020.5592571969499,1022.0678914581443,1023.7304323262903,1020.5902432232483,1025.5017240947882,1031.7444730050931,1061.2258993799562,1030.3997159159,1026.4114546454948
857,io.reactivex.rxjava3.xmapz.FlowableFlatMapSinglePerf.flowableDedicated,100.08675668713339,101.25551527996105,101.8104158721025,101.63792100469603,101.96855758739369,101.97771725691307,101.98769181938816,104.39936373420004,104.72289045566168,101.97928341846996,101.80798078191108,105.09727223500107,105.2073900378364,102.09314558732937,102.08382037474479,102.57274482216344,102.07428848190617,102.0959372089448,101.69982158620829,102.22272335396097,105.27624894924868,102.22788576178274,102.08905072283086,101.00275795556293,101.50349039853407,102.41866469472355,102.22571706695703,101.97874314286433,101.38829239329088,101.29361922216677
858,io.reactivex.rxjava3.xmapz.FlowableFlatMapSinglePerf.flowableDedicated,10.311627275425545,10.145988525912644,10.087868988867452,10.168123178056623,10.215199816333678,10.177191830255188,10.162580162917358,10.1445260188325,10.137024949314,10.159018263210692,10.244643941355479,10.53063463955268,10.287583957101269,10.250463687645723,10.171519748403206,10.257191189693794,10.257295243410773,10.250607198910858,10.189318793694143,10.246848976566708,10.207469707739886,10.235203725472724,10.271255270527734,10.155004830523467,10.25429171496139,10.11873753449726,10.23513459426234,10.288712438967101,10.223272640561126,10.221081576361545
859,io.reactivex.rxjava3.core.XMapYPerf.flowFlatMapSingleAsFlow1,46548431.86070614,46728318.67476835,47050393.57560716,46921289.58696237,47243222.30951659,47005670.906882524,46172773.42896085,46615956.01904057,46114126.43234314,46325533.32393094,47821101.41661241,47161268.36695912,46796807.5948015,47285708.298565626,47355157.7192366,46837295.63927315,47099854.19910842,46805039.019905105,47073944.594169885,46167233.1697569,46987382.371900916,46352401.14961102,46451660.7412642,46010694.24508707,44658267.98712515,45428591.305787474,46168469.68053112,44260941.43550763,44183647.16613316,43594860.39898022
860,io.reactivex.rxjava3.core.XMapYPerf.flowFlatMapSingleAsFlow1,1150934.4059124517,1137899.7069635969,1165293.762647479,1180525.091166031,1149688.4941749733,1150329.470805445,1162217.195194075,1145178.7722801734,1163409.8594783365,1147328.6558143978,1161323.9771917183,1165808.1970886108,1160050.5118507484,1155636.9291439063,1149263.3072541894,1191973.5055525866,1148636.098955501,1143320.2763214814,1156767.3405310889,1144898.706394349,1161698.1337318192,1190571.8445388568,1144974.7673347883,1151732.4159122931,1141212.506604308,1126989.2029018267,1152579.1415599482,1167718.5304185431,1202544.2490452048,1175140.843535673
861,io.reactivex.rxjava3.core.XMapYPerf.flowFlatMapSingleAsFlow1,127871.63382666178,124819.35475390435,122023.3746188517,122095.91754767553,121441.0430320432,121848.92584518103,124475.68140308501,122365.54524578263,122204.50360858817,123065.8599082292,120095.1542482718,122716.88966069616,123283.97733113942,126550.73561594912,124969.85420618978,124052.66053937312,122386.30861781951,125249.5897187225,123546.44508966243,122102.40432839734,121771.50699670635,124986.66167046633,125367.61170004914,123183.18858671204,122243.91938770123,124148.93828424145,121845.89785702199,121571.97812411553,122880.98116666147,122941.4154927218
862,io.reactivex.rxjava3.core.XMapYPerf.flowFlatMapSingleAsFlow1,12556.775804347802,12399.735178855784,12261.99472488647,12395.46433831859,12357.26780716789,12401.451136575597,12289.784208517603,12516.820972387777,12328.890782025232,12160.472717589508,12093.838846344684,12312.722690460814,12141.743013912741,12328.10606437306,12608.754344560306,12339.865028574131,12446.169554228833,12328.649632106106,12183.548537312105,12229.301792472763,12383.967350498511,12297.61043150929,12317.454886141628,12381.643318578297,12262.438637821599,12350.978401172526,12308.013229655338,12797.395358919994,12253.516638289835,12236.6930670278
863,io.reactivex.rxjava3.core.XMapYPerf.flowFlatMapSingleAsFlow1,1234.7784745677702,1235.040273669097,1208.1616530044953,1228.512124665468,1251.5896287925116,1253.712828300688,1255.8435244085458,1284.0217718651697,1292.6210978554489,1259.105182905928,1252.604696746777,1251.9529116549966,1242.8999428259026,1220.2440441717072,1244.8318734217867,1226.4414540330042,1220.5204697126546,1219.9250063301608,1204.3308821921703,1240.950205763932,1240.3884810365182,1235.2780108845882,1197.131232287679,1216.7494408713885,1228.4421459948715,1218.4516407129038,1211.9854615139923,1191.3171322545231,1189.3414010098495,1207.9486389510648
864,io.reactivex.rxjava3.core.XMapYPerf.flowFlatMapSingleAsFlow1,130.15150472690047,125.09405447169969,125.69873607945607,125.03030421998533,124.73306425743749,124.75831980473242,125.81136674025986,128.4720823905686,123.86944408332506,125.47024530191753,125.75713128868446,125.29191499764528,126.73937188825528,130.55501029737195,124.2355783621024,122.99348661508355,124.5117779879375,124.22379877350564,125.23153534286726,126.25386013969971,123.87333802538899,126.25347331258058,127.3577720712718,125.53739745221135,126.67221449074538,127.72559866649526,128.06795510462075,125.91105454240542,125.55713850223195,126.38232119190614
865,io.reactivex.rxjava3.core.XMapYPerf.flowFlatMapSingleAsFlow1,12.739753637624975,12.596138073869744,12.60917869547154,12.55089525603443,12.81681533360722,13.309020478100228,12.865461278441659,12.503495039450902,12.415321146925878,12.673297237644588,12.389745371442736,12.368217545879931,12.122428783549362,11.941550053201098,12.473083984263209,12.55722364244046,12.565602048127406,12.822793697071756,12.792405999548276,12.694262743975429,12.47501344770464,12.548404723141545,12.624298662550238,12.554787681026385,12.712905621927332,12.660884920338622,12.723796607394211,12.837439009166799,12.638440443670508,12.715565328434764
866,io.reactivex.rxjava3.core.ReducePerf.flowMaybe,44461405.7818939,46156808.71522396,45422054.9561314,44872827.907264575,44270863.047979735,44356324.529470265,45171310.68994326,44743412.1740809,45276065.74579463,45144090.2294554,44499956.547093995,45648042.13065392,44708578.45041123,45358027.058064416,44870765.626129024,44486811.921256095,44581742.45432822,45440182.25020202,45404722.28664068,44694686.99793235,44358106.10443995,45388869.524935976,45506975.41806081,45217174.6023039,45341955.80421425,44590352.04498828,45615478.11274281,45569482.61110894,45669824.32712325,45045848.0834725
867,io.reactivex.rxjava3.core.ReducePerf.flowMaybe,330029.13223451015,327695.3718560046,323346.69288949633,321259.5330455998,327797.1236914359,327935.2088384697,328141.7835611982,322802.03428152646,324189.8848744626,327490.60365448345,335308.02547889017,332957.72638434236,324930.41000387917,328560.7505209672,329299.95815913,331409.25940880465,326409.41715387703,321812.3204018844,325362.0829644352,329258.3069647013,324383.8197059953,329187.83124263026,326273.11772536795,329505.95156431803,328774.74314480694,330683.0865665176,331485.5767310709,321880.68838554993,321777.1495077573,330038.35857320455
868,io.reactivex.rxjava3.core.ReducePerf.flowMaybe,318.1365122876663,317.8560843007112,314.10060088432124,317.2598850360918,315.5975276253477,315.52603099491085,321.62066964711545,316.8952810037065,319.5317559281406,313.363581128905,317.9114692856792,318.35665722651686,320.7161700381103,319.49554209866955,311.92098823023434,306.9283481909715,315.11322663417326,311.7915311935795,306.7773768728188,310.68294122345674,311.355531723352,312.4524648620775,315.00392305885777,318.96617523194755,313.79243916698107,308.8547175205708,316.2745512572701,312.0706871971611,317.65913364303043,305.8631400086874
869,io.reactivex.rxjava3.core.FlattenCrossMapPerf.flowable,859.603929752931,865.0327385574326,876.8815631147963,873.1297001132448,776.3752391993877,776.4182034419421,771.7510076571466,776.387649086188,779.1144740710603,776.3555682044339,774.9610303096299,779.9079747585183,780.0412139020148,778.9752753247612,782.0617808151624,783.9489084817365,779.3960132946654,780.6493182745434,781.1626756338015,771.6032331298891,777.8916054721271,779.5492326721504,779.4555876858697,781.1642667222616,781.6278638475108,778.913008658454,777.2626948257898,775.7578085000456,765.8713114094152,777.4385851647406
870,io.reactivex.rxjava3.core.FlattenCrossMapPerf.flowable,472.9399283247166,471.00023934895,471.9284462089858,467.695543296789,469.86349337844973,473.70251813452916,470.7952713806732,473.8521680744563,473.44125835668393,473.4564331912689,475.7297460186925,470.52021430163836,468.2192953608889,468.924219032659,474.6276294694169,470.2055191254318,470.33231765285694,470.31764247032777,468.5845548080454,472.1393225925271,467.6711018795234,470.3046973027653,471.075358396158,460.3459896748908,469.98811464918407,470.93246498799346,472.2516591591083,469.01522842351875,471.96777073683967,469.4102883041886
871,io.reactivex.rxjava3.core.FlattenCrossMapPerf.flowable,487.51964396967884,488.2628290811214,490.87994058413193,491.579262225254,490.90977471068635,489.4734029762484,489.80680697054703,489.28857832142927,491.38582864603524,492.1612322512908,491.3145523286098,488.1934746001586,489.91366790335576,490.33147275374955,490.7234184668837,490.38617773669284,490.576443657193,486.4222806350902,488.94273111578985,491.1543839175985,491.33909536077834,489.80394029916914,479.6730730609784,489.86504316033944,488.55713517089595,488.3562234317487,488.559508884076,490.2074722656462,490.13939853986176,489.20045664406643
872,io.reactivex.rxjava3.core.FlattenCrossMapPerf.flowable,489.54123915579737,489.40978208041645,488.3096454024772,489.0933354040015,488.61655229718616,488.6811526517351,486.4029972300508,489.59531764626973,490.2254227523581,490.15773794116654,490.2185460472759,488.46119799094413,491.5260705627634,492.19864302191905,491.087116195356,491.62488234876975,491.89268229782505,490.1293137017091,490.07853522500704,491.46510657927786,492.3201152748876,492.54620486780016,489.5872025917859,491.4110973636193,490.9911621590811,489.67725861561905,491.9595501018715,491.83225716586776,489.50727910560704,491.94583430391395
873,io.reactivex.rxjava3.core.FlattenCrossMapPerf.flowable,356.2370997266063,355.9305533219497,355.6092839007647,355.68014964590884,356.7395448150701,356.2623552308709,355.3447808246717,355.95074389201096,356.53059823191865,356.8577008506396,357.6977529104435,357.3836625684404,356.0241939362434,355.862522478591,355.30192303383274,355.518896541887,357.13578497073854,348.45236320622365,355.49815605103635,356.7423164630032,356.897274614345,357.6736896431806,357.44412648580163,356.22861152152433,355.29805362386776,356.1899368171433,356.3438124682494,355.087127099992,355.44718898209965,353.8054759802787
874,io.reactivex.rxjava3.core.FlattenCrossMapPerf.flowable,395.4673221267228,388.9777730251121,388.23704781251325,390.24398929515024,391.90094703563676,395.0915592612341,394.53611627057256,392.34666668471664,394.76656900101773,394.7190516100736,394.93749728143877,393.2516876555872,378.1564633941475,394.75937442332025,395.493719788437,396.0370904676464,394.9586810026282,386.51674507093924,394.0799561074343,394.18382504615363,395.5463202370777,393.9388090908451,394.12270728918213,393.71087330194933,392.33048018894794,389.54866151933913,394.71326686269987,395.79026045044054,394.7031394271023,392.0879285893069
875,io.reactivex.rxjava3.core.FlattenCrossMapPerf.flowable,174.13658969207154,173.8364761989151,173.8939646771588,174.0810868707895,174.4442615770171,174.78637259968121,174.1364223062261,173.1486707536261,174.26536501034337,174.16350851746986,174.10184444946518,173.934010653896,170.39999860092632,171.7887554903037,172.17303089446594,172.09488091352068,172.2121356789059,172.46392348806512,172.55757497446842,172.67743492533333,172.29597246750993,172.0380713171414,172.9372011412124,172.19671181022446,172.19000958540974,172.56288010559012,172.26483878417818,171.2132110900869,172.93461383000047,171.5613856467713
876,io.reactivex.rxjava3.core.JustAsyncPerf.observeOnObservable,274349.0071160267,223424.63416543536,218228.18496915282,216610.12311201653,227327.0662736225,242980.69443390286,214632.44732623894,217852.08963168197,215240.2959169179,209941.6103483712,206405.43307338783,245500.8367014946,226235.91893025843,224181.19602838505,214851.17151741908,211082.4944242525,218020.50564302027,265991.63216032606,219140.391445609,246875.7023207048,353431.6609819413,494909.1732948943,251974.42045138308,250026.26223285001,256320.7157850111,208965.1208630494,256557.64562244166,239525.9089594847,211975.79278946502,255728.80359071103
877,io.reactivex.rxjava3.core.JustAsyncPerf.pipelineObservable,132258.01109838526,133705.4764930606,131564.47323960814,134114.5566442729,125484.4468934435,129369.26019342632,132833.5443644214,128642.5120435476,132365.01407464984,130371.66092102049,123315.97200727435,134580.3773654021,133027.96728594165,131355.85794358494,135386.7311881858,134427.45298558,125641.82292868622,133729.11594522744,129425.2810851047,133304.1179557952,131772.22863993002,130992.64541363342,124335.43912742192,133430.43345437956,125658.22613016755,134483.85973593217,128566.98844089886,130014.33865563758,130661.13976751764,131442.54474006564
878,io.reactivex.rxjava3.core.XMapYPerf.obsFlatMapSingleAsObs1,112934440.52287434,108786865.6318373,108673077.69849896,112451614.17538747,111821972.1629939,112800994.17023624,113956239.86691055,113008607.73472996,113886732.74338728,113005854.04659,112942932.00256889,114965987.79263754,113076056.6902199,113145446.59436332,115542345.0163824,113315960.68480043,114107667.16339011,114272502.66739795,115590005.09774208,116893946.55934668,115278545.28620104,113594155.58024006,112944892.9028362,112567663.92715818,112812505.81043155,114028271.57878092,112758901.37521681,113558787.77939497,116152043.74164015,116901572.01426272
879,io.reactivex.rxjava3.core.XMapYPerf.obsFlatMapSingleAsObs1,1311875.021383245,1298417.407602905,1305957.6647558883,1314773.6065851478,1287267.6499041093,1339438.4329886895,1322252.3190173944,1309840.7298751092,1319453.4822536572,1309367.0847951316,1338463.7264736795,1340605.6542525338,1345981.5585780698,1351503.7557032297,1344966.4429208068,1353697.9905957675,1397863.8042674805,1349831.2069777283,1352478.3644059245,1345483.9339821034,1339194.3824201596,1334618.6637433164,1320250.925732633,1327030.9290383947,1336821.85138115,1318720.8489161246,1317411.057924573,1326462.6427892984,1360220.02650892,1382010.3404576874
880,io.reactivex.rxjava3.core.XMapYPerf.obsFlatMapSingleAsObs1,139119.6213653604,139994.29885145026,139472.465174692,139089.51039573224,139495.37535216686,140925.48008266397,142414.40539249856,139690.34775265845,142702.94925224874,141249.0234042522,141250.3587070029,139216.6675572748,141946.08155812943,139806.08982939465,140905.36503741978,141400.0964416094,139353.68589064214,140957.7205663671,142243.41341874163,138690.27510904847,140236.8275182775,141997.176295465,145255.14619832687,140517.39750904325,140320.08973558134,141110.16575457613,141899.43413659543,138067.63597679278,139995.53584612784,137529.90836773242
881,io.reactivex.rxjava3.core.XMapYPerf.obsFlatMapSingleAsObs1,14304.582053443755,14309.384435922255,14256.46087767545,14238.196305292046,14143.013482380564,14072.38161733459,14397.134199540642,14587.763993344608,14194.624694123087,14349.644604318899,14399.38786762236,14361.898901934986,14132.981464291832,14280.907147338465,14240.282825874277,14473.941211449099,14353.53144713705,14181.673701512087,14352.20994931849,14725.012040042186,14643.26757304253,14310.489599375234,14342.829754177526,14245.279939428434,14250.716110233481,13966.998272916868,14049.942727759793,14623.26502272138,14736.80861744413,14253.896263796709
882,io.reactivex.rxjava3.core.XMapYPerf.obsFlatMapSingleAsObs1,1455.985160871051,1427.985962891989,1431.751143038575,1434.0215398569464,1408.076959086779,1424.0228881829757,1400.5467912488534,1467.1390725222705,1410.1885605799796,1339.4598895887211,1352.8532641235602,1416.8614663701258,1413.6764744841084,1428.122682814107,1427.5775112906886,1414.0996498234556,1435.0081338579425,1435.053830263254,1432.5359099364734,1433.7096393889924,1442.9961032819585,1418.1792174324771,1428.1531437458937,1406.9078624474337,1420.6963829759943,1509.5159571036793,1445.63625189757,1448.5131605208016,1422.8467067643533,1446.6567184873
883,io.reactivex.rxjava3.core.XMapYPerf.obsFlatMapSingleAsObs1,149.16319418231086,146.18830595048848,142.66077564390366,142.48853696908387,143.66658333439477,143.73212385359582,143.61184991318643,141.97047752314,141.93367652196645,144.33799019950024,143.06476332404762,139.75710355159836,141.75725586735354,148.25052230126587,146.53345871480357,141.3059554517412,143.3443502525069,141.8770140522458,141.78765625381646,143.26589181680507,143.08976763998433,141.42622869882464,140.77913218263518,143.52431749804057,141.2013837532755,145.66653448825465,147.5361834184506,142.84716324893074,141.60261265835055,144.4760516750822
884,io.reactivex.rxjava3.core.XMapYPerf.obsFlatMapSingleAsObs1,14.278460120849156,14.334170375301177,14.455765049594868,14.491541318247826,14.421546200749555,14.706176519725032,14.704294044112844,14.30665231663658,14.274479033593332,14.131859226912571,14.266364652292214,14.188669435219124,14.210460962627426,14.518859359962741,14.076548188342665,14.024284250528426,14.228034875717352,14.336496861049818,14.221782591736568,14.238993490127726,14.301533470675853,14.396436511111295,14.81687751440621,14.3044242137439,14.154935355070798,14.152700280395374,14.24642821316143,13.97268686241033,14.008605863880634,14.038374964883005
885,io.reactivex.rxjava3.core.XMapYPerf.obsFlatMapObservable1,46973045.53385971,47345291.097089685,46874935.157230556,47999845.33613622,48328720.846912496,47229951.06818488,47235436.94983477,47253631.03841064,47205230.68041879,45932337.71938965,46996572.02035365,47908484.26756918,47658495.617814906,47415450.90156602,48046479.432725966,47870097.564501725,47756850.74760149,47836615.27213181,47238600.92213957,47446476.39083309,47304237.08011621,47785379.81890749,48086272.199122526,48184887.98151418,47245237.94871307,47572283.61087289,48311601.3388509,47942069.66230049,47615273.74448407,47582836.70948035
886,io.reactivex.rxjava3.core.XMapYPerf.obsFlatMapObservable1,5169529.9176028175,5134416.369889069,5037311.586112831,5050360.104997094,5020736.945669552,5098677.382958734,5085117.294010505,5110993.8088281145,5185433.106592416,5505274.4691061415,5511661.646069565,5136251.846953968,5138748.6535941735,5146866.664306712,5182192.190252495,5178346.2059793,5169206.849904277,5186036.615771753,5207595.345506827,5111272.207472759,5132796.601835295,5099184.182049429,5569573.383934465,5299015.513261988,5065040.3357617995,5003028.639740194,5061838.016487591,5033908.379888679,5031036.61361307,4978454.773744038
887,io.reactivex.rxjava3.core.XMapYPerf.obsFlatMapObservable1,608003.4340598593,616789.3330553262,657339.9289556738,665678.6525511902,619522.3877797701,625690.7024066959,620518.420148424,625984.8306180207,620984.9853332548,620077.5479267982,609503.4658761165,620719.4655261697,620917.5132235247,609669.6592223733,625186.5951879882,624007.86116739,659542.7463746343,629258.5956298492,634866.3696511395,620060.9999459574,620271.1778651429,626416.9865433103,621515.0643182739,607062.3590022586,614810.72086904,619424.5295121558,626428.8257116626,647785.3069233448,690491.7728830777,649280.2841725096
888,io.reactivex.rxjava3.core.XMapYPerf.obsFlatMapObservable1,65048.286707470914,64221.70645400621,64864.20928225984,64148.20602519751,64855.555238620385,64636.143010132626,63282.05888612573,63383.01661249726,70612.06819266276,66097.90849678288,63713.36189925398,64020.44596389041,64573.57591467685,63415.5063754583,64614.81130249675,64123.3076174004,63743.155905239975,63838.73736363162,63260.251549907414,62370.82346932685,66030.18026573239,70401.6131206141,65889.42889360426,64055.187253118944,63582.6691654345,63227.423351115875,62671.8284256774,63959.77157759846,63381.33866796234,63886.85768200135
889,io.reactivex.rxjava3.core.XMapYPerf.obsFlatMapObservable1,6692.532941511078,7093.81723489276,6599.822590168954,6402.345609852871,6379.4036342100635,6410.692007277679,6499.4948332635795,6443.599356322822,6231.46642445594,6127.145312246104,6203.099094508035,6459.560330026136,6502.902687194757,6839.870733283012,7173.902234060354,6454.248706087866,6452.443909026589,6442.302408168336,6523.935041178795,6540.764070302804,6498.733331886282,6512.66258546411,6521.770798887044,6429.992651631225,6520.936623016961,6467.535042438264,6531.1784953065035,6539.3090827595515,6734.510353955695,7219.753402102798
890,io.reactivex.rxjava3.core.XMapYPerf.obsFlatMapObservable1,638.3388507487585,644.0755712141478,647.8508025515756,659.4160442307907,652.2316697885258,639.7035709607703,685.2716692853751,705.6624597699558,647.9725207813387,651.5237999515678,647.4721373330129,651.1269644082327,642.6142168367495,638.4244169752365,639.5691561566625,637.3530184894602,648.9487849618909,636.0284315891838,642.5062281810867,700.8607403726095,684.9995328373084,641.8239695071792,636.2335612404516,634.5176244734523,643.1884203488848,649.7192355273131,639.8918845070856,644.1065102634124,643.3610761851573,642.0306049569077
891,io.reactivex.rxjava3.core.XMapYPerf.obsFlatMapObservable1,69.41182962985806,64.59608963039759,64.47781410719043,63.72772209651592,63.57579495844542,64.47910055678219,64.51238071886598,64.51335831958859,64.07542550585067,64.65071603736433,65.3968287644947,64.86879404189428,64.47604598636336,64.6050015319635,69.48597679182272,71.86660135829194,64.92922240774233,63.14726981402546,65.30715973830858,64.28806426878973,64.36030325172828,63.92461695937527,64.99560298246263,64.22792776976254,67.21119283966901,72.35503481692062,66.80481716733999,64.85240494083894,64.40794082450479,64.43651127892183
892,io.reactivex.rxjava3.core.RxVsStreamPerf.rangeObservable,28601288.953562856,28430214.947112083,28511504.97099926,28571314.321122337,28723043.912250623,28811522.01818126,29047076.627550818,28733235.5062532,28350108.27564322,28306858.403071158,27612280.47593455,28120865.99857412,28324313.748206384,27918891.567594223,28428391.46330328,28513107.842410706,28401270.86366566,28287081.359013025,28719564.567695227,28682894.45426856,28175390.321628023,28450181.727789395,28525091.54600259,28344881.365035057,28398807.68473687,28537932.10320618,28303091.891714208,28660189.177326035,28629753.9216723,28485223.651553288
893,io.reactivex.rxjava3.core.RxVsStreamPerf.rangeObservable,454052.60877523705,449751.56151154125,452092.38820383704,455533.4517578182,456877.62662986625,452188.93862352544,456401.163105105,454075.7447143899,450705.51940939925,454612.42214129306,454776.89922229835,453557.3368162096,446958.85228276823,444945.5779129151,462253.2203309865,465314.2846136626,464610.91903687676,462518.08977250085,459295.4771373584,456610.9363831594,458448.96104028204,449729.70229733235,453544.9159366461,441535.58511275053,457729.31114722084,455774.4409030185,456496.8381943425,457435.42254451476,459700.76456131326,453479.32367325993
894,io.reactivex.rxjava3.core.RxVsStreamPerf.rangeObservable,376.37561656378455,381.36585379869376,385.5487656766638,387.40896152752333,388.7472248919585,387.31840907058825,390.56168316814586,392.80709714827566,387.4284655276536,392.0991385058131,389.9363744717138,388.35645994721193,382.8744210186501,375.61694884050803,383.3100434550211,382.96994834815314,381.1237701548738,383.31518098043097,384.84357263303184,385.9324490856392,386.4244659696008,385.2123290008167,384.6067484456695,368.1186213154754,349.46444399225965,346.4094021070255,343.72043223667686,344.656555945818,342.7498508763349,341.7046083257637
895,io.reactivex.rxjava3.xmapz.ObservableSwitchMapMaybeEmptyPerf.observableConvert,98250989.3842727,98477486.32328519,97317868.67235932,97354040.7375751,97851898.42923565,97952840.86202829,97649353.07795087,97795861.71377121,97318785.82920773,97342401.54689392,97477125.58142494,97113435.53590648,97701733.40183127,97644396.13368577,98072093.20975946,98394548.05446944,98263189.26816964,97316679.05780621,97950553.51192679,98251515.54868549,97933125.50779794,97050577.33675823,97538295.29487652,98021237.84921941,98171333.73018003,97349681.49120113,96026815.60773271,97015948.1010488,97178393.3059707,97258485.41062717
896,io.reactivex.rxjava3.xmapz.ObservableSwitchMapMaybeEmptyPerf.observableConvert,1479857.4922993828,1488762.6728374609,1457325.2826321814,1449346.3383038987,1447833.9696571042,1482173.8052074765,1459014.1554380634,1458507.589023396,1430400.4373843258,1432926.0603643097,1438974.8726975538,1449407.7916917093,1455256.976207789,1482375.6465048725,1484471.1289969722,1452135.410657264,1452389.1586339748,1440175.1029447718,1415298.6903291491,1433018.8474535323,1444273.199060681,1443239.5047610914,1455249.0378693424,1451388.096980651,1455097.3830797058,1453460.3988924553,1447495.8215382674,1499320.720045052,1461373.0443082645,1446724.669029894
897,io.reactivex.rxjava3.xmapz.ObservableSwitchMapMaybeEmptyPerf.observableConvert,152120.09819655027,152182.23408789546,152008.61752686198,151777.78517915498,152207.546471636,153555.95678443904,153735.58262325593,153133.78402982894,153789.70143207998,154003.69272474133,153632.79355484623,153745.65426291432,153800.2070973066,153117.03591624933,153337.78189997128,151803.29623991862,153018.27749880674,153299.24315352185,152570.31991523612,152921.60955885815,152691.21625986873,152153.06303755,152162.178751205,153498.75674126338,156243.77931017053,153808.97075427428,152372.5609090658,152347.08801261688,152916.9707116304,152834.59686112634
898,io.reactivex.rxjava3.xmapz.ObservableSwitchMapMaybeEmptyPerf.observableConvert,15709.498847418638,15386.311152328986,15376.90867003787,15433.225807660585,15412.525514509078,15570.964982386657,15470.395045672134,15420.934074194924,15429.395152280635,15376.517158401588,15438.526948095783,15437.142170814026,15761.49843759672,15666.183517860976,15493.098890382338,15524.779494421564,15584.336933216502,15517.578357058817,15445.82213249582,15484.38486732676,15485.769949807116,15517.062148763729,15473.668227796637,15558.590062269039,15483.233347591806,15788.17562040998,15765.773816941388,15480.372907832078,15486.548616150243,15359.28099146076
899,io.reactivex.rxjava3.xmapz.ObservableSwitchMapMaybeEmptyPerf.observableConvert,1543.3215311617569,1506.6712985628203,1539.2634685873347,1531.6136228945795,1543.5377490326084,1535.0481995040902,1522.3637676447709,1539.0562476308403,1536.2577186767783,1548.9864881908636,1564.9635739078537,1535.0018773092947,1539.9663114731204,1531.2412653592908,1535.6793486163297,1532.2441454952714,1520.2842364988983,1533.7378734612603,1533.090441970226,1527.8967279322624,1535.971689993125,1533.6270694391515,1542.497997111836,1537.1807518324072,1538.390194434048,1536.4058795284157,1540.6019438915432,1533.412118928433,1531.269680832233,1539.5086996676926
900,io.reactivex.rxjava3.xmapz.ObservableSwitchMapMaybeEmptyPerf.observableConvert,154.1740478445299,154.9716838838641,154.8884835445061,157.11627297002994,155.11444604341807,154.7403362765674,154.5646775504305,154.77990730564878,154.4264324331853,154.92115876325147,157.01978904997557,154.557385206214,154.94209364628367,154.89718699213398,154.3324413525596,156.963199506986,157.3708370587891,154.85572293606486,153.9521939949597,154.69845172250314,155.07774566801376,154.63329672408324,154.73841316516015,154.58460026217548,154.67443274686062,153.63786663733953,155.27761437684376,155.40124428939527,155.5127220352328,155.30734430919338
901,io.reactivex.rxjava3.xmapz.ObservableSwitchMapMaybeEmptyPerf.observableConvert,15.529292228892439,15.414120233933552,15.464837608877495,15.407929092494605,15.716227945380489,15.520044561927948,15.426260592364704,15.425445470861298,15.440068569035713,15.355526495349626,15.242937222430816,15.339186260617238,15.488078938897308,15.423428858584174,15.528217684043236,15.516793082771915,15.785894134053791,15.554839440993213,15.464888759648813,15.456032733249803,15.400080367436908,15.477868066341111,15.466154677144388,15.521075667040442,15.518837331190161,15.523337541166823,15.547146222926497,15.584321329630608,15.843908553922931,15.56332865356686
902,io.reactivex.rxjava3.core.BinaryFlatMapPerf.singleFlatMapHidePublisher,25026670.620018408,24585453.513797406,25880502.637651328,24972651.404896777,24858029.105678927,24948085.87199868,25083244.885781247,25909036.725476444,24897767.76945243,24778619.452415902,24782457.440857977,24933081.540320013,24966388.862998463,25016946.244387988,24930549.932570208,26051094.903036505,25548329.80732639,24877328.27546502,24908472.93082493,24839293.573547445,24947069.181125026,24784430.630381685,24993078.1883699,25013879.14114826,24969267.983440384,24909428.37129029,24966160.94537607,25189562.961760934,26019902.699819878,25352022.16865261
903,io.reactivex.rxjava3.core.BinaryFlatMapPerf.singleFlatMapHidePublisher,1254063.357769712,1248518.6026784887,1253191.4497826055,1256353.7021575903,1251058.128155301,1247021.9690861106,1234733.9838473466,1254864.3965921912,1259203.1439080504,1250075.0881204102,1251483.6503743415,1252588.0208472107,1256492.7953159774,1259256.4580694982,1256845.2599883466,1248526.5937033615,1253537.8671814094,1254919.531584665,1253386.450257014,1254059.2847853587,1253772.6042490061,1250652.3413635816,1244780.641263814,1243752.377252515,1248191.8922341224,1249233.6435897711,1250325.9228289956,1251135.9045446366,1248905.2108037465,1252138.3608968959
904,io.reactivex.rxjava3.core.BinaryFlatMapPerf.singleFlatMapHidePublisher,1294.3653972386765,1294.3022610655935,1281.709095613405,1295.6825901574762,1289.5947783703614,1291.8243545179891,1284.9972999019217,1286.7232374121418,1291.6739724476365,1290.0250880501828,1290.2570042138664,1290.808068457493,1285.9876969557033,1289.2277783453267,1282.7162819166672,1281.830238248737,1285.7718526424671,1286.3542488807077,1291.1987156482353,1288.5083773596687,1292.9262411437953,1289.3302045627015,1286.8638549516015,1294.6475050291583,1293.557358900915,1293.117259968069,1290.4643411566292,1292.698400536171,1290.2598050453014,1292.8517551534953
905,io.reactivex.rxjava3.core.RangePerf.rangeSync,24896747.124917604,25330654.625999954,24755244.79957412,24498574.57518959,25069743.52769937,25026137.6067521,24752713.848645557,25227537.81134439,25510528.103710804,24734844.43175194,25412029.82932908,24700651.777854994,23862654.950072967,23460285.169267356,23519109.89702345,24285707.3203805,24504407.606450193,24180660.135238618,24342915.939287636,23888785.60546656,25323829.36410934,24788372.475067627,24879726.0609674,24433421.48404495,24624768.911596924,24856423.024308383,24617401.623462323,24625286.52746465,24427056.65182056,24161027.807196055
906,io.reactivex.rxjava3.core.RangePerf.rangeSync,415423.013105222,420619.06232310954,421104.3270936005,425460.4174227896,428048.79275910626,422315.18889248685,416569.3495906411,415076.65244707617,416198.9323351205,421389.6946215493,419001.142278864,424398.2270754039,421678.7759090969,417619.8556701307,424118.24795727147,423835.9953134582,417321.7065026076,420052.2200816538,417730.79988677974,415897.690078216,422270.69093536696,422869.51104915567,422205.3074462156,418701.34317949554,421782.46973262494,422528.6532580246,421770.32420511154,417338.7933937157,424125.9914322282,417535.6418014528
907,io.reactivex.rxjava3.core.RangePerf.rangeSync,394.8806907480974,397.99853499232995,398.6329491448841,397.90280826005437,388.3551983300048,387.20627940007756,373.13133234798994,380.1986913371444,384.59629734320106,377.11588800370055,382.50078942220694,382.00789228305456,375.7408432740953,379.5582465800189,380.50649297178444,387.0588937809531,386.25305534400854,392.11272027852476,396.5218485775868,394.88357884375097,382.5497236732476,388.22953441871493,393.2401420734714,386.37709289663644,378.64150789994295,386.81785714151846,389.10172831026097,383.62458689738514,386.9090841034174,390.8022657775845
908,io.reactivex.rxjava3.core.ToFlowablePerf.observableInner,7516963.947422223,7508264.859017431,7453823.795574519,7366565.639139081,7413280.62179436,7492965.499549845,7337035.974391932,7485280.905425308,7300049.359611691,7176382.249994911,7358051.087513944,7308481.009989234,7389192.857760298,7338358.534665638,7233681.567740367,7456771.063266871,7351911.773762815,7321487.849517939,7378653.355581814,7392748.819566073,7392299.108084731,7322503.40889692,7377870.987761706,7334818.635922074,7260195.092802539,7305272.07101925,7316111.6335469,7442675.854397775,7384030.971378601,7377069.171929629
909,io.reactivex.rxjava3.core.ToFlowablePerf.observableInner,5729.854037698244,5680.144019336718,5647.245313430803,5668.728961062185,5628.954264134718,5751.618369241814,5813.725586338599,5939.806960073034,5859.4185054481,5834.926420218091,5812.886634571334,5769.435587655331,5729.3868925792385,5756.775280599704,5826.043019999578,5776.637030788807,5845.02194948267,5719.517404279979,5829.887453427825,5805.997118505727,5841.867273619379,5815.369922115048,5763.744337592418,5708.134732396589,5864.098365555804,5719.086490314902,5661.467844668473,5531.015623025508,5554.415103426364,5728.322832044732
910,io.reactivex.rxjava3.core.ToFlowablePerf.observableInner,4.92156510550179,4.922631362231891,4.877393282622783,4.855155698235375,4.972002494847434,4.990501797510877,4.933579403039319,4.8968318330501575,4.914483031621916,4.952419554840576,4.912359551157905,4.9658179756995375,5.031986379130768,4.953408031063273,5.033558579850474,4.9917185791422085,5.0279217548079105,4.948272843861413,4.939257671022296,4.875725661319977,4.872344353802533,4.902966099057701,4.904085248467141,4.983955724491055,4.924165187219291,4.979340740165756,4.992355675036251,5.056200085298095,4.989726796201378,4.91076685810427
911,io.reactivex.rxjava3.core.XMapYPerf.obsFlatMapObservable0,113464634.06581636,113791104.96546252,114117788.94365259,114364591.53436756,115671899.30453523,113836620.97120796,110029386.67316328,107764749.84528257,111855061.67466187,115207199.65944779,115644572.27156049,115830856.46974215,114014276.36027776,114463792.72360861,114571947.0115265,114596164.97068305,116782137.17356503,115628937.48758216,116214167.73511182,115850397.09423418,114354425.66426922,115783546.84929763,114863133.90580155,115470855.44752146,115556731.81741455,116332930.32497738,115669381.38816847,115479752.84857479,114630024.19942655,116043117.30379345
912,io.reactivex.rxjava3.core.XMapYPerf.obsFlatMapObservable0,19812263.52862526,20694655.34796746,21003245.847828183,19932853.86012206,20014609.564627565,19961621.22334585,19903918.389745366,20143658.507623147,19893562.379405856,20032793.935907744,19727857.05664032,19539703.797550894,19690088.065755587,19923082.51128336,20336966.580724124,20656265.23882985,19855672.911264103,19976218.00050012,19629425.126055308,19652874.735920597,19502511.81171226,19800174.63041132,19773668.286232144,19903134.582523476,19732088.31343315,20012103.52867736,19773280.039137054,20379129.948681038,20445809.736072153,19867932.181143157
913,io.reactivex.rxjava3.core.XMapYPerf.obsFlatMapObservable0,6568522.211700586,6604577.619396538,6562709.276360537,6642835.933836346,6625902.847005432,6539407.485763755,6588020.605101551,6818125.8206412755,6897811.363963035,6678475.263902921,6607313.251278196,6696544.90293883,6726983.30890614,6802118.274363475,6687043.6265823115,6490030.185297419,6735805.869273463,6668707.577611456,6624591.469139778,6675352.04080978,6870920.584087959,6682909.590865137,6675734.588717031,6683809.425989483,6770201.680823543,6648765.417912973,6764698.183430839,6650311.364665731,6669966.984387167,6557780.524623982
914,io.reactivex.rxjava3.core.XMapYPerf.obsFlatMapObservable0,883305.9929192665,881683.1471657029,883037.2911380199,876403.4526964251,871415.4004814392,881262.0416902086,861160.3402114722,866859.2632385921,872153.1010540572,870844.457413471,867077.1303194624,859525.2142702269,864114.1709832193,866328.4093345536,880363.8715584066,874145.914270084,884616.6271469592,888275.8231586295,876860.9508520752,874335.3831716648,868663.6210680412,865430.263406781,863452.6330011438,875782.9927482473,872682.0969023266,867650.6505131463,877066.9261233076,868350.4977161718,866519.7153931288,886050.0483146713
915,io.reactivex.rxjava3.core.XMapYPerf.obsFlatMapObservable0,89408.5460441038,89935.36346357835,89298.80807799954,85084.76395763367,86998.08465016834,89187.69298194564,87193.82391111406,86913.18599421803,89180.90776256558,89083.50113239366,87928.54654407584,89655.6178648423,88714.98928868999,89377.0296042139,90661.93163537385,88093.92873908332,90357.4092111102,90748.7693316845,91879.61798537942,91847.01509510273,90513.79002624609,90440.45238273284,89905.04534677033,91985.76681501117,92201.06483305457,91077.62177535654,91097.00323827537,92092.97424772373,89672.02356138044,91400.71586562494
916,io.reactivex.rxjava3.core.XMapYPerf.obsFlatMapObservable0,7160.520149621718,7061.330677649058,7111.132352395342,7103.026892418766,7136.6831883599025,6989.690706186251,7215.253883138386,7187.284383655772,7172.918338260427,7220.166410395427,7250.518513580981,7253.471954495185,7307.695232939244,7252.326644792081,7120.768781516896,7255.107353356565,7294.446417166955,7260.699436086144,7169.612489614548,7268.8587092252055,7206.412821483305,7294.049694360568,7107.551197702933,7128.08291261225,6854.489883537486,7014.863634180445,7142.42180286199,7177.536589527634,7124.124935778998,7231.882876588287
917,io.reactivex.rxjava3.core.XMapYPerf.obsFlatMapObservable0,699.37479180674,834.8631191824313,880.7062228252522,884.153937182739,884.9194248902664,884.886354594788,892.7968396151614,885.6225875062213,889.0463839552708,900.3359743085323,886.8271981731272,905.1842488601116,895.4564534554703,897.605055570759,905.1261188347873,897.3552556329593,895.9950519497331,913.246045982342,922.2093428976574,916.1499530145453,915.1167659022218,919.5493610423807,904.8221101634977,907.7214003323672,908.3520243583679,888.7106473664559,900.0361674689086,905.8357393703656,909.1088569522788,909.27191415382
918,io.reactivex.rxjava3.core.BinaryFlatMapPerf.singleFlattenAsObservable,121190530.45325081,120383476.16557285,121478346.62807512,121254440.63207021,121255169.76967071,122216304.10802305,121423865.45225716,122536353.06361003,122131620.01395775,122079588.06271973,119209015.43153906,121158976.47196141,119434987.782046,121045556.32609753,120658311.61653695,121991531.61137098,119823429.39786848,118728516.38104734,121944572.2322202,120414826.92602791,121660306.65502769,120890806.66880944,119545459.49148263,120037476.2410042,120224150.64318526,121475938.49265967,120921069.11195615,121841543.12367564,121279530.06442085,120348327.3354864
919,io.reactivex.rxjava3.core.BinaryFlatMapPerf.singleFlattenAsObservable,1920924.3094795619,1924448.3230724372,1914886.135759778,1902341.379533857,1901440.1444194263,1915643.0732465815,1903434.0946721404,1839189.399205909,1856723.1941681064,1898352.3782753164,1890434.1659872339,1898468.4470893194,1895637.4156856127,1883560.3620296086,1876415.8219186272,1880617.8424391248,1888318.7229955003,1896857.6713985025,1890885.2147260788,1886121.2709488135,1897600.4767044487,1894662.5681722425,1894540.3475675094,1900192.731035512,1888244.7422617075,1892305.456357819,1892215.087127285,1897432.8565082569,1895097.2411679006,1889840.4883001961
920,io.reactivex.rxjava3.core.BinaryFlatMapPerf.singleFlattenAsObservable,930.0094413639466,928.2328146504586,940.9119861519034,1803.7381549395238,2732.4400410623853,2779.029082272439,2820.845699740224,2797.8768399065257,2794.476239701821,2776.784410458372,2797.937303820896,2789.3153932192035,2773.986185548796,2752.9369176210807,2744.7870072730225,2769.838097235619,2753.2853462423877,2751.28266402962,2768.276654846642,2758.5277979700713,2781.4477797021614,2766.5566620614613,2768.282120775594,2234.0499000762734,1117.7116795659858,1903.4364628904873,1886.2230496360705,1922.4831942227627,1909.5340183230426,1917.796228397344
921,io.reactivex.rxjava3.core.BinaryFlatMapPerf.completableFlatMapPublisher,20498438.025428284,21368134.40326422,21016356.736303188,20554145.652242918,20430685.484880995,21401738.358198423,20958483.34068223,20650848.68654521,20565449.137746796,20577498.26216254,20487407.73543136,20659631.7898851,20633101.15219059,20833622.846841108,21178843.85846285,20577616.83321235,20507188.05121518,20784078.969731238,20836694.625265863,20871616.57564004,20446059.819645744,20551799.868288696,20536991.47465385,20661756.662120566,20504758.972949408,20545068.61264037,20883854.166054174,21413165.537603673,20421647.40313939,20230162.39132336
922,io.reactivex.rxjava3.core.BinaryFlatMapPerf.completableFlatMapPublisher,624628.0591671801,624727.7706452669,624019.6151512319,626487.3016123087,615181.1303031722,589483.2428890328,578888.0687284138,620607.6304509245,624616.3170798925,624437.9026429283,624544.4654995281,624228.0619420179,624680.9983847011,622895.5000571114,626291.4511944376,623287.3472002564,622218.288359302,625279.69510232,623801.1315440899,624337.2412343974,626182.9134508506,628271.9131138135,627461.3241092669,626929.2930497918,630652.0292007058,625840.4353655794,628483.4819335238,626686.9734535475,628551.5152594779,628669.9427132355
923,io.reactivex.rxjava3.core.BinaryFlatMapPerf.completableFlatMapPublisher,625.285784820291,624.2860546065169,623.8834342430295,626.0631709661665,624.2064270189315,624.5712031387699,625.8268587412606,627.0802770346802,620.8548608966037,611.3226789246586,618.1288098734931,619.2109388813725,621.2314658563486,621.2770013152594,623.8878050082498,619.215244989845,622.798877690031,620.2269584224267,624.6709664371775,622.1343436102703,621.9119434879216,627.7775463986561,626.5198377024642,627.4032779971035,625.0494978544542,623.8312168498003,625.2307161268775,615.3122802318795,613.3961440062216,614.9165595123735
924,io.reactivex.rxjava3.core.TakeUntilPerf.flowable,185649.89346847282,208001.47359029908,216881.31970176336,203296.95984402607,198812.2503241015,205205.26687425235,197849.81059731785,208513.5812952911,206998.52630832704,198883.64825292575,200337.59821204914,203251.83077536657,202661.2332051338,197130.42822025207,197734.7759897153,203079.02021297975,205498.05909755593,202540.915174289,203589.17420570902,202767.95802001696,199514.66763644968,200092.71715208175,186715.29753371733,201533.4762418226,204155.37851836518,201596.66111523472,199667.0351497888,200343.1905085269,199826.26273826545,200714.36394066055
925,io.reactivex.rxjava3.core.ToFlowablePerf.observable,22707641.93210535,22756949.465220813,22637056.690454837,22695287.45155463,22918625.89904773,22888645.630841628,22555769.596786402,22372933.888612475,22705842.201720327,22984262.938083887,22939792.910743218,22546706.99751075,22434125.55039781,22300470.802776486,22311616.17434525,22059551.603005625,22138886.211585846,22143126.727423936,22176159.1607571,22223555.650107473,22167956.593709506,22139226.063906927,22029161.377143055,22070602.00018602,22042770.91727667,21739073.588116024,21572443.955936745,22291162.304750517,22199575.602652807,22297275.345468495
926,io.reactivex.rxjava3.core.ToFlowablePerf.observable,433787.05776133365,442730.52094104316,438528.261121475,440602.3381819793,444685.4405108991,443571.56352273753,442369.20638362825,441844.3027607229,431307.7366271245,437685.36432398163,435446.3406787701,438646.21688283706,449815.6838357002,450723.9463901772,444276.35715039447,448411.6949542867,443896.9418285095,448438.64793929155,446555.4541873557,451375.54424682,445857.28998678154,444237.497106796,439776.9793115697,440789.94321391045,444325.791185596,444518.52247654344,445173.6833033487,437561.5021352688,437353.22233593254,441969.1575318278
927,io.reactivex.rxjava3.core.ToFlowablePerf.observable,524.4769401964959,549.8719579156237,520.9837243426969,505.6274218610452,512.1581896550988,509.9387364092732,499.1431827918559,500.1583235699301,505.68774792940854,498.5019302709026,488.71084591992707,496.7212311041222,500.14216865587565,487.8703143329978,484.84027276601915,495.17416536292933,491.2696073675943,496.9127197653368,495.0379684590331,498.3340836390444,490.87657301272856,493.00502071822166,493.9056393276065,491.5673916928342,492.15824207225415,496.49480561240364,493.19030432468463,499.8883134533433,493.46335218947036,491.6573664396151
928,io.reactivex.rxjava3.core.PublishProcessorPerf.subject1,122447907.49912128,122605062.39642043,122676243.49298063,122728884.85776433,122648719.86616017,122909012.2935167,122630497.84553961,122732561.39374183,122717971.25834233,122349409.8924118,121404624.66802958,122411907.00140518,119705200.82687803,122682518.9359136,122674905.83725774,122352207.3259596,122188818.02042472,122788175.72165294,123374809.91922885,122420848.78106089,122670842.40710527,122210643.00300945,122391296.47111516,122486113.58216904,121860133.5838871,122650659.29434878,122450480.41684414,122119711.83794372,122376737.9881334,122424238.61427549
929,io.reactivex.rxjava3.core.ToFlowablePerf.flowableInner,8173306.20567829,8173874.978201714,8232401.843583826,8137004.200695789,8055160.562363501,8168516.300609027,8213339.961291558,8242382.764163117,8176362.857013989,8050156.433913654,8132274.331894955,8118980.337982435,8175054.806893036,8234881.041762886,8250700.538111717,8228404.854351038,8249767.582213306,8175788.234139817,8085602.438572453,8193296.710366803,8192806.621031053,8241000.926633479,8308073.813021255,8266698.706488074,8304670.991763758,8252667.989901152,8111679.5186761655,8186083.709991499,8239720.477142663,8124073.109513386
930,io.reactivex.rxjava3.core.ToFlowablePerf.flowableInner,6576.841390736401,6515.001458756419,6570.23309611209,6544.921619444451,6410.085832019153,6794.261953055527,6634.464950305152,6641.033689116411,6688.244536026677,6723.704647825935,6782.149694764169,6631.657719319322,6659.007238340868,6622.263147401852,6625.006023846218,6635.933711627481,6553.748719915009,6544.985985321294,6860.790380908732,6738.763536787495,6548.499411359887,6591.270708852419,6707.518883085554,6681.898922914993,6587.814803350248,6533.673174320125,6708.86294165547,6587.811420475707,6748.801804230074,6664.174575337099
931,io.reactivex.rxjava3.core.ToFlowablePerf.flowableInner,6.739706009652679,6.799575997091087,6.790114933219923,6.74861234767783,6.681818919248015,6.713830230641716,6.590743641203223,6.69913530834446,6.575984257108719,6.679776434066317,6.664891019096389,6.703267824103579,6.679635586297155,6.683377420757612,6.660373799606896,6.718569097428138,6.635832613166169,6.6183710390945025,6.559623316142469,6.550151321081165,6.569037444480021,6.664812407948289,6.682768223893433,6.664986645699507,6.72209215384699,6.642964707775252,6.697926822477949,6.732633225014434,6.715108416341515,6.62437274062933
932,io.reactivex.rxjava3.core.PublishProcessorPerf.subject1m,560.826104089079,563.9074464347241,557.6994975682228,561.8973424793237,564.0359058349462,564.2286937333795,561.9942007818421,556.4832941317328,565.244234543761,567.2138353848045,554.7852736885305,571.0932695050741,561.8389263981909,566.9323558990236,560.5341781608546,560.4547285505007,562.4311593751327,560.309498667151,569.8426658701106,566.1752881268288,559.6837411874185,563.3778353776343,567.6000871418026,566.6823796263608,562.7521566344402,564.613211155085,553.4074024988857,553.5083572718205,560.531475842197,559.178793937475
933,io.reactivex.rxjava3.xmapz.ObservableConcatMapSinglePerf.observablePlain,52047085.25353024,52486498.44279302,52260087.10499998,52247733.828120396,52190127.44698424,52126131.7231108,52186300.21696267,51945319.10840131,52133496.09339484,52130699.6510555,52234288.22045467,52121362.395952486,51878575.04337438,52327119.387582935,53145446.71899488,52452943.87531445,52190460.12594552,51874533.37411284,52097452.70002243,52098557.413245805,52199974.42116071,52191511.88028893,52154439.26397614,52010120.655046314,52061340.35769431,52054828.441401385,52798273.25708371,53089067.67404772,52122759.735821314,52053008.22894056
934,io.reactivex.rxjava3.xmapz.ObservableConcatMapSinglePerf.observablePlain,1421442.7327648073,1394928.3918419757,1411312.3503281884,1423076.5167112923,1421249.2812981475,1419202.700423383,1440351.9128587209,1460836.5826821488,1422503.7230284133,1422818.3657712154,1422473.9573799148,1422933.483308847,1417451.640826635,1406065.8301950207,1420705.563382968,1419935.9356550872,1422785.0610480765,1423325.4409176495,1419919.3397445164,1446528.657655302,1423374.721503919,1422862.798963425,1414559.2531490226,1416798.5172490845,1417743.1653617816,1420583.9833664342,1423957.9202720954,1422420.794731986,1420711.6053686857,1420032.5747738783
935,io.reactivex.rxjava3.xmapz.ObservableConcatMapSinglePerf.observablePlain,156494.556492699,152187.99559041485,151381.71333741362,152052.6729874165,152319.08826710275,152328.3676679989,152283.36137692502,151997.70565138935,151992.4823827457,152290.37104584323,152305.22600054057,152344.24310056234,155248.524539788,155505.30559747905,152092.9141214033,152358.5554455065,152340.7841091722,152082.41081931998,151955.42494746007,151674.4082514702,152258.8180319786,152293.7659329573,151898.21182081194,152135.41119536097,151642.1155917317,154327.98484008203,155088.85525034345,152258.71224240455,152358.84456487335,149509.10043726958
936,io.reactivex.rxjava3.xmapz.ObservableConcatMapSinglePerf.observablePlain,15355.276152282182,15373.899397916002,15316.622966009068,15316.751546748208,15360.854648594837,15613.28611346803,15615.722571430766,15336.385885100002,15320.977784362227,15307.429013867735,15369.55523106917,15382.931117031332,15375.849317564622,15324.764961866958,15344.043130126362,15368.801894310725,15377.636626446518,15396.020890051497,15754.230453105058,15475.522332527684,15331.398982168479,15376.453874487739,15383.770531389702,15365.721464414111,15318.106969681774,15316.152679801447,15373.195551423185,15350.346368587097,15351.411328495848,15283.67909275073
937,io.reactivex.rxjava3.xmapz.ObservableConcatMapSinglePerf.observablePlain,1534.7483375280774,1537.5611769649718,1536.9715109219223,1539.1329617677802,1534.7701083202448,1536.949227773651,1537.9134718217254,1533.5284476699837,1531.692956829874,1531.799392487961,1543.4165499587018,1577.2637175240227,1555.9513354784276,1531.3042350764465,1532.5380731017722,1536.3447428218076,1535.8777026661699,1531.6184049325032,1533.324000381304,1531.2386298722618,1528.2982344883894,1533.4911477664014,1538.1066246054436,1548.0781844604376,1514.8853777127808,1528.8180874645907,1534.523211362044,1530.8454810496794,1533.7206113185598,1507.6183976616576
938,io.reactivex.rxjava3.xmapz.ObservableConcatMapSinglePerf.observablePlain,148.74565742044626,149.55829423469066,149.058092078323,148.0917650522756,149.6512003152141,150.80230692215886,149.48064564063137,149.4447592182803,149.25626632359192,152.21224591769393,149.51549444219808,149.51540636401063,149.65184963769914,149.00109176377958,148.7451705175951,149.19467370797625,145.52739817362976,148.63878679003128,148.98209250146343,149.23758636085623,149.05012101761886,149.06628901351735,148.73191102783613,149.2997944151784,148.81640207960993,149.3549305289132,148.9719840307392,149.34651847767,149.47639405706013,152.60320435270938
939,io.reactivex.rxjava3.xmapz.ObservableConcatMapSinglePerf.observablePlain,14.66594925927086,14.656029867347394,14.705928618946018,14.652182348835733,14.651021488069128,14.578052994486175,14.47305294546991,14.646203396167698,14.595708109844823,14.691703059035401,14.808888714394108,14.4757479201325,14.31456518277682,14.561706483043263,14.724226573924849,14.441866930639346,14.86910419784183,14.852614535441903,14.634407190848172,14.831008884965746,14.825926059340956,15.125265167877293,15.244271766946229,14.87939587510114,14.875305166141718,14.88015790156934,14.881617698513475,14.87558113032018,14.907027345015676,14.885685512081142
940,io.reactivex.rxjava3.xmapz.ObservableConcatMapSinglePerf.observableDedicated,121004878.68992355,121244390.64730072,121738419.77501309,121660524.0913846,121562006.07844318,121449778.18691191,121685689.24705458,121542191.50048913,121476151.03886051,121668691.08855142,121545202.30975477,121549607.89670876,121722386.01360546,121516492.88123408,121609453.13970055,121493864.0091226,121650221.70105678,121295607.88914421,121744394.33210759,121446697.47311395,121570171.24110337,121442031.47489968,121464743.01739435,121736394.53697854,119826549.33065198,121550029.19415641,121411548.99292548,120805770.48554625,121213679.8179399,121708173.95791921
941,io.reactivex.rxjava3.xmapz.ObservableConcatMapSinglePerf.observableDedicated,2443881.9900254686,2468844.8703571605,2477057.289178675,2483786.3387620454,2462646.739274558,2468914.7369248755,2642375.6545982254,2631926.993347459,2467483.569737817,2484582.5916245272,2467172.801712681,2473464.1135267355,2478533.590177017,2487304.986488818,2478138.353940356,2485561.172704681,2474155.5898801,2473501.0910575767,2490958.5285013323,2501514.72715777,2570491.1130051026,2478722.522634036,2475356.1585281957,2530269.306805837,2676906.6265800367,2554479.978927214,2484205.7167889467,2474097.755264969,2478567.37232138,2480232.230919167
942,io.reactivex.rxjava3.xmapz.ObservableConcatMapSinglePerf.observableDedicated,286770.03869929106,271822.24888580514,272151.0834394117,275177.5889311004,295951.23550786386,282983.4987653443,271288.60325640236,271155.9991224001,272214.9305713134,272439.56732019596,271891.2604707666,271243.13119185274,271847.19189934444,282515.13633253175,266000.5280912101,271358.5420606515,271470.7714024585,270880.5776851901,266414.166178007,267497.52855696436,271827.28332345624,271909.93292679667,270319.84570531594,271022.506352625,279763.88588414586,295980.92025023134,278308.2477147134,271161.0130980713,271216.18695959816,271632.29407065007
943,io.reactivex.rxjava3.xmapz.ObservableConcatMapSinglePerf.observableDedicated,27468.457014364132,26853.085768755944,27425.988666667916,27486.38381850177,27445.060830018396,27493.31742340833,27470.105496704313,27561.747731991796,27590.23925433304,27439.710059230114,27508.056060694304,27479.801313617096,27526.88890783588,27492.69207097872,27537.14052704877,27392.30217032688,27562.83017836157,28397.624339940594,29741.273935425885,27743.04910878667,27486.575354214852,27487.909929280617,27320.856460243842,27138.9288655047,27124.282843026056,27394.103780136338,27524.040095676908,27407.268052509957,27411.554724849215,27533.40735758481
944,io.reactivex.rxjava3.xmapz.ObservableConcatMapSinglePerf.observableDedicated,2597.5362099097206,2528.508020608906,2595.427150296522,2601.924398278769,2603.0154354416986,2603.302640305228,2589.54657557371,2579.811237791542,2594.757351266296,2555.8587990247893,2600.2044908378684,2597.688794284756,2596.809672028708,2549.276668238154,2604.0071779952673,2809.489243284039,2853.25964474716,2598.7647676095303,2596.9625258307524,2601.075650543915,2601.772303295105,2700.4357115528423,2709.768612858148,2700.7195464794154,2704.6076533861537,2709.2562495558595,2701.500408827895,2708.327148619851,2991.0915636168475,2895.445166110934
945,io.reactivex.rxjava3.xmapz.ObservableConcatMapSinglePerf.observableDedicated,260.41277362249843,259.84558598099403,259.0628174603094,272.9781382728183,287.00832338787205,258.719124170036,259.7284258800724,261.0414823032138,269.5417883936933,270.87424987998423,271.08123926522654,271.098296972359,270.47039489493056,270.41784824215415,270.5395001077336,271.37476285861476,297.2644464755254,293.8517373997467,270.3934717509244,270.66080057687543,271.0483681528013,270.5003277370991,270.3413886318459,270.20918849556085,269.83492848250086,271.5015942064546,271.4923676433659,271.30945882444865,273.04978680592706,301.59612358302627
946,io.reactivex.rxjava3.xmapz.ObservableConcatMapSinglePerf.observableDedicated,27.274787059332724,27.202470780213417,26.07939747767331,26.015967743437542,26.03869597493047,26.023697238463466,26.046708166809612,25.622886633549488,26.49188092875601,28.888036815766814,26.971315795660356,25.994515625104384,25.94471572843478,25.91298239122151,26.093306296312683,26.08017877464129,26.085573331062818,26.025186608829294,25.964567219662584,26.055054109312522,26.015908859310564,28.27810880337799,28.365295038046224,26.018323427401146,25.976260866671687,26.029596194602608,26.08505150648481,26.02031562741155,25.991133098952158,26.02732776295115
947,io.reactivex.rxjava3.xmapz.FlowableConcatMapMaybePerf.flowableConvert,47213011.77133752,47230516.315791845,46963195.03611918,46545201.022607476,47273926.80594443,47258642.40955107,47332906.72727643,46999862.652235545,47201153.806475244,47656100.302961685,47949641.85648561,47448973.02920403,46370080.523543224,47156265.48503311,47409892.60902091,47059502.699027754,47518797.81292373,47280316.23593115,47435451.14538661,47267426.00290403,47259924.97709625,47662990.67707032,47540018.84039531,48321329.80863645,47826404.21716806,46909300.221714705,47200311.74494696,47061047.724775724,46993586.31388317,47649487.359299935
948,io.reactivex.rxjava3.xmapz.FlowableConcatMapMaybePerf.flowableConvert,1477046.8831859285,1510662.4264419503,1541734.8381450758,1600362.6405236204,1518468.4507164268,1467353.5193520458,1373515.961768575,1438695.0965666175,1461995.5787014575,1336184.8863743022,1341021.751911772,1411740.471397034,1310917.3966333757,1397747.6231386878,1436573.6805442085,1488373.9554530922,1521714.426567508,1616061.125339614,1495603.8984316606,1477649.4570236811,1473770.0787965318,1488306.5659599493,1502138.8531527799,1522055.6658359643,1508942.6673392646,1504729.26310696,1514772.1679387954,1501494.1609776465,1504033.8917304343,1513629.5447140294
949,io.reactivex.rxjava3.xmapz.FlowableConcatMapMaybePerf.flowableConvert,158482.80208105734,170768.06881219015,156212.1323058854,158777.623424504,156444.17419307434,157156.10763596164,158583.50106198527,157386.7187478087,158749.41213305184,157291.61063459478,152398.89882091054,158516.76101507474,157773.9497275233,167915.28821901663,157783.16775109872,157440.37345718557,158107.7866795531,155719.29506790588,156608.36022998282,159440.65248463917,158544.89316780496,159209.88411151175,169327.2378874286,159372.83510574442,159980.8189000532,158570.41335714335,159791.64626905046,166006.92080086938,157931.94133970863,156650.5399309405
950,io.reactivex.rxjava3.xmapz.FlowableConcatMapMaybePerf.flowableConvert,16101.40535287976,16285.72909580589,17373.176268220417,16686.335221021334,16774.800951823272,16355.263071061854,17034.179233615898,16543.798638974233,16201.712401310331,16326.18161749406,16357.846719105353,16354.952367171169,16252.340577533407,16409.7024027825,17033.28800856124,16694.71425658153,16403.05520042351,16258.92548013287,16102.56110734457,16132.522009505381,15970.09725831228,16478.756199960782,16274.569758260504,16319.572347491468,16056.993724260294,15724.243695326742,16147.831219976299,16345.347526417441,16727.687060570304,16257.080239428375
951,io.reactivex.rxjava3.xmapz.FlowableConcatMapMaybePerf.flowableConvert,1680.8565893157995,1656.8079908651307,1687.0697885212146,1636.721745846154,1676.8282156566188,1682.5416403238014,1692.6996084493858,1728.396129503482,1666.409654383019,1651.6530124768738,1683.8708925670542,1686.2970889803207,1684.9006751052025,1683.8911482245053,1682.2737859584347,1715.9717485449498,1706.8837492684886,1681.2312872560653,1688.9561237781377,1683.9421363803096,1740.400044075606,1703.3233122311333,1643.3246806524598,1652.58219416967,1693.7764536898655,1680.0120336433633,1676.7667265362375,1662.010933969173,1690.2883007304008,1655.8326313715525
952,io.reactivex.rxjava3.xmapz.FlowableConcatMapMaybePerf.flowableConvert,171.47579985165987,166.96742131675268,158.0238462476238,157.45857004667317,166.65749385151108,167.45614480806802,168.03602771977995,163.51524531996836,165.64017520946757,164.77744285247897,164.1865560967131,163.5963445063176,166.82227472186912,168.7790894380908,167.62874457321396,168.9724887442451,168.3316539810538,164.43185784013235,168.0330755112702,166.25981214761788,165.33243145487953,166.74906749902502,167.59845304512908,169.35734172763424,168.22881120346068,175.26589791027334,176.44969134936497,167.45083393834415,166.833792834891,167.53526788913268
953,io.reactivex.rxjava3.xmapz.FlowableConcatMapMaybePerf.flowableConvert,16.931735104494283,16.954406295362542,16.843511499252067,16.893204388458205,16.957325009350892,17.136405416780814,17.89409188461896,17.200672814255295,16.932776842071423,17.13829595677121,16.67941150311038,17.04853976609644,16.87246079886203,16.718088014268414,16.637314366351294,16.795119262467907,16.88991763103112,16.850693670451747,16.996136617627744,17.631621733694935,16.91260304137709,16.87052687159551,17.506576953499838,16.99429308129558,16.93423294287558,16.721515088638977,16.86471267469475,16.83892390559624,16.39732780928065,16.593600537200054
954,io.reactivex.rxjava3.xmapz.FlowableFlatMapSinglePerf.flowableConvert,47509604.72829092,48159396.91752165,47727827.59043256,48158629.06266254,47611581.14942017,47761768.42290553,48139810.384006135,47795444.59678224,47657941.94439733,47427026.36530809,47532941.98667576,47567604.29711227,47240810.46388039,47515332.29895718,47484268.05081005,47865780.631633125,47805015.099206366,47732367.3001622,47678773.500117496,48382258.96046066,47790415.04658018,47736841.56772356,47237888.05271978,47554671.466823235,47159267.63798244,47230786.84505864,47789840.657447025,48070433.66437181,47555800.46392019,47717394.02398493
955,io.reactivex.rxjava3.xmapz.FlowableFlatMapSinglePerf.flowableConvert,1209127.3208960001,1237240.4191475338,1186577.1473959915,1191755.9222065296,1178608.9881990834,1194926.0366172611,1192831.7507415214,1189844.475860893,1188159.7720440698,1192747.434419553,1187513.023742464,1189306.0633969302,1182886.8844325063,1201267.9254102928,1193201.2422425314,1184986.077660054,1183600.7001745035,1190042.840520301,1202756.0317240474,1194910.7492672629,1189371.1677522925,1205173.131404318,1178273.872819707,1203541.5257679112,1197791.207819491,1208280.3889574828,1188025.2969841252,1213803.867291384,1189027.2546386688,1188886.0498478375
956,io.reactivex.rxjava3.xmapz.FlowableFlatMapSinglePerf.flowableConvert,127095.42634398758,125173.22227215182,126258.03982664736,126905.42756790626,132444.94902824858,126154.5468164667,126591.03972591322,125159.95430160228,126593.7117105582,125369.7170966277,125575.20468473894,125116.63831940801,125407.47178700872,127388.56649547326,125805.94118587249,126869.77027625807,129064.27199854443,133142.3975690988,128887.59516221774,126673.15348455973,127770.46370580763,126861.96332633201,125099.40973630344,126496.84588601437,126926.75957487743,127664.46103058277,126963.51209377451,126629.25916212781,127221.30366056698,129325.65288033422
957,io.reactivex.rxjava3.xmapz.FlowableFlatMapSinglePerf.flowableConvert,13211.81150507244,12700.921196454494,12745.801920111113,12662.06693228776,12691.344403222163,12675.931634454053,12721.156714521394,12763.569650722087,12801.153587724779,12936.22197680165,13237.304566031182,12873.717816326647,12730.84636889459,12829.723827370892,12804.21626672653,12856.052290393309,12786.788541293232,12904.730845530803,12982.986612979925,12936.109594640491,12795.286150985636,12815.403636430625,13136.60193713884,13346.333670945145,12899.389769175114,12793.733957675016,12839.843199834844,12831.146241191404,12450.292417494356,12629.416192607081
958,io.reactivex.rxjava3.xmapz.FlowableFlatMapSinglePerf.flowableConvert,1263.0635634110236,1258.1301866629299,1285.915946104183,1334.0619196755702,1267.261093005457,1280.6003502426963,1290.978292668638,1273.309157203595,1268.401841985749,1252.4750989583024,1267.9789371372494,1286.298268983444,1280.7945784807357,1273.9893977183447,1275.9228104977333,1301.7458757736233,1320.7456547640425,1274.2291092281246,1277.855930474023,1273.608529672626,1266.7800869769007,1259.538740539211,1263.8716255237055,1269.1337590983962,1249.9129748091289,1259.7086092433442,1253.397118492799,1268.3332410201954,1281.6608456253698,1309.0208079289616
959,io.reactivex.rxjava3.xmapz.FlowableFlatMapSinglePerf.flowableConvert,127.23005978662769,127.56899068800884,127.66977102996093,127.74932937166162,128.19250286160946,126.94149479132072,123.6023895296392,122.17385453131423,129.63873780358256,133.45320684645029,128.9156770291493,127.09330429330764,127.11489517147417,128.0505971466382,128.43396812748,128.66204995514735,128.82311607107758,127.88977378279822,128.20396771840788,127.70471388139475,128.83041755826844,133.8099354310442,129.60814597167288,123.24082799592796,124.96428533221633,127.1737629987408,125.38642204526717,127.82418128988866,127.86192778583276,129.57897962456366
960,io.reactivex.rxjava3.xmapz.FlowableFlatMapSinglePerf.flowableConvert,12.571144312160808,12.900407819600062,12.98764986377282,12.664970125722332,12.742726517867759,12.708568616799225,12.916184925673381,12.888034133756161,12.935767266537267,12.838310428455966,12.806248945116028,12.593126619374974,12.859465473032088,12.980621839744671,13.310474115237454,12.914084558373991,12.808277202142273,12.758196667097184,12.750689479066452,12.754479008544035,12.612096764744647,12.775435565454487,12.824299049363912,12.910434877958519,12.598702450718596,12.725107406978738,13.251018448432287,12.846532153797295,12.772676388840823,12.838036639239096
961,io.reactivex.rxjava3.core.EachTypeFlatMapPerf.singleJustMapJust,21583365.16564117,21531873.07057708,21993794.415477905,20951095.699704174,21471405.05684691,21136202.64344207,22087611.510312334,21832668.60561971,21535322.762270283,21505053.52383701,21723231.58120389,21481583.22691201,21281849.658866897,21270948.614470016,22150728.504733097,21471058.925679587,21265634.945971712,20913761.791167557,21509117.209999863,22233231.499799028,21916696.837065462,21352780.04203386,21235415.068095148,21225045.899307325,21548966.218623515,21576665.928772457,21284507.48894571,21583191.57301099,22002700.145186342,21674864.464669276
962,io.reactivex.rxjava3.core.EachTypeFlatMapPerf.singleJustMapJust,21656761.60167208,21133047.260788232,21237649.97701969,20962530.640457347,21295144.38274734,21390514.77008154,21671838.64327724,21658992.204981286,21516552.10278234,21273169.41572002,21024914.846717402,21441351.823182844,22017303.931541264,21724213.792455778,21099171.910279464,20955436.9242995,21241647.740111522,21452483.41080939,21626479.758783508,20996832.93647114,21312271.84158043,21807624.51035856,21355872.695321236,21749490.00587347,21183540.234950278,21546263.514482863,21608653.964640968,21573834.277624536,21642729.950932764,21071976.623824947
963,io.reactivex.rxjava3.core.EachTypeFlatMapPerf.singleJustMapJust,21601337.24482858,21205756.517526146,21236859.094132923,21602436.937985938,21615297.482310075,21641208.267809432,21534834.26105133,20864087.96301693,21214491.579311654,21360659.094067104,21357765.31786381,20823239.20565649,21202924.00841938,22317997.68936645,21732512.587382413,21189581.320975944,21390475.129868776,21182324.027423475,21031855.9811005,21315526.854495656,21272475.683736823,21483455.570042588,21013426.316362746,21382502.7909577,21670417.513943452,21713588.989581786,21725228.630633388,21527380.649895422,21130426.706014447,21322035.297292374
964,io.reactivex.rxjava3.core.CallableAsyncPerf.observeOnCompletable,276182.6006775511,233862.78627122057,263741.087027503,237999.1506431498,245038.57632344158,320344.01398112497,306485.8619442753,299617.79074259655,460123.0739150449,270405.2894986175,255427.76066704115,288633.94214504247,304813.92793888156,296134.9312216875,356609.3801726585,246501.1714245492,267215.0395245771,281595.5275810801,259620.2938009548,241807.56339233633,366927.7803259304,244164.55918125046,259816.59460520267,237895.72463037723,289266.8487314539,427897.33544794866,461135.1888877212,276533.26508804224,286354.4623919211,269499.4916315497
965,io.reactivex.rxjava3.core.JustAsyncPerf.subscribeOnMaybe,305030.75279689056,393048.46206239617,275743.6106543136,227726.85467665852,343196.3391083473,289315.06846246636,390239.1109998004,261098.60466528998,295078.85116912593,271785.51866110467,284067.1764223552,282079.66742178233,262243.3636033861,236244.0465868784,240920.35625945812,303117.8411092825,244983.60501720168,248948.96627989938,369956.1365755084,229275.61620757985,228510.43695028336,228943.44407539035,274040.5365853093,264175.2795029825,227164.91228774004,245715.5822755824,271086.40934455267,348010.2899681898,230652.91006259876,281643.12328677106
966,io.reactivex.rxjava3.core.FlattenCrossMapPerf.observable,5736.639911112779,5724.334145452201,5700.202604357879,5787.324379531473,5739.927676911271,5794.082432410766,5772.305383859328,5723.459012930639,5741.223166575777,5817.491091696789,5814.287831140715,5813.9037361254195,5800.838213923354,5791.25671536561,5755.964007957058,5762.666312807157,5734.748829470766,5800.2636623283315,5804.551795728541,5810.186881776456,5812.577187322817,5802.99521833194,5654.125866486916,5761.736624010453,5748.469621225706,5765.572453974675,5707.307041608236,5751.95980530488,5756.068409108328,5763.787477628125
967,io.reactivex.rxjava3.core.FlattenCrossMapPerf.observable,6252.813859969206,6229.27100087331,6244.436052491227,6241.8495584660295,6237.843609838077,6254.979450062887,6149.717451231703,6254.813074161421,6237.645308774807,6237.785058402457,6249.528848020148,6259.820305564315,6261.246646803456,6219.295335180638,6219.843556927148,6253.651300038726,6260.84509417068,6256.038715859037,6236.862733028083,6241.725626224922,6247.465142522256,6260.631968749717,6255.7725025771715,6240.89790515117,6203.985892136081,6222.434879751311,6248.069047411043,6253.727206165539,6245.073804282219,6244.098687979764
968,io.reactivex.rxjava3.core.FlattenCrossMapPerf.observable,6156.686821654756,6137.8878760957305,6120.151569508071,6136.5756005680405,6172.641525053166,6165.50472500544,5689.3445476826955,5883.964263422603,6127.684534544793,6141.632705797662,6173.819094752886,6118.57601327516,6116.025050562715,6151.6887368532925,6142.249509243713,6131.845514284113,6151.690360487465,6140.484199327257,6171.269309371231,6150.726956928928,6147.130900191938,6158.832602929852,6174.319410945651,6171.519534861172,6152.760799118412,6154.8435787496755,6161.323585251516,6144.347482586044,6156.031336157193,6124.653675333275
969,io.reactivex.rxjava3.core.FlattenCrossMapPerf.observable,5816.413065757534,5715.138482879675,5748.768699975995,5695.173806831017,5797.538191297834,5695.4280846303545,5805.084770335109,5817.1674237296465,5800.394334424388,5789.046578668772,5825.868143126317,5817.389395174304,5816.021372979697,5802.255392073337,5800.265697355428,5805.718579212352,5803.683081891372,5811.934081043652,5792.040038868038,5795.502769044427,5797.355821010593,5836.981359198099,5794.863575099151,5818.878810211019,5813.264174460589,5780.5348288012565,5784.372117975338,5813.734742538637,5814.3691060657775,5798.435980333757
970,io.reactivex.rxjava3.core.FlattenCrossMapPerf.observable,5018.390401062812,4953.190628838485,4941.604681508688,4998.543213127012,5003.16940883693,4961.887832537439,4963.450853724446,4961.268203017518,4997.157833987396,4986.987112995428,5012.751071794526,4974.210702194197,4984.594857114608,5033.718147019794,4993.329930076693,4976.155471774108,4991.532782548488,4990.776463122217,5009.119171439298,4976.199344454076,4981.062041112348,4993.885145635535,4973.413922320513,4984.966002531863,5000.465210246694,4975.04508883364,4995.24080831623,5002.159792221861,4962.8883527121,4972.799317604764
971,io.reactivex.rxjava3.core.FlattenCrossMapPerf.observable,2146.8315145159095,2152.699399208594,2149.7125060482913,2143.6931824837948,2142.288188330528,2147.0253878835256,2150.415891133155,2151.736928643104,2151.226223288519,2143.86285280558,2148.047040082131,2148.223726467099,2149.8288521250824,2144.210893939445,2143.2371040366324,2148.7679029837273,2144.5827006643567,2149.7813801323286,2137.0922508326285,2151.5367397153514,2144.4719709555357,2144.184708647542,2146.899954462122,2144.6921616105833,2147.5616654835817,2139.932705536209,2146.2880354791587,2146.080927966113,2146.5353910007593,2146.518349187181
972,io.reactivex.rxjava3.core.FlattenCrossMapPerf.observable,509.41855526462507,508.66804272664854,505.0685112359607,481.6612736359606,483.5146620042054,484.0146792171507,484.8638715588766,484.4799209789075,484.7104359244205,482.57910029966786,484.3599280422907,481.75439968002553,485.3818385618267,485.93199430332925,485.9770659020287,484.0571220739115,483.7566404169586,484.21295300299465,484.70178431898705,485.5231104614887,484.51214181733127,481.52847720302475,481.93226201091306,475.29624263711827,484.66166496161526,484.8110826957838,482.2963537347187,484.76288550599804,484.9858596484931,485.541411962898
973,io.reactivex.rxjava3.core.EachTypeFlatMapPerf.nbpRangeMapRange,51286872.71855684,50004575.44297493,47855498.532861695,47250099.311865196,47373874.6566002,47473106.61947862,47759933.578154914,47944491.96384341,48350304.77256426,48423335.31468424,47783858.63780292,47820466.56047096,48662163.05213927,51838417.66227044,51340716.29446263,47158363.356529824,47495758.17604538,47463626.73919919,48129750.93598772,48330540.687907144,46627627.50758238,47806865.55174602,47756058.27452967,47981962.20718645,47618759.76494076,47790898.80268638,47383167.18166245,47859741.93810407,47437691.96160905,47450392.1046895
974,io.reactivex.rxjava3.core.EachTypeFlatMapPerf.nbpRangeMapRange,18012.35573022323,17958.804967241063,17766.823889558982,17704.43207779076,17788.922951870954,17996.42111998588,17557.05213285112,17734.957074824637,17727.78961743608,17745.646770214244,17557.21832859845,17778.77498906693,17784.756169723,17995.319309157803,17878.441017821686,17680.50905571286,17127.29014233276,16987.20357194773,17443.287644781776,17267.397550972473,17349.429893944027,17165.603526656298,17224.165423269304,17385.24975693199,17155.430123744805,17237.27229407556,17390.727746530247,17616.531838236602,17303.535965125528,17088.751700865756
975,io.reactivex.rxjava3.core.EachTypeFlatMapPerf.nbpRangeMapRange,17.95674419642941,17.82439645244404,17.73135020304302,18.027451358484928,18.006524578887095,18.160478299054734,17.98360546188394,17.957185795253896,17.922695382210065,17.682278125065416,17.9893868374263,17.99040312739411,18.315605018190052,18.233571198714642,17.54103226039653,17.583359844399926,17.880095525125547,17.660105728737562,17.813618690614806,17.60534072486391,17.69478337171779,17.722246252494173,17.616068859709934,18.068811305741203,18.379911130150205,17.75432181989729,17.59378675186274,17.652628781718004,17.722297866131168,17.436974868064873
