,benchmark,Iteration 0,Iteration 1,Iteration 2,Iteration 3,Iteration 4,Iteration 5,Iteration 6,Iteration 7,Iteration 8,Iteration 9,Iteration 10,Iteration 11,Iteration 12,Iteration 13,Iteration 14,Iteration 15,Iteration 16,Iteration 17,Iteration 18,Iteration 19,Iteration 20,Iteration 21,Iteration 22,Iteration 23,Iteration 24,Iteration 25,Iteration 26,Iteration 27,Iteration 28,Iteration 29
0,io.reactivex.rxjava3.internal.operators.flowable.FlowableIntervalBenchmark.intervalThroughput,4779.751691369772,4829.792970924302,4523.039924873417,4556.884068312418,4483.349111859289,4645.389154553122,4806.692565202187,4821.554666746315,4902.134004735153,4807.340970272999,4827.02516296024,4828.967272230194,4797.167072678338,4839.708489911508,4737.729800427316,4874.159821574915,4835.167200081779,4852.576433160879,4769.355378977354,4836.708303843668,4800.243428832939,4692.96083298979,4773.6811703293915,4763.266866543503,4770.605079845258,4759.836952879911,4757.646145310297,4810.718544100859,4835.471400772882,4817.0077638387575
1,io.reactivex.rxjava3.internal.operators.flowable.FlowableIntervalBenchmark.intervalThroughput,1956.5228627694564,1987.8823153790472,1904.5699500098576,1886.4305532501821,1901.4054913478312,1892.527087761202,1893.4152452093306,1903.70306991367,1876.8312709919066,1889.587631512,1881.7438438557674,1883.803001301139,1892.9197477743733,1895.881452428661,1923.860106512355,1898.8081596140178,1874.728089437908,1895.570376556435,1891.6992254982435,1875.6798870920695,1876.0342794620642,1871.505609977529,1885.318101181302,1888.1548165883794,1882.2481058781373,1867.2849234046075,1884.5372853491276,1895.6222309237103,1880.4950400693654,1879.6868648448724
2,io.reactivex.rxjava3.internal.operators.flowable.FlowableIntervalBenchmark.intervalThroughput,4632.885466743265,4611.441674310725,4475.378365469658,4502.643485191486,4479.393245933061,4583.686879133927,4637.803502350036,4665.308689893023,4664.241645615081,4507.347574960567,4631.531830867941,4587.595598860365,4559.909597937664,4523.646377515377,4489.1826993977475,4448.588131916395,4444.764186655071,4493.86598639993,4531.450294296249,4603.483719300881,4559.1519428568,4643.1152978390755,4654.456001145954,4662.296286985331,4632.9668067054035,4645.27588974903,4623.665389959394,4630.998125234589,4641.934754886644,4643.9354799578
3,io.reactivex.rxjava3.internal.operators.flowable.FlowableIntervalBenchmark.intervalThroughput,212.57856809064592,204.17109597600182,188.94622122752799,184.15840492907756,184.40063358502755,184.26852710201027,185.63784655067815,184.7423068357832,185.64213450140537,184.3064950223533,187.89903996683543,186.69876881776452,185.68216097481945,184.20143556881013,184.68696446021423,184.84654797457998,185.6000591557281,187.0508019142982,185.5833858984139,189.10728201024338,185.44396444611684,184.53761351323817,185.24029712444067,187.60193402226585,186.54312436264786,183.66411249976287,184.4615020903322,186.48016806996833,184.11732057578513,184.68632947676198
4,io.reactivex.rxjava3.internal.operators.flowable.FlowableIntervalBenchmark.intervalThroughput,4935.517548224144,4773.819935581024,4467.179767721309,4377.243944916858,4425.037541059707,4519.239222230851,4543.259653123226,4460.2853864562385,4478.912112558069,4418.43135230339,4416.921895570121,4392.988936024418,4425.148420012904,4430.67648086472,4467.778594763958,4436.173855779012,4421.565643077487,4418.8268279901295,4444.757543589568,4404.945156593241,4500.057341488277,4454.309283622317,4450.273257026308,4467.791203347605,4434.74150905456,4460.374098004698,4473.331183308122,4454.204474626627,4403.739367953573,4410.704337256161
5,io.reactivex.rxjava3.internal.operators.flowable.FlowableIntervalBenchmark.intervalThroughput,969.5961709515681,966.5200590003824,969.0878179877723,972.144945052854,969.4653728087187,968.4006413486591,967.7865488699274,968.6497449700665,971.2789108812149,968.4889458160939,968.5390352910728,969.7579901052633,968.8391688226187,968.696062892003,967.5214058613766,966.6119227120457,969.3312690201469,967.3914817362435,969.8217021593448,968.1063207251059,968.1250985715452,968.9066942853403,967.7277123890206,968.4946249772674,968.5467162626022,968.8450138631323,968.1428218358317,968.2945528766799,968.9050492429843,968.1504963469804
6,io.reactivex.rxjava3.internal.operators.flowable.FlowableIntervalBenchmark.intervalThroughput,4800.7424353676,4714.511454036064,4523.713065403975,4449.33413934871,4509.339449410753,4527.183454556219,4609.5245920716725,4635.639486167205,4589.831167364412,4463.733054183498,4412.193596612928,4500.957780721085,4540.447286811329,4494.531161970901,4533.6522326045415,4559.572558310949,4558.4445580890415,4601.512851638936,4546.192864372666,4600.870785278815,4543.6998840789565,4586.759565916513,4533.065680766405,4599.818945887635,4547.541935195952,4503.2747476018985,4531.08908797411,4551.684053954763,4510.571310792051,4589.003051687029
7,io.reactivex.rxjava3.internal.operators.flowable.FlowableIntervalBenchmark.intervalThroughput,102.16660118597589,110.56806034386368,110.53070937731007,110.80898016659613,106.93366028196695,99.51149478820537,100.56939874354946,100.5016000028857,101.43277826781245,99.60495598721944,99.44441162999848,99.61814154821826,102.39991560497208,99.51004854360885,100.58902342698437,99.66609198101703,99.58636722703159,99.66551972516778,99.49185529824972,99.65864611590577,99.66401595831385,99.65515122195337,99.67559987933232,100.55043338152693,101.56618664409066,99.66795213108924,99.65975988553487,99.71185417946998,99.68220475792653,99.64378532507331
8,io.reactivex.rxjava3.internal.operators.single.SingleMapBenchmark.mapSingle,36067576.074281275,36190752.47114051,36077273.65490266,36711078.94930898,36787772.45776015,36094412.30710823,36066292.56622974,35838437.6683185,35872920.98189423,35744965.80815618,35942114.57805754,35839026.86965496,35805221.94100321,35843039.718641296,35906261.820560835,35614460.87358563,35886008.74236361,36129982.903694175,36031023.48293681,36133492.06548565,36086646.542221986,35961855.74027415,35922376.59691473,36027137.013416946,36119034.048706636,35709105.7610563,36127674.57277059,36214670.19808702,36274357.88324286,36258026.5767408
9,io.reactivex.rxjava3.internal.operators.maybe.MaybeIgnoreElementBenchmark.ignoreElementFromJust,34175014.522274904,33634417.13581409,33910014.648609586,33604372.98446557,32614985.154985644,32901627.440039303,32705960.22563213,32394879.30271288,32853798.19306121,32887231.940426365,34535518.16857095,34350621.54215028,33414975.427753117,33451409.308113,33610238.694183305,33189670.32736032,33697531.48100215,33778599.63577576,33356556.60152292,33260162.834726878,33178912.028865546,33229515.391615544,33242884.91221613,34462551.43905845,34451873.50630345,33971601.77473011,34174497.86008922,33649462.50626336,33486312.8639817,33311649.294451706
10,io.reactivex.rxjava3.internal.operators.flowable.FlowableCombineLatestBenchmark.combineLatestThroughput,11170.743570616894,11101.051148754112,11111.732406902218,11073.834512139101,11131.019691095806,11178.840806898148,11112.60639025781,11091.50423194384,11129.877818939027,11124.641963779928,11124.64574678084,11125.633950161064,11231.379207977037,11221.429684351402,11076.886795030872,11105.767707373514,11078.450730412786,11144.174573277707,11200.203923105757,11107.819050002061,11124.029116986727,11133.713209962045,11125.020881035305,11118.617191386948,11148.987839139023,11344.055210361805,11224.21946777821,11133.516714968615,11130.263165448185,11083.232741047035
11,io.reactivex.rxjava3.internal.operators.flowable.FlowableCombineLatestBenchmark.combineLatestThroughput,6268.612612277787,6265.787696315486,6264.800190526711,6294.962508344112,6262.766266359358,6253.637013559258,6265.865446009557,6248.2418819397335,6238.682943894109,6253.3636827251,6260.1735444090145,6259.103201952327,6260.179021342604,6267.611721453856,6270.992828383819,6261.313797575668,6352.465910076145,6270.40495111095,6250.180427826141,6252.880127927729,6265.721260276597,6256.073250332989,6261.200369578401,6309.641534177692,6322.404954212924,6268.7782966041095,6264.236099058574,6265.935843583812,6331.458400716944,6297.374985532686
12,io.reactivex.rxjava3.internal.operators.flowable.FlowableCombineLatestBenchmark.combineLatestThroughput,3683.222048255078,3688.8934131317155,3680.722775322008,3670.098818245476,3681.9746437012222,3674.105730013526,3677.641959489392,3687.7358069190564,3689.684421291447,3699.6914827272553,3686.2147514749963,3687.1084719199234,3687.190506821751,3689.3097891674033,3682.56579234999,3685.4722845945134,3680.3969890357284,3667.4798633358623,3679.1889375154806,3687.7190179371473,3693.460902446679,3683.118555903196,3682.7471462636845,3690.098165838956,3691.2134319473594,3686.7543478710472,3680.465938629043,3639.160754942499,3691.8027151532515,3690.4861920599105
13,io.reactivex.rxjava3.internal.operators.observable.ObservableTimeIntervalBenchmark.timeIntervalThroughput,4871.721970827125,4956.0354415142665,4963.177517970285,5068.294974827527,4952.855762934471,5048.754529554773,5191.321385277195,4984.953917390343,4818.559463201077,5005.751859874555,4907.578757977309,5096.58961241123,5108.442112145374,5081.738951070083,5101.965284723098,5082.757257678888,5076.936094656633,4803.387491240667,5004.9878313009,4995.982373346355,4872.0403103717035,5052.572683717847,4719.7444588757635,4925.615501528335,4787.938053657462,5041.609517259669,4869.903156581946,4701.430901192272,4927.861384187124,4892.82443078095
14,io.reactivex.rxjava3.internal.operators.observable.ObservableTimeIntervalBenchmark.timeIntervalThroughput,498.1816633851853,498.9702474020879,505.76118917593374,486.56676435898214,496.8474713042419,488.1414592421921,493.53314626855246,487.05650676787525,497.88887518616946,509.47821788315497,501.4431158289556,513.8923539408353,510.8162726679444,510.9098797641054,498.8972057230412,502.748364891153,485.2341704362938,507.31502072244547,486.2346142039047,494.3752426801925,491.64961803331465,484.6461772732352,484.494595586657,482.28214665652695,474.9562118870013,499.5858263640261,482.2318976577874,498.6366883225213,486.3644359778194,487.8960815499024
15,io.reactivex.rxjava3.internal.operators.observable.ObservableTimeIntervalBenchmark.timeIntervalThroughput,50.88926231895232,51.140138959893505,50.74464008196895,49.94732959194603,50.531270219381824,48.510701082473325,48.35770865812443,47.789675677964574,48.28022127349595,47.0482367997431,49.44034757608526,49.48409334165921,48.80867847309552,48.99550490740227,47.276705131115435,48.09528384792172,48.99709893076941,49.03955299858967,47.803209245546995,51.01669919116958,48.82108546573589,49.227402161284,50.72744105340055,51.24564544562545,50.74318483432823,49.70228465686705,47.788244981989614,49.871354049433656,49.603513855778296,49.99639565984409
16,io.reactivex.rxjava3.internal.operators.flowable.FlowableDoAfterNextBenchmark.baselineConsume,418918.19178382336,420664.1203501209,421075.02813653724,422386.8259912173,423324.3708802662,424564.1520533696,423870.77219633484,423911.3946335886,424449.7448805108,426165.6230825262,423993.3221991721,425254.221514346,425282.1198638346,426182.0025110561,424316.08582691354,425613.2037480005,425572.3900047346,426276.4905592097,427254.01025409624,428015.3321327213,424649.58040939237,425072.5065660648,428127.5318313687,428485.6525864088,431241.8112984815,430508.84802674677,430834.18610505125,431373.4023514111,432889.6433645208,433441.60270327947
17,io.reactivex.rxjava3.internal.operators.flowable.FlowableDoAfterNextBenchmark.baselineConsume,41373.7755431128,41777.47407775931,41751.19403495035,42089.424971628134,41860.50946141856,41855.47711926116,42038.6564134235,41807.07739264071,40828.74790857159,40702.24217887893,40566.45190306247,40490.58052171865,40461.639832086956,40414.019394233415,40232.64078046387,40202.120699216066,40175.504065106135,40072.03138131433,40203.5232666211,40272.212195684,40084.80426590077,39906.417391299095,39656.76795847223,40093.279878013396,39983.952021977435,39962.05711419,39938.632477805346,39902.367953248344,39898.73008144821,39979.44336039332
18,io.reactivex.rxjava3.internal.operators.flowable.FlowableDoAfterNextBenchmark.baselineConsume,4029.2327373852163,4043.632134610186,4046.646707509201,4056.448955748055,4041.3277753517873,4051.0759941275755,4050.618889420551,4096.326527052014,4168.681200105222,4180.417580042331,4191.882208109952,4201.082013167139,4175.403159521572,4204.301350223127,4197.5225527972325,4206.0539154685775,4212.499382360901,4215.159324409181,4232.321927007109,4206.070773814295,4210.938023414172,4186.38111890643,4167.13991898928,4186.313362300421,4212.299911542402,4205.181780960152,4214.118478054405,4210.222565562379,4212.647253982188,4187.61974737646
19,io.reactivex.rxjava3.internal.subscriptions.ArrayCompositeSubscriptionBenchmark.isDisposed,152450909.68042845,156838264.7586123,146675192.97331095,154446339.5540731,147841852.31226704,151785586.4893838,156189216.0568578,147902301.87716058,151239072.87434912,151239826.8477685,149410412.0093649,164814638.56589997,171902322.87236053,152233102.8240713,149929667.22988775,137376688.99686077,172584436.73611727,155494615.52441818,147143279.19592077,158061859.5253517,148891530.47582895,153389266.33066672,155575583.5274526,147696420.11144984,150198150.58010715,146820462.60848698,151467808.25250298,154802232.3849572,148112349.81760192,154857669.72011602
20,io.reactivex.rxjava3.internal.subscriptions.ArrayCompositeSubscriptionBenchmark.isDisposed,153664652.47159106,147392950.5054295,154862748.92838964,153819697.5016484,146290692.7078861,154340032.15897784,149289886.7944686,148776540.22291416,158473500.20630205,153113507.47752732,148889379.22602856,150921952.28193504,147038027.35002163,155690407.0140301,156123506.82493293,146930487.1861823,155229340.06361583,147140495.2431645,151489248.13182628,156465234.71912313,146218370.48569626,150523247.91700765,148072956.61188248,150937092.6673382,165303268.40178168,156591746.03616685,147707878.20260435,154524948.95241135,146447749.89970154,155176658.0455578
21,io.reactivex.rxjava3.internal.subscriptions.ArrayCompositeSubscriptionBenchmark.isDisposed,179975080.69089022,146731117.01901746,154724184.56054482,149720868.55096194,152902135.38332087,156480745.94413254,148712795.722174,153864669.2686054,151552433.68416965,149165669.35814756,154494617.75370002,152390369.77263308,153247463.73278725,152303108.0846055,148375918.61158252,154984509.54478025,162051048.50758052,145755376.98348683,155364483.5613404,147870462.65677196,153730646.75528198,174135174.26015693,139965355.17512858,152711242.96634108,151146499.71045184,150671852.18255207,157512640.35873598,150607214.4674551,148951383.57822272,152042398.65288705
22,io.reactivex.rxjava3.internal.subscriptions.ArrayCompositeSubscriptionBenchmark.isDisposed,150004280.48619798,152092821.41625142,162430752.2938735,152235551.81197476,148754559.53699902,154442183.9391526,148962416.1066652,155467940.84741887,152896417.50412595,149818312.91628388,155386703.65525967,146143457.6892584,154025948.6696326,154066146.79329515,148625206.78972673,154327673.00518134,149368371.15836552,150302723.1463428,156818175.38508788,149639643.35442355,150691836.21779016,152232734.33366892,146494200.4586559,153998813.69142297,150630954.8452266,146415755.68832612,153869234.82639074,145679591.0834274,154024402.09704918,153871681.43705508
23,io.reactivex.rxjava3.internal.util.NotificationLiteBenchmark.acceptErrorSubscriber,101693845.29712974,101597011.47867647,101662011.82392728,101589544.93564859,101310443.77905403,101579960.11319537,101847571.75740905,101865348.38881455,102251057.68416876,102067129.25183183,101679863.08851847,101778811.16388787,101760271.45485604,101792543.27905285,101633758.29894099,101256473.96371798,101470614.58806962,101482189.53300117,101137779.48198038,101663211.66206257,101522170.1190009,101078999.38229235,101181185.75338282,101533615.96186033,101777636.72141083,101735696.21502958,101617640.00627027,101673313.15031381,101339765.0244602,101740722.68865491
24,io.reactivex.rxjava3.internal.operators.flowable.FlowableLastMaybeBenchmark.lastMaybeThroughput,22470477.421497248,22227174.11374852,22207469.73363131,22348552.19157754,22397855.067281183,22101005.274853088,22157773.19568751,22175941.416263945,22172900.28534672,22173438.047510978,22006162.724944435,22156739.799749386,22048911.031246163,22155751.216229644,22045763.412388925,22230137.64215306,22429572.111768506,22155807.954290334,21953546.662192825,22168151.47239959,22162288.405633338,21990254.677659437,22166163.338948965,21973232.522656277,22152289.60487847,22193896.49291884,22230615.752058648,21972751.79737244,22302438.382409263,22110763.824824017
25,io.reactivex.rxjava3.internal.operators.flowable.FlowableLastMaybeBenchmark.lastMaybeThroughput,18322899.902206995,18043618.85228035,17959400.65184332,18149579.974618714,18320209.822374113,18124281.7197687,18409847.777046546,18439435.13869438,18563629.49495255,18529620.105621766,18474546.422673624,18767677.470976435,18344360.21698097,17946330.06129517,18000293.947334673,18111224.848597303,18068614.33992131,18046149.394504134,18218364.538090996,18446991.36804808,18254702.147525568,17968977.601386085,18118604.92144294,18314940.395713326,18768783.399496373,18470419.72812094,18130585.980927538,18172791.921082623,18577986.405533932,18409878.027502105
26,io.reactivex.rxjava3.internal.operators.flowable.FlowableLastMaybeBenchmark.lastMaybeThroughput,339009.06853108126,339091.9174050567,339636.2739540401,338628.0557544606,336777.2281065932,340525.75537488825,340068.4668139446,340452.9104648573,339837.23375757626,338658.17342041875,339385.5773012107,339900.5923186076,340174.89147237013,339481.70023873367,339878.9812351957,341188.51228868455,339526.1018304748,340254.6875609294,339757.11603093,338659.5909290137,337784.5307728733,337820.1457339803,337807.76774804865,338385.0549851315,339358.5045326316,339107.37451841246,338659.2988948557,338762.495690193,339580.5387525499,338648.79445004044
27,io.reactivex.rxjava3.internal.operators.flowable.FlowableLastMaybeBenchmark.lastMaybeThroughput,3354.158297454362,3362.3357840152107,3366.1309962558757,3374.481875303902,3368.5304740113493,3345.4494694898513,3379.8991607085404,3355.4274801861934,3383.260385447137,3385.0738674853733,3373.3223670029165,3374.931004104174,3364.9652866342212,3373.4015045986603,3368.149478261899,3354.0224030901713,3364.8091648482155,3369.938166183217,3377.2811322018865,3351.1694059603938,3341.6938788972698,3332.617852043524,3341.022294641772,3358.180399133607,3359.712257443711,3361.329777732958,3370.451661219236,3352.2773830873016,3365.939156955902,3365.053635870823
28,io.reactivex.rxjava3.internal.operators.observable.ObservableSkipWhileBenchmark.skipWhileThroughput,338.43414487844615,347.1190919291939,345.3908517696673,351.7576846837519,339.9229775323669,346.0429393534279,346.873012218338,343.95842024241057,341.6085064034065,339.7670940739845,343.46947430223696,342.74820962474905,344.10656824423546,339.6701011886123,341.757280903287,352.5026261969912,348.2378237153203,341.53816014601495,347.98102459472886,347.5198485062716,341.4757452643739,345.12050078285347,340.308225183238,341.5371471504959,342.7253423097504,343.67254192859957,338.96696665219883,342.6153529381787,351.6306594623738,351.14953583971976
29,io.reactivex.rxjava3.subjects.AsyncSubjectBenchmark.onNext,52116181.63151501,47618221.295351245,50729996.01822954,49843221.56947887,49240142.97298635,51528984.937056854,47305556.12215857,51224915.4747066,45787616.63815993,54722917.00183666,51210635.40873417,51748278.00584616,51343144.66801889,45181835.02307225,49778809.4791526,46696910.01253592,49172455.96612433,49469668.1030996,47017233.75039588,51542109.18644037,46153873.78302962,49900479.44977288,47020093.05393039,48477339.33791135,47387264.751021184,48577716.353816144,51600883.11738943,46931710.55371233,52048811.630144574,46687592.431113966
30,io.reactivex.rxjava3.subjects.AsyncSubjectBenchmark.onNext,45196178.40089249,51972571.15584433,48215019.0682872,49276825.41479362,49418976.98146139,45238320.08882443,48010266.36353689,53112308.896973975,49002627.583697826,50558865.00505007,47676158.843789086,47494545.775219455,53086062.02596338,48016644.560936764,51840843.39888995,46771707.002534546,46274569.459315725,46731958.04118552,47357781.56916875,53878345.99516361,49173984.51718973,45386217.19277681,46371932.70686681,47198212.84253614,52561444.36505878,51130445.550459124,46910818.10710377,47489944.20030588,47511133.28751422,52462774.05879846
31,io.reactivex.rxjava3.subjects.AsyncSubjectBenchmark.onNext,70709492.58656323,71326880.16616644,71238823.49808645,71360034.94508947,73773781.60745108,71209578.2905009,71658162.34012495,75983036.8567141,73092549.6433216,71276484.09501995,71044823.62296313,70925488.1307276,70928439.13231249,71626772.6605601,71223789.04045394,71912352.48886272,71154157.98501958,75397907.56108724,72724371.45638174,72569990.44951499,71405134.59926318,71342665.09337743,71708929.3180644,71177250.0059569,71844549.67768642,71293810.10854577,71441811.02113718,71086518.84552263,71953703.76997086,71912612.51603134
32,io.reactivex.rxjava3.subjects.AsyncSubjectBenchmark.onNext,71337146.29271506,71541615.48117444,71180277.70834117,70667720.99043655,71177471.11844629,70831538.72203466,70825167.0849269,70962803.50372767,71211392.14597124,71381416.3451658,70764216.81589623,70877656.63297527,71267195.12349898,70403082.5947419,71067787.4736992,72096773.07326804,75729240.91155005,72511063.78415081,71089209.52963978,70657242.17734674,70905518.24828978,70903848.45927668,71561057.1833235,71170941.31429033,71294644.89605309,71204662.88716035,71529640.64884977,71291486.30069421,73255374.01248433,75507583.57269141
33,io.reactivex.rxjava3.internal.operators.completable.CompletableUsingBenchmark.nonEager,24429070.77205938,23606921.7627395,23339303.41665336,23280529.27772459,23368346.761124738,23315417.42256816,23416090.726303816,23238128.03369142,23305367.087133534,23279101.838000294,23235070.224973716,23403080.537902486,23916969.183589566,23815777.440350484,23539074.092830773,23177537.55899436,23246724.699120793,23373080.584454283,23349319.48427582,23254675.04900697,23143839.7864452,23306149.454604283,23175825.128082126,23154960.147679877,23310411.84707968,24048243.392814886,24429360.619902857,23357992.4493247,23123099.204120923,23210211.531405024
34,io.reactivex.rxjava3.internal.subscribers.StrictSubscriberBenchmark.onError,11908.671754387202,11860.912781290815,11956.990626722263,12039.893256892146,12089.990292370743,12055.33759074842,12253.63261158704,12105.785644430436,11994.683259655805,12206.867874039022,12122.179073910936,12036.745530380824,12091.203987676676,12207.190479326488,12036.116187988317,11878.423436249424,12198.162242415354,11887.843800199837,12001.636014067002,12296.433798409318,11975.276681313171,12110.146501094896,12079.52487604805,12018.239329578113,12143.697831281552,11986.260999064363,12183.324159395226,11902.884473570022,12022.76022498836,11960.075223063603
35,io.reactivex.rxjava3.internal.operators.flowable.FlowableGenerateBenchmark.generateItems,34403.499224508996,35312.86858044093,34630.21334780474,34534.50368902416,35290.57687841037,34792.83417735231,34520.26262970211,34500.39290880906,34358.874575063295,34411.47987048176,34415.549920411264,34614.53092469303,34528.79961771556,34506.38221790607,35352.8100701802,34953.83960803535,34501.73927035633,35358.17191179581,34779.57641999675,34425.92762800865,34417.469971782375,34478.54324706927,34664.17180360727,34531.61072423734,34488.08510007847,34527.17000136034,34927.82981291778,34970.5679202731,34676.16417451627,34668.31411455292
36,io.reactivex.rxjava3.internal.operators.flowable.FlowableGenerateBenchmark.generateItems,3373.6445123304466,3363.4324779476983,3323.1068087057424,3384.304085550888,3306.1179541787687,3319.9425816880193,3315.177033714758,3330.4477351652117,3312.732781722895,3322.7966049742163,3331.7661899758523,3325.2038630650854,3333.915760585921,3329.3432104768394,3336.2974458201566,3379.0420719839713,3348.480804657315,3293.9945312273044,3288.930232685726,3289.6813318590644,3293.8188696065413,3287.275928167682,3298.998219602639,3278.7984653735275,3291.313576805676,3291.0609714462003,3370.154367606389,3303.0182769077373,3286.8398999967762,3286.372762894474
37,io.reactivex.rxjava3.internal.operators.flowable.FlowableGenerateBenchmark.generateItems,328.48077044615576,329.2601544086048,328.24597566542775,328.30499179287915,327.8646299401318,326.8747046763264,328.91264540615714,329.2036261416298,328.4296543171872,328.5806896388539,331.913762166314,337.70968415520946,328.17187009999,329.16148448873037,335.32872889064487,335.3029624778152,333.689785624484,333.3405869841902,333.8093387875834,331.4829270746806,333.4263043667225,334.97549788223193,335.54629108251277,339.4531935204835,334.2406440286815,334.36471439866625,339.5061723155769,341.5103373556444,332.75601530343516,332.54799743640444
38,io.reactivex.rxjava3.internal.operators.completable.CompletableFromSupplierBenchmark.normalSubscribeAndAwait,32357065.028051175,32032097.173842333,32714932.769549992,33102270.654552214,32778290.323840577,32000050.308228947,31637409.174175445,32840545.74533645,33589443.37505264,33011260.049530435,33030423.73366805,33168676.554494567,33211414.454347,33571004.90578882,33775472.36317284,34017435.56407429,33974001.06332432,32800991.142875265,33386332.446237065,33119955.864999164,33227953.846402604,32233681.940217428,32774398.29475833,33136850.889687315,32396260.338866558,32309167.967988838,32874720.268504318,32695371.367009692,33539548.738465786,33111544.331246767
39,io.reactivex.rxjava3.internal.operators.single.SingleZipArrayBenchmark.zipSingleThroughput,141357.04056947064,144456.68774976468,137920.04340802945,139535.9551547678,140792.19875142592,138235.26986553575,143349.17428571722,141479.28529547376,142134.57279232665,144654.93649817884,138231.27653399511,138592.79675765993,142640.11466886877,141118.5268590543,142965.03805034168,141693.54480290998,129440.54062972804,136874.73375822834,142371.92944416526,143095.65060801475,140099.5478248521,143044.77932074136,141424.85046858006,144461.2213669594,147541.08566803992,139828.5017705427,142490.5377649134,145049.30831998552,141911.90995684313,144757.2406714412
40,io.reactivex.rxjava3.internal.operators.single.SingleZipArrayBenchmark.zipSingleThroughput,142515.8283019941,141976.73403525236,139872.09958099117,140684.64678144397,136446.79143516498,141897.1700434524,139035.217803362,137364.12234819023,137741.5906240968,137745.82096330303,139748.05763309333,138894.63763861204,137988.51731059654,139101.72832270002,150663.9623564728,138840.61215022294,137446.57964186562,144411.00554537322,135053.93549114978,135662.41959742198,129243.68748428978,141011.14687041176,140251.78766830132,134726.0470663317,139783.49928435168,139123.6414930892,142457.80883744598,141806.30213510187,137045.29768220874,137454.8083879971
41,io.reactivex.rxjava3.internal.operators.single.SingleZipArrayBenchmark.zipSingleThroughput,140875.30730937608,141824.9771266101,139151.88895111883,139569.16988188415,130885.45881422928,144695.2199514281,145016.2443693033,142734.0455479912,140280.44178659408,145010.0331163457,138203.66694216436,143638.6987265461,141306.4675950519,139260.64833614725,139785.78934491638,146848.15595582154,143154.33023874433,141356.4274990078,141818.49517329136,146886.07961225515,136953.32762971797,141185.00789294954,140651.94936529823,141525.49230980178,141470.11970528052,147088.35965642956,141297.58688944628,148745.20134504806,145228.3607472481,142877.43049488188
42,io.reactivex.rxjava3.internal.operators.single.SingleZipArrayBenchmark.zipSingleThroughput,142260.63220624952,138582.86188934333,136444.0181560091,137658.86087337125,142381.10587675427,144394.4275374683,144613.93649299847,138787.08513295418,139017.6536600415,136761.21267173748,138431.2351696426,141113.18175952794,135282.19302380612,143248.42967613874,139863.00179079993,143753.88015754856,137930.6332540818,140331.13261466526,140042.07055954216,132966.6986070345,138235.37298559543,144981.8313014579,143023.34518143724,149631.6922418113,137623.4124328847,138092.8610818606,135342.68933534468,138331.81324866225,138913.25889047407,143449.00666655242
43,io.reactivex.rxjava3.internal.operators.single.SingleZipArrayBenchmark.zipSingleThroughput,147306.98101051827,143985.40933452637,135241.07641120817,133985.2591132306,127353.79966090151,144440.3582514883,142335.9720343274,141499.3591974593,143510.4055728475,158454.94622877933,151586.3727049883,151396.36209681517,154224.57576744567,131983.00936172894,152829.93888374392,135602.09113412097,152051.66394269935,145748.676620346,156538.48486825978,153392.12148020839,148115.19566119945,132480.93892929805,127284.53549491751,137928.60131897533,145194.92587292552,152023.5347539256,151958.20404712207,149012.89064600554,145751.95115241208,142817.91825283272
44,io.reactivex.rxjava3.internal.operators.maybe.MaybeFromCallableBenchmark.subscribeAndConsume,101788487.23346938,101326366.71064253,101811518.67273054,101559303.07653178,101691075.68506154,101515892.033464,101806248.72569898,101949020.96414897,101347305.29940425,101538076.13054599,101440345.83155221,101655620.99230681,101708381.00459649,101906782.04049264,101844332.08320445,101626538.72595157,101761457.62005952,101494278.89618772,101120546.49743246,101378090.99345666,97887709.11598118,101286765.26872116,101170997.08587343,101256378.32568401,101462750.90903652,101584475.96154298,101482275.6152191,101588049.93170108,101282395.15993492,101287162.64499472
45,io.reactivex.rxjava3.internal.jdk8.MaybeMapOptionalBenchmark.mapPresent,30034290.993738428,29941908.032633986,29945938.589703638,29978029.535414107,29646586.859262846,29904395.237704635,30034794.114610698,29691059.177737046,30655167.393947016,29958758.56780077,30874445.40258687,30471122.08446502,29934951.59311517,29938642.692198876,29619288.98864819,29883206.651647635,29362086.810828213,29913218.110865388,29528920.920732707,29759792.75239715,30328050.279055342,30612144.15637794,29994679.26852606,29575572.054888636,29842365.95553349,29523944.687765453,29857939.3078564,29501301.899656247,29902859.344781015,29528126.963731956
46,io.reactivex.rxjava3.internal.util.HalfSerializerBenchmark.onNextSubscriber,39596012.568878345,40830974.92129134,40750152.21950659,40146192.699443445,40393953.45358974,39927191.42643496,40614426.402570754,40017165.405588344,39729552.226261824,40372134.584658206,40629187.12193422,39839956.502382755,39954997.934656054,39801657.51371609,40270542.57853879,39739089.63478146,39600986.4593327,39689608.992835596,40152913.35680887,39992011.33146967,39981767.41834614,40313734.14044404,40206908.95381201,40648569.46461553,40097174.52244405,40086946.67742067,40452992.53434312,40448951.546192646,40131737.051860124,40099053.08798294
47,io.reactivex.rxjava3.internal.schedulers.TrampolineSchedulerBenchmark.scheduleDirectWithDelay,16999.532964410762,17003.1059050115,16997.66882756577,17000.026191662404,16998.926283983692,17004.149815420387,17000.10385941583,16998.98344379108,16999.882937692164,16982.593145001276,16999.805852058482,16999.212273502457,16999.46476133794,17000.398083905442,16999.480444879162,17001.950159878976,17000.065115419107,16999.846985378215,16995.860852426365,16999.748818486958,17000.177157425227,17002.22704176854,16999.9448644221,17001.868184515966,16997.85278092011,16998.153559945327,17000.27130037098,17000.56947757855,16999.521534612613,17000.274040058226
48,io.reactivex.rxjava3.internal.operators.single.SingleDoOnSuccessBenchmark.doOnSuccessThroughput,34818319.35785727,34819882.377857864,34807180.52715361,34811897.25466606,34847850.395574816,34761731.95359704,35280831.45825694,35259718.647002555,34768231.50550746,34949653.351246275,34853327.883708954,34779152.90149444,34853352.97298158,34907543.27184439,34867175.62028604,34849094.726275824,34904908.29928207,34817937.125661604,34825597.28470233,35127842.35731684,35146979.761910595,34834995.375433244,35485007.49641603,35376533.31175679,34886852.62676663,34795923.16210416,34894196.447414644,34959143.36721147,34874798.66793934,34894428.62560253
49,io.reactivex.rxjava3.internal.operators.flowable.FlowableElementAtSingleBenchmark.elementAtOutOfRangeNoDefault,382.02387132316477,382.60446962097734,381.8209183528741,382.0968053030767,381.36710070256066,383.8754761697872,383.3886339155901,383.1853880993665,379.00642177908776,378.2557406004928,381.457077101104,382.2150239834189,385.23153743250884,385.70937762669274,380.3220956412684,387.24497298636953,386.6723211149006,380.15127198924915,381.254706143968,386.34172161274535,389.095869600685,385.89804535052036,384.3322139386407,384.1526468478571,384.5355917514147,381.3911841086338,383.46384889920995,387.29954089472494,384.52608697884205,383.21623848472626
50,io.reactivex.rxjava3.internal.operators.observable.ObservableGenerateBenchmark.generateAndConsume,18921.519599228075,18951.890211700003,18986.040996083248,19129.699394889936,18988.878839626672,18932.20291743467,18976.50071860633,18893.868242633922,19004.394242712857,18890.86350676057,19298.79623758468,19318.71999044514,18919.865006753178,18834.126435547667,18799.168190252374,18891.335572836568,18881.75476715486,18886.470574456856,18890.068698266357,18946.779978943596,18826.692373254522,18776.97785643341,18859.396215805205,19327.84048419367,19241.197349943875,18887.11487706412,18835.45549098761,18836.786277822892,18780.473357966097,18876.997348285844
51,io.reactivex.rxjava3.internal.operators.observable.ObservableGenerateBenchmark.generateAndConsume,1911.3787464774111,1908.2125856176078,1906.3140681656785,1903.7973674234008,1910.602189696879,1906.8639838747426,1906.0798761553037,1903.7938876585465,1922.521355625654,1953.7015916188961,1931.1800460577845,1911.8760760165048,1904.0406205727152,1908.1952377404355,1911.6525437686023,1898.876533148938,1903.3256555268981,1902.2765358422919,1907.5423271845232,1903.6319898637196,1906.3710748378135,1919.611526295812,1949.826590222372,1921.1324799694175,1908.1422194710856,1903.0625266595546,1903.8417145998483,1905.0901022958822,1898.121803577626,1899.2749214103528
52,io.reactivex.rxjava3.internal.operators.observable.ObservableGenerateBenchmark.generateAndConsume,177.16335844119655,182.1622181070284,181.84283105900172,182.3691551836782,182.18259152872812,181.1938809261374,183.26958237828384,186.17787462416734,185.2789021094251,182.69470545472402,182.1337141370431,182.54318640619124,182.1710156729858,182.4767320952412,181.92339606023376,181.95695426137343,182.32499748824898,181.9226921339004,182.43987746675862,182.26764931412643,189.8475110618599,187.02171447250407,182.11747492496886,182.0291638372985,186.16395072875372,181.84853162961002,181.8618810689881,181.50314638995258,180.74001001409496,181.54173999506614
53,io.reactivex.rxjava3.internal.operators.flowable.FlowableSwitchIfEmptyBenchmark.switchIfEmpty_EmptySource,2282465.026709188,2281423.843931561,2256310.1961100907,2265349.373006877,2267984.7497162013,2328143.3324559564,2295079.571192821,2264711.4031841736,2271270.789497063,2256141.2810885,2272949.028716503,2261517.342144971,2275263.6934594386,2304238.5519629023,2286266.3680222793,2256093.0703188665,2266633.3929793774,2255411.822558865,2264028.4004685064,2253351.6713164872,2257233.57328451,2255815.545785059,2257033.4506800477,2259315.7133280784,2253142.1181671834,2277144.9482463864,2296615.2228288637,2265451.6331079053,2260060.2525275056,2266726.038105531
54,io.reactivex.rxjava3.internal.operators.flowable.FlowableSwitchIfEmptyBenchmark.switchIfEmpty_EmptySource,103448.49877692886,102549.26876324473,103354.49590157291,103337.47752571364,103258.47120004031,102968.5529941333,102772.18298047638,102716.00759116704,103093.83345253652,103328.94242827424,103500.87660310727,102978.86836521553,102800.09462440522,102702.46530315632,103226.299890553,102736.72814341882,102718.29176694893,102481.26159820883,102260.03936549037,102911.53137548461,103434.06940251162,102794.17527085246,102974.38826059055,102892.79098995698,103452.00492808496,103402.83491617662,102629.39497739804,102822.5834595018,103203.74486531146,103228.86950324457
55,io.reactivex.rxjava3.internal.operators.flowable.FlowableSwitchIfEmptyBenchmark.switchIfEmpty_EmptySource,1159.3198884653914,998.4442120355935,991.7497894621171,998.6507009456795,980.36258785263,998.3405341800609,997.5121806332319,1002.9263922232956,995.1195560313665,992.329506768185,992.4514899256449,983.2463269417043,987.6834889245063,988.6717827189166,989.2454609386327,992.2017984581854,989.2866273915612,992.4116864433362,990.826960988706,998.6913154999834,1000.4084794746647,996.6925622056472,996.0827263428827,998.6010339219223,995.6044871570365,993.7510911891854,994.6231522069761,993.2509656088113,993.5488026628931,995.2649838709665
56,io.reactivex.rxjava3.internal.operators.observable.ObservableConcatWithCompletableBenchmark.concatWithCompletable,4484887.192292218,4528514.491960438,4539753.801858072,4584277.425034246,4575274.248248087,4586159.286040278,4492735.697213216,4518758.189514756,4567449.015058949,4552638.978793153,4567529.320888109,4504910.628875086,4550437.840042071,4515589.947306621,4517736.448350459,4514008.170353749,4504368.59441706,4539623.739644542,4573859.06071378,4514634.076577739,4527169.279312383,4529641.679191474,4543849.736530963,4536713.635908953,4533226.218685151,4513400.574718399,4508900.068574215,4519281.663455958,4525861.164467601,4545704.623043092
57,io.reactivex.rxjava3.internal.operators.observable.ObservableConcatWithCompletableBenchmark.concatWithCompletable,1471765.6118557134,1477286.8630968244,1479047.0039414081,1480322.661434285,1489702.4721965764,1470539.4121494323,1469411.3659201642,1471960.6487482141,1467743.7989520172,1477486.4510831998,1472410.912308612,1474913.4944593525,1487285.8340272626,1482047.4660149578,1481430.730234203,1480248.3224972645,1507377.3272185025,1509273.0214818527,1480437.5152387237,1476330.0395528965,1502280.9346003886,1502127.894601892,1489476.9977152974,1490443.1444966227,1478761.3036383018,1485801.5520527407,1489285.6298676506,1484626.8889103325,1488919.5504873167,1471003.0053150665
58,io.reactivex.rxjava3.internal.operators.observable.ObservableConcatWithCompletableBenchmark.concatWithCompletable,19050.22172224176,19405.50339376265,20015.73850808053,19153.172295659242,19096.17090154797,19046.311190155808,19113.503775810925,19129.05561765321,19171.350072061206,19113.171348456188,19124.337494700507,19211.63887229222,19185.623834387985,19142.17566134732,19497.043124117554,19665.070876212114,18829.398070129784,18936.662314174126,18801.146639367733,18734.76699004532,18826.834581285748,18942.601352954527,19002.010432302715,18826.85451769058,18919.357061952098,18981.05155709556,18839.731916484434,19409.883543498578,18937.971856841963,18864.284123580404
59,io.reactivex.rxjava3.internal.operators.observable.ObservableConcatWithCompletableBenchmark.concatWithCompletable,181.84658440168317,190.25009329999045,185.048965269461,184.87439134691033,184.61721982569557,187.4041488834334,184.23148517615263,183.40887704088365,185.97335448166328,184.79824522219096,185.6244251724265,184.68472194090384,185.85189109679902,190.77307618896552,186.8777974313371,184.91986959750665,185.38590548037814,185.70143257932475,185.17008582201413,184.7593125654465,186.12945152260076,184.43692642091102,183.28917689533418,186.7120413004719,186.1404582751207,190.75219191995487,193.12591635136388,188.50148388617455,184.26878589369812,182.85832045901674
60,io.reactivex.rxjava3.internal.operators.observable.ObservableMaterializeBenchmark.materialize,5301404.5212369645,5304693.271139026,5305679.228997642,5317723.897570112,5321461.592139773,5314998.095541514,5501329.22913502,5357755.480198384,5326766.889496135,5308753.764687703,5316122.239293777,5397258.622822135,5291708.190390439,5317971.991309866,5311022.280825476,5319551.482035862,5316020.275755559,5307088.18578174,5305197.823142411,5455554.494476659,5388040.843716182,5319414.247134235,5301728.318850095,5315554.719539221,5439347.121111591,5322299.76564964,5313135.9998824205,5314363.74592932,5298502.63115027,5298701.991139949
61,io.reactivex.rxjava3.internal.operators.observable.ObservableMaterializeBenchmark.materialize,1800253.1080764662,1791394.698506452,1795112.8459277372,1795564.540477321,1820749.354375497,1828691.136546383,1806878.1831438285,1793893.2865870812,1815183.7138990427,1878908.624157637,1819499.5741098572,1799460.8148177436,1796471.3223927387,1791785.5072489332,1797991.509416431,1797841.9163416205,1799570.0499404436,1832862.1879379528,1850587.7689352608,1795488.3149237125,1800897.3525716686,1834595.6543194242,1879533.9124998327,1800235.1760287313,1798469.472022367,1800087.2866803303,1803521.8450213803,1789478.6252489954,1800228.7792531827,1787761.8653989774
62,io.reactivex.rxjava3.internal.operators.observable.ObservableMaterializeBenchmark.materialize,23227.824374419906,23229.885430097063,23120.11112420772,23894.63518622743,24187.012093663034,23260.85065810813,23253.837509380814,23188.14076344401,23618.424178738795,23247.302621446397,23239.16726631271,23026.877566640927,23238.87660946582,23197.544006150452,23206.712074323295,23253.358638427148,24114.779960937438,23480.201674833927,23194.30373098524,23187.724257786784,23201.821834689057,23225.193876745732,23178.664004985418,23162.312370758355,23192.75925695803,23172.94194664366,23238.197073814707,23256.695424280322,23181.083573458814,23196.21468014093
63,io.reactivex.rxjava3.internal.operators.observable.ObservableMaterializeBenchmark.materialize,219.83759431768502,222.37267534185418,229.22052506038798,221.11483992736282,220.48630571327786,221.3989483490116,224.698375461604,221.62930083675673,220.75593135926547,221.0823948671153,221.7849462268911,221.16678377846367,221.78407767549746,221.39018052634998,222.54251445709522,225.42597889415958,220.87654790072386,220.1582285357253,219.44521856793145,221.07630164936424,221.48911254852823,222.87497382593287,220.86712832340478,221.4754402921278,220.92276341360574,219.96847675753284,220.63766485529666,225.35559095519622,229.17052028105948,221.07814173226058
64,io.reactivex.rxjava3.internal.subscriptions.DeferredScalarSubscriptionBenchmark.fusedAsyncPoll,33590936.84297557,33516245.15771135,33330436.216604814,33669504.34202206,33637844.46706196,33521860.106113184,33671259.61137947,33858741.694533445,33752881.249061614,33603726.580861956,33681886.03714599,33646197.62344214,33676879.19106897,33693380.09820799,33786007.97855022,33740156.59088504,33685482.94354223,33697459.52202777,33753842.576524995,33680719.60465622,33816374.32662211,33651139.96431056,33854610.34443699,33818592.85951994,33875071.80679144,33926715.159335226,33503323.67064566,33719072.83172651,34109781.69143155,33694516.53260089
65,io.reactivex.rxjava3.subjects.BehaviorSubjectBenchmark.subscribe,15356.394305198439,12882.929015535776,11058.136445503676,9688.913152079758,2969.0670437015,920.1542413235813,914.4159784670385,850.6282707321802,858.1580746608686,855.817136957751,834.4201066601617,848.7195502158431,820.6684273589259,871.6325629694675,879.7271288203597,902.3585008123723,842.8195594559184,890.1103565617011,851.7252362888023,828.1635737447951,840.8548436663474,811.8549512165013,827.6250620526528,826.5653084556118,837.57652580722,802.153343344267,805.9884943365798,802.707347736984,809.5655517874037,815.0920863349133
66,io.reactivex.rxjava3.subjects.BehaviorSubjectBenchmark.subscribe,15066.382744265224,13070.045493982547,11393.251370216673,9681.465625586157,2995.5873420385537,900.3569217393306,911.7416896669229,828.5948840867134,863.9557058508356,856.0487603151269,847.7733238974247,856.4193605274859,868.8146314123782,834.8420236584554,868.1526435187045,860.1138967666493,819.5547050906553,871.33772837478,844.5322529789387,852.460285796609,835.7428148276344,831.2432325224178,817.5524450933699,836.4734127010897,813.8205600641666,882.3338296188908,801.6971289790716,845.8414242007814,786.609685788151,803.9028506440076
67,io.reactivex.rxjava3.subjects.BehaviorSubjectBenchmark.subscribe,15125.936536150446,12910.273835343607,11267.067398539211,9620.725261192027,2814.789684430563,942.9639081931455,926.3501222604831,877.9177826315567,914.1116977656537,900.6447522966059,879.9222829916079,865.7387223834226,832.0785374046509,892.3172254896505,882.2938119284255,812.8630258605267,860.6463177648557,796.0616403109944,822.0334305338197,805.6116335465225,853.2009492308347,798.521672173323,860.304178687841,809.6315616952547,846.5048851609163,797.6434910555906,847.2659126126298,766.625321707462,810.256379472685,771.0208820731796
68,io.reactivex.rxjava3.subjects.BehaviorSubjectBenchmark.subscribe,14929.618232064235,12827.816795294088,11131.248874314275,9663.431716502291,2925.047001723895,953.1049197863559,981.8400408905106,931.9729793875962,918.9187654198957,907.8438311544758,873.5185004094071,861.4760585825904,1307.1219358441354,923.8190685754918,868.3445377403732,996.4916990030362,820.621265423727,951.7323155094377,895.7860828319288,801.4080890570909,864.6929829690525,850.6381548128123,921.9715808669808,822.3374086424749,809.2511399352586,826.3607256001385,771.275713915901,805.6138201701875,827.8164181541465,803.820195361101
69,io.reactivex.rxjava3.internal.subscriptions.SubscriptionHelperBenchmark.benchmarkSet,100679596.61988756,95179740.54117836,92287280.04014586,95382637.76312663,93616686.44629872,92947085.94789128,92052287.87551074,92139586.77688937,91715878.49674371,92409630.64319783,89664707.18357196,91336767.9809334,95096166.26196088,101191137.94368438,93713055.81124623,92387729.04929063,95069261.1407336,93361145.88008398,92728659.83318861,91403896.36254345,94415618.90655522,91712134.19407387,92635800.29422949,91270098.66538784,91567728.61163494,90756101.55466148,90648337.89152876,91527086.79167812,92260505.70712045,90716987.16369613
70,io.reactivex.rxjava3.internal.util.NotificationLiteBenchmark.isDisposable,105350591.41387682,104955551.63894932,106512729.80040367,105205520.27323484,104603436.05829418,103818674.66548102,104116019.69822092,104923988.3680915,105081927.45664647,105499739.53324388,105512129.39059258,105328266.36775716,106929312.85685614,104841000.24601562,104727801.5287517,105689355.00862797,105332858.64672266,107164286.99384199,104940537.4840974,105653884.88019082,106144078.65333585,105444868.11990154,105846680.07334767,105064239.89950718,105134219.49350965,105969111.2536236,104664462.20140775,105360124.8505237,104662524.86833988,105316767.8438881
71,io.reactivex.rxjava3.internal.operators.flowable.FlowableTimeoutBenchmark.runTimeoutOperator,20840.822097575867,22425.728932109858,24824.833988270748,21892.26330864399,21182.565273490647,24310.971163101938,22399.704310693247,22890.31093985238,24805.117957918683,22825.09308250038,23184.242116376485,25148.36522362943,22220.85528748936,23376.774951711515,25183.889539688797,22448.850223938753,23362.47182157608,24927.131021231555,22584.82547146911,23484.774014308994,24664.561932718512,22227.684254458243,23087.472978275797,23998.06785876982,22406.52759759981,23456.1704935827,24198.566789963355,22633.500229681427,23942.691148845657,24850.04938050074
72,io.reactivex.rxjava3.internal.operators.flowable.FlowableTimeoutBenchmark.runTimeoutOperator,72587.51420695927,43668.187430133694,67336.06880154677,66203.66009245253,29037.18734749776,51417.52404039802,59431.40676199266,25144.32505088266,55139.0898797676,71808.62148303061,61808.90649133076,25101.728084820246,57419.328638182,43549.50136355994,33185.25257735853,53651.0503416731,65120.72078398851,19796.961812890866,23504.531379805943,13101.636348530197,31216.876009655476,32760.1147516212,599.8614188153025,46783.84121103704,71447.75279253029,56123.31550433714,40164.22450456914,40297.33776708985,37579.93812586461,34298.40544611014
73,io.reactivex.rxjava3.internal.operators.flowable.FlowableTimeoutBenchmark.runTimeoutOperator,14854.86747857737,39339.83619098999,56779.11611645911,76496.00147961569,72588.78099964773,58908.91344378737,35503.01316196475,58884.97474105883,70521.74922625572,43092.51035477685,84506.86003278338,43421.59192461707,65993.75396857744,52626.25427818853,31725.610673138992,51708.02794078274,49388.52740238696,39607.94570716188,43307.51841669366,10318.951182121384,21985.213039164788,59808.89317192913,23508.74563214496,41901.15367932899,901.505214272178,53984.80037486658,50503.722189512104,56719.84215032523,46984.41546688718,47698.29292579448
74,io.reactivex.rxjava3.internal.disposables.ListCompositeDisposableBenchmark.removeSingle,269596.748672959,268598.2835057618,268375.42928859754,269780.24890487985,270505.4428285102,268466.11954600294,266624.3847130676,269070.64627734554,271195.91837292694,270625.0674329366,273230.49889795866,272356.09693846933,271254.4492399627,273224.8445119411,271454.9217615389,273137.33360764757,275803.6958270685,274452.81869327935,274355.25811310206,273070.2580995638,269795.0186682762,270461.05344820867,275161.33140042855,277667.71136164916,272642.87640885403,270649.92119163065,272484.8915947429,268919.28492436744,272625.289487771,270608.6458008147
75,io.reactivex.rxjava3.internal.operators.flowable.FlowableSequenceEqualSingleBenchmark.sequenceEqual,128529.70980681636,128982.58303666842,128159.049341234,128671.94151996303,126557.405473273,117898.32447896968,117785.27553287745,118490.36506881478,118241.64235294335,116731.99211158557,114901.13748336236,116598.43449770666,114605.4805131164,114677.78009680555,115007.28993337792,113878.6584391475,114602.0105063002,114607.69443701101,115056.87722732882,114695.59315710836,114905.58633988918,115595.47326482774,114496.5490611518,114766.68060123514,114414.95206013508,112860.57028229567,111022.40600386196,110982.92199703952,113209.88736240668,111935.65894848823
76,io.reactivex.rxjava3.internal.operators.flowable.FlowableSequenceEqualSingleBenchmark.sequenceEqual,11768.461803200013,11789.815005693777,11756.649478404468,11592.743556919777,11768.283146800395,11497.161167121247,11488.901419757342,11537.919473841275,11394.370392669583,11502.030194822093,11368.6622495131,11423.956958457822,11382.126490084645,11360.533605043329,11625.513542011347,11417.969973510719,11553.459332763605,11583.055147025547,11383.970081807218,11450.234447774297,11169.605474756476,11255.570925181913,11166.153281762798,11200.547889884425,11217.31650513891,11294.394643035923,11306.909821675723,11466.837606671812,11358.311027569689,11566.06458296079
77,io.reactivex.rxjava3.internal.operators.flowable.FlowableSequenceEqualSingleBenchmark.sequenceEqual,993.5562946492666,997.6894252680506,995.4672149963945,993.7408472931387,995.1382152812575,987.491551462559,1012.259878092054,994.6760757785141,992.6473143944903,1012.6136160099255,996.8056976493857,1001.2735720184064,1004.9788984580691,992.0740526433356,983.5122231788655,984.0545951331453,978.8617189038321,975.0998531472646,984.3514708612893,974.1584955892306,989.7524111472344,987.0147638367677,991.2510186603084,997.8948907332642,1019.0266664892362,1048.2152798361326,1066.60461820087,1078.6124976740857,1084.6762349906176,1084.0540815098266
78,io.reactivex.rxjava3.internal.operators.observable.ObservableTimeoutBenchmark.timeoutWithFallback,2987.9861613555213,3029.37327416892,2952.5392532969836,2953.589566240286,2953.977152917054,2951.397454501279,2945.8816667263873,2955.4602117914583,2957.2810169673116,2963.102310376458,2957.6223483829904,2947.354779828374,2956.004280294198,2954.812106452963,2957.925223080568,2961.9429921379965,2939.298549767003,2948.2274052155535,2944.5285014846427,2945.5729861753402,2946.028653108669,2945.042899343271,2945.9525937308617,2958.55780507478,2959.5758720605027,2974.546994340044,3068.7203014881206,3024.0829196378736,2977.6189868520614,2984.4631159766777
79,io.reactivex.rxjava3.internal.operators.mixed.FlowableConcatMapSingleBenchmark.concatMapSingleThroughput,10189.70913475275,10201.201664158965,10429.684347467988,10619.490965320068,10185.381859360337,10165.924922941624,10187.285682052381,10173.800824270644,10215.490206176752,10396.25861160963,10622.590371635093,11006.6523911115,10564.353345367377,10367.366968572898,10394.294913398844,10346.201956058321,10397.63875483674,10483.884577584253,10443.012446085024,10408.056239092464,10422.543401123698,10432.354539792268,10455.186304215502,10839.211338982976,11134.409041240137,10483.924863021371,10439.723284694615,10398.437933234394,10419.92091299025,10434.079985431365
80,io.reactivex.rxjava3.internal.operators.mixed.FlowableConcatMapSingleBenchmark.concatMapSingleThroughput,10140.483967225447,10175.01605559739,10189.46542574902,10242.272022058285,10139.887461687591,10143.715521590932,10182.626918431406,10126.211289655072,10142.30770636058,10762.079519338711,10849.474585572218,10343.24678408269,10374.760402877544,10407.292949331608,10407.994920746494,10394.411988113832,10413.52775692975,10426.044421750614,10404.278644228261,10420.314384994725,10434.317710399235,10416.205993449532,10490.298125623309,10478.700850668534,10381.680478029562,10385.444686189241,10407.583090822849,10396.701088149552,10358.763888705162,10373.946753933966
81,io.reactivex.rxjava3.internal.operators.mixed.FlowableConcatMapSingleBenchmark.concatMapSingleThroughput,10140.450448428397,10128.102852649312,10107.946691307086,10120.417510795507,10116.333657334659,10086.356550970188,10140.86588797471,10355.680779469823,10832.572665840906,10601.260074451844,10425.998061586282,10394.97170860864,10414.9001865403,10410.52210498277,10427.82327228284,10380.846002873244,10377.049804680535,10367.157439468829,10371.976424497587,10369.90417074666,10701.206698145053,11043.520919156255,10435.23447780349,10403.043211309769,10386.465482816639,10397.8014974104,10364.943895136637,10374.466052198453,10411.968913130502,10420.834137918318
82,io.reactivex.rxjava3.internal.util.QueueDrainHelperBenchmark.benchmarkPostCompleteDrain,4042585.6250522775,4049283.314837453,4027598.319323363,4136530.5873431237,4067659.902541439,3933390.9627856,4156979.00382553,4150979.502636451,3993124.7448439924,4119749.638184544,4150029.112180336,3925642.5688772993,4061106.949601594,3995799.671359687,4065219.005343703,4123300.1270387117,3989942.1665764092,4243178.5440240335,4121240.559649592,3876862.0919860015,4179176.17857386,4159441.8915920015,4159929.729050866,4124351.3300450677,4114782.244408205,4065069.4490636066,4148088.601559013,4099104.6764707956,3981828.128442236,4073458.172950585
83,io.reactivex.rxjava3.internal.util.QueueDrainHelperBenchmark.benchmarkPostCompleteDrain,603137.0325898003,578948.6666896011,591471.3980629463,593487.8367585632,576269.9865305761,594159.392810332,596593.0814393894,581079.256418368,564635.1975048814,574620.9527663136,563012.6864074515,591288.8694046129,618518.5442128713,571358.6165769304,562576.0178992747,593912.9620043136,562762.1590809476,586005.6941070036,580712.9552676392,568447.3053248897,592730.1788838049,594222.1236095327,581831.2431104874,591584.037763737,581819.5515651893,548062.6569434226,574579.1124361178,590759.9518461105,533751.4906337071,586954.6618552107
84,io.reactivex.rxjava3.internal.util.QueueDrainHelperBenchmark.benchmarkPostCompleteDrain,32788.37337774044,33509.510622845984,32396.626339277507,28186.134879294834,27633.288610063337,28731.013765362084,26915.98676308005,32963.87685270962,32759.7212773626,33333.592019745905,32706.89247468588,33092.10012907062,33598.39803181518,33110.4969879407,31455.32856557151,32676.372338068282,32784.808973114676,32429.001715470655,31746.403148592144,32811.140417310235,33034.883990717295,32577.146823940715,33187.640367573025,33373.444011665524,34138.02577267043,33826.411932452844,33411.247233182345,31984.27609969212,31076.27571182658,33355.659888418355
85,io.reactivex.rxjava3.internal.operators.maybe.MaybeTimeoutMaybeBenchmark.normalSuccess,14972424.379394261,14992359.434934668,14986579.155608887,14976709.356929382,14986415.888139825,15009174.643981144,15110039.951526914,15182498.78814072,14949667.69244815,15109530.724751692,15040221.029551255,14980211.906325517,14976322.29752088,14963066.19065684,14977007.149895743,14995508.730475958,14972394.608786955,14987261.307009066,15083196.098712217,15152042.92169675,15164822.284384936,15077941.501060825,15318441.64959635,15076216.843754364,14984972.883655045,14971180.509168418,14979334.48243642,14968005.287901677,14988116.004078303,14975525.934901157
86,io.reactivex.rxjava3.internal.operators.flowable.FlowableDoFinallyBenchmark.doFinallyThroughput,415.38483167967564,416.35040468605354,416.83879009896197,416.85125371658256,384.1202064696594,376.712185862606,376.39111998940666,376.6250708718223,376.1128584635007,377.37192707113,376.29408171006395,379.9692015963646,381.7927834939298,383.87136969434323,384.24910539347843,384.2082152574168,384.4853290919335,386.0715450349195,387.0693247096283,387.29173365811323,386.08100443568367,384.9036663103958,383.9834832127752,386.66566334753594,386.52074365344623,385.86391467216515,385.7886429914167,386.55970192798907,386.67963708071755,386.7996288958405
87,io.reactivex.rxjava3.internal.subscribers.StrictSubscriberBenchmark.requestZero,16580.65292143405,16139.391609493889,16634.848169843022,16326.401580499676,16401.670037781645,17350.16195769647,16944.306977844608,16955.716913571774,16882.387816375474,16445.544125315217,16540.466874764323,16798.37684741247,16558.552927327735,16558.67352404559,16847.7951476588,16720.470812621363,17133.009469826786,16468.01903304224,16890.831670769807,16915.35809385126,16937.405394094363,16637.473756705076,16376.890192951256,16757.281038111112,16774.05788503889,17137.89885572272,17146.926619540543,16923.631572074715,16958.40994908423,16650.257947954033
88,io.reactivex.rxjava3.disposables.CompositeDisposableBenchmark.clear,51655492.118755884,51344923.63381678,51447694.963149786,51418549.38588854,51392271.23974069,51429795.05491307,51122030.98026568,52273550.23813725,52917983.31719187,51435350.82108812,51315226.0476823,51368070.362760946,51332372.144895025,51444143.97119402,51442385.521551155,50351527.4073819,51413804.40169894,51311826.12871963,51379015.71925315,51416499.44277659,52558230.750662565,52417591.42766361,50751046.46272155,51334533.113162704,51307649.83616347,51441555.24347148,51447571.922642455,51449100.71141503,51285678.23100887,51383576.32046502
89,io.reactivex.rxjava3.disposables.CompositeDisposableBenchmark.clear,51399455.2011658,51224777.70376619,51330113.40998669,51427147.91664535,51255228.02826493,51436664.24870293,52781605.77305686,52088641.41467124,51403236.755375355,51418290.378233396,50303117.7051848,51425441.0413316,51304215.57150009,51338294.82974431,51286095.721711054,51420521.37875949,51410462.755918086,51327516.74025191,51613926.38706289,52848573.66605059,51848406.594915345,51414735.19847879,51424924.456780866,51235297.13048894,51109835.17105615,51366213.22989938,51299992.000511356,51419742.36729849,51328303.749228,51237023.16819201
90,io.reactivex.rxjava3.disposables.CompositeDisposableBenchmark.clear,51443071.66819776,51391221.277152225,51255161.3463989,51414353.34662256,51432309.42067076,50421892.69169331,51446041.552380174,51332923.83648014,51307314.54582264,51316373.978250794,51444231.14381048,51446369.121461734,51445756.249741085,51318068.59401501,51347662.541983046,51281136.12368436,51443710.237056985,52359870.29830174,52814638.98499879,51229191.57753281,51351622.73279913,51448680.388999335,52659436.69961876,52613835.21653957,51254170.71952948,51382566.95072862,51440937.54204554,51437403.30671263,51442497.63324537,51280315.40402646
91,io.reactivex.rxjava3.disposables.CompositeDisposableBenchmark.clear,50413600.850294486,51438672.53071986,51353266.92029631,52397535.85250572,51321779.735299185,51445907.9054239,51445437.877715476,51446429.63941649,51435665.07647436,51325103.32344746,51446921.43492388,51299885.075086094,51447434.30917772,51323712.870169565,51111457.56154,51331520.347580634,52915718.95805858,51450419.104073234,51425913.0247864,51257285.13835356,51346860.21865464,51448355.8959148,51436124.59665586,51429562.93693345,51277650.39062721,51255246.217811175,51437968.6944637,51435203.52629814,51441053.65529802,51441529.25033159
92,io.reactivex.rxjava3.disposables.CompositeDisposableBenchmark.clear,51429567.05161058,51656349.31395358,52132949.80773715,52010927.39908643,51200062.55607805,51439717.24314381,51979146.39778661,51106220.203564115,51329742.251817666,51320607.74698857,51353561.19265979,51452686.12773135,51442044.23989117,51445866.28759042,51857381.95992382,51356651.352243535,51420300.355780266,51446992.06571943,51304888.693388544,51354351.71927084,51361029.158444874,51259271.241544515,51449713.36604676,51452017.7817097,51452668.30943756,51423600.5335979,51277384.61980236,52286500.62490231,52833632.2741119,51442232.68658713
93,io.reactivex.rxjava3.disposables.CompositeDisposableBenchmark.clear,52134798.11578032,52944732.03552721,51426623.34844668,51314369.00177571,51390484.979819596,51323871.28115511,50993530.492120646,51440339.05684372,50505849.63235773,51440517.14932873,51245261.0320694,51359636.79116947,51453712.24905675,51323778.58508469,51450988.50491595,51295608.09092377,50146671.618309125,51353483.12974354,51450271.626686804,51447919.75801757,51445220.5563271,51244750.05957584,51354613.29853428,51329251.94374788,51450652.55016397,51450345.964843236,52851323.973538995,52267188.26850726,51441546.269378535,51425936.21302576
94,io.reactivex.rxjava3.disposables.CompositeDisposableBenchmark.clear,52301878.11398406,51436414.27015378,51444461.34018292,51429759.8537791,51692026.97571278,51326110.72806671,51450115.10942369,51435937.04847866,51312976.69985753,51439762.412650116,51126896.802199416,51144142.560545616,51455447.11872652,51455210.306985565,51454432.0885083,51443255.41615615,51248761.07483485,51313212.8701729,51323548.10223655,51436898.22839803,51449512.93241129,51352663.9471249,51227320.720347606,51447608.35617069,51926068.43150543,52957708.67932699,51871928.68366105,51323680.523041576,51330324.05769825,51358324.80783045
95,io.reactivex.rxjava3.disposables.CompositeDisposableBenchmark.clear,51385044.33851304,51252952.84452913,52047120.827267736,52944716.90964968,51608693.83454054,51449167.40237802,51316535.13849616,51388999.67644517,51441078.40103118,51440627.52463117,52171465.9753336,51439043.69878026,51228859.14575112,51357278.393584356,51449660.95568757,52474543.13599391,51337871.3572876,51253869.723103404,51357195.84159844,51447144.67487084,51451464.05860356,51452233.20848919,51312715.30596831,52329448.256810024,52835809.99181298,51453714.96980376,51441344.28467603,50716309.21884147,51132299.05359485,51254080.82148986
96,io.reactivex.rxjava3.disposables.CompositeDisposableBenchmark.clear,51412947.81647193,52207473.36802183,52433018.23120269,51436022.7288733,51442103.982114166,51443668.24208903,51444908.413891196,51120218.328431346,51421909.28907759,52409158.670612775,52069573.01045284,51368903.58105123,51259175.82839637,51496059.416805305,52961980.154688455,51442253.56916412,51444168.37713701,51319828.81643937,51251771.53189157,51342336.80397552,51442170.39718226,51549946.933093846,52958075.44324675,52244385.46450955,51323498.83366185,51447203.68012884,51445603.21330782,52829382.69532959,51943301.652288385,51236930.251061454
97,io.reactivex.rxjava3.internal.operators.single.SingleAmbBenchmark.ambThroughput,9316295.82248432,9294137.890810395,9275146.070472436,9204698.283654662,9148665.563160047,9205666.842838917,9213106.833728448,9257750.062559202,9275348.681187417,9207201.320934333,9233405.652869236,9235021.650362534,9337182.37400912,9250193.190314574,9222440.718670156,9225414.652885996,9290232.855711246,9238558.851093778,9239338.4794801,9234042.780332228,9228810.778619232,9263958.099566806,9266925.05297282,9286593.292920867,9275181.317796493,9337533.438923642,9280936.742216857,9269915.401252728,9279285.87307814,9223426.196272606
98,io.reactivex.rxjava3.internal.operators.single.SingleAmbBenchmark.ambThroughput,9148116.915372552,9189470.444609303,9197143.877812596,9156454.895488096,9143237.60472334,9243501.33402611,9275987.725272348,9253059.503446188,9246045.506231848,9297206.405227952,9299607.600836143,9236280.870243737,9221937.196654191,9252262.966012264,9287441.198284186,9233736.500027845,9212013.874328945,9211519.809749708,9234369.214809865,9265352.133957744,9236901.287353167,9224919.161089145,9199795.457303211,9158837.348379241,9169364.15154654,9164745.716503294,9212876.270286953,9193008.018018706,9210003.662820278,9226558.269439472
99,io.reactivex.rxjava3.internal.operators.single.SingleAmbBenchmark.ambThroughput,9213246.846236467,9215658.322250104,9252336.830686992,9249734.671401775,9209310.66345647,9222087.103488756,9199550.792365797,9221699.87028637,9170470.754169863,9305253.430747526,9210833.031362161,9213412.909048837,9197938.64168512,9344422.871057991,9230135.029528188,9232657.75719514,9208887.614608834,9199407.961703451,9240283.412826216,9247510.44423766,9181813.859426677,9218846.345147537,9298393.683022087,9244483.611895058,9261631.011402406,9197052.396877948,9277407.452114189,9193795.936888633,9151502.750668995,9235644.07323215
100,io.reactivex.rxjava3.internal.operators.single.SingleAmbBenchmark.ambThroughput,9227055.334497176,9201528.217575109,9162378.44867087,9195709.867687585,9278406.975985266,9191904.075963262,9209209.417207018,9218170.79748147,9291381.797119278,9178736.28508664,9204231.908708585,9279384.353378544,9251218.066169566,9269522.77277933,9292041.443749057,9272994.182197224,9209645.99543835,9200742.476899713,9223214.641891103,9235411.088670643,9236789.831167627,9277156.425122835,9144699.07600131,9170897.612431783,9175763.654308978,9151592.108346848,9252726.41010434,9218104.89926594,9265728.080844665,9237061.92893986
101,io.reactivex.rxjava3.internal.operators.single.SingleAmbBenchmark.ambThroughput,9251211.623294728,9214267.354079746,9250734.41544889,9212335.875925073,9278077.040569354,9215385.887610642,9376583.918650152,9298988.564336374,9277946.847153522,9275492.158772241,9246642.960165154,9199783.22644043,9239373.544207446,9238807.25813275,9258912.027030569,9242163.725803759,9089802.277162356,9166281.111670302,9195404.393445902,9216183.46210834,9292565.778187795,9174023.908158606,9186083.340478595,9227179.900637615,9246893.560776455,9202107.796191037,9192636.782260902,9159433.608698579,9247913.41259677,9192549.212154245
102,io.reactivex.rxjava3.internal.operators.completable.CompletableOnErrorReturnBenchmark.benchmarkError,101625503.53394891,101701429.2296321,101561783.53682047,101776237.0739333,101776223.66570684,101728360.84819774,101662359.97503442,101900873.43426944,101494755.07592568,101658736.6368808,100910526.89236511,101555411.40135333,101593138.1796357,101647727.5207555,101795370.74882632,101800431.01940502,101729598.68237518,101175465.45807062,101919752.74421169,101673331.53445697,101949472.08079244,101359024.67289478,101426193.58635582,101429991.17330538,101347068.39943168,101478340.28123726,101257024.86851908,101518847.16439551,101314854.62066889,101015296.43727346
103,io.reactivex.rxjava3.internal.operators.flowable.FlowableElementAtSingleBenchmark.elementAtZero,18999644.60615607,18730425.861739065,18685217.01494338,18543500.678105194,18645681.317597464,18747527.172573704,18591446.634930737,18542923.53525302,18575178.715673406,18632334.232666418,18664508.75869154,18607518.40129234,18622100.35085053,18556560.575021397,18634674.765802283,18608518.21867556,18464846.23000369,18595950.641836856,18557974.619247977,18444712.839915205,18643744.912165016,19065352.23486138,19283529.86236949,18637515.361164972,18741894.57204605,19077286.02724396,19144535.90566886,18663560.463779785,18592545.96414203,18741542.997748904
104,io.reactivex.rxjava3.internal.operators.maybe.MaybeTimeoutPublisherBenchmark.timeoutWithFallback,10183972.971517451,10251862.694489833,10158467.366568053,10163472.244413989,10157716.018311478,10169802.610630324,10141790.387751972,10166502.21191524,10201929.048079789,10186279.66429141,10508412.930514297,10321816.581255533,10224572.35237626,10186525.850608962,10185876.113856586,10181977.780883389,10164881.85310255,10179933.402295312,10210107.950741999,10186138.508549578,10191478.346096491,10172951.228042176,10253585.762634894,10223651.839350766,10194907.37083762,10135467.442026054,10152353.23697016,10156595.749531798,10164504.040260639,10122473.196127454
105,io.reactivex.rxjava3.internal.operators.flowable.FlowableToListSingleBenchmark.toListSingleThroughput,6858338.202750541,6555645.653474323,6925055.911423668,6608597.224847782,6818675.978732476,7014034.43870526,6902259.596234674,6872426.197624625,6871486.011162118,7053998.949767383,7122360.030288004,6812272.645588522,6758563.611125901,7032207.578285748,7040478.325352493,6730994.787275362,7144914.5957542155,6556989.969734579,6806041.722864301,7180411.991834947,6989248.036530525,7035372.354532906,7297061.165103896,7022160.909632222,6976790.826856253,7329357.046464552,7039414.122313234,6997429.994976121,7072694.677148334,6938709.872050029
106,io.reactivex.rxjava3.internal.operators.flowable.FlowableToListSingleBenchmark.toListSingleThroughput,1660721.0931715597,1587709.9763908342,1661602.1722276993,1676103.283096655,1645728.7261861528,1717179.300745322,1612053.412994961,1514217.3085559753,1637492.89023161,1615160.47545245,1652802.2289365216,1713676.4774446362,1645334.8158330605,1690857.9151844515,1649084.8449471933,1652540.8255186386,1711584.6040567628,1661389.9490602913,1590675.494856815,1626753.75771432,1682796.32020535,1643894.3265992408,1606930.8367187486,1651394.710339063,1585587.3794550283,1652064.7871026217,1626705.145102362,1627958.7828294844,1719484.6696007971,1622975.1321661873
107,io.reactivex.rxjava3.internal.operators.flowable.FlowableToListSingleBenchmark.toListSingleThroughput,133201.50398168154,134350.85455555323,135268.6117509662,133908.02279009653,132589.04901910518,135740.02381833427,127657.16711751491,128427.26398778592,127856.33097063735,131894.97507939214,130694.16758964882,134005.65706044735,132380.3290143989,128456.6996196603,131795.91556711783,130070.28081639066,130624.73269299662,131193.0181138913,129125.55004778021,123357.49703270086,131988.40568664076,133464.98901980056,135693.65609633052,133828.46231636207,132751.71720844702,129371.13848186836,127971.32028187915,127449.73175488852,131361.7683934586,134975.02381357137
108,io.reactivex.rxjava3.internal.operators.flowable.FlowableToListSingleBenchmark.toListSingleThroughput,11446.04214940877,11376.262934472383,11100.98430434009,12652.86785934255,13315.128509127066,14169.308529339432,13242.628952697734,13510.416052797365,13835.309742561634,14393.315805960674,14422.112794887196,14133.22331125603,13649.320373039985,14185.51231133356,14080.330950022995,13047.385259396118,14308.783304287916,14354.405088645515,14566.476056447254,14285.905885325961,13910.87605685811,13616.53289845545,13441.905761661472,13904.009590893509,13507.844571154836,14112.485225610062,14503.066021577546,14500.790753216334,14251.565289418551,13902.847557450134
109,io.reactivex.rxjava3.internal.operators.flowable.FlowableToListSingleBenchmark.toListSingleThroughput,1572.5560133183787,1584.60139351946,1324.0253015619262,1173.2489516950602,1207.4621730512058,1221.8791989369556,1180.7830334791643,1188.1830895086287,1196.8938654364824,1199.9587958148693,1260.482769128905,1219.790810882761,1240.4792220130146,1197.8461776226295,1207.732634359087,1194.8982739480093,1209.6410353938238,1206.8778953358174,1213.2446765104037,1181.531662116707,1149.9488266803535,1176.1583567849991,1213.2224317769612,1118.0563097879863,1185.8599767836542,1184.8862355178692,1169.016115587361,1182.0479086401501,1167.9307872536165,1164.434110351812
110,io.reactivex.rxjava3.internal.subscriptions.ScalarSubscriptionBenchmark.request,44035211.26874644,46477119.35495807,47359944.732734375,45861771.39577944,47710795.6659108,46927036.98741387,45060530.68228081,48038991.210734196,47070353.607915245,45472574.24165887,49120438.3053663,46048170.329912,46325132.38361759,49287360.77771583,42544640.0646035,46269553.0301697,49794143.285639375,45486683.305938646,47497499.74916721,47914766.554052286,46464002.301840745,47084871.234700285,46903974.18201794,46797188.37727217,47044245.35062475,46630010.85075046,47361307.41517331,46896958.41294478,45722454.90338275,48096214.700897306
111,io.reactivex.rxjava3.internal.operators.completable.CompletableFromCallableBenchmark.subscribeAndDispose,46778150.37152486,46994946.38463436,47057414.546020366,46694914.81747818,47035583.71578274,46713707.911368735,46475543.46259579,46636170.82071904,46942986.05913058,46748716.74731339,46678170.97609649,46681797.29647692,46701990.773814835,46788400.60001094,47852650.18324605,49037972.96188301,48156287.250543624,47128478.056484036,47226955.882585846,47248652.71069999,47252451.39577319,47296791.08410588,47365538.95230081,47402205.103911795,47343609.61526505,47257002.497650206,47151251.832952365,47920137.35274041,49461207.07434699,48058584.86233734
112,io.reactivex.rxjava3.internal.operators.observable.ObservableDoFinallyBenchmark.doFinallyThroughput,4023589.705037491,4137747.80717398,4299502.370705187,4178779.4099071883,4066306.8380253804,4197722.045016766,4158759.898644566,4033440.7705300706,4042963.4611729975,4128633.4749704623,4074470.632415155,4100502.490094816,4206387.1392096225,4019863.9696974205,4187414.4196492876,4275241.3524417225,3962204.885642899,4144570.4529085676,4278268.505903481,3909007.9260246987,4113012.1235443805,4315516.809388076,3928098.138780911,4008029.761450294,4503990.506225386,3772909.6435701563,3814804.426781005,4216232.674725446,4288588.937184685,4015517.0829328108
113,io.reactivex.rxjava3.internal.operators.observable.ObservableDoFinallyBenchmark.doFinallyThroughput,1153528.5549818052,1145936.0316152894,1201366.8994769996,1157226.1173919365,1101480.4701989787,1227787.557836394,1188466.4747518227,1104919.3674756943,1193355.3060490326,1186166.0417447381,1108718.7435075673,1187812.3391435898,1180631.9448651006,1129173.2128340076,1208342.6358332478,1192685.237389818,1132090.076337023,1213903.541295836,1187018.8041941933,1142176.050604763,1199280.6420078906,1191710.8706770607,1147041.413084915,1198953.5826309188,1194766.2933622533,1147900.5034636722,1185223.1281490626,1197705.5476018512,1161045.67330136,1183103.9463296006
114,io.reactivex.rxjava3.internal.operators.observable.ObservableDoFinallyBenchmark.doFinallyThroughput,13705.309571860722,15298.059236620511,14126.552898686785,14195.669735814554,15489.50501000452,13468.75611536351,14112.13707104238,15076.546665905307,13949.571098911425,14172.140218769347,14926.245537993036,14188.873829084185,14091.653627153844,14765.573098313633,13795.545712679681,13427.355164695571,14336.125632514593,13487.946266843292,13644.202294278468,15164.250218812182,13809.264339060865,13156.113962036885,14966.498693947813,14517.220417285273,13748.800950148152,14939.75560007744,14472.238183193693,13712.842059382536,14849.721775612812,13930.213583722345
115,io.reactivex.rxjava3.internal.operators.observable.ObservableDoFinallyBenchmark.doFinallyThroughput,134.62275459753386,136.4065738402209,135.86401750906765,145.21291868072177,138.86431470605052,144.94697645015103,146.11207205040068,137.13510454505206,142.12385909559163,144.4966866844969,137.32042538317353,143.47207255779648,141.97569305147113,137.70463924714375,140.81033987782212,143.0151435875242,135.0588729025428,146.61452929000436,157.16034758330474,136.6078701142103,144.73067502875924,147.66039143592477,131.99832084241328,143.20512221172865,148.90937375513263,134.59816941364898,139.9922802696682,142.74646457834726,137.63253462055152,143.4824388988329
116,io.reactivex.rxjava3.internal.disposables.DisposableHelperBenchmark.benchmarkValidate,38192535.81461008,38119952.82338679,38177695.74892021,38124332.88308981,38094669.69033888,38211811.87429682,38136583.09672517,38287031.202372044,38118832.62694953,37779646.79902599,38041681.41117949,38066578.74596077,38173819.75713348,38188787.640320994,38196869.46949698,38390026.20760181,38215165.04161124,38201235.50988611,38197095.971766226,38010051.80899273,38419306.23686877,38241859.30643026,38238125.35018321,38183174.665470295,38351864.45792914,38475813.531469345,38384429.73456432,38301764.44986517,38416579.5466754,38459636.625589244
117,io.reactivex.rxjava3.internal.operators.observable.ObservableTakeUntilBenchmark.takeUntil,4147877.3859714395,4134095.3078683885,4138947.7774581853,4136524.25982077,4140171.1469873423,4139483.3778003645,4132767.913317874,4127550.481396266,4262262.200627187,4233660.129429789,4134282.57412854,4229195.7228447,4278100.588941583,4125326.8140878053,4132318.242125609,4131475.2942015072,4125434.016530365,4131127.3742262265,4134517.6452378538,4133477.472635974,4142094.3768141815,4277747.481728898,4205105.032140962,4133014.9243116938,4127173.8032907015,4168419.26345166,4135748.9665714307,4138838.0446624774,4131933.1270268993,4131779.047285405
118,io.reactivex.rxjava3.internal.operators.observable.ObservableTakeUntilBenchmark.takeUntil,1185232.0958218474,1183426.0499981714,1182663.8858726716,1183197.2621082708,1182424.962902887,1182567.2098334301,1191084.3961052317,1208915.1317388236,1188721.373546215,1182318.5883759595,1183599.7279603418,1181441.6369638254,1184071.4870490995,1181569.2007491444,1182116.1804036726,1182640.0264317875,1181473.6831368534,1182853.7860557856,1182836.9490246486,1181603.461263359,1182101.2481265701,1180940.2994189048,1181768.029892208,1182741.6070246943,1181970.5718785594,1182892.7063985122,1182951.1815285855,1181331.9216209399,1184883.1829625845,1183470.1423510083
119,io.reactivex.rxjava3.internal.operators.observable.ObservableTakeUntilBenchmark.takeUntil,143074.55361834075,143400.65166203966,143460.59317749878,143519.06437937598,143284.16154075987,145424.87886289085,145314.51652040996,143291.1462990014,143546.86044820852,143601.4436697938,143457.30937635532,143904.40771427023,143648.16114654153,143617.5243034726,143751.06733447532,143511.89341629657,143378.04884962054,143915.32195611676,145729.2087274149,144808.54380947715,143553.72900834944,143709.20334557386,143507.53936950894,143705.563811895,144010.19609427534,143853.37088032873,143734.49993379344,143856.99876143644,143568.34235175565,143763.35038785645
120,io.reactivex.rxjava3.internal.operators.observable.ObservableTakeUntilBenchmark.takeUntil,14906.405294054388,14885.245749712616,14873.287182838476,15011.904791474033,15107.474250852983,14972.49071536354,14913.503608874893,15153.681053908429,14882.644494090631,14925.848306618813,14927.112523452031,14903.813909777618,14932.225976892816,14930.934364283487,14916.376555125502,14896.439700213556,14982.323792596408,15314.938108136395,14936.076442649246,14911.722825851688,14904.518654795418,14921.13730460446,14923.184015221232,14899.223467372103,14912.975538232426,14890.418960961724,14902.09159830035,14915.05830796361,14893.965941732597,15218.904056281099
121,io.reactivex.rxjava3.internal.operators.observable.ObservableTakeUntilBenchmark.takeUntil,1474.218558020513,1472.6667958834303,1486.7872139875085,1502.0154889276275,1470.4194666312183,1471.4182512516757,1472.6324648073307,1474.2179303363923,1474.4643713278278,1472.1557540068152,1473.1817094340413,1470.4853022050074,1469.0606312152788,1472.754297455047,1472.0075827917349,1512.418470560814,1492.7800985636807,1476.1010249537826,1470.0426347341295,1472.9378302400612,1472.612615154438,1472.2030655643457,1477.452281844979,1475.1508780770139,1474.0508144590453,1474.62392223724,1476.121483346943,1483.2904413181675,1510.9141377713788,1488.533556101927
122,io.reactivex.rxjava3.internal.operators.observable.ObservableTakeUntilBenchmark.takeUntil,142.1060160268854,148.85064861780026,146.17816370602932,142.35281867575088,144.3980301706698,144.26512944404143,144.80948415355357,141.25402604687037,144.19950643353158,144.2403920161793,143.17571905888596,144.06070160798578,144.1799180349496,147.8232329780049,149.24622849034625,143.23780898680738,143.37690304847942,144.6755150996608,145.34735520108717,143.2450904946134,144.67990857878132,144.79351359010698,145.33627278665952,143.77675739745868,144.3508807939824,144.63029069959293,149.32300533134895,149.03529557499016,143.25551327423244,143.2199377143652
123,io.reactivex.rxjava3.internal.schedulers.SingleSchedulerBenchmark.workerSchedule_withDelay,2223202.9480996667,2102001.00521396,2012994.449568711,2037793.8910384595,2019519.923996576,1999306.371462679,2004906.515683977,1996717.7718265567,1992282.0638786221,2031887.2396898966,2029417.222398405,2018544.0364429948,2030139.7909729963,2038626.1418592227,2053328.1694526246,2025229.334440709,2035810.6455972467,1999983.9280166505,2013330.2567228149,2031316.297925017,2060349.837493636,2022345.4246227606,2021860.30785782,1992124.7306313177,2018657.1022547234,2019431.7038081877,1992267.9431052136,1995030.4922466713,2024888.6425744812,1993112.2610977062
124,io.reactivex.rxjava3.internal.schedulers.SingleSchedulerBenchmark.workerSchedule_withDelay,2167780.660867478,2017606.999643421,1834699.864586505,1838205.3721953165,1866592.6112089078,1842150.5710076664,1826478.2504106786,1848355.8098563927,1875328.1252740524,1854513.6160164708,1808470.1256167258,1819992.0685496617,1791776.5280130745,1834863.2330276305,1823899.2062948907,1807659.2397334268,1857358.7295278294,1831355.857237523,1836378.6425496826,1847803.3004402355,1834012.3962712192,1825674.6525814133,1807331.8149634297,1830699.563429497,1845832.2827042325,1831970.523582146,1820821.5410485289,1883141.4286149351,1837029.5003188662,1841096.1373286897
125,io.reactivex.rxjava3.internal.schedulers.SingleSchedulerBenchmark.workerSchedule_withDelay,2178754.2293094457,1997662.433319896,1761684.8123259656,1786311.3805898058,1767352.2919351903,1730301.3497668318,1787730.3460714158,1770241.4542988134,1750615.1642955043,1731977.8408554776,1788767.6609509662,1778986.906548886,1805496.1027284134,1810560.0755184325,1742358.7555471244,1750195.0116127166,1797057.613632613,1813072.1796708154,1749572.6148154915,1831759.0385951686,1763677.1040274412,1741590.4665254022,1731812.5187305824,1738656.9792161803,1783888.2929305963,1801467.933366397,1769953.3372811137,1746932.0980654499,1779224.1075900134,1763655.3529312725
126,io.reactivex.rxjava3.internal.schedulers.SingleSchedulerBenchmark.workerSchedule_withDelay,2173075.063857669,2016292.128713009,1852843.973882051,1850248.0524377357,1858658.9393695956,1809570.4783017458,1791460.3431275818,1810045.521790001,1789251.7897635438,1791256.2574819927,1808330.1480136262,1815478.0804560664,1799517.6555995357,1794880.5546740294,1813969.647524727,1816411.299878648,1809147.5311284936,1789481.4473128184,1789435.084272586,1806592.7187452146,1820346.3444813197,1809476.6550177769,1813875.1077021377,1827459.3603892238,1835463.0032852527,1825695.4372909928,1818647.4916502822,1814197.3121701104,1831333.8775811845,1804452.2455047788
127,io.reactivex.rxjava3.internal.subscribers.StrictSubscriberBenchmark.cancel,77593359.86611436,79372468.75612266,82059201.05798125,77486435.13323693,80840167.67046453,78175494.22895022,81770365.62933427,78655010.822813,75721867.39485626,83260835.50130838,76040971.28281388,80052869.34325957,79574735.44597825,79026655.36140537,80535274.77332258,76680824.18893202,83049581.21020664,77778574.83371983,77829242.66013584,82034703.32989798,78488442.920104,80868338.76385777,78318693.19611858,80196902.10268976,78025889.85867809,77567834.46630958,83454967.88552131,76241519.01141019,80369793.65115047,80033842.02804546
128,io.reactivex.rxjava3.internal.operators.flowable.FlowableRangeLongBenchmark.fastPathRegular,42647.96850905143,44871.58227455977,44979.383193652546,41251.56261495525,45098.31255077341,45916.27442583921,41564.585871555246,42556.119955732596,45984.77535852995,40840.26324642133,42508.453511321655,45573.637349168195,43126.38613156442,43883.24914612557,46888.120400593434,46533.2356036606,44225.98138026637,46335.919914592014,45595.904387526556,44558.72866336512,44324.14064447525,44567.568584516324,44631.89466906455,44008.94755471289,43781.93277938761,45437.034851882505,42831.50707382637,44143.142306598245,43149.024362977354,40738.7608436005
129,io.reactivex.rxjava3.internal.operators.flowable.FlowableRangeLongBenchmark.fastPathRegular,44.18132083188628,43.13485275584207,42.16731056444089,44.40263707024746,44.68772379487944,43.82790517223906,42.209651127966936,42.6586602882459,44.48526363906296,41.5142560128124,43.8578280961209,45.8306077364451,42.43936642072478,42.27551876992036,46.11687944938034,44.7014097811413,41.82616410440515,43.01069220001677,43.088949274982845,42.14325654682039,41.142284697504245,42.66709210454182,45.38367239234905,40.447478105708576,42.518118606791525,44.309112686062,41.51603389262252,41.57382028276541,44.48012101597796,42.10566492402882
130,io.reactivex.rxjava3.internal.operators.flowable.FlowableRangeLongBenchmark.fastPathRegular,4.446754705455111,4.32324649831041,4.420655025395063,4.610345225757878,4.473173914848424,4.462044361675385,4.3599121463402,4.381853899233487,4.470469771000812,4.309042003595185,4.251109783242017,4.355671158242895,4.4343140156082335,4.66679638929478,4.447763650337199,4.371585494461012,4.200147113848792,4.324767846332266,4.447468786472135,4.313775792881848,4.227391368165996,4.29694994921379,4.251023448136067,4.523041170036935,4.269182536236354,4.5645339362951205,4.379790437398914,4.250624379528389,4.620649260882978,4.476427676636082
131,io.reactivex.rxjava3.internal.operators.flowable.FlowableAutoConnectBenchmark.subscribeThroughput,14532422.597850826,15259702.30895896,14795816.572928073,14375716.72871904,14375529.724959746,14374529.301530864,14354403.076194767,14355268.382787645,14382886.654892955,14384310.822250962,14380484.558024734,14289573.49571766,14361176.742434308,14563276.178226708,14735154.241458492,14440169.994382128,14363432.669639755,14339739.187772915,14936373.363225812,14965352.54964379,14129423.661387183,14349618.768112266,14393724.662487082,14344939.669308962,14378352.140119024,14383245.695755703,14624618.676648282,14781285.869538818,14337888.993957361,14361769.64536425
132,io.reactivex.rxjava3.internal.util.NotificationLiteBenchmark.acceptNextObserver,101671325.49340002,101867376.98118035,101761421.10115814,102024141.22785188,102069880.12617418,101901416.21774752,102092282.56252514,102100403.04336941,101815495.09224993,102130117.88297224,102091172.28660461,102148460.94813627,101630249.98817137,102089133.33998324,102165210.76291916,102089033.41519287,101901591.93034191,102037279.19933268,101974147.62746622,101957973.04234007,101634122.48958205,101903666.90838869,102082244.29258583,102039268.60773209,101991337.31957322,101992960.78675452,102160013.22056507,102073589.72908327,102074303.59203675,102198346.32963634
133,io.reactivex.rxjava3.internal.operators.single.SingleDelayWithCompletableBenchmark.delayWithCompletableThroughput,18681457.844778694,18808639.518278323,18781189.061763726,19137717.737888403,18788005.36683641,18801261.712810904,18779420.236981675,18845928.03670234,18830776.271065056,18769944.110524375,18836159.28794338,18826233.61161251,18795888.61085882,18812888.4020291,18770540.579594374,19112224.45219987,18942098.166779134,18711522.812440943,18758858.338577118,18892829.182195798,19126132.776477817,18904611.616991155,18844487.995865956,18827433.697500225,18808591.093692016,18756313.39920791,18779443.74138876,18863608.138594583,19003398.341115735,18949773.70500674
134,io.reactivex.rxjava3.internal.operators.maybe.MaybeFlatMapNotificationBenchmark.completePath,14500110.423621431,14897241.244717965,16555263.184625303,20729658.439817887,20768139.84712351,20739042.789471943,20716607.55317131,20674805.830204036,20766856.839807976,20666242.26200574,20699041.47890212,20627407.960275725,20458023.701483544,20602831.862275936,20738744.550045077,20736518.026549544,20693619.997097854,20614414.383960094,20706284.32523546,20726232.833947364,20698007.071354087,20763167.808559492,20805708.436405294,21198276.4244851,21009231.32590081,20674708.37411472,20565624.252886698,20219600.15426,20653346.09821388,20697472.465118054
135,io.reactivex.rxjava3.internal.operators.flowable.FlowableConcatWithCompletableBenchmark.concatWithCompletable,401286.5368306395,400158.66989696876,401045.81062908936,403244.24963711435,401906.0646512372,400522.9977987434,401753.9921464965,399306.5702195032,402770.86153697234,404316.3730190855,403819.3137821352,404709.5869653112,404579.8703714288,403959.37119880685,402150.43465702457,405229.4289934939,403528.2380067103,405677.64842574514,400963.2680203558,399940.29684737977,401777.779452381,401577.2307545072,402473.40496176656,400307.58945365343,403067.70480078156,403091.27029468416,402096.85031590454,401578.5271945724,402411.15280852956,403384.04988974624
136,io.reactivex.rxjava3.internal.operators.flowable.FlowableConcatWithCompletableBenchmark.concatWithCompletable,38975.42363899092,39065.315816104536,39257.368575634646,39273.299803545306,39165.5195565716,39271.54957312129,39191.937837806785,39161.59755347489,39162.20186067706,39215.37904014185,38941.52585015511,39121.43780274566,39210.165033759855,39223.95076929114,39173.133791906155,39101.77265699021,39157.32015096553,39137.12974678295,39103.47712186305,38913.1792432234,39125.53215705919,39182.37158063711,39214.20343908174,39077.51228649033,39118.91877372769,39203.67505791099,39168.54343937512,39206.04821583588,39171.97300708477,39189.66747567147
137,io.reactivex.rxjava3.internal.operators.flowable.FlowableConcatWithCompletableBenchmark.concatWithCompletable,3902.6356694470787,3916.038005683714,3917.603989000772,3917.9935771538494,3911.456913764808,3860.0658524835017,3865.2161650834505,3865.5377473995527,3894.414980981557,3903.5382309449706,3899.3008241678203,3909.844437656762,3896.9424343663595,3933.2341088546214,3985.9913543847524,3969.503244455479,3977.69501023509,3963.6403472021757,3983.281905887852,3991.07259047108,4008.245776408745,4002.966491167502,4009.8349304314584,3984.740730280195,3968.080421170876,3960.7949852907664,3987.2540047119883,4009.4908788576936,3998.6083083259414,4010.4757586297833
138,io.reactivex.rxjava3.internal.disposables.DisposableHelperBenchmark.benchmarkDispose,20842416.595266018,20855539.967942905,20834211.483211815,20882832.50028029,20848191.975083217,20846515.974996097,20888692.438956026,20841213.009093374,20843892.393451523,20846905.05910729,20873471.7808945,21186556.02080686,21149376.87181235,20888694.894041114,20841145.52815858,20867526.684618708,20894233.378154106,20925028.54909599,20876342.254117656,20825434.560566254,20878236.74669964,20848361.75648374,20836244.21027844,20847739.04059405,21078473.66072633,21151809.370178998,20871695.53905088,20849960.734549195,20844334.736013453,20825942.118710157
139,io.reactivex.rxjava3.internal.operators.maybe.MaybeTimeoutMaybeBenchmark.timeoutWithFallback,15816045.570162686,16640945.999462154,16064507.134491773,15822681.755218597,15682833.693804638,15772105.330625108,15717771.806220206,15890980.959455347,15841841.927554565,15762502.121403519,15669016.01789951,15997267.68117857,15888567.36044738,16191266.111859025,16370526.543775642,15845636.126476357,15843879.21805531,15796421.10029469,15984419.07688803,15925453.711569063,15745823.828057984,15833573.621970238,15870736.344101105,15973703.099177139,15763309.761035234,16058410.337432962,16268877.241078129,16197312.729982788,16001509.305276537,16000705.576842066
140,io.reactivex.rxjava3.subjects.SerializedSubjectBenchmark.onNext,12606229.177562214,10971056.66664663,11074692.885997614,15587605.606088234,6906564.931195507,7994556.525725834,11860176.029875938,8229405.559117209,8422807.047619335,8754812.642632503,13190862.790255377,9685717.764029127,6557067.271762845,19252661.13891628,13800581.499532538,9633035.475245377,6904173.870837693,7768279.824726369,8887717.243159022,9730424.293850683,14560874.04986081,12992462.380533943,6486461.237328615,9383851.24824502,8179117.082496155,11972082.419588871,9144706.54714764,7722338.19766347,13645032.070279848,7326588.741854448
141,io.reactivex.rxjava3.internal.operators.maybe.MaybeObserveOnBenchmark.observeOnThroughput,150833.6953845678,148840.47152865375,150811.4308966764,158545.7561986088,161008.96948165377,155700.70003827504,152289.45459924132,159122.4307895673,155530.31819072342,160794.3739656493,157426.26078306237,151577.92653522093,159351.25744077246,155291.79166859924,162208.45894389309,157130.33812252642,159079.42926125796,150092.61444389855,148152.0179178205,156915.05227223053,161679.1061351364,154450.8643700661,157092.1762300489,161429.91227176145,157836.17163367354,162279.5798952602,146618.43174722657,157896.9175132231,155488.0525911106,152305.9250142726
142,io.reactivex.rxjava3.internal.operators.parallel.ParallelFlatMapIterableBenchmark.flatMapIterable,14050.60157172677,14005.8164104726,14049.123683335596,14090.441958719743,14151.43421456133,14158.779315000136,14382.547866054703,14402.630828302938,14869.063203373342,14865.408981069731,14269.433844019015,14451.203845422848,14477.22597511324,14166.259430455753,14188.38415318583,14467.928105887668,14351.295494904156,14340.030699964867,14349.903782150273,14392.821789215513,14534.552277651639,14374.90766524644,14700.01567225057,14405.47249858786,14605.997181445517,14961.133122024643,14450.386508840767,14376.35624165894,14302.42248248258,14052.189554019662
143,io.reactivex.rxjava3.internal.operators.parallel.ParallelFlatMapIterableBenchmark.flatMapIterable,1562.1881401966687,1553.451283723758,1548.916164912574,1551.718941803228,1530.5200702300178,1547.7436100800157,1553.1908964803229,1575.099564407115,1551.2987090464974,1533.125839242729,1565.6028754370282,1611.4714663655186,1553.9510830189622,1542.9530939821084,1546.2011876266376,1558.5709519126447,1556.5413588624458,1548.5978167582055,1550.606953699983,1573.7507005777709,1548.8452300915378,1560.1380175047766,1563.4255880583937,1536.5573931063584,1489.1153136139512,1480.968715587151,1522.3521310812237,1576.623516493873,1543.7594853597,1554.3147445956058
144,io.reactivex.rxjava3.internal.operators.parallel.ParallelFlatMapIterableBenchmark.flatMapIterable,160.78818809223952,163.91962954995313,165.8474685905101,164.03728942587836,161.5909728499735,165.65748360506348,167.29964387343057,161.56559535246393,163.50550392775662,164.87221084681684,166.1571930602524,164.95163520177957,163.03913861889785,163.93458698801527,163.87759015913232,160.1386790616312,158.77537063908392,161.4961470403757,164.7982990770039,158.99497147994907,156.83800531790524,162.21753205447294,166.0776565119614,160.95708692503774,160.45544134903096,162.79344409667436,162.22106522000695,159.19325617648119,161.18903427378058,160.3907395762549
145,io.reactivex.rxjava3.operators.SpscLinkedArrayQueueBenchmark.singleThread,122339260.39260392,121932424.9661398,120177318.02437718,122401840.50583729,120179322.4321464,122378430.87458089,122188607.8887822,122144606.2414609,120712810.42391664,122275917.84115802,120522540.5344234,121801567.65141512,121296852.61404075,122186990.80314392,121287666.72432397,122333410.13234033,120485580.11888878,122063382.82196048,120611846.52615173,119628232.62283337,121872320.30998662,120889486.71996498,122016212.49649915,121741694.7572342,121645637.96686134,120247762.10061523,121627246.82353051,122053346.27256145,121916584.53734572,120626828.90867962
146,io.reactivex.rxjava3.internal.operators.observable.ObservableFlatMapMaybeBenchmark.flatMapMaybeThroughput,6212.845696759462,6226.082555605019,6219.149742723774,6203.822632337013,6191.1715717143325,6222.512806994103,6220.2581346933075,6179.275801234647,6208.475712851477,6211.163287982313,6202.223859908395,6209.422014580039,6192.525311972211,6186.377124619207,6192.61330226234,6181.74725037447,6175.137993962009,6138.294869515159,6181.207179823495,6184.53558466934,6248.929852016053,6223.441688822654,6229.620971171251,6354.357981087023,6185.014343744152,6162.888264260234,6177.265096948681,6181.490719342615,6177.61186682402,6173.302731629765
147,io.reactivex.rxjava3.internal.operators.observable.ObservableFlatMapMaybeBenchmark.flatMapMaybeThroughput,613.0866406891273,610.4483677220596,608.8933212812182,611.8258816959799,610.3373481963404,611.7420773053665,613.9108650536812,619.0806670666481,611.5806385445693,622.6153675270182,609.9173476605491,610.1407351418553,612.1043646089736,613.2187397026192,610.2089824348159,610.3388083724527,612.1830325603028,609.6074481606165,610.4804701312698,634.40464930091,627.6540383493699,609.707963908571,611.3159936441835,611.5796722996625,609.2137584707378,610.4108546387151,609.3424981175438,609.1577802804576,608.037656369114,608.9056494607104
148,io.reactivex.rxjava3.internal.operators.observable.ObservableFlatMapMaybeBenchmark.flatMapMaybeThroughput,56.966704385454314,56.66747773402576,56.750746387284174,57.79994468106812,57.146368801295445,58.64466353878694,57.42198461805815,57.798197247521095,56.997248058869225,56.99073285091258,57.26087191269852,57.67774842108556,56.68170050988471,56.922967457368195,57.06802257979357,57.783738177012545,56.395489808101715,60.09231833126997,60.54214428236094,58.67519354999629,58.4913440062806,58.55307497680859,58.50374844770839,58.21453227326841,58.11080885786172,58.35575589787704,58.86903840656576,58.445652165180654,58.864387987496855,58.80066322324468
149,io.reactivex.rxjava3.internal.operators.observable.ObservableFromIterableBenchmark.normalPath,40845886.87681971,40322341.21715188,40521275.281015985,40872542.45103367,40776727.28069794,40931854.38447958,40259505.97784439,40199752.99828992,40282052.736481756,40324603.24234017,40630856.28592298,40334584.41235848,40190236.04860302,40428446.049388446,40527473.83575878,40522607.17877821,40284273.718317136,40168106.36364423,40889495.68467227,41369790.40365962,40505052.79934052,40603375.54553119,40278079.02275427,40396259.797564015,40515533.84446619,40697144.76374289,40126137.58858124,40176076.81697818,40438655.873917215,40517490.55416481
150,io.reactivex.rxjava3.internal.operators.observable.ObservableFromIterableBenchmark.normalPath,29775886.558955677,29611529.160292357,29659499.714173507,29507938.41929598,30028579.085418407,30752391.74322265,29502398.55151248,29528367.29794177,29793260.004920706,29483296.37775966,29085092.714819342,29129542.255261526,29445279.994214594,29113892.514993675,29746423.30576005,29161270.045371678,29333788.330519892,30246774.655885253,30222208.29376298,29624326.78904015,29476709.536960043,29156497.0701019,29312141.359446082,29551352.02310201,29451367.119103543,28985400.077695206,28756353.901348382,29590760.41680942,29414561.508251633,29490935.169533603
151,io.reactivex.rxjava3.internal.operators.observable.ObservableFromIterableBenchmark.normalPath,819565.6027918728,820614.2277845824,820163.1971531177,822077.6520576765,817180.7990906234,815470.0082852072,821716.1994113947,824697.4401653282,827709.2434163315,824147.2821630532,815554.4102816758,829809.4269485598,827385.9927083802,827834.5363170233,825250.0483487139,832622.4430982606,815002.0528999444,823592.198708787,824386.0283501004,833329.7274276187,825864.7934461418,821679.6139584183,814451.6942524569,819214.6487930563,821910.1464957631,819481.3243725126,835533.1275637421,819232.144751063,867619.2634027469,837427.1306061939
152,io.reactivex.rxjava3.internal.operators.observable.ObservableFromIterableBenchmark.normalPath,21964.904785917566,15426.28625658748,7307.396102171324,7329.8355017040085,7215.845566473186,7226.075951085603,7426.642176953273,7407.9161518063265,8279.066117782746,7653.030298346951,7599.489327914461,7575.862937487735,7564.910121302849,7596.030343938505,7603.779555362466,7568.771090087152,7571.203024884789,7579.968320831725,7583.400858569384,7617.987820812212,7601.5400308127355,7616.265380738966,7667.650032699172,7547.288947266411,7567.433545835274,7542.695063923956,7538.859656588633,7515.119362640837,7518.816315317416,7488.0434548649455
153,io.reactivex.rxjava3.internal.operators.observable.ObservableLastSingleBenchmark.lastSingleThroughput,16883205.836327612,17268481.27968331,17735073.200676076,16050668.871712424,16530166.316733962,17019377.676255364,16518611.358826842,16626785.363310024,17191616.847337004,16776386.497072432,15797891.259019883,16979643.02023352,17125395.470882554,16894367.551829237,16643992.051704712,17229614.76099307,16257516.599247806,16584335.860953854,15849671.615371963,16788608.125051685,16467885.043261949,17302506.713147238,17136788.021444533,16769871.293393493,17131055.328882053,17738174.504164655,16775297.706893772,17320637.99707207,17204695.25840886,16897895.130316596
154,io.reactivex.rxjava3.internal.operators.observable.ObservableLastSingleBenchmark.lastSingleThroughput,12983849.174666185,12888007.447049951,12574929.524050057,10521858.655589178,13039984.41557492,12816163.69650344,12321293.438708335,12907953.698365422,13413979.083162555,12739297.597529177,12441101.234906964,13628621.830138722,13236939.421785105,12939349.160902256,12898114.889930602,13061802.826951403,12843743.815101868,13460240.206497453,12991439.427031893,12925416.063525228,13855429.467273245,13020123.693507688,12980301.94972509,13374307.88691729,13039050.926243346,13319300.38721358,13517380.707859766,13041772.410488022,13433011.766905215,13263757.159766717
155,io.reactivex.rxjava3.internal.operators.observable.ObservableLastSingleBenchmark.lastSingleThroughput,246306.2765322941,247498.1721373551,243455.14930180047,261007.9941801688,253948.5213714398,245237.87682062987,238400.74358329075,250403.71639465794,254436.67063781686,255855.92186097908,256366.86427965385,265066.1947448689,263224.58994500287,261295.41387760217,264192.56882255117,256527.88426662484,261232.4797267776,263058.9127265139,264329.21424483345,263092.97890332324,266028.11306614685,260446.66613742473,254125.93981746794,261804.73348644376,256294.85033957256,262471.31446838914,257640.49290541833,254547.26617359417,257698.25040203432,262696.0478440816
156,io.reactivex.rxjava3.internal.operators.observable.ObservableLastSingleBenchmark.lastSingleThroughput,2334.6786163640613,2354.951853009365,2335.894067265914,2351.6793976801437,2312.775598322022,2428.4868048829317,2305.824181967283,2322.809797557544,2410.3175884740335,2310.0746718692867,2437.584059001289,2381.5790987627174,2305.2746384191973,2288.6108138952773,2112.093509198411,2175.519223304765,2233.2629231341634,2351.207903207633,2356.3170385120243,2354.604891457598,2303.0346956525636,2392.31462765057,2278.2057514070925,2191.151448116748,2361.0068492808696,2298.37531779427,2337.281118005701,2353.476899749923,2174.345391576412,2128.1174843925173
157,io.reactivex.rxjava3.internal.subscriptions.SubscriptionHelperBenchmark.benchmarkCancel,91861029.21369591,90930722.95553501,91263433.43553889,91471820.83583906,91215883.44830872,90842726.89524409,89334645.81111577,90634167.04604732,92416127.81238146,92404629.45553963,91349054.92008707,91457958.50475743,91661831.84475812,91302866.58678204,91107294.36042729,91838456.84136537,91455805.75813133,91414362.52982657,91194928.22398673,91356576.36903434,91232571.30928218,92625683.56969833,92157479.84106857,91259843.64150956,91065778.87703033,91929402.1690083,90805296.98480654,91501932.9385803,91325422.2564804,91015256.0829553
158,io.reactivex.rxjava3.disposables.CompositeDisposableBenchmark.size,40679754.716206744,40088242.781655654,40191144.416988105,40134337.59635867,39795968.34919333,40101262.24431097,40068063.81417105,40196943.846038505,40412173.954706766,41620023.57335129,40063182.06978784,40087353.59950727,40194810.16622662,40176150.72619122,40079905.377291836,40024991.40525309,40177019.81271718,40070379.58290328,40083483.26706298,40164685.15519839,40109054.99962132,41036372.740767606,41138461.52332341,40288773.13607569,40265798.26544677,40066541.41102388,40271611.528568156,40275371.575170726,40388257.74956494,40360291.24465224
159,io.reactivex.rxjava3.disposables.CompositeDisposableBenchmark.size,40014595.24858724,40107358.32950894,40182613.96528827,40133916.04915515,40242209.17855687,40059186.149535686,40048638.21342815,41250464.07285389,40901568.05723085,40004561.076665275,40079567.039214864,40003686.52676609,40173783.28725529,40177908.36502536,40045700.422814935,40081417.841707855,40048159.10367049,40116191.04172672,40197210.080903955,40340785.99360471,41268848.749068186,40521037.74747286,40028956.15648958,39917046.72311003,40170824.963509336,40031727.851771034,39931218.83664474,40107925.286730126,40108588.16350905,40109510.456194624
160,io.reactivex.rxjava3.disposables.CompositeDisposableBenchmark.size,40007905.307745345,39944471.71623039,40130186.95645903,40168480.73514299,40076958.86475265,40623041.63251259,41519121.614456646,40181744.50242821,40542949.60952014,40037573.13442449,39981124.52753876,40085130.460826136,40099310.137646854,40124973.74857802,40007376.63727562,40049385.74552047,39935632.999923594,40174521.79645044,40244148.040925935,40096670.34441274,39969029.32457508,40645376.358285226,41291177.09973766,40264078.12071388,40081554.70598273,39904740.23505378,40158411.59133715,40116836.04222051,40174335.069246165,40043354.976358205
161,io.reactivex.rxjava3.disposables.CompositeDisposableBenchmark.size,40175237.88424244,40057300.21704824,40225526.41935997,40076002.91555792,41133612.291552365,40724861.48233791,40111630.94792424,40157039.476619996,40300376.69055932,40092318.15990475,40179600.32695128,40229492.98012067,40165831.52616637,40166644.30027084,40153299.622071594,39942264.05450328,40360205.892313756,41382589.91422329,39986759.19643293,40037416.97328202,41328724.29615304,40956299.5042178,40203801.93732126,40156507.790758945,40015453.80385962,40103455.632720724,40072071.882673495,40169901.45394485,40193133.90182687,40197539.14285391
162,io.reactivex.rxjava3.disposables.CompositeDisposableBenchmark.size,39931972.947000705,40060401.321828574,40835513.33171164,41213557.604282446,40310289.55057075,40050052.19561835,40081699.033492774,40662060.863441214,40295730.56222486,39953466.58115189,40088817.036855474,40023325.67588267,40171741.35478974,40054679.30896426,39982441.30324111,40113089.22514333,40162129.298896134,40151816.299634635,39987778.90613949,39912449.04728767,39999640.48777014,40177805.29656871,40187064.00389209,40046020.00484175,40080767.15182945,40138170.661804944,40071585.68289142,40158670.46325365,40114557.60542957,40116846.252814606
163,io.reactivex.rxjava3.disposables.CompositeDisposableBenchmark.size,40103283.08913871,41217804.42100049,40996510.15683416,39970394.80955629,39888559.94732464,39994714.02964795,40106889.75972953,40085703.23792576,40064000.387554616,39963398.08461153,40043019.622067794,40005181.63787883,40054190.42230268,40247606.79662348,41331370.508928254,40702421.7129155,40480730.90573264,40336761.85732824,40607112.85641227,40154586.79835548,40207547.06535632,40164867.426100664,40092914.6891337,40158716.57216175,39940747.31459521,40158732.65364413,40236901.34267296,40267734.418980375,40237638.17906122,40046788.38172808
164,io.reactivex.rxjava3.disposables.CompositeDisposableBenchmark.size,41332768.873511635,40521677.285497464,40429931.59669144,40740456.366030216,40157346.00050142,40052896.09401641,40192588.341446176,40080405.28424363,40069587.48950202,40087935.15050888,40072711.23371181,40297892.32079195,40840594.858900934,41347904.87923245,40031229.60293229,40445392.411598146,40122537.634926066,40335831.64646103,40044349.30444643,40034952.78713828,40146134.63336915,40154448.447481655,39984174.03376041,40146637.20110946,40297700.57456559,41173127.05929566,41098996.20963718,40097893.179126896,39991447.03701694,39948975.45423997
165,io.reactivex.rxjava3.disposables.CompositeDisposableBenchmark.size,40213250.160064615,40167692.475869045,39991106.46870295,40020995.22751032,40186732.283787854,40135319.83269273,40163810.80995825,40155738.56463867,40213781.17468725,40150139.815249726,40243277.48930085,41382443.580828786,40827992.0495147,39948936.55957703,40034755.53931621,40399978.43431277,40133404.505421326,40142821.04828787,40018638.425254636,40047741.268358685,40096462.0501524,40199212.991244294,40083391.49304949,40392774.45387662,41299098.825953424,40517937.8918693,40147397.68633094,40554471.70690642,40220289.340827905,40199941.083732106
166,io.reactivex.rxjava3.disposables.CompositeDisposableBenchmark.size,40233437.20764102,40138946.37729656,40244129.974120915,40164606.829177566,40163493.9836119,40249399.63904468,40125624.42477446,40132552.77699402,40049995.67234761,40821933.99674122,41384724.46241413,40081541.6232373,40145577.35891223,40003296.02026623,40071928.30553253,40087454.84557214,40137577.500144914,39923790.0440764,39984241.676441066,39988597.40968453,40089588.44233464,40043398.42106423,41036782.2163175,41136287.68368182,40073621.632471904,40135589.7880195,40004479.19118074,40002928.05676935,39993985.48970893,40075194.62122434
167,io.reactivex.rxjava3.internal.util.AppendOnlyLinkedArrayListBenchmark.benchmarkAcceptSubscriber,1414694.162496646,1413828.897255704,1408740.8172475833,1412108.8326903405,1413937.3168985418,1414482.3313993157,1413613.996421283,1409631.6413484304,1406971.5945087762,1415433.955139847,1415092.3724028424,1413931.2087972867,1415930.7156867636,1409138.124579748,1414243.2487748538,1414026.4844797964,1414563.6790173466,1414943.3740840922,1408994.4179695738,1412411.8355640469,1414802.9366187747,1393099.358058537,1414648.2953467038,1414771.5581462423,1409314.0671193604,1408440.6105824087,1415465.3120871705,1415303.0973824912,1410546.3201534906,1412451.8665813066
168,io.reactivex.rxjava3.internal.util.AppendOnlyLinkedArrayListBenchmark.benchmarkAcceptSubscriber,173772.22971933993,173564.8217061039,173459.58615834222,173224.7881590966,172492.1174091173,174208.0668587783,173811.92443944322,174017.6733688271,173622.58586081053,173734.7030195902,173778.04454528174,173866.43710022286,173889.39256645512,173699.5637015313,173855.20821078762,171604.0870270402,173927.73556026886,173802.50980703736,173040.66377400648,172738.91386099262,173065.1527869827,174279.5274485586,173545.18891502995,173465.5438436442,172894.25856824458,172991.98510833795,173235.6285041913,173365.7258558009,173535.5364954077,174078.26510638557
169,io.reactivex.rxjava3.internal.util.AppendOnlyLinkedArrayListBenchmark.benchmarkAcceptSubscriber,16396.368200643934,15986.046911883113,15943.125216662487,15802.820777710747,16079.666963449396,15978.543189428758,15990.283060312759,15773.297973372015,15965.990164950059,15893.934866654916,15776.594605175977,15867.743022934792,15767.409164267812,15987.972596336953,15955.925693254047,15887.588940411344,15907.199486093063,15940.046593933124,15972.459759732908,15949.205491858154,15895.221595465277,15896.892477358751,15973.482922384319,15975.43624123744,15772.58297043917,15892.405126999303,15949.824019475043,15982.859367258396,15998.378031057287,15977.075012367182
170,io.reactivex.rxjava3.internal.util.AppendOnlyLinkedArrayListBenchmark.benchmarkAcceptSubscriber,1640955.408958016,1643429.7016616107,1636844.8065569068,1644679.830617121,1641955.4253736148,1614763.4161522437,1639833.023703524,1639891.2512999827,1643912.5345511888,1590097.1355394996,1636440.160666434,1646565.646910604,1635151.9828777318,1647940.0554316444,1606947.2938788445,1640371.0928133253,1639193.4219678978,1645278.0700882738,1648068.986596742,1648087.372085687,1645238.4114713776,1642948.0110623403,1642965.14645357,1644108.8304953002,1644770.1697592519,1644821.2953506662,1641627.3432154167,1639194.3068330206,1646588.8755935188,1637840.5413463307
171,io.reactivex.rxjava3.internal.util.AppendOnlyLinkedArrayListBenchmark.benchmarkAcceptSubscriber,162168.17374384834,167714.0975773729,168476.2487656158,168424.0845430926,168270.13300534128,167894.10185747241,168257.51316809483,167796.27099769446,166335.0748249043,168516.46623299248,169212.841709405,159386.25716439067,165870.28480541383,169179.65005283785,168789.83283684737,168878.64151045628,168624.4916555911,168463.35260303068,168610.0609317565,169029.2997795985,169131.08495098952,168874.9426530153,168168.52019028692,168901.41642286698,169151.51150517265,169044.0242704904,169103.05180539913,168217.5446918651,168520.23104028776,168900.69072876655
172,io.reactivex.rxjava3.internal.util.AppendOnlyLinkedArrayListBenchmark.benchmarkAcceptSubscriber,16040.805633830098,15734.155941174542,15750.37075693789,15641.943996718837,15920.1098111398,15904.567507095779,15801.448482043632,15940.628710876066,15938.250185020046,15945.925979011605,15912.537470273352,15912.80038983191,15926.567020348984,15912.192442055395,15948.064876727918,15931.270379679152,15939.356002199444,15874.380168951922,15923.56732482865,15948.276777544692,15946.215226066906,15902.309284013265,15920.3191675508,15940.205414273632,15920.934909139734,15969.92512821932,15971.026378010183,15977.109579706013,15934.768725601098,15954.814796509841
173,io.reactivex.rxjava3.internal.util.AppendOnlyLinkedArrayListBenchmark.benchmarkAcceptSubscriber,1806321.6380334848,1806310.5993610627,1803869.6553075004,1808205.0796931372,1796696.9722855599,1826442.9266814932,1811591.1486246565,1813838.8923747211,1810077.0000809561,1804202.2922847872,1793403.8097322301,1785017.429841913,1793500.8373285143,1790555.2048276563,1823585.9831293458,1820560.9795180992,1809911.3566785252,1809129.8101113192,1791510.4917727364,1779374.6663921236,1799575.2939786825,1791228.2045502397,1818198.800390421,1786666.7785961125,1794420.746642707,1819402.5089616235,1807302.0495980803,1818383.417518386,1814584.2670788614,1791103.801391354
174,io.reactivex.rxjava3.internal.util.AppendOnlyLinkedArrayListBenchmark.benchmarkAcceptSubscriber,175180.09003121904,175032.68738586764,174928.50532071939,175125.65825218923,175378.43488366855,175293.29241980528,175197.8342918559,175229.12043955084,175043.63133902932,175085.7003348915,175481.09247101107,175142.85710514395,174030.1705948467,174557.1175383181,175420.77274678956,175376.09823805426,174623.56854815505,175293.72773683787,174842.64289634692,174751.2343135285,175138.65125724667,174936.98950934754,176323.92614886173,175757.40067033574,175098.60060009203,174820.69512923888,175469.66748988518,175580.56386559654,175303.90488818096,175383.65425622353
175,io.reactivex.rxjava3.internal.util.AppendOnlyLinkedArrayListBenchmark.benchmarkAcceptSubscriber,17004.886707072175,16794.34854184091,16767.335019074755,16692.100698953298,17070.74876532775,16596.840561315228,16717.24149727067,16713.98278459773,16673.522125692867,16656.621697867744,16700.762573697866,16692.085634774805,16629.299330303173,16562.07997645731,16633.904155444256,16628.988807819584,16676.783635409116,16341.154492325413,16586.341711811947,16668.696379695444,16585.119097496223,16555.01322745557,16712.40140170714,16708.919140933023,16707.8924854929,16633.828880326935,16605.65697694383,16701.364279270074,16719.707455278654,16710.634989599923
176,io.reactivex.rxjava3.internal.operators.flowable.FlowableSwitchIfEmptyBenchmark.switchIfEmpty_NonEmptySource,4538457.173715237,4542020.958928077,4576375.774782183,4622350.837179024,4541249.0624975115,4541371.958852396,4543337.211525679,4524575.328061245,4521528.8644476,4527677.932608067,4628454.835669757,4701019.783567417,4541606.860387907,4539107.595236128,4532424.780600522,4570869.5482771015,4554566.010998145,4531252.505196123,4540093.077646853,4527115.55150028,4534982.858490349,4535276.656677855,4541782.436897439,4660063.235859039,4654943.057709061,4522717.366118024,4538430.702141071,4530049.420554552,4538917.883514453,4539230.657114617
177,io.reactivex.rxjava3.internal.operators.flowable.FlowableSwitchIfEmptyBenchmark.switchIfEmpty_NonEmptySource,134036.16875894897,133949.837230869,133716.56067774474,132919.4463596922,132995.75810519003,134043.24546420664,133933.99604409316,133543.3026420794,134175.6592610423,133921.37047214416,134049.85910576317,134044.13433196789,133245.3793466339,133802.40945402218,133503.1362032584,134042.36047975835,134037.86608165334,133852.53014086117,134303.99623601223,134002.50174335096,133779.12682877397,133886.92233704744,134370.75642431068,133815.4427728694,134771.36535104786,133452.90944882197,133339.5609060451,133429.46697258312,133387.76090478443,133836.32087341725
178,io.reactivex.rxjava3.internal.operators.flowable.FlowableSwitchIfEmptyBenchmark.switchIfEmpty_NonEmptySource,1451.5465179976727,1441.9146992102242,1414.0634375040722,1394.8429755520272,1399.7277907373518,1394.0061920755763,1398.222588240938,1397.2645805278598,1401.2159832257696,1397.5457850419493,1398.852078386971,1402.381821678713,1402.6335115003142,1399.7432716867966,1402.9671468102554,1399.9614344099987,1388.9022741431197,1401.0018072923315,1402.3440970212853,1401.3309845692384,1399.5089347069543,1399.7667862555088,1396.6069919992374,1401.0304168999844,1400.9313795791654,1398.9189816071803,1391.8987031799775,1400.8079772424796,1380.8239394244276,1396.5540258339443
179,io.reactivex.rxjava3.internal.operators.flowable.FlowableSingleMaybeBenchmark.singleElement,22008216.917522144,22096743.29735914,22394182.237331085,22145899.628096648,21974329.61266225,22037662.803562034,22059950.393446404,22154992.447037466,22010154.586637318,22069733.214384448,22151213.58311334,22121996.020673633,22080494.92066252,22127521.68783359,22154278.38020988,22264262.107800107,22204943.357403707,22008606.65344263,22023941.31495487,22106615.909041353,22140396.842608597,22072480.011297043,22043529.613163386,21977981.39758671,21938747.326556776,21988507.687525555,22052590.428570807,22224454.15043225,22437086.873903584,22086527.316352654
180,io.reactivex.rxjava3.subjects.AsyncSubjectBenchmark.subscribe,62049.00944205575,64977.36425656039,63786.01383768366,61599.494383246194,61405.89863368361,61407.37754200134,62811.973970342005,64421.878664287055,65346.188284210504,64699.129706768996,62718.44350018204,64788.694527128275,63878.16487006649,64192.49374142236,63484.12931048408,62790.63683634888,63507.8817775773,66136.89565625401,62644.915251741455,63422.633019258275,64862.61891610327,63339.51445347086,65354.917523411066,59862.2847659546,62267.32194475048,65978.85023605106,63048.12229200044,62271.339539069275,63859.64536684985,63613.215685217714
181,io.reactivex.rxjava3.subjects.AsyncSubjectBenchmark.subscribe,64882.19369684106,62000.719985523254,60632.573229384885,62580.40212098091,65362.46593646292,65023.4282811433,65352.47187611975,65537.71292559018,65856.13383898091,66299.93463678482,65815.32868120614,64413.82822336762,62691.93418765208,63870.32950120782,63433.28141238048,62160.183083092525,62773.81757545705,62505.39697755578,62639.89715136422,63979.41548308184,64968.28947626143,62513.339319858474,63761.40951713404,63858.9449970287,64402.36416811536,65972.79695138718,65875.46883248202,62955.55569399272,62664.27379076873,65250.958623759456
182,io.reactivex.rxjava3.subjects.AsyncSubjectBenchmark.subscribe,61690.76205147791,61923.908184523454,59812.22957732731,60657.15758325732,61540.833827352995,62009.97689230527,62101.81901683194,62377.36632840692,63286.725425011835,61373.22366538539,61494.82106063708,62679.46746346834,61993.44412493628,63455.404350402205,62817.88203907425,62670.855028752965,61679.952904043064,63634.121362817474,64591.352994158624,64143.040834947504,64999.85682472077,65500.5620065014,65553.14658366739,65948.48420550411,63596.056631701445,64970.5616122609,65088.481600407395,63868.91565598604,63065.74301988538,62707.58073932512
183,io.reactivex.rxjava3.subjects.AsyncSubjectBenchmark.subscribe,59803.52876454999,60039.379542740135,61366.7939477848,60006.906000743715,63760.11646707873,63232.665232421954,61732.219894998925,62378.67466317301,59788.78583245651,61981.649258025085,61965.962219095425,61627.221611308996,64412.64443793526,59018.88366113447,60560.057547053846,63872.446872650034,64692.01137395434,64668.95953622765,64683.63221180422,62215.09762457222,63599.514331600105,64321.30714725134,63832.16285636164,64946.27548395745,63685.64121362872,63667.90494249138,62525.81706355112,61662.419325297386,61988.49618948151,62463.94878097948
184,io.reactivex.rxjava3.internal.subscribers.ForEachWhileSubscriberBenchmark.onNextContinue,96260986.13424765,96277103.39656897,95946403.55226521,96140816.013213,96226517.03603134,96205869.88602963,96266603.89139192,96265800.91529287,95875592.84457517,96116209.93071526,96475915.44263096,96326778.86086671,96077348.78269875,95952576.25321276,96227102.67351896,96092717.05977339,95821450.25643528,96541450.10641436,96311373.57567753,96365643.38107762,96039591.15744986,96078658.01651616,95863043.73840512,95721973.41839245,95732315.814791,96151464.83037046,96192159.75205564,95994539.11986664,96080801.09815276,96187177.50425072
185,io.reactivex.rxjava3.internal.queue.MpscLinkedQueueBenchmark.singleThreadPoll,102031189.6393347,101727961.33857158,102155252.06575334,101749590.08107883,101963668.97378638,101936580.58339581,102392507.78890218,101702499.5700188,101865202.78550625,102021511.4743017,101951173.67538594,102048037.0545754,101840060.90411611,102173829.04174662,101413856.95708662,102336842.88125066,102294988.05109127,101969956.27733779,101970538.7980469,101486226.1736833,101329942.25903861,101750300.81343533,102050245.69318753,101877664.70514922,101644330.2811708,101539696.26333424,102004885.71485116,101944997.82766137,102144970.10257374,101836531.33726718
186,io.reactivex.rxjava3.internal.operators.observable.ObservableConcatMapBenchmark.concatMapThroughput,12476.653756583011,12482.951781572998,12470.562281345146,12455.023688058163,12476.052668368786,12462.233971402246,12696.265076696036,12884.077525817307,12529.242569698934,12453.825928014463,12471.748534865017,12492.789673550848,12475.251980167792,12442.368233175692,12464.282742849562,12474.169357536652,12503.197469767205,12457.277403166952,12453.204887774325,12775.681306951177,12727.719540503347,12459.154263509941,12421.001649571414,12436.384725042757,12451.082205828445,12459.459612089238,12448.97983100081,12403.127725236467,12448.608793275698,12416.238586584916
187,io.reactivex.rxjava3.internal.operators.observable.ObservableConcatMapBenchmark.concatMapThroughput,1210.7793729934326,1209.8820957798841,1169.387705089452,1164.7825944935205,1163.6158671299431,1218.05278368887,1196.4618948521759,1161.7466637137773,1159.5051081462768,1157.3044577063097,1163.9409078840476,1166.997403355842,1163.5948339516283,1165.127046037662,1165.2282995931153,1164.989864588178,1162.684994917012,1177.1002198835201,1219.497574316367,1180.9158826113703,1164.4293379056085,1164.076690455508,1162.1588805372578,1165.4708703974852,1164.5852003725017,1164.7121181057678,1167.1246168551218,1168.1893093286267,1169.1696720672733,1164.0198452374568
188,io.reactivex.rxjava3.internal.operators.maybe.MaybeFlattenBenchmark.flattenThroughput,19121486.98607962,19021711.37039069,19063554.672130257,18947086.236285143,18944272.266266838,18959779.18071295,19213495.699562028,19204162.51538614,18920247.26259381,19067914.47226893,18961998.311845656,19031815.2987522,19043554.468303192,18963618.524485942,19017587.50601276,18905114.55791177,18930037.244646277,18771741.09013985,18835356.29686604,19175773.31403803,18816620.25653906,18847189.32425232,18862941.147518296,18901593.75407262,18862824.87328046,18891557.116553742,19062715.53359146,19207577.225780625,19304269.50936084,19453136.053859383
189,io.reactivex.rxjava3.internal.operators.flowable.FlowableRangeLongBenchmark.slowPathConditional,316607.20777918224,318089.3122181094,319092.54280210496,316918.06479577284,320121.0792729984,322532.3601528198,318701.3575848271,321027.90622322157,321144.94197456347,322440.73135275615,322627.88203723216,322542.0353397284,323141.2656490033,323094.07678778726,323624.0598936201,322786.1027844379,323047.37705514784,324441.6322440949,322139.85830448044,322829.75362399756,322734.1445308209,321770.6451739221,321789.97394185484,317878.9053434095,317465.00945005147,316878.0342343972,315151.82255684346,317310.9388688297,318740.7227571583,316701.5842631798
190,io.reactivex.rxjava3.internal.operators.flowable.FlowableRangeLongBenchmark.slowPathConditional,322.826595308463,324.30037512592736,321.6724804788435,324.2571887137798,326.8248607667874,327.07783511628395,323.5464661526987,324.3210886112563,327.6695851990162,326.27990905028355,325.64000204697703,325.18497653627804,325.40283763332286,327.01887274568645,325.4123073254441,327.1025725035667,324.6746720824773,324.46026165258195,323.38104028099514,322.0436302516779,319.8115513631708,319.88050575814947,323.23630445234045,321.594004934846,325.4209518159159,327.9547268338248,324.961348447293,325.18169716852367,326.7527817860757,325.0377225719485
191,io.reactivex.rxjava3.internal.operators.flowable.FlowableRangeLongBenchmark.slowPathConditional,31.24738391653267,31.61685549975231,31.7347446607321,31.85461486879192,31.81306019114398,31.953306664923854,31.9897859172749,32.05113739157395,31.991169797312544,32.19217104408313,31.97841757410873,32.0651673026825,31.83024237840314,31.888444272739346,31.576953512324177,31.523934307738273,31.729289666724714,31.777597177307264,31.719026456405814,32.18374049323148,31.980251171533542,31.9129652060769,32.067192312083044,32.12320711632377,31.977531978458828,31.818936284030837,31.92556962090178,32.087081242575174,32.09782302176244,32.15476809370797
192,io.reactivex.rxjava3.internal.schedulers.ScheduledRunnableBenchmark.dispose,1184894.3727298726,1187372.047677772,1182675.9664738271,1186898.3900266744,1183642.1063910413,1189443.4292352858,1187262.5446361923,1191814.8573374571,1187142.6951533577,1188197.6951577978,1190538.8514935125,1187527.0071657093,1184630.3010239922,1185459.0963994798,1183197.9051048,1182536.114176674,1183346.0512437222,1187674.969208907,1187147.643512131,1185142.0643706932,1189066.0153566743,1181435.4812156074,1187111.990058468,1185321.1904871052,1188077.288240898,1186887.9514003897,1184517.0080557975,1188076.5384114708,1190190.769011155,1189590.939958949
193,io.reactivex.rxjava3.internal.operators.single.SingleDoOnLifecycleBenchmark.subscribeSuccess,32207382.22091338,31307049.242142275,31202740.92891352,31214153.68120423,31256025.012540467,31278284.56562019,31245431.057629764,31140602.188207418,31174920.35883696,31238664.833525937,31177247.013202418,31269559.98765838,31874372.0169587,32091431.14995089,31210938.121254828,31292496.63341309,31298917.085653096,31328540.322409116,31271458.580719482,31314515.330387406,31266156.139297936,31197510.964558233,31193411.52222611,31248133.761526052,31300669.441600632,32060906.33556052,31885571.724141415,31314529.637900554,31259312.272958834,31287893.628641207
194,io.reactivex.rxjava3.internal.operators.flowable.FlowableCountSingleBenchmark.countSingle,416704.3420788642,416798.1015746208,415660.0645025623,415167.23166331527,415201.1821556446,416168.26275666506,415429.7050031508,416627.160860997,422977.75380691956,424798.0256405674,427777.2345563692,430663.6632107556,426671.51409372984,424896.1647243391,425839.1336964145,426729.41064042284,425426.2064091054,425606.0152439482,423161.3056455212,422986.22315899224,426652.8479440343,428095.3855428722,427352.62854300236,427198.68548749405,424994.0112239449,425968.67668552964,426883.8989888309,427667.8113087989,426904.5508929286,424681.65562528727
195,io.reactivex.rxjava3.internal.operators.flowable.FlowableCountSingleBenchmark.countSingle,38869.898615541046,39001.43178814028,39397.41494838802,39456.84679473873,39428.76982992088,39089.58410734383,39252.10428037168,39295.33560676504,39171.573292957524,39134.14988886196,39446.37969533598,39468.69435728173,39294.61890327294,39389.145350469014,39380.74965657443,39199.55567250648,39373.018977795145,39258.04133780157,39534.850252982644,39159.41805188833,39450.4174681393,39587.01613627335,39476.09594946407,39328.234398244924,39246.64833623209,39293.77750465056,39320.19981197039,39168.579486130635,39025.70403442042,39338.78042733073
196,io.reactivex.rxjava3.internal.operators.flowable.FlowableCountSingleBenchmark.countSingle,3852.098474133606,3882.165012302659,3893.8968273096634,3898.197587212253,3911.563008003872,3926.0796601842985,3934.19769906323,3923.357624732745,3832.723438342136,3814.395189498753,3797.8107019233735,3780.694769388488,4043.2047299320557,3952.7809487381637,3718.8301304175734,3725.452730993817,3743.9329424170683,3740.8648794427118,3752.219845954069,3751.9928786194905,3754.9416696903977,3744.987149500482,3745.0571631338953,3736.3308754488394,3744.8974572178263,3754.4129449742722,3760.9581920150627,3753.207168764463,3752.6841215667514,3752.7977987307722
197,io.reactivex.rxjava3.internal.operators.flowable.FlowableCountSingleBenchmark.countSingle,1348.5585601428074,1076.763559941464,669.0024330779742,364.88490952717547,365.9160431253172,365.4603831258993,364.1095689567875,364.7304186293306,371.0449210969734,371.5625657079556,372.88323869858306,372.84857649902074,372.81998424342805,372.5197888379267,372.0756977373462,372.0224232855254,371.37827859483065,372.36181132573967,371.95978668354206,373.77998562486147,372.6287738009037,372.93830332472777,372.0249905802624,371.9809880517007,372.0462516209983,371.9269185920582,371.55699890667256,371.25647352278173,371.4221644247622,370.9399552075706
198,io.reactivex.rxjava3.internal.operators.single.SingleDelayWithObservableBenchmark.delayWithObservableThroughput,17363324.094538786,17112457.97602161,17162364.920248512,17146543.244444482,17043482.207577888,16929005.609634764,17332787.61897372,17034196.059083052,16895431.908153825,17257362.348796576,17440302.965556957,17247472.62464754,17090442.32245464,17147607.17845723,17268544.327308245,17070129.666407842,16688844.63428501,16929049.498258047,16874761.63520161,16834833.56795962,17190400.62113758,17138097.985003855,17115471.614350785,17200097.359883167,17130535.55001245,17284796.359187465,17233232.764363565,17265732.263154242,17511133.473103028,17157734.498669647
199,io.reactivex.rxjava3.internal.schedulers.TrampolineSchedulerBenchmark.scheduleDirectNoDelay,77770834.27671301,77309840.20785141,77228309.18199466,77482315.97216335,80494028.26054725,84868019.36102657,79345126.1557538,77671055.53369096,77810887.96625678,81754250.87163234,80872467.0059095,77453622.95798323,78228246.38450953,78231412.95164262,77728472.40395603,77564940.1971969,77446441.07802631,77248250.55394012,77086589.34217745,76722179.73448469,77593649.40491645,77381198.77628002,79453251.76519778,74156971.69592118,77620638.69830087,77613884.67758879,77526264.06658655,77561937.2983702,77854196.76887429,77715171.43727522
200,io.reactivex.rxjava3.internal.operators.observable.ObservableAllBenchmark.allMatchTrue,21928453.10490535,21953367.19552959,21943382.91006026,21965012.39658634,22325377.83586751,22430417.15011274,21929126.147835366,21922412.724494617,21866224.42611213,21939679.07998774,21892903.59913393,21854573.7046996,21870447.871335186,21896136.641752057,21955063.894990504,21903347.194884215,21957051.776166957,22348621.355715573,22126967.80993031,21976133.60250514,21946725.62977942,21922709.847432557,21964812.118039366,21918443.891193207,21964688.00077367,21939055.204960868,21968594.28766344,21995653.96869181,21923218.431071438,21906095.73264358
201,io.reactivex.rxjava3.internal.operators.observable.ObservableAllBenchmark.allMatchTrue,23761469.23243199,23785243.66742489,23812362.35640075,24498841.547496554,24113999.11955061,23753291.32266797,23730451.188478418,23769455.09462883,24108033.926990055,23810570.23753435,23710793.36071483,23666657.397280667,23724343.973315515,23716901.206119258,23758369.07847243,23793102.685200937,23634943.734716885,23714732.426165175,23785034.423383985,23744482.244816825,23710449.03214529,24237327.87541591,23783272.964876223,23540016.264575962,23765539.788262166,23796140.067645866,23758393.99706461,23730615.907096945,23793139.60426589,24264902.349582206
202,io.reactivex.rxjava3.internal.operators.observable.ObservableAllBenchmark.allMatchTrue,387580.04173586925,386977.7141819436,386399.3631936742,386460.1653617119,386292.0945888316,386811.7375617525,388300.04396845354,387526.5234372532,386563.8192505342,387287.1846425709,388544.6908701725,387759.9476124034,386544.06505494367,387928.0625109747,386696.4412776938,387462.37249650183,387466.04656126787,388190.76290093275,388077.9416497966,388009.8173800398,388162.703934286,388743.24999888655,388255.5882645429,388413.7107139056,388652.0201983693,390554.19788371073,389992.7545589223,390824.56784467923,391073.91589511104,399191.3827835505
203,io.reactivex.rxjava3.internal.operators.observable.ObservableAllBenchmark.allMatchTrue,3853.503306544806,3881.2728590549473,3882.505593972652,3888.4729174960335,3887.149868662274,3904.2328739250697,3880.5365669204957,3885.438853264495,3893.793262848531,3883.8183460483187,3897.6289924914627,3908.407559673697,3888.023301330543,3893.9320852316932,3779.3914763989937,3788.620406755586,3789.8727932945817,3787.6823914684282,3798.9403501713055,3807.0396323752975,3802.720583696951,3817.774029772952,3813.664489052911,3818.571361546095,3819.297604435461,3820.93805050856,3851.5082124708742,3840.779858020878,3825.0176130763984,3833.6108271632697
204,io.reactivex.rxjava3.internal.operators.observable.ObservableFromArrayBenchmark.subscribeAndConsume,90314595.92908232,90398769.30558337,91081839.65481289,92322052.38744594,90412614.42490542,90527221.08430785,90412924.78935872,90436253.69732092,90619191.66556716,92513963.56685324,91782245.6729419,90757699.22866535,90485893.83521211,90514604.67709121,90536241.30031742,90486208.82170497,90234969.33482738,90517205.328436,90588553.67971964,90462377.81824757,90577975.22040528,91001515.17761466,90963337.7842755,90997078.02080354,90594482.82654624,90444095.76566674,90274033.58512202,90372172.12688254,90027775.76445518,90180146.47276454
205,io.reactivex.rxjava3.internal.operators.observable.ObservableFromArrayBenchmark.subscribeAndConsume,18931101.971494306,18791227.803527538,18546156.30818994,18553749.859989237,18630746.99358614,18840339.32114591,18676705.416888777,18839633.594016433,18870245.608937148,18865035.35482223,18895828.499920372,18886051.341504503,18775187.225934174,18800832.243691925,18986816.722674478,18966680.989543993,18938682.69380459,18838167.045561086,18792302.327750325,18738162.376286954,18817181.728852417,18910152.372006282,18740650.250998512,18734236.37144781,18909606.891495552,18869369.505937453,18951549.12693877,18827830.821955428,18442262.2041356,18839576.095075835
206,io.reactivex.rxjava3.internal.operators.observable.ObservableFromArrayBenchmark.subscribeAndConsume,2086653.4745293178,2094822.4132836394,2085674.542875799,2097532.630950258,2093252.0739370228,2098041.7735451874,2100930.201213849,2102562.732552284,2105573.5526692406,2097727.9671153654,2100814.59157885,2099220.738654748,2104837.8097715173,2102177.384428352,2108045.7426682916,2101831.2973571527,2102134.7786216177,2103516.4821323776,2101837.5847144644,2104806.09982363,2105130.1384792808,2094770.1526371073,2100862.9269429394,2106538.640957666,2105958.688355716,2095047.2153998117,2073518.0692641735,2102157.8871344496,2106424.326002159,2107946.058638081
207,io.reactivex.rxjava3.internal.operators.observable.ObservableFromArrayBenchmark.subscribeAndConsume,187221.22293329597,187384.38127932735,186969.63351117898,187030.9964920436,187152.59180785256,187318.00348525183,186619.84915970123,187508.95317129654,187544.36334070514,187222.42283124628,187442.31057772783,187112.2705345966,186370.19060192717,185905.77429085434,186734.80698642676,187341.29561705375,187004.68615043024,187098.88926315046,187029.73660915234,186948.75122686056,187199.5952694168,186951.26120305836,186453.74669092675,186901.8029604046,187068.09351208145,187179.13605365783,186153.1511510481,186214.5492860575,186351.70191081203,186472.91773488495
208,io.reactivex.rxjava3.internal.operators.flowable.FlowableWindowBoundaryBenchmark.windowBoundaryThroughput,1939.4030448040266,1464.7963189436773,2013.6233423106216,1735.465827173632,3433.84258969364,2459.810162420478,2967.9000306534795,3362.7113324586253,3006.006368703499,2839.921885383855,3041.9145012900176,2594.5256743759087,3259.7695500796854,2022.6156228751843,2437.509328357503,1982.0962004771875,2184.8739398070866,3349.0220679804584,3134.0588372280845,1979.886285491704,2233.915311160818,3088.686668177004,3005.831302462964,2901.483967391725,3201.591900117132,1870.9649545012146,1894.529634505852,3187.7825174645027,2127.7357980305915,2018.3172643055282
209,io.reactivex.rxjava3.internal.operators.flowable.FlowableRangeBenchmark.fastPathConditionalSubscriber,346.8588159749808,347.03774242375096,346.5333979776241,347.5201237094946,347.2774711628173,347.7239370982026,346.54269844316474,345.500761074269,346.7694045877984,344.96810942312436,346.55663069518033,346.08762511394286,346.75817327726367,339.5121214210301,332.0256994711378,330.6328477623038,331.2315378636832,332.01418944495543,330.0835375815804,329.2916551227074,330.3689899433044,331.19403401910995,332.3410229201591,332.0215077151504,332.98107202394186,326.6408554396764,327.468868745185,329.13893141305704,329.26531721227593,330.76626600272675
210,io.reactivex.rxjava3.internal.operators.completable.CompletableDoFinallyBenchmark.baseline,39989528.50040977,39859056.61522173,40055510.93202787,39872041.32325174,40128364.415224165,40673977.03580439,40003359.17619932,39901994.88276708,39927834.36767791,39935463.90971836,39969422.09862295,40527695.58111696,40592578.01058975,39955851.678064756,39985020.610723026,39889706.6422342,39970674.451937355,40483812.70522802,41422026.24180686,40056759.48632036,39979960.33082869,39919061.457744464,39822253.96575995,39928933.723867394,40671861.53460105,40182707.90898755,39847467.25132854,39958921.348617665,39964369.9727094,40068112.84273298
211,io.reactivex.rxjava3.internal.schedulers.ComputationSchedulerBenchmark.scheduleDirect,1691536.9699300528,1957150.823576795,1940607.5670137177,1725148.387303039,2028158.3585069943,2151032.9219875867,2194861.2355142087,1786388.9804700313,1623248.3877482999,1894326.0708145467,2142115.269694406,1898691.71766239,1714316.0731333029,1917210.3986675078,1718457.258427084,1921935.5726968776,2131912.171416466,1908922.6099394476,1839785.5203361616,1971158.5689064723,2080591.5053100977,2345599.5893565877,2043108.0358434692,1754436.715995152,1917690.6597399646,1808032.0229014421,2154814.7645055167,2052171.838608954,1981025.313798157,2127447.4287736206
212,io.reactivex.rxjava3.internal.queue.MpscLinkedQueueBenchmark.multiProducerSingleConsumer,25441931.94032677,38590840.31117011,24169375.01513855,40281797.74993877,41184179.31677593,34929006.70033002,41734568.17629108,25638269.071903303,40381487.937239386,39099737.91802268,37266795.079236776,41228355.09330297,36548192.222705275,32419343.706537124,30983368.14556774,32279061.638103448,25064848.9481362,34528280.61642415,37258941.88362493,35831850.480361775,36888488.32896761,36907069.31669775,38241838.12200227,37345878.28513818,32149198.919811253,21429452.83602456,32329840.283565868,38326034.34619967,35612929.002471656,34677353.93006705
213,io.reactivex.rxjava3.internal.operators.observable.ObservableScalarXMapBenchmark.scalarSourceWithRegularMapper,79843084.4769457,81361469.06417604,81109110.76632394,77541720.34387045,84052112.53367445,80023670.92205605,79181488.37841333,84565107.40524828,78406640.92502831,80349534.55312714,83069720.2443241,78224509.75795254,81580180.84061258,82453431.78611654,79078461.28618796,81500581.92756003,80928516.49343175,80965634.4056029,81683564.18133965,79234124.58238645,83064958.26344715,80778245.08679275,78354366.57830718,83964801.51622282,79226944.43939708,79704165.8148599,83836638.704639,76589339.36046094,80300809.1185122,82158914.98805676
214,io.reactivex.rxjava3.processors.AsyncProcessorBenchmark.emitAndComplete,46463191.35709071,47798662.33877772,52788428.81307856,51481730.32589824,47880580.1960244,48349677.8854433,51132732.70032174,50216377.2149176,49093329.112982735,51704285.50765864,51189541.248726204,48763970.14606721,50015894.709014125,50202965.142118305,51276597.52844682,48101324.14509062,49577989.90094709,49943050.61395587,46440818.283362985,47840225.53080927,49898336.593222424,50949360.591360435,48110263.594158985,51327011.88837099,51624133.586709626,49256694.967182375,50156548.039868444,56104796.18185063,51016227.94373273,47803770.63769115
215,io.reactivex.rxjava3.internal.subscriptions.ArrayCompositeSubscriptionBenchmark.replaceResource,51299025.42450235,53229107.87029971,51870022.91532738,50992243.18855652,52244433.17203727,52310914.192283906,56238574.34231559,50183223.92427245,51962965.106779195,48950461.66839844,53596777.36189495,52990197.50140089,50323910.694062084,49402570.97389392,50259679.49837959,53885565.18121947,50509519.08229682,53081386.28509808,51215287.72472942,56327333.37904778,52267162.952398725,53822174.44113575,52252977.09463003,53631131.84032269,53092615.220307864,51322482.33826022,52152871.330975994,51505553.70762014,58123346.116133705,50692589.666022256
216,io.reactivex.rxjava3.internal.subscriptions.ArrayCompositeSubscriptionBenchmark.replaceResource,54163104.243097804,55758315.47131285,52404792.82357638,54547836.33995682,52711674.94672987,60209655.659643725,50647814.51850625,53662586.29742849,51530665.577174984,55629070.907477446,52544895.69808902,53564288.935007684,52857230.93063007,53125047.02534956,56081713.171321765,51241548.35370061,55019641.56316582,51709727.94835211,55943841.51854154,52129284.869364426,53984388.369306184,51332907.09228421,53707689.17564228,53686299.780488774,53032670.055466086,53401856.93443225,52787265.29615033,55166225.71714503,47984206.046961844,55554229.35984592
217,io.reactivex.rxjava3.internal.subscriptions.ArrayCompositeSubscriptionBenchmark.replaceResource,51947473.69764162,56225931.47340278,51792709.21265159,54958196.42939681,54174663.45718498,53394900.32220394,53470278.683519974,53712695.71965736,54288903.64319729,51732410.79457363,56378943.3321487,51956972.6660297,56451536.88391829,52211144.75328432,53483165.10451006,46294446.17046212,53743601.81206228,52559098.581630826,53415637.17574711,52091048.164990775,53707420.9100983,52966775.07205242,52428617.701812655,53276236.725429684,52597254.45550197,58545539.60832297,51863770.18410984,55748943.97244128,50541095.10213792,54767602.23751625
218,io.reactivex.rxjava3.internal.subscriptions.ArrayCompositeSubscriptionBenchmark.replaceResource,55983586.30546716,51656981.161783144,55012060.022658244,55869253.09157564,52840602.76146631,54445736.0738912,52392369.016607895,59980685.689758725,51000079.344712526,55495925.96443104,51386313.95839164,56422546.36178277,55571071.761632346,53595570.44470029,52591515.46826893,54328576.22557646,60373062.01022278,51441327.48113037,54584851.25679322,51027894.16976583,56751231.820650816,53178792.41129119,54347315.20580691,52644857.77434385,54360087.68738386,51873790.46586799,54198862.315519586,51617930.114979304,54781241.08834694,51667565.76495675
219,io.reactivex.rxjava3.internal.operators.flowable.FlowableFilterBenchmark.filterThroughput,37027.30892577405,37160.67254080446,37757.22718523597,37849.038899355226,37485.44641641922,37090.02051121026,37001.06406732693,37176.83723749371,37182.23191050819,37066.33401655129,37024.27751953696,37026.75327219057,37019.13012671817,37042.35968577047,37046.58926588076,37835.19098601339,37472.431832304435,36960.17638489717,36878.591789922255,36968.86358445715,37102.65124442196,37157.71673262221,37107.95765222674,37012.114269790065,37015.30203406509,37158.67457298655,37122.87089198573,37165.4971267615,37060.13339226143,37126.49140010259
220,io.reactivex.rxjava3.internal.operators.flowable.FlowableFilterBenchmark.filterThroughput,404603.84115570044,405543.70916762913,406316.6552093339,407049.5008967781,406933.2730848471,408399.38389632385,407891.94919496664,405842.44456614036,406315.7803940913,407939.89410500333,409172.3512378798,409849.9636987361,409891.3071765152,408821.66675676976,408984.74631112994,410028.81207437906,410043.20983680995,408066.51782432146,409596.23446534376,411196.19655487785,413303.9427951809,412046.79536053416,413611.1011443938,413112.5720434214,411957.92251815787,413615.41932396527,414184.23863298306,412297.3789129275,412526.0728835166,414008.5573860854
221,io.reactivex.rxjava3.internal.operators.flowable.FlowableFilterBenchmark.filterThroughput,90372.1245073001,88555.9963205399,88722.40728359211,88394.65875274487,88404.00336370364,88408.8243783907,88665.39356680802,88560.32340325635,88243.54947663103,88491.03628132488,88562.39338056225,88826.18955508851,90150.48877939099,89735.34057154083,89064.52267030193,88656.05236357101,88546.7943878986,88736.17499513285,88891.83106389467,88819.9283404182,88730.14579621129,88925.0416519686,88597.93488596781,88461.01780216786,88842.74843027387,88456.57389527623,88513.60945942998,88289.9754530284,88454.20825863021,88513.47401530376
222,io.reactivex.rxjava3.internal.operators.flowable.FlowableFilterBenchmark.filterThroughput,3785.315209981308,3715.8221533200976,3717.3263870027376,3712.4709394788856,3713.3883975041545,3728.1357212082953,3713.658202326374,3724.623109112212,3716.713552886479,3713.600650526844,3723.307989700342,3725.0708741972035,3729.4236550683686,3777.677034836338,3727.4342612101364,3724.777224798962,3725.5405588871968,3717.455787453171,3725.1184544428747,3705.697555788287,3728.9600974397067,3717.852743288544,3717.9924463549924,3779.7991301348275,3810.0676287004094,3729.0447306113592,3714.941939956197,3715.8312529553095,3729.89658469335,3730.377086712552
223,io.reactivex.rxjava3.internal.operators.flowable.FlowableFilterBenchmark.filterThroughput,40334.48784709342,40684.31947292721,40975.78215877846,41231.832566257486,41143.640669704895,41187.25782018146,41202.77565952128,41179.83702906005,41254.11146928516,41298.12725382342,41216.941054350435,41123.17162266649,41124.649754374615,40933.92375260089,41130.9971619612,41050.424484708274,41155.017423959005,41081.12255493289,41099.4703188142,41034.67858616303,40677.5163368234,40186.51888432408,40125.53356299074,39880.1512046992,40056.732814204806,40101.70772246864,39958.588473767595,39923.4544007005,39939.89812695445,39993.24597621797
224,io.reactivex.rxjava3.internal.operators.flowable.FlowableFilterBenchmark.filterThroughput,8856.767129021877,8887.77523790889,8872.537548508417,8861.227354142084,8824.432562512933,8811.722811272288,8881.545193833714,8937.205536051079,9026.65029011537,8872.133143488214,8833.124699174185,8850.637621350945,8847.175797102742,8872.52537740975,8866.879363894035,8872.080816939042,8845.432609725249,8850.200180859056,8887.37808794354,8881.990943654864,9020.611085373665,9078.13141346449,8897.514080063545,8938.53798484864,8936.080379032113,8918.438140683736,8936.723068825544,8910.5481728338,8926.287485880302,8919.655781563733
225,io.reactivex.rxjava3.internal.operators.flowable.FlowableFilterBenchmark.filterThroughput,362.3837957084852,362.48558800241165,362.61560207870446,361.7871598902622,362.66259938929636,362.2274987847642,369.8863893954972,367.06628724500797,365.9814202212396,370.97652200885165,363.80430129883246,362.8154031510308,364.5897821711799,363.4729326255478,364.98932588716445,364.4357022920355,363.8418117678141,363.5005364498975,364.72718989759164,372.13891929095917,366.58490198525584,365.3663050268983,366.89050483084776,363.9294973941878,364.307072283313,363.1880154691833,363.4707560476511,362.5753510237303,364.69205184327126,364.7468117301311
226,io.reactivex.rxjava3.internal.operators.flowable.FlowableFilterBenchmark.filterThroughput,4018.868973723594,4024.8848211377226,4024.8686134576255,4040.334738683602,4023.22855799369,4025.0111433123334,4042.683704469646,4019.321353666719,4030.8916942359947,4043.032837813637,4045.30159081625,4017.297077461168,4018.987183077967,4042.3933863212683,4039.978067347974,4041.3489306045817,4035.2834950626166,4034.1302173203644,4022.588352443541,4069.1287751144755,4080.517364567154,4072.2609335076995,4055.970715891431,4068.200289459899,4008.451804131267,4026.72670605846,4032.094149728322,4031.2488614308986,4033.2761197018644,4025.3394659456753
227,io.reactivex.rxjava3.internal.operators.flowable.FlowableFilterBenchmark.filterThroughput,973.1020408986994,971.4133838571697,971.3252358998242,970.0604188794817,964.3415128986983,965.2466597309598,970.473060301502,964.9794015496946,963.9665719248354,964.5558365056268,965.0714526415551,960.3952285602281,961.8242852831459,962.3167262548573,962.3191707345354,962.2180063884261,964.088554536895,962.0635023731389,960.5875755667807,959.9626231110734,959.7119002458176,959.9375099879747,964.1332133889006,963.0344597246112,959.782012389782,960.7398105230345,960.1247061521352,961.7697100135555,967.5311334452014,966.6160108230845
228,io.reactivex.rxjava3.internal.operators.flowable.FlowableConcatMapBenchmark.concatMapThroughput,9621.100263566652,9626.188644418864,9614.77765408728,9687.82624234813,10005.064756561751,9805.988816239258,9664.321574289806,9654.439456406266,9651.790900850268,9656.244649918504,9674.30581051226,9666.985749522146,9655.92637685801,9634.095059816937,9650.370921270754,9667.473528726572,9818.420703360081,10055.912332410302,9718.874175334404,9662.779900107573,9651.902935756612,9663.507209449854,9792.284458190072,9609.790684720654,9626.32001600671,9651.36758448766,9651.066799746864,9654.950796496945,9652.54663918945,9897.78043508591
229,io.reactivex.rxjava3.internal.operators.flowable.FlowableConcatMapBenchmark.concatMapThroughput,957.900976986504,958.1020791867132,956.5121529761541,989.0776247811565,957.3039175170636,958.8024042477182,958.9096208504156,957.2097898161641,957.8825386958099,947.8407883392603,957.9650385215074,958.0953146667447,956.8935628152209,954.0876031628326,943.5809123121202,985.5611315992211,982.8978837901594,957.3327295142013,949.9136357520647,951.658195780796,953.0894998694853,954.0843328269187,954.7872399853778,955.7895093437257,955.3956931161902,952.2620987655013,945.9731480397492,961.4597288574826,998.0856118513873,975.0695077449407
230,io.reactivex.rxjava3.internal.operators.maybe.MaybeOnErrorReturnBenchmark.successBaselineThroughput,45489378.448866665,45424012.160261296,45579903.671219,45583665.84223215,45739489.42046131,47238349.45237721,46108401.06633687,45621144.48282124,45597633.52172672,45706892.037376665,45446414.78611009,45359809.1649855,45629405.189611375,45615209.920494474,45491124.84040621,45490877.419777505,45400846.40039801,46094543.36236459,47020329.291987754,45892984.05503119,45626926.613970935,45509194.45925093,46377151.33933076,47032898.24224494,45746792.18890275,45605924.38173049,45601076.10872943,45457504.05115635,45500939.269871265,45594889.1902749
231,io.reactivex.rxjava3.operators.SpscLinkedArrayQueueBenchmark.spsc,30234504.78781308,44475334.01433262,23754955.0167547,31555467.476865754,100364436.22671597,25954250.030495893,21966856.000166185,27027637.939228013,23793762.02177242,106429894.6436901,24910578.846953876,74378211.80470288,22251194.13860911,28921056.93491681,14665099.015881266,35208506.616629705,29709547.092742976,58725846.78622548,29182068.4636943,45589515.63443938,32355280.788211495,67067674.26566097,31662513.344457712,19268665.97777123,27228775.560845368,24650488.180113263,25623671.678872246,27784839.051873468,34595440.62175345,24524613.807585627
232,io.reactivex.rxjava3.internal.operators.single.SingleFlatMapIterableFlowableBenchmark.flatMapIterable,7671048.061541681,6972557.974967257,7008902.305767412,7879694.831559188,7491096.5992861595,7189650.253778688,7666411.033463835,7156592.661150045,7359668.417138525,7729752.993766992,7576060.132149956,7360543.5453395145,7496108.704803968,7480298.119785802,6783114.66354397,7530288.187744034,7314244.64527184,7026871.397637341,7217204.101693004,6946246.9750314215,7162790.115109913,7433331.316756914,7394562.483032648,7153061.332353785,7176350.961280587,7258712.428357117,6922882.276547493,7389877.765592197,7643822.096098924,7521321.140727733
233,io.reactivex.rxjava3.internal.operators.single.SingleFlatMapIterableFlowableBenchmark.flatMapIterable,4363115.248441909,4427606.327151164,4476052.649309535,4623257.58791293,4548854.636094764,4619698.246390458,4354379.506618371,4592784.0044003455,4633178.395640004,4385009.054153226,4578125.466874103,4676500.8981637275,4342479.520308858,4626445.172619304,4647590.848821763,4617116.893963099,4629362.191614774,4769198.803481954,4467106.083392313,4476002.698063398,4732898.555603035,4449135.870214555,4374619.330090715,4786585.328816655,4408373.298532895,4379107.810050589,4782976.556680666,4501480.50804412,4475237.384756611,4648347.6280236915
234,io.reactivex.rxjava3.internal.operators.single.SingleFlatMapIterableFlowableBenchmark.flatMapIterable,617983.7300192263,657086.6482546428,648555.3260674042,632465.9338441984,668758.5805362689,637120.7256344259,626481.9222202335,668663.7245433463,667787.7926192009,660975.2398824797,674538.8845871503,651229.9379618376,643011.1942640862,679274.1712741983,643555.3168267456,638818.6041458036,661231.987398485,662161.1178015813,646022.0582960808,672576.8851523157,662516.643203151,667439.3928003318,647562.4608151377,634418.4612208089,632887.1372795801,638143.953809385,669469.1969322483,661302.2351049968,659493.320684195,643779.8112739265
235,io.reactivex.rxjava3.internal.operators.single.SingleFlatMapIterableFlowableBenchmark.flatMapIterable,85384.33760960691,82190.03980083599,80958.36991231439,81707.16981300067,77752.09672838938,81541.09990924063,84367.62847585446,82302.6164065674,81980.70209723312,83111.1062282955,82934.7289757801,82104.08479846572,84215.06114701115,82975.32215601069,82313.90530001953,81516.98435341955,82834.80533502321,82557.58281494037,87282.54032797854,82485.88071393492,81817.92721131188,81932.6921203076,79780.69847394057,79546.64810482849,83279.4266129745,83237.98414748344,82723.80710558224,84100.85306598055,82975.4439248016,82291.15196632213
236,io.reactivex.rxjava3.internal.operators.single.SingleFlatMapIterableFlowableBenchmark.flatMapIterable,8058.945267419223,8169.860601993064,8077.403673690412,7844.44769597107,7874.84471303153,7832.084240960122,7614.164743374182,8140.486245772543,7966.512414044983,8072.217188665912,8237.869316626044,7807.208122687324,7817.704947476181,8292.848991259974,8029.718187153181,8193.173653241902,8252.110257361384,8284.930778263082,8233.06447225492,8201.585743159207,7941.772713675661,7744.841537441406,8132.658786310938,8159.88137827349,8115.272473937984,8060.405981065334,7548.849494946175,7938.867931360826,8238.227987568098,7747.585535164211
237,io.reactivex.rxjava3.internal.util.AppendOnlyLinkedArrayListBenchmark.benchmarkForEachWhile,1803913.783820236,1820545.1745367125,1796138.9380126898,1821494.4498765145,1810241.995308616,1812484.702904199,1798199.1796972957,1832831.0725854314,1823762.217253807,1807246.5823268595,1825429.3920944957,1826783.3087781325,1849622.2117298744,1801956.8124103541,1809194.2545926399,1824757.2214160238,1806206.7471151354,1842092.1454051917,1811221.2883983643,1816472.354964599,1801342.2016847974,1822049.1275045546,1819217.6640967645,1788546.1261147298,1801124.9555463786,1785776.282816742,1786943.9727508402,1786973.4298722544,1779670.8454912475,1791394.0617098552
238,io.reactivex.rxjava3.internal.util.AppendOnlyLinkedArrayListBenchmark.benchmarkForEachWhile,236670.7515125221,233469.88482027352,236315.22478150224,235569.72913381047,230940.66704864593,235324.29479896082,234537.9606225683,237003.0332366695,237043.90780023116,236554.81954400832,238149.4759572089,234813.39547387682,235543.3965418979,233634.7812388019,234964.7453738798,235005.1609630411,234151.6087087987,234036.22726241834,232775.67660567802,237672.84400170296,235220.23561412763,234525.16057331156,236485.30910336878,235901.64909453155,235445.70369805183,235136.26508895363,234139.92232556193,234881.7806842893,236956.96837632882,232955.22416658708
239,io.reactivex.rxjava3.internal.util.AppendOnlyLinkedArrayListBenchmark.benchmarkForEachWhile,18085.704696613713,18049.10379725327,17969.352479917878,18166.54718488853,18398.362269782556,18433.765840943182,18486.96613793337,18358.69895405455,18277.47784901281,18218.541730801302,18359.690219699725,18614.335171090966,18952.26074811726,18677.14068769036,19020.149574456253,18966.7825222299,19009.480249082528,18978.702122476654,18889.820800493424,18888.0983462585,18940.78592670503,18928.108429308653,19074.716939165086,18749.037759239975,18924.720350555424,18790.36315123135,18992.582789933855,18970.332718546626,18918.53108957208,18941.49301199804
240,io.reactivex.rxjava3.internal.util.AppendOnlyLinkedArrayListBenchmark.benchmarkForEachWhile,2537068.9262654455,2538228.802901112,2525634.6293386803,2520298.1201290726,2518419.2823311267,2515576.4495636863,2517417.783786153,2540337.85283089,2520600.6132217892,2468374.155800065,2506338.3815548327,2506059.2130879555,2449948.5876011625,2510007.744536204,2484822.0867127925,2500011.7621130855,2524847.9667667635,2492213.524471548,2490802.786082934,2522793.1177631384,2518047.8359480468,2520440.074754695,2496854.382135267,2512554.8369633257,2494138.959980282,2529770.1167871533,2510832.725790469,2448238.469511014,2488291.037477416,2537901.0079569253
241,io.reactivex.rxjava3.internal.util.AppendOnlyLinkedArrayListBenchmark.benchmarkForEachWhile,247272.95244540204,246434.38024967664,245972.76051164974,247423.8221755172,243659.82815674852,243286.01806914437,244156.67827642587,241846.7784390041,244883.90840689646,244812.7014640875,246564.07682802284,244641.58878790596,244242.98984354935,244546.57786490145,246123.95715969,245947.42808453826,248684.05549754325,244825.0594303007,245504.1846197868,245996.60194581927,246949.73568066594,245733.1253262718,242883.49159707097,245691.28488481542,245878.9968845304,246233.09744236196,246853.3174254773,245458.59769335837,246495.4883619083,245880.1816292161
242,io.reactivex.rxjava3.internal.util.AppendOnlyLinkedArrayListBenchmark.benchmarkForEachWhile,19806.2492639279,19236.0623958467,19282.63513143596,20871.66732316975,20475.90883881798,20709.924388657026,20486.560850081616,20595.04154795644,20639.174990258114,20635.823819949735,20301.926576236136,20389.03808596118,20268.268137292474,20223.301610320217,20291.393267049923,20243.367435254382,20342.395220590093,20216.90408206352,20169.518553592126,20264.753479273924,20199.48508205119,20377.85880714681,20341.553229223176,20298.506676956604,20343.891485682816,20208.413949151334,20133.690444372427,20222.407507579937,20115.83173106757,20174.1733027264
243,io.reactivex.rxjava3.internal.util.AppendOnlyLinkedArrayListBenchmark.benchmarkForEachWhile,2759833.980796239,2728221.802091808,2697969.7055812795,2732243.6719508013,2754724.787853823,2771136.801564239,2773295.1194659993,2737597.777359699,2752742.7299018423,2772156.5277898377,2770961.112112862,2761468.4727780605,2712652.896562966,2793770.8859472815,2742560.773886868,2758670.661392598,2721158.5543432836,2747542.5725623625,2742676.3836889532,2745493.221632724,2736576.296775169,2768531.4119534604,2718470.587700895,2734187.8778976225,2731035.2969187377,2751143.8056816347,2746091.6952068005,2709414.848519956,2719705.6115441504,2729637.212085769
244,io.reactivex.rxjava3.internal.util.AppendOnlyLinkedArrayListBenchmark.benchmarkForEachWhile,257278.2263788559,259095.16144990613,258950.8009767754,260880.3314875225,260195.93243195067,258027.2737975383,258045.98979262728,260600.21930648602,260232.24902952896,258171.75012172485,257431.458302998,258894.886714987,257850.7028630625,258798.81650752004,259853.31457836804,257454.69554134062,258554.04765315633,257452.99296365195,259564.6755554651,257065.57420642325,258898.42433451748,259293.06454321631,259288.06871133822,258704.09405961377,257960.50687652043,258837.54141277165,258863.2533708639,262166.29785196803,259525.56477562786,260830.02289298194
245,io.reactivex.rxjava3.internal.util.AppendOnlyLinkedArrayListBenchmark.benchmarkForEachWhile,20771.0445942618,20009.1353886914,20817.398127385342,21673.045475731156,21619.935771772383,21609.65505828848,21648.586229798584,21686.70985763057,21726.604608818998,21754.43252787307,21685.599131981675,21645.94911081662,21665.494609007255,21711.255390785118,21789.325185308957,21449.03901580197,21798.094027616025,21576.338101218047,21640.48754632539,21679.0836684915,21731.817974292648,21700.73979171058,21778.92577510918,21730.480215120813,21647.943190709317,21779.31170841208,21646.91752324043,21685.502897936436,21810.159506069762,21738.4873490963
246,io.reactivex.rxjava3.internal.schedulers.SingleSchedulerBenchmark.scheduleDirect_noDelay,2490736.0259334045,2625878.242300711,2580321.6898018173,2563851.7630853257,2606946.8345464,2567166.901871101,2630151.8787678895,2572901.174057189,2659068.5314457878,2552372.0028886897,2557816.7877262784,2658998.712522191,2693422.911421193,2638413.9216635586,2632299.8336770376,2564915.4984561782,2688539.6144428854,2603224.6763995867,2597592.2445499212,2556087.585176274,2636780.891868274,2588152.797678993,2578456.0628022538,2607121.0214467165,2580995.2140906886,2632258.7356787813,2565488.949991711,2588330.2702573026,2548274.0437558517,2611203.718570171
247,io.reactivex.rxjava3.internal.schedulers.SingleSchedulerBenchmark.scheduleDirect_noDelay,2580055.778905592,2444053.711229148,2164169.726518761,2185551.2875707825,2198959.7079346045,2172280.7441244,2221061.6383340857,2205473.3235349096,2228587.228624803,2185494.9406772037,2183514.40176665,2210007.66820883,2194497.8421176053,2225823.9991562944,2200156.059670467,2222757.489543313,2185711.628606826,2195580.1790488986,2190213.7728106366,2256251.2582912017,2245068.4468635065,2183443.4113896233,2206794.7854378032,2218561.6902478724,2169824.4247112195,2199133.2819947605,2191642.6790210404,2231219.131586825,2219702.6255266177,2168818.6132518095
248,io.reactivex.rxjava3.internal.schedulers.SingleSchedulerBenchmark.scheduleDirect_noDelay,2548934.8172925888,2345489.4656079756,2202848.5239635906,2179436.20821493,2218691.323986679,2268776.1653583776,2205959.244975972,2194816.928175417,2215702.0698204846,2185996.119043564,2187955.467182381,2191775.224907217,2217038.7989904587,2184627.0664716302,2221344.3141555567,2191758.981868166,2225505.2879326674,2258462.683894378,2253399.265454811,2207784.1363136983,2213383.433189934,2244300.502093541,2198593.376551506,2197243.414952458,2199456.4125025123,2205222.23999966,2191638.3550821706,2184715.277334576,2181849.5690535414,2187647.6701027756
249,io.reactivex.rxjava3.internal.schedulers.SingleSchedulerBenchmark.scheduleDirect_noDelay,2503906.7801007438,2475063.479747793,2427202.053224543,2428190.2352440963,2434783.2657327256,2440033.5447425544,2448623.891796411,2448035.45413306,2430113.06318294,2468761.5598462704,2448069.807129745,2402663.9870593604,2414932.457843899,2434032.7464532205,2459523.196734502,2467979.6194856637,2446775.5211090916,2431701.5108795003,2443410.895961621,2470466.7045772504,2449572.9392185058,2428276.691498382,2426578.719250122,2398771.4707458103,2429785.298214937,2450124.91939149,2419768.0538035594,2446909.4639328006,2461736.1858126624,2439407.9215354943
250,io.reactivex.rxjava3.internal.operators.flowable.FlowableReduceBenchmark.reduceSum,230645.9174980109,231852.91694849482,234525.69020910628,234161.26672139636,234812.3347204118,235376.80806815316,235299.29127196703,234809.21127360043,235867.45782414745,232970.22176695243,229404.46499882138,224099.56462141703,224152.82274937493,224141.28170762106,223724.64795575684,223580.17245940815,223804.67381493776,223746.5475970604,223671.9367758925,224987.17537501125,223809.25343309753,224808.05474562038,224607.99591465978,226879.42534563984,225694.50302070435,224467.31581605354,225324.89434698122,225470.99911671993,224963.38180227077,224035.20624551215
251,io.reactivex.rxjava3.internal.operators.flowable.FlowableReduceBenchmark.reduceSum,21846.390947767522,22234.61420543503,22054.952588246633,22268.20054933208,22233.98406689864,22247.091451032233,22373.61908895103,22380.52168349058,22324.680779389535,22301.91994874164,22408.509139478443,22262.00416680244,22177.716826230455,21849.133970053044,21854.28971449479,21719.352847718736,21601.77053522999,21686.001686810996,21726.187049532982,21531.308931108546,21668.67008537351,21601.255447927222,21682.208360890534,21771.456475589086,21772.35216366137,21682.913193068474,21628.88542027652,21732.34972463154,21712.44673498547,21762.045628209606
252,io.reactivex.rxjava3.internal.operators.flowable.FlowableReduceBenchmark.reduceSum,1958.744264390097,2014.7987901040274,2021.794248064757,2022.8243885007123,2026.4944787932982,2037.2612503626547,2030.6539055016158,2042.4983093102774,2036.1111092258232,2042.0218966007972,2027.824459347852,2050.5304080312567,2064.524925975709,2059.538916605967,2051.7686446194016,2038.3867126281582,2032.1427080843114,2034.144985803972,2031.37810781194,2023.8435933194212,2021.8761216719013,2025.5518567794468,2022.8871754906743,2025.969808534149,2033.4976610058063,2029.5677873031516,2031.1015117797415,2030.7976228936882,1913.0871111792003,1935.9645396861263
253,io.reactivex.rxjava3.internal.jdk8.FlowableFromStreamBenchmark.conditionalSubscriber,16794691.353034925,16614496.249943629,16741972.927984197,16632579.95439323,16611731.775631152,16694116.823442066,16809298.70941735,16713947.027695239,16829790.033755068,16774201.620374909,17057964.704124365,17637039.080703363,18389607.83847849,18898967.58534538,19193749.203830853,19292781.243037708,19270462.021342494,19309414.427082993,19366970.910765223,19309318.550426167,19278345.09718071,19287707.53163613,19349497.596187435,19254435.599744715,19217613.107281998,19267466.68627034,19328561.190906543,19292623.95023514,19302166.089138724,19237313.01792773
254,io.reactivex.rxjava3.internal.jdk8.FlowableFromStreamBenchmark.conditionalSubscriber,16791974.387472186,16614733.579746692,16667555.49984581,16756424.461732995,16879635.874007035,16746113.06650777,17081796.031699274,17393292.182169396,17963615.886521414,18600779.304718845,18955543.73021098,19067099.780259997,18935534.27978677,19029358.332981855,19052795.640175052,19132174.326269656,19104408.21190167,19157701.15769911,19161445.530916482,19131131.28493095,19205817.524427038,19211088.475090772,19183195.734876446,19227395.20867189,19122113.214118987,19171051.11979048,19046141.445483036,19091723.647122912,19051537.657820225,19112960.478674818
255,io.reactivex.rxjava3.internal.jdk8.FlowableFromStreamBenchmark.conditionalSubscriber,16988233.123813365,17014454.64670207,17355637.901973173,18210728.85547136,18695332.30809248,19108373.898034766,19222569.922848485,19317315.20453067,19213053.07361469,19257830.948605265,19329452.467277214,19289730.651312776,19191480.233379327,19293063.91963971,19321212.428982574,19361446.99580256,19332749.879779674,19374505.634630747,19347961.3830278,19312310.965680655,19316992.176270004,19247548.03930551,19035240.61224062,19264019.07593002,19289403.55123677,19304880.41458022,19391865.793785743,19430966.354873173,19427669.383296337,19489236.951053057
256,io.reactivex.rxjava3.internal.operators.observable.ObservableDematerializeBenchmark.dematerializeThroughput,36479.562429383404,36746.14989512183,36611.757689838065,36679.31958536266,36625.42614817744,36717.49704166166,36697.54709925434,36625.95096449492,36665.46046759526,37113.40388028517,37368.546699850296,36681.081286362045,36727.109742866545,36550.59460536902,37208.060500306376,37427.014621775015,36602.108952040995,36754.02314811096,36747.194794055744,36760.59387052386,36668.09179250312,36697.11274088596,37110.20416300015,37092.72525153122,36694.196480242994,36387.651364477475,36709.775398602476,37551.043891021625,36961.68963566594,36624.36629689259
257,io.reactivex.rxjava3.internal.operators.observable.ObservableDematerializeBenchmark.dematerializeThroughput,3685.587118417472,3682.998419993678,3671.492706181294,3672.222961293613,3668.3857581518837,3666.3260706070055,3659.1544864911157,3674.693330497382,3750.535743683504,3704.8245061679672,3655.371462532389,3657.4491040436014,3682.4197795274385,3702.1022920236164,3665.4034555876033,3661.936604553502,3672.3490614394636,3665.67999346793,3682.556645957723,3675.953525874301,3686.7709743412224,3754.3955160411488,3706.593227339452,3677.622617077526,3672.9582862127436,3679.4774626876138,3670.9586114482286,3669.6697480710222,3660.5682432968397,3656.465187119406
258,io.reactivex.rxjava3.internal.operators.observable.ObservableDematerializeBenchmark.dematerializeThroughput,361.8057096103278,363.62660202392647,361.437853176889,362.2324620139141,362.4782701641437,354.01633869768676,362.3491593105212,354.2978217529395,364.78728341535844,364.2538591167006,361.9267362565598,366.4859905712142,363.85773817381335,364.33177217435133,363.93111875715283,366.68247827490495,364.9614330655222,364.43366534641405,366.0577859279685,371.1469969395508,372.71738443423106,366.5328425296778,366.1924233981377,366.27359594885354,363.8238543171085,366.1382226621494,366.3403693626275,364.5788782189792,366.65616195097573,365.5779972323628
259,io.reactivex.rxjava3.internal.operators.maybe.MaybeOnErrorCompleteBenchmark.onErrorComplete_swallowError,29095362.992316592,29153238.286600463,29282953.32419507,30246190.817514025,29795816.455945235,29619612.299823802,30418155.69080066,29670798.814519588,29838011.857133035,30731577.50723032,29759636.403233845,30250297.437798306,30038481.240367197,29617124.872264028,29951780.550536096,30359618.160266586,30012670.375906397,29339860.444864675,29004577.243577044,29834408.395957418,30107030.95090641,30132384.846671477,30118494.2785047,30010368.287162356,30358421.777913462,30314711.8092587,29878524.72012465,30211545.990812205,30076627.504912548,29870332.62737833
260,io.reactivex.rxjava3.internal.operators.maybe.MaybeContainsBenchmark.containsEmpty,108040409.22812189,110812414.14381471,110106509.35681792,110564695.58194289,110367919.09492879,110578574.07647705,108494357.53521931,107892517.80957967,104923220.88354725,107457672.02581261,109174654.37020716,104941620.0759144,108286498.91855006,107890087.81942268,108659348.26984854,107720028.95035067,107415323.01098366,107344670.88066567,107641618.70075104,108477242.99551705,108463059.34498058,108982978.20569439,108766329.73890115,109759292.09899181,108706986.20699121,108503139.77023678,104806073.90407442,107249498.62408836,107822584.86810383,107682230.11506869
261,io.reactivex.rxjava3.internal.operators.maybe.MaybeContainsBenchmark.containsEmpty,108167960.39756656,108985474.94390576,106013895.1574216,105676008.53466327,105610423.87588939,109135990.88632677,105481445.9310791,108692185.48052444,108068835.16894652,108595319.16365974,108320728.96682607,107459892.58231081,108033795.01350579,109325648.00495464,109846555.60097037,109095595.63856825,111273796.05406047,108921937.02778494,109876186.88923837,110115016.26576188,107911209.30813709,108337418.41437814,107347304.4336877,108133855.47922765,109460349.6129622,107888144.96603918,106510464.45325422,107868200.88344593,108082476.68060887,107275047.250746
262,io.reactivex.rxjava3.subjects.SingleSubjectBenchmark.subscribeAndError,2877288.4622419956,2853682.4809309375,2879377.703140253,2884261.2771165697,2872752.785205802,2872249.105190943,2871686.7455539536,2866782.045549118,2880265.999697141,2873820.6207733685,2869696.527641891,2863608.4743595286,2881658.0647962033,2883897.012613445,2881756.0897985725,2880914.2384493942,2869446.836161587,2879331.9289219943,2882711.9505672883,2878613.7960290383,2880098.0161913056,2823124.5421070186,2870394.3961857203,2880379.7178416797,2881158.830288038,2880843.91333005,2873028.3358267886,2880946.545528932,2865566.239984179,2779004.77522816
263,io.reactivex.rxjava3.subjects.SingleSubjectBenchmark.subscribeAndError,2500591.4296433167,2504441.3637676947,2511412.599995278,2516105.948880045,2507912.6610826226,2501384.0617738618,2494857.23909193,2511866.585281571,2511372.0324612325,2512491.9948760443,2503372.5602844227,2500641.6115529677,2509352.7728731683,2509575.3706141394,2509044.545807988,2510233.208781083,2462496.8171563027,2505605.6707333913,2506614.5381640084,2512248.224304195,2510776.4853636203,2512771.452518313,2499890.6026863083,2507333.6610230943,2512484.871940845,2502833.084500604,2501905.642118743,2513658.2455469985,2487228.5667298967,2504297.0235367743
264,io.reactivex.rxjava3.subjects.SingleSubjectBenchmark.subscribeAndError,618587.9309753091,620608.8659902688,621685.4711117387,620907.6535597554,618643.6029369207,621457.4660278723,616877.7892886463,619298.6859822177,620875.3890078545,622931.2956808368,617697.489487508,609941.4656904014,611346.456995349,614349.9297180763,621518.7699954704,623133.6427852181,620405.1270234936,617278.3609415746,619302.4251269177,626960.5152747298,626823.7418494537,623060.1725959604,624007.8726341639,615874.3504615276,610247.5827798855,623673.8048529212,625215.2276211401,627301.0755343644,626596.0708208332,626402.5406932973
265,io.reactivex.rxjava3.subjects.SingleSubjectBenchmark.subscribeAndError,8729.475718022875,8797.135636449722,8720.792783540868,8697.18034084695,8786.908148395582,8793.03427777684,8740.536142601588,8799.848213578021,8779.938993103948,8700.28747272276,8690.918375849542,8678.178082061744,8633.18410232516,8767.87616874067,8750.372188359095,8781.625678848444,8783.212937649163,8539.836343501185,8778.849043987197,8710.761115363397,8880.243802804072,8770.372358341472,8787.148621928187,8829.552010026542,8795.374273360021,8807.620020024628,8855.148730362685,8797.97928931559,8808.487026095863,8881.388831152228
266,io.reactivex.rxjava3.internal.subscriptions.ScalarSubscriptionBenchmark.poll,96766505.46855336,96777938.46714899,96255003.19761325,96412436.14882469,96352905.0187173,96492860.81411189,96768155.5637577,96583104.21618804,96594407.27489243,96512197.74167204,96576320.73635077,96795142.59364617,96748788.44037314,96826408.75276269,96987701.72958608,96653907.17292583,96915909.30809453,97231746.95285149,97230909.32415976,96500549.05201374,97365403.72166027,96978741.09469889,96924468.89402772,96671880.98101297,96923366.8096418,96989716.99753761,96676270.32229413,96562715.65116164,96687709.32292052,96219132.16299886
267,io.reactivex.rxjava3.processors.UnicastProcessorBenchmark.onComplete,114022184.105778,114447694.87001817,113632484.08282894,115401597.41620392,115512371.29422729,114131164.22114885,113783878.2865398,115266627.77000342,114430010.72811441,115211093.6712248,115078317.84435852,110672378.42647895,108837664.91937399,111622934.7173399,110032657.53636307,112111041.58642755,113709378.89164278,114231055.98466213,112724853.53028038,112744446.45533383,114678237.67072642,116067461.44672178,115942871.91346128,114071856.7745464,112752856.51079741,113054265.41892102,113661324.36913127,113282699.3761202,113852267.09533064,113765376.05933942
268,io.reactivex.rxjava3.internal.schedulers.SingleSchedulerBenchmark.schedulePeriodicallyDirect_fixedRate,101611712.46960208,101214239.85884273,101306946.92468351,101648676.57610281,101750585.11632444,101538775.69910543,101532004.62516566,101622941.30455278,101723808.66876921,101641739.86186396,101701603.61206087,101691054.95586789,101398063.76939929,101541680.6831162,101288209.16483474,101080665.24050857,101379843.89535993,101668304.21303234,101336599.46477215,101600471.08513686,101653155.28302306,101680598.45332238,101597226.28021193,101630092.98388639,101592724.36222018,101558635.70755865,101662712.01131211,101763107.72004057,101725797.38913614,101683711.6092682
269,io.reactivex.rxjava3.internal.schedulers.SingleSchedulerBenchmark.schedulePeriodicallyDirect_fixedRate,2668929.813589768,2573177.516656604,2553153.0507469033,2581822.279474315,2545871.8478151974,2606627.6735486193,2598449.6327253594,2616424.5508363703,2607737.7090811143,2728017.12185858,2673181.275924884,2546742.760062827,2567356.5802057968,2539207.623163977,2653423.537013575,2596959.939889969,2589116.4943830054,2633434.061128,2597851.748354227,2572534.5858709263,2643139.127581882,2617153.3892524345,2664417.562862985,2647542.828498688,2593755.2859924277,2609337.9039630736,2638524.604162736,2632031.0531009934,2615221.483437534,2594208.362901925
270,io.reactivex.rxjava3.internal.schedulers.SingleSchedulerBenchmark.schedulePeriodicallyDirect_fixedRate,101016956.14823414,100929639.69671366,101266587.76334712,101061536.37455364,101202445.4694969,101075727.48182994,101136897.74976254,101438191.83892328,101437606.15533966,101522397.88893357,101259666.55657633,101109757.27063712,101239825.01283646,101250279.91936226,101502403.26840447,101387301.62647301,101539799.4315649,101589369.78496417,101548935.27979495,101311950.77194168,101252017.81786664,101094370.95637347,101529136.80216673,101573522.82091539,101500638.20310251,101382807.48685575,101354429.00310613,101470768.48428705,101628216.76592018,101586529.71625918
271,io.reactivex.rxjava3.internal.schedulers.SingleSchedulerBenchmark.schedulePeriodicallyDirect_fixedRate,2869919.2882586247,2702642.706766053,2709780.399906463,2725846.1360966326,2716019.599905322,2725484.2666614563,2759438.8118425254,2742778.0508045773,2732940.6900637145,2704528.6186766755,2732620.6925413753,2710527.2045931974,2716831.9618006037,2721351.5958228684,2712344.897149424,2668015.3352243546,2676444.3400752936,2704510.0594992214,2719006.2196032065,2799246.726372344,2722203.0566114807,2720477.59966512,2714960.2001935667,2708650.5615410144,2743951.781234209,2708358.077822409,2718692.436646222,2723699.1517223297,2687822.9777964517,2714731.3654572396
272,io.reactivex.rxjava3.subjects.AsyncSubjectBenchmark.onComplete,82463981.75462869,78716819.68750992,83370533.86301596,80015720.00696908,78135770.04548605,84097812.97637159,78707479.2246709,79960480.79319131,84209084.4171816,76872406.51894732,81654046.01104094,81946216.47840144,79972958.44925785,82059970.81313153,79254791.8227827,81230181.75685738,81745905.76493496,77353540.99289095,84423711.36084408,78231634.27955319,80058291.76526152,84266324.93056464,76656553.36421719,81529414.46827608,82757641.42737626,79646063.69322208,82270553.0750928,80231150.76941966,81840676.16268508,81712420.94081444
273,io.reactivex.rxjava3.subjects.AsyncSubjectBenchmark.onComplete,83723795.3533032,80995595.07777108,78886663.99797653,84218448.35619281,79960569.21476427,79637710.90956917,83740834.26707439,79365459.19201256,81484207.7285568,83195482.1813335,78519136.69718826,80842040.39800394,80538288.72384238,79805990.5543035,81491738.9507998,81049683.07655518,81149711.9667045,82160832.31175107,78363418.77179116,83214401.7736297,81018713.60981789,78426111.99282964,84586947.00562775,79574444.62949102,80416694.60044032,83670223.35967472,78763274.08433342,81271207.41531779,81984930.37348983,79005628.42615262
274,io.reactivex.rxjava3.subjects.AsyncSubjectBenchmark.onComplete,80143003.40745711,79694344.68290602,81279930.02420838,77706485.88935094,82753693.57361358,78836235.50985178,79199923.70455077,84851926.88219057,77365887.6685927,81609334.9185221,81227774.45516057,78549612.49644,82212779.44138995,80057595.95485608,81698406.3124749,81106413.06430167,77176861.75184877,84670503.39742388,80052287.57385613,78931551.6147449,83992199.51654777,77216268.6704692,81683824.95863143,81801340.8704925,79987405.00550571,82208720.38745718,79525201.24168211,81929990.66433801,81047152.47872014,77017962.72911316
275,io.reactivex.rxjava3.subjects.AsyncSubjectBenchmark.onComplete,77153780.53977013,80752978.65636423,82595805.22452201,78155745.66289178,82853383.16927473,80930276.35235065,80680964.60166897,81662558.96448033,78363404.71823092,82916063.1496353,80631580.71182513,79858828.813394,84755878.29765737,79069122.59645715,81150350.6032086,81650489.84196454,79065057.14522941,81421134.73108189,79461284.13579339,79987708.91664995,83051919.25621897,77787023.89084,82537298.71029742,79184350.60280304,77546203.9219845,82556769.97142112,76502167.51653297,81525517.32833451,81526251.76472291,79126568.23429465
276,io.reactivex.rxjava3.internal.operators.parallel.ParallelCollectBenchmark.parallelCollect,14.761914048788912,15.497051994431713,16.721571016121935,15.593306801887067,16.2192826869198,15.902392071607995,14.781472630226178,15.915627692501447,17.701728633986985,15.773413277829006,16.05512984040856,16.20796455335695,15.271234704590215,19.651914540069043,16.31793426962146,13.610905758460884,16.910667017078236,13.945333206096112,15.856026093865742,15.660001648273898,17.69785414609846,14.802732963060205,15.869753697707223,15.92444129130515,16.982868621853004,15.62736215820013,15.811099872570342,15.825589955417344,14.989821662822022,15.236728735706368
277,io.reactivex.rxjava3.internal.operators.parallel.ParallelCollectBenchmark.parallelCollect,11.858701794783137,12.086385165731656,9.97331218453921,11.380219466413354,10.459332333521953,15.795880482942382,9.802192356185902,9.912349386423145,10.899128997097026,11.514903275354648,10.353461753399767,12.934217885277954,14.317473413523576,9.253961152287511,12.562451157793863,10.775930706408163,11.092142725410458,11.344183216454498,11.808602521473773,10.766744846806878,10.118988868132544,10.511604341515438,10.82925964397035,10.917190251637484,10.325724490941594,12.456000292819487,9.814292371613384,11.911042167175689,12.79455506568638,11.867328794255442
278,io.reactivex.rxjava3.internal.operators.parallel.ParallelCollectBenchmark.parallelCollect,1.7376894037138968,1.7421990138393983,1.9486474648400471,3.602065252397212,3.716738481069465,1.2296903672856814,2.6166480871278504,3.6590875480110934,1.5629365615568507,3.2560090603661718,3.6140645786447716,1.755130246881722,2.117422143627794,3.3931502228750854,1.8554167008958191,1.9759881965135477,3.5119654462636496,2.8758950127990652,3.4492354572140353,0.8960926012057849,3.2565763842874764,0.8470362230085607,3.344142457298434,1.791289147527901,2.4769930384482204,3.5081875611749527,1.2204715505051758,3.644658242364729,1.8287206270950023,3.520055133074725
279,io.reactivex.rxjava3.internal.operators.parallel.ParallelCollectBenchmark.parallelCollect,0.9085583183993792,0.9754231666862813,1.0371251173844136,0.5629126902563482,0.6213720791152579,0.8676230545006272,0.7229034342491274,0.8093011354419666,0.6042747383584952,0.7507640906224585,1.2101664515216615,0.8890906836280191,0.5697011295234136,0.556483886302894,0.8192568877721245,0.6324603661042999,0.7920390981198268,1.121932295825433,0.7679265587967857,0.995900097401121,0.8434770694031953,0.8752652391745898,0.5905851598615016,0.8051788990843343,0.819410478269751,0.8447777997152024,0.8623394933106308,0.7690477033407406,0.7645548268946664,1.0684143497991978
280,io.reactivex.rxjava3.internal.util.HalfSerializerBenchmark.onCompleteObserver,39736518.193422414,46040294.72693119,42167551.22297386,44375075.6289111,39932494.984532624,48017358.441001885,42762711.94143198,39824058.30327751,39985504.25876506,46793452.3607564,43374032.58611935,40866056.92499532,49765259.85485399,49653228.714375444,42031645.568667,39951443.62194446,42793369.115784146,41040455.768262655,44815434.63521268,39046263.12267734,44609975.6626073,41528180.12094015,39623531.9373251,40615880.30053966,43198820.221683614,45349148.315986946,41693705.81196863,44026503.10513142,44211178.23442277,41372965.54381305
281,io.reactivex.rxjava3.observers.SafeObserverBenchmark.onNext,114929641.83475597,115425612.74412036,114203153.69321176,114295227.9524451,112803649.05992718,115944658.53195795,114465979.34962271,113914683.20261286,113462130.11208613,115355770.30472557,113532064.7748567,115226113.52824593,115907562.25036356,116040746.2918392,115485120.06014046,115551244.09342563,114944184.450984,115346219.58923607,115948078.40148784,115786424.2955878,116262844.04693636,115939496.81419179,115969808.82830288,115829120.37014464,116268705.11104207,115920491.58317405,115302950.59538573,115571148.27655044,115568480.4897605,115200182.73057775
282,io.reactivex.rxjava3.internal.observers.DisposableLambdaObserverBenchmark.benchmarkOnNextThenDispose,124133916.97789775,124175785.15485545,124452686.07243064,124126808.540791,124452093.85983372,124293078.2931847,112757917.9189715,124409992.98321079,124131424.17078419,123998247.84563948,124190337.80206321,124155146.70435774,124459888.27910207,124109114.08494687,124271073.9092448,124249632.94378994,124437875.25847796,124465585.74134089,124375417.72317873,123991400.60186628,123944438.19644246,124420447.40194753,124408223.794235,124427386.17717545,121755701.33399609,124113575.07797723,124374628.0609242,124461758.14661524,124455125.00374489,124430494.48106778
283,io.reactivex.rxjava3.subscribers.SerializedSubscriberBenchmark.onNextFourThreads,4932550.528790424,4942580.065077361,4891586.714988297,4914427.596362788,4935000.402466304,4887178.92987453,4805574.930270947,4744578.657496743,4916060.7357583605,4906060.661921907,5013388.849304831,4986536.215946332,4926218.465654578,4900671.171888253,4911925.002777733,4909517.952623986,4938137.372131141,4821909.778964231,4740868.164523672,4770918.008738065,4762925.159905819,4900746.8118309155,4864865.227024384,4990236.204947474,4833965.791388067,4767777.056516327,4756675.960863526,4812395.694986593,4930692.474365112,4992498.618617787
284,io.reactivex.rxjava3.internal.subscribers.BlockingSubscriberBenchmark.cancel,101769721.69301784,101941764.98950723,101945318.44530278,101813084.87965217,101941330.39080581,101912030.58728297,101979075.37589557,102223164.76347472,102067722.5274763,101391861.89632149,101998572.8376412,101765368.87951028,101886134.81823196,101835877.17135076,102154031.0344169,101962323.04821536,101537966.217408,101851726.61393723,101783414.36745057,102061479.26336235,101821213.14183469,102025717.42974633,101782351.69934748,101628013.58880953,102230139.95498577,101741970.04766402,101839425.68531163,101903250.9306199,101937017.64831181,101711483.46438935
285,io.reactivex.rxjava3.internal.operators.maybe.MaybeSubscribeOnBenchmark.subscribeOnBlockingGet,142166.24254885936,141986.72905172282,141583.44780509433,138355.3770260972,139386.67839496376,138757.01034145517,135957.19744795735,132301.60275944433,137643.6361651423,129888.05711813812,141823.37385997715,129442.487893757,137807.0254419956,135391.73894780796,141487.27757913625,136811.30969786964,141636.99925205758,126264.57682560923,137701.15139051978,133560.22188306213,144580.89989634443,137199.47549013628,141741.15758390076,137599.09927338822,146338.4954857101,142314.6500175852,144555.55867501526,143880.24421471043,145826.29294980693,145564.80752752296
286,io.reactivex.rxjava3.internal.operators.single.SingleContainsBenchmark.containsThroughput,39223425.17985326,38775176.146190986,39635615.76053448,39529360.50781991,40086022.56735251,39562696.30955518,39165343.99617392,40123816.32021018,39548408.5320824,39667716.823124215,39262405.20429034,39484486.968664855,40022517.072421834,40081748.85176538,40277432.408923686,40300355.05818685,41469088.48266261,40153156.006048344,40038830.32669022,40054675.31423988,39845777.247664325,39967961.64485302,39232063.17350419,39186913.98149595,41238246.79640612,39821002.018837705,39979259.29616483,39957426.659202956,39527455.70500077,40321122.21531811
287,io.reactivex.rxjava3.internal.operators.flowable.FlowableFromIterableBenchmark.fastPath,36634839.92742925,36053821.95237002,36096376.80819365,36179655.61420197,36021942.66377419,36042858.60395377,35942361.201491125,36156490.46964385,36174751.41904114,36127741.73806555,36077735.120630726,36140925.311445065,36786947.53150815,36447277.170124516,35456278.948330194,35916163.81004238,36273334.494330846,36536360.2040761,36109573.10019426,36094558.45342018,36126465.62298521,36056047.20735362,36114557.27099044,36032478.90691277,36296895.20095803,36723072.37496726,36409069.95044221,35755731.620840825,35842131.41293625,36040483.078540735
288,io.reactivex.rxjava3.internal.operators.flowable.FlowableFromIterableBenchmark.fastPath,653322.5531763657,654276.193560377,653432.5149704263,652775.6476292514,654414.3321767603,654007.6591652303,653370.4905217956,652990.1956708616,653479.8204673071,644045.6641964212,652908.172685306,654904.9596460521,652906.1510001034,653275.5911628525,655477.2013708564,654948.8460754809,654737.2598755694,655830.3926782714,653709.7630294134,655729.1874350812,654257.4158775773,655876.8718138692,655371.6382341037,654526.2850025691,655195.5687392636,654743.1896498398,655482.0518948666,655699.2994418702,655653.8077978047,653181.6681606077
289,io.reactivex.rxjava3.internal.operators.flowable.FlowableFromIterableBenchmark.fastPath,614.2535903639229,614.3354217700959,612.8498548498111,612.2011540191493,601.1072349335694,614.7208951983487,610.9131800734139,611.6345831997094,613.101049170069,609.3156276546995,611.3689333709648,611.2589512131578,612.6306064116662,610.9908002226678,610.264299535281,612.9371173905383,613.9111830135087,613.7155158549185,614.3989617580643,612.1062850369375,614.0786646192239,613.0318926786991,613.3354112151467,613.2508901209326,608.9086052539858,613.0517511689479,614.3046544326406,614.9367771200707,613.5385987269835,613.874856699463
290,io.reactivex.rxjava3.internal.operators.flowable.FlowableFromIterableBenchmark.fastPath,36464129.07401265,36226977.54149666,36063997.29148362,35974058.734575205,36117938.96155526,36029362.2928842,36089762.29409814,36151973.581746615,36816431.37719973,36072202.06487565,36016691.01428558,36194046.77555209,35752196.42660847,36086797.414894864,35895326.571346745,35929320.03441648,35864176.66911713,36192343.24228286,35953801.783514306,36039715.808430046,36553200.752567194,36905908.815188535,36209230.08858208,36187069.59831524,36167606.64250989,35646368.32334161,35957716.5743992,35967936.10354532,36079098.518942565,36138364.99654181
291,io.reactivex.rxjava3.internal.operators.flowable.FlowableFromIterableBenchmark.fastPath,655089.5396657913,656027.0729511137,654897.4591980326,653268.0616054918,652241.8189276044,654904.8906494998,652238.7169904013,654112.4775479886,654948.0425708718,655144.7104539786,653180.1167350288,655535.8610832508,652132.0622918679,656276.2674037053,651215.0127612646,652981.1155426678,654293.9233545698,653529.2254090606,653347.7301132272,652492.1678329335,651786.2234300895,650567.6266389837,653345.3453081218,653224.9511783753,651823.8630258872,652162.6392204937,652963.9132963677,650075.4633551843,653299.8587514655,653743.7987234603
292,io.reactivex.rxjava3.internal.operators.flowable.FlowableFromIterableBenchmark.fastPath,608.520710832527,613.4379589404493,613.1122214737649,614.3187407889835,612.7691808794079,613.1850072223107,612.7809246916134,614.0611060953302,612.2336444945413,613.7278638592469,596.0833948147093,612.5986180342805,614.1060734236904,614.1636902321924,614.5093204527117,612.6407842025907,611.9032177156668,613.4353303246947,611.9365538061649,613.1041591791903,613.5071758207349,609.0526156111538,612.8410682487247,610.7624024317308,613.7216802865985,613.4648635571516,611.2009147017171,611.4690033748143,609.1380775390772,613.5192052449833
293,io.reactivex.rxjava3.internal.operators.flowable.FlowableFromIterableBenchmark.fastPath,36043710.46821972,36004705.219861984,36079922.73405167,36210040.00566606,36285953.948231116,35988405.35627063,35933285.69978565,35979672.897821695,36149040.80979657,35981396.08756467,36001976.61843384,35864083.529695205,36103946.74553101,35885691.780937806,36078227.249558136,36030516.6989481,36439186.5631201,36539996.30262194,35958375.24060552,35987454.26021328,36041869.35900294,36498474.7206137,35825891.15733094,35893714.498263285,36056180.23004739,35856106.93791959,36017957.54743318,36069480.01134178,35997062.73164375,36843773.81099243
294,io.reactivex.rxjava3.internal.operators.flowable.FlowableFromIterableBenchmark.fastPath,653658.3206439512,654832.410513321,653528.3191545139,655205.2731236203,655397.0236748601,656343.3959224524,653174.7183217279,653785.0148621742,653768.2808588479,655984.6511617182,655045.5933753278,655267.0776659747,653802.5894694669,656280.96730287,653393.2958897544,654352.3972842116,653813.5874631341,654224.2657256408,652837.0708308803,655277.5631053487,655475.7548295901,655981.0811603535,654422.9133938263,655386.5940500296,654539.3892661744,655984.6904093904,655221.5974302546,655573.3654035324,652245.5295902365,655703.898601127
295,io.reactivex.rxjava3.internal.operators.flowable.FlowableFromIterableBenchmark.fastPath,614.0196267909236,614.6157692641499,611.2648366710545,613.2685668456945,612.2094930630153,613.147199924954,612.708271823245,612.4876748845401,608.5368724047195,608.2754836796646,610.0859210762558,611.7367586614863,610.6178082076648,610.4491288747561,610.1666819388091,611.3058127338699,611.6169375842047,611.9816087486606,604.3194873074134,594.6940210057822,614.1312480940524,612.3977894477797,612.5074582525208,612.5743159820809,597.1180643814434,613.9507949135417,613.7720248155067,613.0712185613721,612.5049220715683,610.6061706214664
296,io.reactivex.rxjava3.internal.operators.maybe.MaybeSwitchIfEmptyBenchmark.switchIfEmpty_ValuePresent,26864055.791530333,26967866.694314986,24976021.415841937,24748070.47514307,26947753.481222667,25942751.40632974,25358510.824908175,26375941.84649288,25836520.44812096,25853890.31195279,26834653.12196962,27027121.869328987,25390391.184010487,25994155.00957683,26539557.84329838,25720885.64510249,26897040.363012157,27990341.603675082,25370464.35223794,26144757.327458344,27588350.614742428,25642799.491453193,25248621.53338853,26743170.79630707,24885393.317127638,25515683.583703775,28439723.576417003,26001462.028597448,24461507.944089077,27987593.840190116
297,io.reactivex.rxjava3.internal.operators.parallel.ParallelReduceFullBenchmark.reduceFull,38686.22762946538,38439.63608483244,39409.311744494174,40345.771027468734,37101.9638071243,42415.19977167609,38344.00699354849,36178.85363684366,37175.425267925355,37531.38378602002,38567.32806230313,36936.89196711477,35994.030334672025,44066.683590710374,39645.79450445172,39533.42902059758,36223.401968398764,40172.3706889896,44896.575925508216,41482.66601927909,37993.28566696413,39766.46692316718,37542.547816707905,38559.05488847615,37895.79949896767,36633.57480740569,42379.05781015962,34692.75336667748,33750.68514080829,38361.88794789714
298,io.reactivex.rxjava3.internal.operators.parallel.ParallelReduceFullBenchmark.reduceFull,67.86202693070408,66.64476547258919,67.5676520271326,67.28426950416515,68.1373008244491,67.38202743241642,68.05545379703554,71.1067554448598,72.06329890125878,69.50486471995124,69.52166432266264,71.24347698806355,71.28967996582412,69.86696254380436,69.77124235334968,69.37764471608038,68.85251783793862,70.03242508185896,69.75040709625814,69.58293374215334,71.17507004835386,72.88278276624261,72.26914824665914,71.85691362731517,72.17803280911212,71.73261631402639,71.72194713606979,71.11358565318493,72.05981555384032,71.98541100469332
299,io.reactivex.rxjava3.internal.operators.parallel.ParallelReduceFullBenchmark.reduceFull,17003.7179083199,16130.672105470454,15672.565007958205,16794.244376562765,16663.76954725663,16146.115273613583,16878.316387940304,16616.42822870465,16479.517380853984,18188.819145483438,16638.797098163788,15751.427829384098,16072.976553217974,16292.43800864333,15776.922735938668,16652.65975285593,17166.71161169644,16709.414752748286,16743.182547598477,16292.316064863913,16958.424498906206,15818.798578066795,16256.841569983406,15527.53168964424,16622.309343046796,16418.636080931265,16099.488901971661,16642.887622677077,15854.730422018634,16068.989726546903
300,io.reactivex.rxjava3.internal.operators.parallel.ParallelReduceFullBenchmark.reduceFull,27.438920986383348,27.853493991875506,27.17987008810314,31.75800369426963,31.610164298116068,27.575147170628586,30.66092945816519,27.281899270106692,28.792093330575277,29.97449648973748,30.11669910994555,27.732129756788964,27.633458258868814,26.124515295660846,27.113339569401433,27.07996585092512,27.749122871781147,26.078595698761397,27.990052643181194,27.638215783038245,24.41114908657015,26.707502583194163,31.435858280168183,25.48328333808814,32.778151537548446,29.196746497147345,30.757888359045126,27.452426973573505,25.70733034746185,29.067845893881078
301,io.reactivex.rxjava3.internal.operators.parallel.ParallelReduceFullBenchmark.reduceFull,999.8148502867645,1325.7230520978992,1193.7183946683874,1245.1767899657946,1193.8798240569104,1091.2653416205103,1125.9364127410904,1117.9470327875335,1094.816977256278,1094.9567689168496,1112.514261810608,1128.1560896061067,1087.4075705688858,1093.9651451765096,1089.364656671052,1154.3611407595083,1135.3639271195623,1124.7973002785168,1131.8984223036841,1229.6418938505376,1122.6871890365803,1136.9562419651154,1122.6833954237068,1127.622284873725,1141.7613935622119,1117.5289302650833,1120.3573798123005,1135.4931635425075,1129.8875445524657,1135.4775996852352
302,io.reactivex.rxjava3.internal.operators.parallel.ParallelReduceFullBenchmark.reduceFull,2.893291896854117,0.80385612548661,1.0290674143087035,1.3681099578922364,0.7929179216413184,1.8590084612333246,1.3082688814123793,0.8042349060688172,0.7879272575344307,1.3619853928020011,1.3796937807595184,0.7814431703096907,1.415872501479794,0.7975017498464394,1.2707351420537247,1.3413724286879805,0.7840982005715498,1.434962761594674,0.9649426511713268,0.7833163223660871,1.4648182322655896,0.8062602288320364,0.762571078211197,0.7667514277655334,0.7513681740095778,1.3737809906640068,0.8466423578825757,1.3817487454265456,1.8981200500837196,0.7645083768753919
303,io.reactivex.rxjava3.internal.operators.parallel.ParallelReduceFullBenchmark.reduceFull,723.436046153657,693.9068707588755,745.4564340410774,705.7297993489127,686.704576257771,672.8164449087658,717.3481056049429,786.1797754955064,766.6893650700907,800.5486802743625,762.9618458040151,754.4629664702998,729.4090138523425,702.9226391460262,690.8570043446697,703.6367988680706,695.5145426729615,704.6630484514698,702.6654764253144,687.5403084871245,708.5306721169125,703.212453386716,699.6757499668686,690.7849434498353,693.4373504813183,696.8652778232995,691.9731659725968,700.689782211342,696.4361576259882,702.9305181300049
304,io.reactivex.rxjava3.internal.operators.parallel.ParallelReduceFullBenchmark.reduceFull,0.732714159436548,0.7117000500511601,0.7362897649403098,0.6931428540542126,0.727726983982737,0.7038654270567914,0.7017684577767808,0.686891376375644,0.6996553580265693,0.6939259328676526,0.6944195919388263,0.6939943601854325,0.6965325862566277,0.6933838498044658,0.6941530250250683,0.6885632189443065,0.6964669016213082,0.699737682057855,0.7020816649050022,0.6912694921518651,0.6923393122429355,0.6979164133302785,1.0291899179001567,0.7003874115924609,1.050801334109563,0.709340109918549,0.7002620459705633,0.7100863947133624,0.7048206366734746,0.700647201622889
305,io.reactivex.rxjava3.internal.operators.flowable.FlowableMergeWithCompletableBenchmark.mergeWithCompletable,9763531.179499824,9765729.259780273,9779155.240035713,9764562.550524408,9726968.891049482,9712504.744498843,10048892.246788956,10424750.537723534,9852214.019175256,9902751.924675846,10099153.485514823,9945574.364293873,9747630.545862153,9783392.321062552,9742405.734608354,9687683.27778039,9723066.557082701,9694951.663473764,9747276.666427523,10145133.422342515,10357279.592509504,9713394.373390991,9834052.048432726,10008643.773397746,9707805.6631932,9681692.717730591,9647959.715060432,9683254.159859201,9730598.96333686,9694146.369425593
306,io.reactivex.rxjava3.internal.operators.flowable.FlowableMergeWithCompletableBenchmark.mergeWithCompletable,3680809.5116458447,3694394.813463397,3690203.8000132674,3683297.2146100453,3692710.8296705442,3685786.917749833,3693186.0222758716,3693040.1907262024,3936607.090810374,3750188.7708859937,3671232.4044911694,3681026.7952227257,3687173.895413746,3686733.431642132,3678477.385431767,3673072.599907769,3676670.3116672765,3726749.0470624566,3721267.009193428,3833614.6346560856,3659595.443686083,3955176.788909491,3689796.3880143194,3673465.6074821516,3695347.4781530546,3688345.910149481,3673578.4470555573,3689813.2623546706,3698088.5502112503,3676636.6824153108
307,io.reactivex.rxjava3.internal.operators.flowable.FlowableMergeWithCompletableBenchmark.mergeWithCompletable,54237.27511929801,54368.3115522989,54401.60703651128,56155.21555571529,59493.51379253195,54913.12059844752,53981.63058428877,54116.23829997838,53931.62388034509,53950.01634685495,54120.97116715385,54060.279160237675,53944.97065393596,53903.9788164103,53828.82628433699,54031.25368536405,57527.59534870437,59650.60532644917,53878.21887358277,53997.31114989398,53847.307740659635,54031.343915082645,54129.480952407146,53913.61264100591,53621.60950563096,53901.0570574636,54088.480167795766,54175.239804955614,53999.62097371757,55205.76499737692
308,io.reactivex.rxjava3.internal.operators.flowable.FlowableMergeWithCompletableBenchmark.mergeWithCompletable,550.2362094144049,550.1019376828591,596.9117591315594,580.5750359103896,533.6946679435229,536.0762425321647,534.8866607259122,536.0602825722289,534.092130968463,531.849850277669,534.3384676035681,532.0370618654332,531.8498906868525,533.4101912823729,539.2561446814649,599.3679904288124,564.5798746612294,532.8449801772537,530.650367208655,530.6804794060715,531.8222224674736,532.6148145639518,530.2033996136743,529.0352381138946,534.1366972899116,534.2662990369944,533.0471792332149,555.4782553835876,599.1851968117452,548.7836853859477
309,io.reactivex.rxjava3.internal.operators.single.SingleFlatMapMaybeBenchmark.flatMapMaybeThroughput,15090022.68359122,14074705.071892062,14530340.713184293,15573175.168487113,14494631.102636008,14934554.153742258,15743198.12806982,14392150.133517005,14740766.061793694,15515972.099521149,14227640.500079094,14798526.05265876,15357910.711080095,14594438.039896298,14894087.511227034,15465150.712240111,14848576.128619682,15002044.60079654,15878170.993627429,14667598.029584976,14773372.724283634,15543406.761568619,14429226.195605805,14897356.29436503,15227319.534004822,13582272.192160612,14566980.75629459,15510733.729273725,14797005.061659401,14912061.220080992
310,io.reactivex.rxjava3.internal.operators.maybe.MaybeTimeoutPublisherBenchmark.noTimeout,11901274.391565911,12005823.206178024,11984147.108697873,11939991.852690266,11982164.635683917,11920500.051606288,11916665.044986151,11950402.994270835,11956660.12166528,11929802.053065427,12016880.388602907,12019730.552772311,11948072.628733922,11958854.697466372,11981164.27380299,11966938.119709404,11936858.309260549,11970568.155940227,11955049.23996994,11918615.321815498,11949336.536260124,11879931.078171764,11946351.242015889,12109180.491398742,12079985.700354101,11952906.096851917,11961270.516318323,11942999.09284001,11969372.005822929,11974815.441180535
311,io.reactivex.rxjava3.internal.operators.flowable.FlowableScalarXMapBenchmark.scalarXMapNonScalar,4120048.4400504157,4057704.958233357,4020473.685443044,4154720.7475124057,4144855.768398731,4036040.68787401,3919483.124065976,3944452.811433139,3928635.6394544523,3960972.393313377,3953801.6410894105,4046124.2343204245,4089485.550250833,4097550.996458008,4090750.460215139,4066425.081226428,4171483.298381787,4214634.115706218,4088282.4643076835,4109872.597941377,4083409.9668181213,4072982.195820684,4056458.217557694,4065919.8235211056,4061036.5906782043,4095801.0859251004,4120740.071725701,4076268.2530687405,4066756.727667986,4127655.256619872
312,io.reactivex.rxjava3.internal.operators.flowable.FlowableAllBenchmark.allFalseFirst,18595893.65540529,18647953.153089155,18632769.340082362,18641172.31130928,18581949.341053195,18609910.807977136,18648423.305915393,18625376.289037976,18668349.110007867,18631255.51717983,18753069.666272063,19140752.580136176,18755210.88173055,18621455.007000726,18593949.112097535,18663776.62693819,18635792.52617025,18639267.068185724,18629913.154694792,18636099.46431982,18697567.962289624,18644467.875279684,18620143.437936556,18553488.952453386,18950390.052633993,18564723.37042803,18895293.022688247,19131217.90208333,18507888.61678696,18465509.09603717
313,io.reactivex.rxjava3.internal.operators.flowable.FlowableAllBenchmark.allFalseFirst,18478812.62087027,18527855.766173888,18432886.67403104,18475261.548441134,18522025.219673026,18532853.653067984,18570501.54915327,18552245.455678742,18509036.112968665,18786707.619195975,18911056.5143292,18490665.904106274,18807122.561418205,18494732.12264628,18519780.834076624,18525459.33821726,18537697.71758286,18363566.04106325,18344740.597245287,18386423.71919494,18395887.995752726,18567531.31755899,18631141.498519704,18405798.823385905,18442475.256034344,18439570.019482225,18425182.4111104,18359024.556952603,18333312.302409668,18311320.97386436
314,io.reactivex.rxjava3.internal.operators.flowable.FlowableAllBenchmark.allFalseFirst,18560965.85532669,18552771.771251705,18473221.273110442,18469986.688614264,18469578.171483852,18494169.863944177,18536804.082638532,18825703.751211908,19254679.22101108,18903038.488917824,18531290.036202334,18515728.762761876,18435844.422435127,18360437.702466357,18460288.648274586,18505638.367090594,18476652.31850411,18397892.088898603,18420377.068325225,18397576.634438485,18493953.484240137,19096494.320553713,18802435.56637502,18358617.794803757,18371970.546341844,18436020.055347636,18340599.1368999,18366416.964695364,18433885.01988345,18407252.435534347
315,io.reactivex.rxjava3.internal.operators.maybe.MaybeFlatMapIterableFlowableBenchmark.flatMapIterable,12881189.648601463,12881412.937544521,12834741.054888908,12841068.334315035,12789122.209092729,12803589.978746671,12807820.478347084,13145388.586599553,13076468.738414926,12775008.974672366,12811707.230727034,12834776.446379086,12775717.381669933,12794579.914485842,12743564.186489698,12757567.984052826,12804218.299708638,12773128.830646865,12778651.512787838,12769188.30121345,13142864.715526791,12955136.279423134,12744452.892050361,12802279.18767676,12864349.203401083,12788852.758298362,12793276.650514359,12779651.386984354,12816836.343377814,12794887.285172211
316,io.reactivex.rxjava3.internal.operators.maybe.MaybeFlatMapIterableFlowableBenchmark.flatMapIterable,8545006.777872404,8558801.815385066,8548264.532885035,8529314.598183606,8519500.762772435,8642898.917970076,8600120.7178974,8403872.948306859,8467971.90074005,8535867.673102705,8637778.318620926,8705731.386951454,8529612.921925569,8495849.601229377,8499692.759961043,8516951.726518754,8524962.735162776,8532447.406705216,8691629.805690685,8576556.361586252,8455183.840742627,8500822.387052443,8506756.950913554,8639739.344384471,8664681.122860203,8547125.412423735,8516283.583646642,8539984.066218564,8546781.150390625,8549158.680345628
317,io.reactivex.rxjava3.internal.operators.maybe.MaybeFlatMapIterableFlowableBenchmark.flatMapIterable,1640870.1444254234,1662926.5188446653,1677129.5345274638,1675040.473763539,1684912.707187085,1683462.2700350725,1679680.9360514146,1687287.7762480641,1682263.9359756098,1680420.7940679356,1681744.1859314025,1683792.0005774016,1683954.177599106,1682877.5733978979,1681130.222168625,1685580.9143610124,1683694.6035122368,1693282.5369071288,1687017.5151166155,1687752.7673106208,1692654.9305479745,1691346.0313207102,1691739.3054916917,1689845.236755845,1689626.8652566527,1688669.0527154051,1691488.000705885,1684844.9199253262,1686216.5520675338,1689846.241699463
318,io.reactivex.rxjava3.internal.operators.maybe.MaybeFlatMapIterableFlowableBenchmark.flatMapIterable,148272.6589201566,148208.23047993355,148335.7425146454,147972.79313321924,148171.60088266962,148503.58992058795,148832.80736455118,148859.79343977233,148235.2575292167,148684.3461290541,148610.50497796794,148098.58170366613,148655.0374537586,148619.19906398395,148917.75706978812,148821.67567407055,149034.46136822083,148863.687055009,148791.1964456486,149400.05230991644,148852.20885371062,148421.41534740472,149457.38664072452,148965.0564359417,148639.79726720354,148791.8550451785,148469.40415681392,148827.8206494241,148663.74354735564,148511.4687875044
319,io.reactivex.rxjava3.internal.schedulers.ExecutorSchedulerBenchmark.workerRunEagerLoop,361933.1540834694,371176.5517101431,387584.78851987474,388352.43124421604,447587.9942402175,370113.3044103877,416535.47150333587,419437.52982579306,501322.00274243054,402218.62522958254,388683.3700525605,475341.0731284842,304131.00943725684,412288.64238323906,428050.03334440535,404536.00645768526,498949.6650952635,536454.2552360717,432494.10030819493,326762.0614906316,390647.93849629886,464546.58897980675,319115.3908049547,429273.22099659475,352826.42801522906,301613.70183588436,361518.25914261374,370195.99958495004,452587.2926974808,302544.53487023525
320,io.reactivex.rxjava3.internal.util.ExceptionHelperBenchmark.wrapOrThrow_error,97266379.54447697,97079956.82118498,96731168.99729607,96545632.82941984,96947162.43988203,97146093.53202848,97027737.95466736,96397995.98749338,96986396.98211175,97316120.05187419,96764817.7463706,97017533.04698738,96379758.27089697,96316588.32335576,96736584.4138251,96819941.78074212,97262231.06173165,96382604.12734431,97085771.2418072,97091004.08720078,97409803.99177045,96860818.04529808,96880541.38280316,96485142.44902042,96770748.44132507,96967090.43091755,97014199.47491124,96794803.0793645,97105233.23240148,96892151.12603231
321,io.reactivex.rxjava3.internal.util.NotificationLiteBenchmark.acceptFullWithSubscriptionSubscriber,124135650.24812177,124418751.65888657,124384800.43375568,123909612.1481658,124469719.92333627,124482884.61194833,124419022.36067846,124433480.00585964,124191492.75955841,124199311.34609215,124203441.7677973,124453550.31557688,124503060.11661734,124181831.33938678,124258137.98430869,124208047.04287347,124409477.25907676,124419616.40308438,124450775.80559196,124355689.4187265,123885853.69066247,124419536.85550742,124480531.65719664,124438062.93545929,122048211.02879807,123343598.70792915,124472172.02888937,124501435.18097314,124383673.30519105,124479461.61475012
322,io.reactivex.rxjava3.internal.operators.maybe.MaybeFromCompletableBenchmark.subscribeAndBlock,31415199.654426105,31329175.96326609,31404674.327284645,31942900.141179543,32064987.544159234,31311587.526906617,31358852.64924726,31312609.99540609,31277977.97073248,31289537.677715324,31236187.770852085,31180966.361096848,31308630.763235006,31286503.082045004,31326150.598001327,31369587.471800074,32034109.68462952,32265166.127651587,31379536.31037916,31412215.07901525,31504943.52946582,31307425.354317363,31241068.827344302,31366046.098514646,31249690.605110053,31338008.899075773,31292147.78701494,31287069.82266634,31162114.551131405,32064264.797568005
323,io.reactivex.rxjava3.internal.operators.maybe.MaybeMapBenchmark.mapThroughput,29849019.190928444,29297548.693182725,29244965.13772067,28987596.302337576,29527598.40409045,29319805.071987856,29305889.610865436,29155772.42983538,28947074.023696475,29291411.149210133,29336276.724456497,29445599.978771575,30205562.66465069,29344099.81734246,29292482.146990076,28956638.569734577,29377083.083295632,29055593.374564096,29303113.848360956,29344961.69104854,29024521.708083287,29400273.793265633,28980609.812231768,29295321.262732945,29297880.48205885,29796089.30026301,28999041.39800902,29285229.918376897,28931276.91420659,29600519.07539406
324,io.reactivex.rxjava3.internal.operators.observable.ObservableSwitchMapBenchmark.switchMapThroughput,12302.92817346084,11314.034765612178,11394.124156624106,11940.739157691494,11156.979484307727,10746.174235743521,11992.459879965412,11602.205916518225,11373.120606700135,12467.490984761169,11805.840928627977,11460.807674873544,11762.880442896161,11820.17473904007,11759.856136529645,11588.11130774381,11868.83124051908,11990.251124885493,11282.689220577347,11878.500563086287,12273.882214041374,11266.66364567991,11828.915359435032,12280.62544677844,10908.639535460472,11160.336540313352,12179.017499612353,11298.135816889502,11270.59555286906,12260.419443901883
325,io.reactivex.rxjava3.internal.operators.observable.ObservableSwitchMapBenchmark.switchMapThroughput,1117.1667913122033,1121.5180182400713,1119.3087262634112,1178.2344050219415,1143.8699748848785,1189.3997660925022,1205.8934106267207,1095.0139209119766,1181.6579731559286,1250.0024551831075,1106.6096512396462,1136.902302574433,1220.3345174182853,1131.1403853395996,1147.0338843291445,1214.9703442225004,1140.467074562129,1119.3287879993725,1183.9875367377094,1174.86804469556,1064.623952676937,1209.2024197575472,1186.4443904518243,1173.6648822555467,1222.7657842369595,1173.3430815822576,1170.2187080254364,1175.8255027801176,1187.3899792404418,1173.625842213373
326,io.reactivex.rxjava3.internal.operators.observable.ObservableSwitchMapBenchmark.switchMapThroughput,113.6141447776476,122.59432520257569,108.79930379944358,113.14425301626723,122.29270850256809,110.75751966976219,110.47528174093088,119.9247218130213,115.76226563351759,112.31714656718694,121.67525723000116,119.42063722720661,115.7730380730694,118.11625934469838,119.77338720721812,116.76479949672576,117.04718101638461,119.66738426609761,119.68324273926896,110.92078880261712,119.12807067741363,123.2217648495304,110.60572157219715,111.98453065910151,108.27764819183896,113.95147273977051,115.10180456440513,124.89196582682851,116.34953917502658,112.23730809619124
327,io.reactivex.rxjava3.internal.util.OpenHashSetBenchmark.remove,101505920.81282859,101473444.10742438,100526557.68375514,101260927.38546242,101415354.50722082,101014647.26326261,101452325.28895111,101139815.07500803,101199019.62693381,102199739.49683337,103477901.10124463,103396312.50463781,101080246.80554508,100854187.53938793,100956607.27879675,101182189.58388372,101100097.01696716,100370856.00774464,101398332.08607067,101521334.74892005,101252096.0313074,101740835.7799409,101548022.11782272,102059936.99481973,103054735.7199514,100485240.73958072,100084469.77132612,100788601.07043041,101042148.81448075,101569981.83550973
328,io.reactivex.rxjava3.internal.util.OpenHashSetBenchmark.remove,93714302.77530088,92622008.2224236,93399748.49819784,93441047.27163292,94778131.18782216,96121042.7652678,96434234.80827895,93492408.72031042,94522515.34268835,93723024.49339212,93089129.8825462,93246752.78152274,91847252.5359296,93355682.72742513,92636365.22304289,93349177.19159542,92788418.60957453,93550931.29515181,95014279.93063837,95313095.84745617,93293286.45807707,93705967.90743011,94705430.297446,94279098.04261397,94648323.21865809,93575757.33964592,93865797.5619002,92519508.99347585,93149654.73337014,94574972.7245652
329,io.reactivex.rxjava3.internal.util.OpenHashSetBenchmark.remove,93526414.27162138,92441899.17019431,93041350.90314823,93404556.12550013,93807710.73247242,94396429.7991773,94011950.34561305,93158331.71235684,93432327.73827326,93234686.71733889,93855779.07746413,93281107.08585912,93742769.78058581,92905179.04243986,93309104.20072687,92475925.30133125,93250288.38145478,94765127.25657415,93926289.8675472,93412568.30904904,92422048.26909783,93133801.580328,93192757.58365808,92975911.67582637,94841747.6069662,93109325.85447322,94700617.78502876,93681335.1392526,92896830.46492794,93158739.49285689
330,io.reactivex.rxjava3.internal.util.OpenHashSetBenchmark.remove,47589190.98223737,46984398.8428063,47406922.02714359,48453085.49903076,47800446.27553419,47294515.52991347,50551308.97430657,49219666.9800117,47321912.62077922,47502909.76476019,47195093.79610358,47233372.85087589,47630018.8762151,47658947.54304367,47749904.0281281,48840834.16645987,49488860.61692874,48249756.891071945,48063579.63809053,50437363.90176732,47631308.25523822,47508989.39873933,47275758.04489634,47197355.89693079,47506100.23429505,46612789.53577951,46820258.03784335,47287095.71431319,48933090.97523679,49489116.87059553
331,io.reactivex.rxjava3.internal.util.OpenHashSetBenchmark.remove,34503579.300354615,35634989.128521554,35582667.830033235,34046543.3271675,34697639.159996085,35632474.97787012,33712088.97987055,33853972.663298085,33997024.175868526,33938709.46824401,34169032.55681931,33975635.64257716,34100563.39165114,33969442.5282347,35468928.543260865,35432135.30739955,34387789.51431383,33856398.671032265,33961845.384136885,33861469.12381906,34496220.42424365,34385976.79899259,34127782.28731269,33971863.42670649,34131208.19578205,34088176.14165422,34239916.38565651,36217706.77218755,34802436.93908597,34068672.34551352
332,io.reactivex.rxjava3.internal.util.OpenHashSetBenchmark.remove,34705765.73836568,34816300.210568406,34682723.33617791,33861897.379317746,34364322.51541128,34179827.81951948,34404661.318312824,34119331.31677223,34342226.50042297,34137996.400940746,34073987.31949063,34219244.570112735,34528145.59956186,34336006.55047088,34475550.70077811,34320711.21920625,34483889.60127327,34249826.12582944,33987062.66884276,34371898.59996837,34375533.00684577,34411115.56823241,34732507.33657755,34259967.65638145,34562730.30551041,34746000.484819144,35271087.96184398,34189028.419473924,34774915.371003956,34646490.60940709
333,io.reactivex.rxjava3.internal.util.OpenHashSetBenchmark.remove,45261961.341118105,45334665.49585992,45266744.93594689,45267636.44918197,44460729.62015708,44499770.816346884,45211579.50787091,44827176.02679674,45199695.750112824,44937529.352285765,45073268.05452193,46846789.26310596,47015832.852212794,45502085.77794687,45499014.43284369,46141801.322028324,45668086.21865283,45760027.618123285,45446867.25950542,45699808.359938964,44933853.263073966,45183297.7601659,45064588.69512378,44692602.1615936,46684215.54089597,47047003.43980055,45540520.07782715,45860521.804863095,45418183.014897555,45232447.70388163
334,io.reactivex.rxjava3.internal.util.OpenHashSetBenchmark.remove,37315997.03498099,37286533.16610357,37076388.326341316,36815381.053961456,37367030.32891574,36912814.374117285,37010532.84570515,37335671.46770753,36867714.16385119,37052362.533393085,37900192.32180535,36779981.200943254,36500322.290395744,37449594.48541078,37012707.927669354,36658184.54289226,36958827.93528814,37112650.591752246,36879581.82117417,36596925.88249652,37271577.38341939,37076889.832668595,36891300.82943955,37304954.52099857,37055958.8494451,36592494.52620398,36805345.36559773,37324596.31164135,37086864.29416892,37052818.33476094
335,io.reactivex.rxjava3.internal.util.OpenHashSetBenchmark.remove,36857381.057102956,37167241.58919232,36976435.78085494,36789056.07423934,36873735.833195016,36519658.97038169,36926336.45397642,37018461.0069831,37004484.50096336,37444108.55671667,36104083.63636806,36459914.5751189,36515703.171840124,36182359.55005045,36390461.39682436,36210346.87949143,36339103.69647554,36676939.25130835,36398781.18540276,36949744.35834879,36508552.673383184,37069562.46964164,37682827.84784251,36945345.95016984,36834736.8935244,37464634.40869202,37180552.77610991,37007111.378125004,36687099.7588061,36890490.681113034
336,io.reactivex.rxjava3.internal.operators.observable.ObservableDoOnEachBenchmark.doOnEach,299295.03119170264,299582.6889279343,299588.7331756881,300039.3538478149,299278.09008007916,300483.8524419066,297941.35544919386,295487.949547999,298677.12119622,299244.61311644636,300318.47371873015,299491.6357950236,300254.0128129298,299202.66203863936,300001.8685244406,297637.1998828943,299382.03885339195,300588.1095795088,299074.8543692979,299188.20105447114,301039.14613767294,299564.702516374,298180.9381855837,298364.09397726407,297741.85465018975,299371.64113925747,299604.6066571215,299693.67973690113,299030.51825103164,299717.2995818985
337,io.reactivex.rxjava3.internal.util.ExceptionHelperBenchmark.addThrowable,31764162.70643208,29515182.95790702,32376464.32323795,32699429.92427381,32384058.112424225,31458635.416681595,32334496.818906255,32343651.109721042,28708346.626075234,31089387.915861547,32386514.35619577,31992177.431914914,29911301.039590195,31017953.026219837,32386978.277959518,30830731.20807798,30736614.334125165,32291571.468474828,32484828.885014717,30601389.315628782,31188512.458935805,32395515.71085993,32515413.66170022,30073598.41798318,31734118.340405818,32374651.014058392,31583561.288286224,30212298.8676825,32388862.16583961,32962433.103957154
338,io.reactivex.rxjava3.internal.operators.observable.ObservableUsingBenchmark.lazy,1688061.7305846522,1747084.6582668556,1749952.4629050917,1657398.327248681,1666945.1501684184,1709236.6857789136,1649546.7946789095,1681072.280460751,1696593.9075067248,1676922.6954671508,1691869.2963611216,1670776.735236441,1699541.9206862191,1692067.1954013584,1758712.5306689835,1754499.1677221386,1748609.9932377676,1730295.5881272864,1712697.634958679,1743140.3920958177,1734469.4407846811,1701758.703693391,1721721.9004944677,1737194.0605671215,1752376.096911259,1740537.1501860223,1745988.8529099973,1794261.2713845512,1745957.6257302975,1685994.2855740122
339,io.reactivex.rxjava3.internal.operators.observable.ObservableUsingBenchmark.lazy,218373.3671823785,211485.6832097119,215037.2275406639,211731.57203298993,214573.34342947192,211433.57049762987,212120.62138418516,212899.52963386054,214188.3393726162,210417.25010629906,212010.10140872697,213739.69961971176,214088.1568630312,219618.01199243258,216893.6316406557,216481.10523403547,218751.93343754223,212364.91999124165,214218.23136112117,212093.59553657737,215828.7480690565,214041.54809491098,213835.40284571642,212090.47815835598,213340.36490909962,215152.17058522353,213210.62354972417,210093.64247339263,206229.39674094575,208509.57932869636
340,io.reactivex.rxjava3.internal.operators.observable.ObservableUsingBenchmark.lazy,21459.38550313167,21822.13030081899,21976.3613889144,21944.385293879146,22100.872455865057,21737.71538797143,21478.3710473838,21692.711443552376,21455.62365432004,22034.764294126348,21892.311424127547,21947.235713311562,22608.449670780727,21603.76820361616,22803.514148327555,22497.891348910107,21955.98255976818,21699.455107293637,21661.346563819556,21718.976384642992,21810.93584444015,22248.010738615827,21194.506274781274,21307.975337491407,22404.603050595193,22008.932456731185,22000.506495616544,21583.73843048874,22169.843214868786,22167.29711934294
341,io.reactivex.rxjava3.internal.operators.flowable.FlowableOnErrorCompleteBenchmark.subscribeWithSubscriber,292119.6380834891,303743.5421782815,307396.40895324276,308100.69258617767,293641.0465918782,288281.9394318145,287868.49975640944,283785.4811011555,300157.02694665897,295061.234433277,302140.513864488,313657.333289751,309176.2530953121,284164.606025052,290557.86261069693,291692.7886502165,288029.9560772953,301560.0579201463,300170.4559964576,314870.55437367817,311960.8627511679,314429.698626938,302101.9960735044,312869.02875861997,303024.89215937513,298610.3947131961,306683.9771474412,298037.47187952424,309698.08808811166,304453.22700118535
342,io.reactivex.rxjava3.internal.operators.flowable.FlowableOnErrorCompleteBenchmark.subscribeWithSubscriber,30579.063280623697,30337.492897876306,30668.225226291972,30902.903997889192,30250.93349823087,31035.132951548476,29542.191457932924,30398.614225631594,30930.39569196286,30859.827508106977,28978.46310942555,28645.95242407049,28777.20295000738,25407.861673860425,28074.98159829091,28406.57697252656,28491.99316646132,28568.344813399883,28329.288320533986,30485.0967828796,30225.6543657812,29687.865389160557,29910.782421779957,30721.971543462325,29274.366267929716,28602.9659571508,28022.027523556822,29374.744112190227,29142.16421910863,27927.41106273608
343,io.reactivex.rxjava3.internal.operators.flowable.FlowableOnErrorCompleteBenchmark.subscribeWithSubscriber,3005.080112479818,2835.382391336754,2975.9000157112723,2928.931964958978,2906.669359364507,3024.8204787312907,3028.5085441262213,2896.34464315077,2874.0795645231433,3026.4118781430857,2775.1739543319113,2745.729952307821,2962.638261899229,2819.89414049375,2873.75153992499,3002.4129111817606,3025.679211438645,2983.472826318535,2949.715455698566,3100.5102816229014,3083.192798542992,3006.341728408806,3058.3470795986705,3052.054170630922,2993.4537245837014,3086.3076856325742,3022.0904777050405,2891.06630001488,2918.4351153282146,2930.563142874661
344,io.reactivex.rxjava3.internal.operators.completable.CompletableDeferBenchmark.directSubscribe,100597918.6331885,100623182.41744816,100897713.5855793,100504177.92329115,100105372.63644662,100626219.17279163,100914890.0127332,100780000.5028361,100590332.91020998,100277677.81937434,100522018.87122838,100635293.77087758,100610777.39863424,100257243.9174104,100494429.87092167,100428053.8037273,100594480.22228424,100625087.06136295,99997443.57851072,100890911.00864604,100381835.92956665,100633463.84291613,100528156.76007149,100824518.45211093,100491931.68350326,100719479.34859261,100191250.78815843,100438357.64282316,100285578.59766091,100272611.90369436
345,io.reactivex.rxjava3.internal.operators.observable.ObservableRepeatBenchmark.repeatThroughput,16903.372082194277,18474.29189869672,18698.048979245785,18196.087680307068,18194.104329816713,18421.741973842716,17851.875563913854,18229.438976681548,18635.11284111691,18745.852863020926,18691.587532804908,18742.364989931775,18505.704206228704,18749.951345300116,18210.34697121934,18015.059572217422,18802.113329939588,18612.873322618576,18787.597374342822,18991.17736347786,18824.86061462962,18490.277825218982,18756.384016645825,18627.87243625356,18567.132652672135,18882.57934020766,18521.995379835935,18302.309461785873,18170.444416440616,18484.07155867964
346,io.reactivex.rxjava3.subjects.SerializedSubjectBenchmark.onComplete,166006974.37196007,158722848.6976846,168978864.11066607,171716877.52624357,168512287.86819825,163912495.34255946,159158128.95120242,162400702.4593531,187027780.1536103,165555435.35972366,168035949.85916516,170206498.38227633,163047531.28270096,157243981.38891846,162157240.17648044,168426706.01461604,165358442.82224518,159776177.16831756,164612033.5797309,163071757.62551755,159926314.89236987,166699804.06407332,175443687.62566096,171913943.03601897,170196498.76682895,168135699.90163735,163050711.31468868,162984711.00551522,168230768.9931866,163895015.54443753
347,io.reactivex.rxjava3.internal.operators.observable.BlockingObservableNextBenchmark.iterate,105624.04152779566,112179.79544769358,105146.78419075231,105261.27196153093,105259.03118137782,105287.82354790333,105355.06917205261,105231.61931291962,105102.51238762322,105151.67111600349,105081.66201882855,105168.03703460401,105253.30368007549,109043.27159396956,108646.109311406,105116.12439880201,108477.08353536518,105196.9953555051,105236.3099779558,105261.98329682069,105293.54260846076,105230.53557718937,105225.12734002827,105049.64128212562,105352.6405440545,106187.89920715525,115575.3550895186,110356.9316372007,105260.12722172192,105374.31194348885
348,io.reactivex.rxjava3.internal.operators.observable.BlockingObservableNextBenchmark.iterate,11071.307390080983,10606.47842642338,10799.941519331573,10616.605932820985,10604.581606837284,10595.905633674343,10612.119098605745,10589.496956536577,10592.328119061209,10613.974235467125,10614.339904815659,11063.793625083905,11717.225642181347,10825.40436460105,10598.942935624202,10587.184966739705,10613.290512142554,10606.129767052613,10620.167240826146,10621.955766150586,10623.141065929114,10621.179397058604,10618.90762612256,10637.13004231949,11009.125269951675,10633.7592742354,10626.503221600893,10616.668043443937,10628.647759660129,10622.363593021404
349,io.reactivex.rxjava3.internal.operators.observable.BlockingObservableNextBenchmark.iterate,1096.308664467261,1169.6574295623723,1063.0145663627195,1060.4021293734272,1061.4490569898676,1061.9197430268505,1068.0342428523118,1062.0400379403063,1065.8616405004466,1063.2545373582946,1145.3425401670104,1143.845927385119,1062.7387129345605,1118.9035650584383,1165.831490716332,1064.016188287969,1065.5383885248616,1065.1909682861492,1064.679880570949,1066.4732816438755,1062.7195270624177,1066.3610854901842,1075.0111692511541,1160.2222960336348,1120.8028440549137,1066.0073723111693,1140.9141701678925,1119.6379124580249,1064.1114945689337,1066.8523657690678
350,io.reactivex.rxjava3.internal.operators.observable.ObservableThrottleFirstTimedBenchmark.throttleFirstTimed,56685.06819158806,58037.80928775868,58967.060124028685,58368.479469900085,58125.12736746283,58068.61401832061,58076.60548561894,58935.916581045494,57743.06981688832,56042.28151947949,58210.23751042866,58486.51245643217,59515.77678815808,58210.26021174279,57701.810479629996,58041.80881028178,58473.71538491453,55473.30939542287,57088.77624499241,59799.50238126236,58136.02616342573,59870.56298091718,58165.57284950456,57835.71980634209,57426.92404915101,59912.322458397015,59652.36976038682,57650.91085899205,58822.7748980672,57874.351691512355
351,io.reactivex.rxjava3.internal.operators.observable.ObservableThrottleFirstTimedBenchmark.throttleFirstTimed,24104.276630658314,23835.660102203015,24296.194525488616,22964.564017752124,24481.352835437796,24551.091167707153,24603.76053635546,22569.55184727527,22570.144997767195,24573.638030685786,24186.736267827735,25402.947936911194,23595.014459841026,23385.60832244873,24730.314688013066,23808.92155108942,24519.334769379137,24238.522686280794,24838.38677161757,25328.90204275425,25816.67813444616,24010.647763797304,23068.879821333634,24569.06437094865,25499.608078393434,24233.702624496294,24430.66339840547,22695.767506345568,24656.569327221358,24777.763862138683
352,io.reactivex.rxjava3.internal.operators.completable.CompletableDeferBenchmark.deferSubscribe,110609511.8593111,109213561.9266003,109671853.22959402,111830708.44975945,113055511.43999915,111670611.25009441,111692527.47134583,112474100.47890386,108064955.41310997,106818589.61498344,109682368.1811851,110153062.96394444,110728258.43758649,110519693.25012152,109444531.35008603,110672723.86322625,106553332.20811,110742693.23975867,110787605.49378744,113126910.72437692,111790746.32966228,111373028.22343954,109701250.73916063,109454891.18292764,109643404.41658644,109115953.31345575,109794816.595495,110564691.6974063,110436996.31149258,111621464.42618886
353,io.reactivex.rxjava3.subjects.ReplaySubjectBenchmark.emitOnNext,10052005.01736639,10234471.134599501,9565502.66095213,12038968.417982733,10548192.896159437,10421238.144723685,10165087.935432313,10487448.900633367,9424888.522427132,9967131.844293684,9746375.644968549,11156563.254686113,11053557.024798233,11750949.498241378,7841761.427153415,11759617.359097997,13042116.548345657,10286880.473646699,11783297.185457686,8753587.416948272,13711213.395811876,9487562.272111235,11414293.031684857,11354912.007413795,10163199.930959875,13219052.173416916,10084316.973030813,14220662.034571081,9955627.496604303,9182717.94040403
354,io.reactivex.rxjava3.subjects.ReplaySubjectBenchmark.emitOnNext,11091620.59189543,13847470.953748869,11105022.32421918,10918388.727571163,11503847.461457012,10106155.460145952,10659809.550130755,13074394.979256423,12599264.396874012,12720487.244496986,9249689.816658504,10807794.822651614,8966172.51195894,10808625.983671097,11116540.660716323,10475946.116338741,13519086.386848334,9965038.727040034,12162899.008375622,10551788.881739747,14966577.913327366,11527876.557129161,9552969.105822563,10175115.821503362,13248528.777304702,11334677.992370617,10185324.355559777,10633361.770785823,9543174.220698183,9994980.850136021
355,io.reactivex.rxjava3.subjects.ReplaySubjectBenchmark.emitOnNext,9304181.880387008,11827105.827464305,10725933.3345619,11867821.938631121,12154907.416959187,12929593.100086434,8660266.124165745,11988434.436019387,10729492.335193472,13774097.557286736,10464499.347604614,10870308.304938423,11718210.496829128,9516076.042997349,10530470.600943027,13266530.345267626,12607682.23551245,10120953.294623489,13059361.478968794,9538774.865262441,13908122.058694424,10404711.185115958,10083369.299284425,11831964.415507076,10635307.201167293,9716888.650997723,9587944.554881893,11985297.398117272,10833044.52228774,14004489.18943569
356,io.reactivex.rxjava3.internal.operators.single.SingleOnErrorReturnBenchmark.successPath,40308329.19037631,41510440.3802447,40217913.008688554,40205268.80561373,40186008.011159435,40191477.67285889,40092016.10112779,40489025.57752787,40618550.03447561,39801404.39085699,40135940.78675834,40241448.59557744,40150367.698180944,40166914.16739945,40038565.96152513,40077221.03219227,40082555.19877541,40058789.22757381,40061784.72595691,40044940.11499968,40932229.96079998,40974430.623729944,40122878.48642477,40137154.873643056,40217345.82817965,40241700.844703265,40821481.189560205,40476404.68060958,40064133.2843894,40183974.04725507
357,io.reactivex.rxjava3.internal.operators.completable.CompletablePeekBenchmark.subscribeAndAwait,31996899.162924662,31937667.990041748,31990858.061270084,32054398.996430557,31971506.04643934,32004768.201542526,32002874.986787096,31945648.041835956,32364381.570861965,32418075.84619507,31864517.53751197,32092548.48341624,32608998.47230787,31914448.10270701,31885155.9649276,31677878.502140153,31804814.22568637,31792271.415903583,31728989.4703708,31662902.887479305,31711124.741053224,32473502.240518704,32506034.081229802,31849334.82871551,31896789.5093648,32126448.696868848,31954042.916115668,31865957.379436675,31802218.605553567,31798441.079044044
358,io.reactivex.rxjava3.internal.operators.maybe.MaybeIsEmptySingleBenchmark.emptyMaybeIsEmpty,89289586.2285131,88612879.10014758,89835539.4747188,89753902.34240407,89282228.39111787,89464192.10972892,90096768.51953736,89964832.6978669,90125059.34862065,89831661.51136921,89394201.35712273,90061330.52067474,89764796.94470486,89009539.73908564,88673617.16703212,89187320.6793385,89398278.64814723,89739127.67584321,89614608.35902825,89903056.60593559,89889791.51135604,89762645.51700029,89837860.81855868,89856816.6777725,89414569.60199523,89843669.24688286,88796040.6321248,87654711.15343039,88465171.43994108,87606700.74717346
359,io.reactivex.rxjava3.internal.subscribers.ForEachWhileSubscriberBenchmark.onNextError,82160464.3088461,82458361.73069093,84899439.74814866,78602230.38034558,82595109.8104744,80559223.16308449,87825542.66665237,79863732.84631607,84051631.37152474,79629860.52160522,87375694.30110945,80191820.24682538,84598330.30963522,80046361.50550643,88036694.01752394,81535887.98603012,83605229.04397145,79157525.08197232,85059343.51528668,83845684.31821169,81244965.9685094,82196561.95761618,82725101.79571839,84949516.86391649,80776676.30362938,83855892.2906361,82759399.73733157,84613681.70020236,78681836.74794155,82970193.37312883
360,io.reactivex.rxjava3.internal.operators.maybe.MaybeCountBenchmark.baseline,35167690.693725474,36099436.07585705,36149388.38592139,35465216.56002668,35284135.161286816,35347437.1337899,35450023.08716134,35356012.45596245,35279958.04239591,35289782.99271208,35134650.59490617,35254959.06349828,35300792.677308924,35320813.2228829,36551112.40460969,35375962.66101374,35166873.99820793,35394914.87017901,35336772.99043518,35151625.6058591,35090684.20286804,35274131.3597121,35333922.205804594,35376958.36287544,35188437.35580414,35112826.72207687,35650833.97879808,35413767.03498633,35151267.99193982,35855152.29116345
361,io.reactivex.rxjava3.internal.operators.maybe.MaybeDoOnLifecycleBenchmark.withLifecycle,29586781.425424844,29436818.673013873,29411595.532248046,29403310.119455103,29427500.134897582,29468081.539293423,29391982.34174629,29342379.589516222,29751725.767849572,29611391.981705584,29299744.256842896,29266212.26788709,29284337.560202606,29241740.819412746,29299122.474622976,29536905.458785415,29284787.499311574,29428707.30245577,29412784.770873427,29358089.725535333,29780042.81526633,29778409.42468227,29238261.34851407,29250574.453915495,29407584.233711757,29320234.55036477,29087855.96281915,29207826.858137615,29218638.15724172,29231139.393281285
362,io.reactivex.rxjava3.internal.operators.observable.ObservableGroupJoinBenchmark.groupJoinThroughput,2093.3922882187303,2095.563043671949,2107.4579133531533,2101.4916701799,2103.889082967546,2097.2709005495913,2110.1650498930585,2141.9837058429907,2129.4284635298172,2090.4985939122503,2091.3007903111657,2091.786516451704,2088.459366789097,2106.5984022937837,2101.3724556595307,2093.2486451448144,2007.4620555338602,1987.1749229848017,1992.545719501411,2002.066930700746,2016.5255075150308,1995.8644987633145,1979.3435942425285,1981.456730138101,1980.1869589968794,1974.3229572741998,1967.5899522863535,1957.0618021855885,1946.1668654265795,1968.1030154015975
363,io.reactivex.rxjava3.internal.operators.flowable.FlowableMapBenchmark.mapConditionalSubscriber,121141.00364509631,121212.49259531427,121361.26871408497,121557.50766713108,121830.12719703444,121317.17020726883,121342.17141180762,121551.53005515822,121250.38145172012,121902.227062425,121937.24844911609,121360.9353231259,121008.86141039229,121144.16262346153,121076.65800465371,121209.3325170369,120852.28857352996,120806.42913232699,121896.25628529041,121907.32290941909,121507.97173589886,121042.83146180083,121445.18232995606,121629.03100146036,121693.1666380572,120559.13673277563,120008.93891405218,120127.5983958958,121161.01483004482,121592.48181525688
364,io.reactivex.rxjava3.internal.operators.flowable.FlowableMapBenchmark.mapConditionalSubscriber,11214.080120221819,11143.465035674033,11156.944731539512,11172.73446436722,11182.951766016213,11189.126850652186,11179.177637334642,11134.166718962753,11028.02654506884,11064.79287535647,11114.599716040175,11111.684121031336,11073.663829574996,11035.870820733493,11108.763616826975,11094.768529844161,11077.560765757906,11123.91737586531,11032.41257925121,11054.470558725847,11014.268542426098,11082.853179601534,11042.093123933824,11061.454415883845,11096.263896045664,10909.00269897326,11099.985727704145,11080.679980755252,11042.728827313773,11057.146476749167
365,io.reactivex.rxjava3.internal.operators.flowable.FlowableMapBenchmark.mapConditionalSubscriber,1124.2123678214055,1127.1228448240868,1123.3796933243198,1125.8238547255135,1135.0158958176903,1135.4709897432335,1136.712157200705,1134.055959652611,1133.743201496145,1133.632501282999,1133.472127295181,1137.8378091851653,1133.7648673703911,1131.9000781249033,1134.9139542287323,1127.3123811580517,1132.3066003486917,1133.9602490234704,1129.1258431925846,1134.624938380369,1135.0156780834643,1135.371563891785,1136.5472791223071,1132.6697010558055,1130.4300801099516,1133.0796198202531,1132.8699182116413,1137.7348463431204,1134.8288940307139,1133.3548592800971
366,io.reactivex.rxjava3.internal.disposables.ArrayCompositeDisposableBenchmark.benchDispose,7694985.551662259,7406576.337805978,7201147.757040245,7143130.8118722895,7546087.937609343,7303358.02275645,7202546.867211243,7298095.251914174,7262980.371411097,7309478.578779902,7258421.275187352,7133086.177813943,7099990.446212292,7080859.043969293,7116153.27254639,7077336.907197741,7210675.802344648,7352682.701792606,7118386.361795263,7011078.763227313,7059222.492046356,7045786.490080611,7059282.432845393,7141047.862450755,7198649.052182551,7241721.947656992,7219144.543536555,7135760.565883889,7101081.4787910655,7145128.527356412
367,io.reactivex.rxjava3.internal.operators.flowable.FlowableFromIterableBenchmark.slowPath,7601025.868297783,7625448.968367393,7585578.4924933305,7588863.072447999,7576823.650422372,7549497.745521587,7589621.525210927,7586012.91781879,7592240.281841359,7626338.6572222095,7580796.900850861,7589682.882590684,7594547.07593217,7594639.112647411,7586279.086587179,7550326.340226788,7574023.47244356,7588467.130583611,7587904.690045951,7587741.798501558,7577303.737145521,7578754.719761393,7578681.028568292,7594744.489481039,7536439.438622573,7568549.001092646,7572639.732487728,7561746.856938705,7553756.20417734,7587487.579314109
368,io.reactivex.rxjava3.internal.operators.flowable.FlowableFromIterableBenchmark.slowPath,82117.65269987824,84812.16924451469,85649.43008885019,85612.72081937529,85591.79566889434,83663.06428768157,85218.41025208189,85387.26820512832,85359.95605585225,85384.7342233296,85129.34744021873,85423.82909612055,85636.46606294076,85631.0789521148,85624.51270221436,85636.90814724469,85392.54447320702,85476.33272342084,85629.32869525655,85513.64700307712,85430.07897116103,85428.24628285834,85598.44984320168,85271.98544934376,85630.29913473499,84474.09383342705,85630.34338652692,85406.6978354349,85500.4783712462,85369.94347639583
369,io.reactivex.rxjava3.internal.operators.flowable.FlowableFromIterableBenchmark.slowPath,85.01395501600251,85.17068292504754,85.31240242610974,85.28142620754076,85.23798249458038,85.1476918695366,85.0534308421732,85.35685513116536,85.359420315601,85.3104393021591,85.28940847870915,85.11885227988307,85.19228816742397,85.23085714205297,84.98736543830448,85.33952075289939,85.14297010523198,85.23499148894417,85.17659302020785,83.90325007160018,85.28066196563364,85.32834281326096,85.1294645630479,85.02672627290644,85.0968957485589,85.35344653291834,85.33215497168298,85.29424598222818,84.97986325658259,85.2782715676166
370,io.reactivex.rxjava3.internal.operators.flowable.FlowableFromIterableBenchmark.slowPath,26757311.282870084,26745047.69221847,26853731.41722612,26851598.667878624,27356847.614964478,27323993.187251467,26873089.710309528,26804661.064067706,27024012.895548724,26797514.58289271,26859084.45070439,26870329.730573382,26814302.121194556,26809704.058679048,26435673.139097895,26838726.089262895,26847379.556912206,27198222.474142298,26998890.672941644,26795477.25058615,26871886.46111538,26878584.793415744,26799530.800665505,26755766.253815908,26860829.86008254,26840715.661927972,26868789.33374795,26883832.601483785,26832489.845995903,26891874.995050132
371,io.reactivex.rxjava3.internal.operators.flowable.FlowableFromIterableBenchmark.slowPath,416770.8047013321,422918.60704936646,422372.59740424174,422047.4662868413,423577.5895444452,422779.4475131812,423905.60084142676,422206.01460772456,423558.7119170202,417192.46621434693,422355.43804785406,423005.0375301776,422672.9814065286,420264.87897838914,423718.2414699314,423027.63648229826,423758.83508427045,422106.5102311142,423188.54896288883,422198.8212969844,422877.1324233254,423707.6331953243,423067.8904976311,421929.48211474245,421373.92286702245,423703.6799596012,423584.41948846384,423660.8015924037,423177.1472371724,419251.5471474639
372,io.reactivex.rxjava3.internal.operators.flowable.FlowableFromIterableBenchmark.slowPath,378.5372404947187,378.9989791792153,372.7519518408955,372.5031091626134,378.72141555648795,377.627611971145,378.9363621852073,377.0189540783463,375.455604016944,376.33352048555696,378.7741710514774,377.93935925186867,377.8765658640074,377.62763121118104,378.6610952904263,379.268577892654,379.26105761612826,379.1733800394579,377.42905212740436,378.0998735113263,379.1395167062086,379.3689020011826,379.2356600081451,371.27339642933083,377.9415811918536,378.46775285134237,379.7187946899668,379.7914208304285,378.56472211829646,379.2700435996366
373,io.reactivex.rxjava3.internal.operators.flowable.FlowableFromIterableBenchmark.slowPath,32201373.318940274,31992586.508309428,31982552.566127367,31831133.533491373,32221954.509316694,32062799.462653697,32006862.374656763,31803418.726530477,31871282.94069557,31971074.338781532,31996916.326517213,32071487.968687955,32090724.614126515,32154389.09514661,32007634.246444806,31970633.4492518,32023666.621388894,32008751.49660229,32037364.278114963,31924488.76054395,31893177.267670177,32004664.031149186,32025262.72610932,31933015.37431168,31995650.90229243,32244802.56404889,32508403.987388022,32103199.91256881,32054946.30829931,32040862.426366925
374,io.reactivex.rxjava3.internal.operators.flowable.FlowableFromIterableBenchmark.slowPath,522833.94863508944,521603.01504153915,521762.0839975257,522656.5889593014,519200.2315733068,521411.1447301843,523200.67551770294,520056.9802169524,521248.50637766445,520402.20129825163,521241.69742139115,521838.2345516961,519756.81465167785,520432.05522696255,521267.2618988287,521248.88906813186,520347.81226079003,520618.7934401746,521630.6245964135,521734.9055659821,520804.6468442452,521331.0418837236,522039.42318678164,522393.1185234391,522734.6156617742,522616.3849566548,521654.51053601207,520247.48395613435,523109.8159709195,522947.20562908234
375,io.reactivex.rxjava3.internal.operators.flowable.FlowableFromIterableBenchmark.slowPath,486.4493859941956,485.99213907715045,484.26450729881117,486.09034705159945,484.90741711175826,485.23419805105965,485.64083654907677,485.42561625615997,483.13098070985365,484.3943148019546,483.4113755887485,485.5708752822567,484.6354591461721,486.11787300739735,487.4375501977648,486.2774112180265,485.15904084369083,483.35056631229827,485.1034453951172,486.8196634974933,486.3609076628647,485.0719583889225,484.93935881811916,486.11808068906925,485.44979654054873,485.94920178614046,486.36139095738565,486.7269320760243,485.3303906307076,486.5852002277766
376,io.reactivex.rxjava3.internal.operators.flowable.FlowableFromRunnableBenchmark.baselineRun,82963008.94774547,79975878.13116238,77592230.66709441,85840464.96578644,79122658.38111529,79793865.9277656,83977458.11289881,78666089.26560345,79995771.38669069,83993033.00177024,78598006.38145739,82440675.30247492,83647394.71059293,79003338.24359818,81610791.56897305,82567640.7784525,80472462.2227396,82267916.21901563,80126566.74231169,81022389.330891,81801458.79499319,79721931.69978307,82084166.95784084,82439140.40069622,77613287.20231664,84082631.41492395,81711253.63013858,77597461.9274127,84073911.7040892,80823579.65350817
377,io.reactivex.rxjava3.internal.operators.observable.ObservableWithLatestFromManyBenchmark.withLatestFromMany,13466.620439002367,13458.55792674778,13494.787209978653,13518.415896285953,13471.905744455906,13479.378384986398,13528.906850797548,13545.606852306719,13530.062001391629,13542.158964217528,13523.287052306603,13608.632022590109,13756.85382021026,13542.840272416111,13584.22723695322,13745.98253611866,13576.10950224942,13560.878197192877,13554.20970824875,13558.941060262134,13551.827672043575,13543.801265237616,13545.53320738014,13520.828028147349,13633.716112953643,13603.06710165817,13537.067120093552,13624.372229800767,13659.845811328172,13526.310942499988
378,io.reactivex.rxjava3.internal.operators.observable.ObservableWithLatestFromManyBenchmark.withLatestFromMany,1345.1725050269802,1353.6223907906203,1328.7295835987939,1340.245661492868,1341.0348719540382,1335.1005088209731,1340.8533388026551,1339.1597843680918,1339.0836101831237,1337.2833551990823,1350.1875932366574,1342.4955425324424,1333.4511994905329,1341.1970105965886,1338.4625323393639,1336.630469793799,1333.349982550057,1334.620764840429,1333.8911718209647,1334.7293515904605,1333.5133862966932,1334.5371104650867,1338.3849280789693,1351.0034606683107,1338.6317009214938,1334.3281364280895,1333.9740075164636,1336.0475490708855,1332.6997574043542,1335.6681051752175
379,io.reactivex.rxjava3.internal.operators.observable.ObservableWithLatestFromManyBenchmark.withLatestFromMany,125.99328254214798,126.1198565637481,125.72135194986643,125.73222669375582,125.81177149891921,125.8575923859305,125.41035936746557,125.4669526479396,128.22650209241098,129.6731185762886,125.19724540344995,122.52166781251653,126.54824541600081,125.38239066775444,126.48453013176673,125.92659084201547,126.49505249562607,126.2174698621702,126.32782191339754,126.11147366725451,126.24225146307985,130.21766956023217,129.71452815786603,126.12842633928288,124.94945357279893,127.68350540476249,126.52323237226372,125.03616314124301,126.3044380494419,126.22366827060341
380,io.reactivex.rxjava3.internal.operators.observable.ObservableWithLatestFromManyBenchmark.withLatestFromMany,12969.404665417644,12963.83193281519,12968.48312866832,12971.556113349801,12951.948288846997,12958.0960820916,13035.642598536215,13494.659597211661,13088.175785218102,12980.417971038596,12945.75213306039,12957.374288395613,12972.118557516136,12971.710471422279,12964.899223838333,12973.992206233404,12965.5032915689,12988.243876394492,12964.33057382649,13261.07709533955,13456.96642423682,12992.001772535808,12981.440512895335,12969.18012733989,12985.665554050669,12982.2328149518,12988.42678176084,12978.90607165676,12974.227086369783,12983.52196884259
381,io.reactivex.rxjava3.internal.operators.observable.ObservableWithLatestFromManyBenchmark.withLatestFromMany,1285.4860176981138,1278.311326390954,1272.6796525319814,1271.7213849203847,1272.736380658947,1312.840650027581,1310.844603304812,1272.6701926102658,1275.387792178162,1275.963536095593,1272.6676733811207,1275.8422472095015,1273.069435892071,1274.8969309576166,1272.8109773873703,1274.0023860615825,1272.951932847417,1272.923685679196,1322.2288417615348,1296.4504489156595,1275.1771970143352,1269.2420086724208,1271.8498250600562,1277.4481487869648,1273.6212123152454,1272.4273224522658,1270.1462153349291,1271.2652785885662,1270.9899836606744,1268.4932572396249
382,io.reactivex.rxjava3.internal.operators.observable.ObservableWithLatestFromManyBenchmark.withLatestFromMany,119.57709336796482,120.09225089714742,121.50045634127339,124.91337544713505,131.06081583463433,126.25824204483824,124.67714914567303,124.58553184271841,124.72517182563736,125.35284625083321,124.4561373828647,124.75142779007118,124.8504003799024,124.46827873241529,124.65507777926875,124.95564212155891,126.13888089032643,125.2402906435919,125.17473237753981,127.07644928521175,124.80268483363238,124.54784374991151,124.98227188964381,124.88759117693347,125.14313792660084,125.13675647400298,125.07843112511718,124.78169068868942,124.64435077819238,130.02544034093043
383,io.reactivex.rxjava3.internal.operators.observable.ObservableWithLatestFromManyBenchmark.withLatestFromMany,12068.094796345516,12100.252785190009,12140.080838059508,12177.566495999272,12148.188537450264,12271.093845095384,12118.815361560777,12183.785118234506,12192.648359580802,12195.165045829972,12188.38625381019,12169.283010183606,12197.293244953527,12190.806349387107,12295.85333790112,12411.584930378918,12264.112188654552,12241.524504568415,12181.473370543245,12186.409259253753,12189.800560194279,12186.840446505195,12195.993476854348,12196.670489736596,12193.72392679106,12214.751774516162,12210.691050551453,12377.521777329177,12418.52075548169,12221.47143612454
384,io.reactivex.rxjava3.internal.operators.observable.ObservableWithLatestFromManyBenchmark.withLatestFromMany,1221.2594587956728,1232.7339809378495,1188.359038350562,1192.8608432397493,1188.1779103973972,1186.4414482814195,1189.0459036217044,1186.5454534215214,1185.0717865977883,1189.8836032061672,1186.9044660595268,1186.694918536868,1184.134324392541,1213.3560816343254,1205.191847759758,1185.3815271881895,1184.9093383504219,1211.45912953411,1186.5360703291817,1184.7416350984427,1187.7085208887631,1189.427835255273,1185.622598542545,1187.1407605760435,1187.483895373872,1187.0042138559668,1224.028673270355,1198.0901727190176,1184.39123001412,1219.8563875273528
385,io.reactivex.rxjava3.internal.operators.observable.ObservableWithLatestFromManyBenchmark.withLatestFromMany,115.35852997527357,114.95488894266157,115.80572836329823,115.91486180906472,115.57411746732114,114.92562392873891,115.42849332953912,115.56888978778903,115.60123780742907,115.41578572127298,115.46059224429841,116.60000554657258,117.45665023428222,115.32454288375985,115.89653441197252,119.69919806983607,117.35259507114128,115.52027732706003,115.94280332814776,115.55973716212735,114.28330641452989,115.668395597408,116.12932583761082,115.87528678921208,116.0882129922237,119.37635713882067,115.64855848682834,115.96315560638496,117.07599399098928,115.699446506515
386,io.reactivex.rxjava3.internal.operators.flowable.FlowableFromActionBenchmark.subscribeAndComplete,15969994.162608627,15921826.420428814,15970526.91298464,16721552.571698373,16654230.904002417,15920976.00965254,15987697.976496177,15975903.968480747,15958632.924069516,16040844.53484503,15916512.788800701,15943315.153979206,15867897.402595842,15861584.16267491,15841895.62846286,16015614.176006196,16673863.119191676,16153436.996777501,15965861.607627876,15933344.131778436,15931644.844218574,15940721.344295114,16428667.744561782,15977638.850573238,15904658.953100951,15909386.355938947,15935109.361547174,15964880.343721738,15952271.515636038,16478089.88624667
387,io.reactivex.rxjava3.subjects.ReplaySubjectBenchmark.emitWithSingleSubscriber,10803507.534680152,12638406.989941372,11183476.837935675,11425695.394401953,12082728.357540075,11287866.689185996,12135688.298911212,13381826.065001784,13561298.607868845,13245784.18878801,10052284.53838716,11289210.180015646,13046592.645221792,12128906.87844143,10920414.742759079,11596531.886856915,11661212.624342293,12369874.151745524,11519608.379661491,10099053.0665149,12801964.465407426,11931442.46842173,12190250.967984637,12416619.578162266,11000300.252009159,11380295.892321471,12147798.36052907,11427118.592110524,9963408.53505077,11200083.330867296
388,io.reactivex.rxjava3.subjects.ReplaySubjectBenchmark.emitWithSingleSubscriber,11633277.631535055,12011358.299562367,11741160.735413793,11505385.979190025,12441913.09916261,12137582.29045867,11589396.221792145,12991185.266308399,12321745.869525144,9201992.992523197,11872511.608187675,10730571.845318764,12127936.044492159,12146073.555083482,12514243.99772997,10833826.452826839,10992882.117695395,11674392.616594864,12461151.756066004,12463175.944670668,11794783.686276624,11161246.781075232,11284959.502872802,12584539.8092825,11080673.870070511,11380468.330949245,11830118.356782526,13017602.51000438,11817472.057836533,10848866.381568868
389,io.reactivex.rxjava3.subjects.ReplaySubjectBenchmark.emitWithSingleSubscriber,11224849.79239174,13287611.480196608,11173103.066177184,11921178.224189708,11702880.646193637,13781940.319614949,11268125.890442083,12659853.989209397,10751634.103985446,13379626.058708748,11688864.486952847,11484492.559410384,10392833.006268766,11696922.348645777,13390121.645014746,10139062.27691321,10903448.421833277,12165504.481882125,12120806.835340735,10885382.468540318,13105756.703348842,11112885.462626697,12288037.710312292,10856129.663790425,10801752.728214903,10913999.466325974,12353731.13277313,11686392.30276912,10878700.988908831,12206206.318073165
390,io.reactivex.rxjava3.internal.operators.observable.ObservableScanBenchmark.baselineThroughput,266553.4143642553,270289.0901656957,270278.91026780556,271700.22933256824,260490.34724724933,273126.65961286495,271720.2714369437,273254.00442245987,272238.1312701338,271977.13630196697,271501.6222707424,271099.5301430805,271331.2566258102,267017.93500232487,260085.7154836061,250651.43249940829,259014.74397565334,259276.9631937687,253194.17170972232,259183.09445343862,256716.50215474423,250149.58849273485,265712.9375635301,250515.8523103908,264352.178520832,256925.18910142558,245562.93750513223,256313.88092517445,249381.43502840013,257402.09123912014
391,io.reactivex.rxjava3.internal.operators.observable.ObservableScanBenchmark.baselineThroughput,27492.748914662636,26057.92167555819,24932.786546211584,24476.809572294114,25264.909682432513,24022.86876189059,23805.572305405974,24365.739601439895,24397.82599770881,24196.837666847638,24817.702659164333,24677.14908761807,23990.28797110324,25086.347450042216,24500.46328194203,23768.608419282875,24122.4048142838,24580.158779446683,23550.839416428673,24498.74398416273,23020.87042861177,24603.378790671217,24257.78651287518,24327.209082922913,25082.69555033211,24927.699917578535,25308.752278512668,25015.180557484488,25545.28404437778,25414.824818500394
392,io.reactivex.rxjava3.internal.operators.observable.ObservableScanBenchmark.baselineThroughput,2740.1806232626163,2668.328525799797,2610.7922044376564,2498.970692608785,2672.6395170545793,2760.980779166596,2791.5736522905972,2594.3053299153576,2798.5388446618454,2700.0634334835945,2766.1001243448663,2789.040896249475,2720.7371885814528,2616.5110656597153,2515.576580665519,2673.2992587584986,2524.171199199625,2784.2379334384414,2615.623695191543,2552.042272128158,2601.080070809197,2610.6248418417326,2621.9670069652766,2587.8831156711976,2666.5536855768764,2615.3830751590185,2613.226668877569,2818.495422960258,2756.4781788085597,2702.8411268615205
393,io.reactivex.rxjava3.internal.operators.observable.ObservableReduceMaybeBenchmark.reduceAndBlock,19788188.600619446,19626635.819442116,19572265.36992193,19436872.386116594,19450440.43509874,19740854.932147276,19548902.711397775,19470265.985964146,19986593.71122174,19877871.977614827,19713419.045101605,18988234.311076075,19611760.861859556,19480930.78917698,19263002.143123336,19372470.922887225,19793663.22332699,19551277.21805447,19722280.928498607,19593769.216780026,19295683.061089367,19273834.108283702,19627113.397553854,19712285.2934868,19849472.01141368,19972596.397683322,19697494.801861558,20007492.869033843,19786271.53575088,20045154.826159336
394,io.reactivex.rxjava3.internal.operators.observable.ObservableReduceMaybeBenchmark.reduceAndBlock,2706826.037111023,2671857.216711901,2676920.564083954,2728684.345090908,2733716.7678304655,2709841.5165820727,2621660.544491887,2614909.643121349,2679061.3342385627,2630585.1394986752,2686126.7553041773,2661433.287573595,2651731.564798452,2710057.9978759424,2679162.2164477548,2674324.2963016536,2697620.7112921234,2725764.7351058214,2711586.878914237,2711300.5843119393,2721269.6042174753,2714805.6709429566,2722204.06473802,2741004.116234047,2698896.5591703686,2699096.2471950455,2683989.1885910355,2688457.1625846745,2714945.127372569,2665943.025827415
395,io.reactivex.rxjava3.internal.operators.observable.ObservableReduceMaybeBenchmark.reduceAndBlock,226094.94300614146,225578.24299436292,227075.33161480367,229684.34631981535,230769.35653538592,229572.47796989913,232090.30156545903,232078.66634672816,230999.25298228656,229290.22565359552,229673.90790017793,226416.52079540896,227665.35814441723,230975.09786657937,230353.98802761626,229434.480665237,227612.6035647296,229699.9082682218,230789.17000635556,229729.13940181234,228800.79143824228,229091.83549792407,230877.84746245676,230137.21516335942,230306.14272042696,230302.2280376668,224755.36753247396,225517.65685818586,224486.95012245557,224599.5253655812
396,io.reactivex.rxjava3.internal.operators.observable.ObservableReduceMaybeBenchmark.reduceAndBlock,21483.677464815268,21806.58364058596,21816.238096955778,21674.304818347257,21782.30854239763,22006.719957126974,21989.495264552395,22044.669846666122,21923.719545159965,22031.791025573544,21933.076233205808,21759.366567870482,21948.207753251285,21978.309098789483,22013.251355365333,22035.099381418084,22139.268787986854,22055.214486960886,22093.305377197652,22186.063881220594,22175.203365023364,22160.950900584365,22114.010972973243,22029.956242703178,22002.737372915853,22004.447718240164,21578.436685419016,21700.374403253078,21572.42573065988,21698.77521263312
397,io.reactivex.rxjava3.internal.operators.flowable.FlowableRetryWhenBenchmark.retryWhenThroughput,0.19998364177806657,0.19997813591045338,0.19998555964269488,0.19998344333072995,0.19998246253794774,0.19998381758945802,0.19998674631835858,0.19998537566943342,0.19998353711524444,0.19998520153505384,0.19998483355019323,0.1999843853791771,0.1999873362019097,0.19998669916461995,0.19998529712095273,0.19998410994256993,0.1999850956307839,0.1999860516528498,0.19998326052116802,0.1999843799000329,0.19988849588052138,0.19998614340009332,0.1999876210462399,0.1999861261624836,0.19998736999763517,0.19998857745241022,0.19998439401782842,0.19998560955549896,0.19998584256223617,0.1999858949148373
398,io.reactivex.rxjava3.internal.operators.observable.ObservableMapBenchmark.mapThroughput,19020.210452043924,19173.693696248476,19142.00411809375,19156.563047049276,19163.601186295713,19145.337782628376,19183.67089133341,19186.866190516204,19131.831064253805,19385.37606228606,19169.100150484086,19212.69922341178,19165.10761509412,19311.715964005554,20193.358073340205,19639.41142692791,19161.236300120923,19261.731884619643,19146.224367304658,19253.56090329004,19241.035812454404,19389.47602596331,20143.11757030548,19734.764860266692,19172.707452754366,19134.785534296923,19228.3366911912,19258.25019928674,19121.511292414387,19189.413801787185
399,io.reactivex.rxjava3.internal.operators.observable.ObservableMapBenchmark.mapThroughput,1864.8635591225604,1868.070291305142,1872.7817628683913,1875.7442497745203,1867.1901305543438,1860.6881486662835,1870.5387831227843,1893.1991691786407,1930.6064458760081,1883.2363664857537,1861.4346729826418,1867.1851753269686,1870.4000579590092,1867.019241500303,1865.9357576977982,1872.992946009726,1862.497473969056,1865.9254805340838,1864.6421266951918,1860.542799515161,1900.8092765988047,1926.9587091287808,1855.4505250260684,1853.061443811354,1860.5573994424763,1908.9825022663842,1916.512159495849,1864.7775711960853,1851.470890351897,1864.710416066516
400,io.reactivex.rxjava3.internal.operators.observable.ObservableMapBenchmark.mapThroughput,177.5096675305158,175.274104399917,184.1539497953828,184.01322869310675,185.45193112616388,181.7243971427421,192.872297515964,189.54930274683048,183.04150571788935,181.74896687296334,184.38707303015414,183.3015925207491,183.08854913396692,183.9522465486527,181.8368639664713,183.5984573219449,182.90808758853822,183.0177588785727,180.36162050519584,183.61751388514392,184.4363201851605,183.45424819449065,184.80922605617286,185.93688130846039,193.57524809259857,182.6080621076243,184.14373842962058,181.59923319224885,182.2789939810759,182.31579979704765
401,io.reactivex.rxjava3.internal.operators.flowable.FlowableElementAtSingleBenchmark.elementAtOutOfRangeWithDefault,428.9595105118028,433.55761385245665,433.4322704742484,433.2383172159279,435.534728702161,434.49640346101455,433.96561082913547,432.80181485535593,434.2925001680712,436.52898784129314,389.12353154245375,347.9425967783261,347.64487658682805,349.27400464233455,349.616023015011,350.4414076103941,349.5458103109105,349.9823724378474,352.6505134669399,349.5760090467554,345.4330800650603,347.9352962126398,350.44514125917976,349.75502563421037,351.22578282137914,350.60999546544406,349.19275400013294,349.268967477387,350.8298001848873,347.23185958317174
402,io.reactivex.rxjava3.internal.operators.observable.ObservableScanBenchmark.scanThroughput,169620.88364087878,170529.21104487265,170189.82139491028,170773.59954624044,170035.56051142246,170664.9131615983,170456.27411202318,170709.28886068458,170586.66144844878,170701.97327965297,170564.47882782033,170262.9592861076,170514.85818690804,170347.17680590518,170266.64260810625,169992.39081631592,170273.4456802019,170317.28837381702,169998.02617097239,170396.62103209505,170113.4284711011,170561.2242825143,170365.49371894082,170108.1592429878,170801.11082698812,170339.94636602554,170423.29758733482,170319.0359952562,170288.52624561236,170483.55663052035
403,io.reactivex.rxjava3.internal.operators.observable.ObservableScanBenchmark.scanThroughput,15456.111891810697,15378.86610082352,15428.41572589646,15449.380155418785,15477.255991840328,15467.15462924834,15454.822636156756,15474.241507195122,15481.248927208297,15509.843412620907,15481.200937813595,15492.650590133599,15469.916425173915,15490.228550268701,15435.424243240303,15443.600551271742,15458.885074290672,15429.952969681337,15424.186451285626,15401.960567887156,15419.728922986329,15426.887764235555,15406.98190663561,15394.476572402062,14993.874604753792,15292.900978466165,15405.11927392599,15419.268445756297,15376.47553008652,15374.498818560856
404,io.reactivex.rxjava3.internal.operators.observable.ObservableScanBenchmark.scanThroughput,1536.4315003712532,1538.213969585114,1545.8412436501185,1545.4693069251184,1547.6743368183722,1547.7961397704307,1544.020720298358,1544.942778662191,1547.8411574447407,1548.1949401793017,1549.7934931166292,1547.02692779755,1545.4824117583726,1545.0708052332284,1545.6179526088563,1546.479062341934,1542.5796208294705,1547.193785168037,1542.2862653889622,1512.0268836900873,1539.2586483964315,1541.4948120712193,1544.1498504780898,1544.1058947462825,1548.423037446748,1550.289480626976,1543.2190570826015,1543.7634475831635,1542.0614366430787,1538.89268839616
405,io.reactivex.rxjava3.internal.operators.observable.ObservableConcatWithMaybeBenchmark.concatWithMaybeThroughput,5941059.077632411,5948596.713550525,5941930.83768711,5950595.356709051,5934280.922301014,5953305.783334784,5975294.720649206,5981902.093745724,5881343.6697196765,5949591.105935031,5949112.7243088335,5945070.2973649595,5927868.409907531,5942848.9299704665,5917631.792085159,5932722.820815698,5912449.908442584,5936520.107379082,5950913.686857186,5952674.361979812,6003111.732364226,5904179.142325207,5935741.028062694,5973574.696656542,5971172.071992331,5930476.816691785,5903074.671267317,5913831.763297406,5931426.805183968,5934581.335614446
406,io.reactivex.rxjava3.internal.operators.observable.ObservableConcatWithMaybeBenchmark.concatWithMaybeThroughput,2666837.451191919,2650619.521321986,2629490.8877993273,2648938.155319056,2653948.607352626,2694551.609362211,2682291.653568164,2656286.086475881,2647264.3387113814,2663832.2371040517,2643310.4405409107,2663211.7891739467,2660658.9461140186,2657510.8916810215,2663495.456272165,2641707.466217533,2642695.0243306183,2660804.1559691136,2694997.6614509933,2676106.137318119,2644775.125737179,2650864.553108649,2699580.5249554664,2661945.70580759,2656383.559485093,2648538.2691181856,2649377.0168532003,2664611.525795836,2650153.9168342664,2666168.9523063623
407,io.reactivex.rxjava3.internal.operators.observable.ObservableConcatWithMaybeBenchmark.concatWithMaybeThroughput,389831.23879152565,390801.94063371595,392480.58596066514,395048.1332778233,397564.3086153945,389280.18280385947,390552.3039440519,396391.2196353098,402167.1678624285,389593.6028712209,389501.3719782279,389877.25562505657,392535.78908739984,391010.287526394,391848.0149018225,390788.27255269856,398935.2102605123,395579.62038634066,389566.8673657798,387521.77291133103,389364.1814141838,390772.5512110019,391707.03701571,389744.44980742515,390730.84105511504,390673.641073585,389711.3569861306,389255.33756032283,390651.1900781511,393615.15980775486
408,io.reactivex.rxjava3.internal.operators.observable.ObservableConcatWithMaybeBenchmark.concatWithMaybeThroughput,36783.01419541263,36824.262815401686,36774.493974148274,36595.19172179145,37381.18213172854,37614.16849090784,36556.10573571299,36733.26733877613,36618.065287265475,36669.999944863004,36646.62713089328,36496.13454249253,36111.279520646036,37260.87866365592,37538.530340088924,36738.88565320599,36616.662061703115,36794.01974585728,36606.504772756474,36582.96867115272,37016.43772218087,36974.636486330295,36866.15565996464,36919.716899610816,36938.38143813985,36884.9469222884,36721.76141170935,37443.49345766096,36880.02374704749,37000.4917860798
409,io.reactivex.rxjava3.internal.operators.observable.ObservableConcatWithMaybeBenchmark.concatWithMaybeThroughput,3688.546743999004,3696.376277163368,3674.7135046363246,3699.198960660263,3665.2712341205197,3661.7702164434286,3642.159862984405,3648.9888214097214,3675.677608818031,3685.8619755266022,3673.8749853819972,3678.2250651383674,3766.334002924597,3698.0497861074596,3670.0420843725815,3669.7533187420636,3694.088210371563,3684.4249054853526,3673.3713722836897,3678.4603477962164,3684.990338442199,3684.7574261007703,3690.8623470444586,3691.7141321161794,3703.39590946604,3697.527027250735,3664.127596868079,3661.7877334886653,3649.882307490624,3670.8662235999113
410,io.reactivex.rxjava3.internal.operators.completable.CompletableDisposeOnBenchmark.disposeOn,1824664.9635903006,1974444.6195578377,1957896.2372112302,2133039.6028284747,2054699.784414859,1909672.4417083235,1832914.4621198399,2146999.326802397,1811058.6234816704,2110994.473843299,2068793.265936563,1952650.817421949,2438028.856390461,2028945.9016777135,1846618.8098799712,1675549.509900241,1911467.6999327592,1879583.0041058883,2084449.2952815453,1872127.1961216147,1914492.3917785012,1915995.103479294,1695713.9933943348,1824854.839433226,1764830.2029831253,2082243.6580187948,1687301.706620465,1892863.283367854,1887087.3544943652,1784258.2398004546
411,io.reactivex.rxjava3.internal.operators.maybe.MaybeEqualSingleBenchmark.bothValues,10569600.962634426,10438874.858187227,10468016.000899823,10545196.403943593,10438348.97164846,10682007.510334607,10493331.274252418,10464235.000631474,10439797.947604997,10432674.386390096,10527921.658317385,10558619.977757739,10429729.464351086,10532672.159096014,10358187.738852553,10514922.234043453,10401186.239411749,10551383.936746467,10626475.977538884,10553577.746930411,10427661.056936286,10533249.594394932,10412333.022856193,10497939.017798947,10437812.225136125,10495713.89669225,10455247.229607247,10541843.677884541,10435187.335755186,10539001.874479095
412,io.reactivex.rxjava3.internal.util.HalfSerializerBenchmark.onNextObserver,39126088.98185089,38170196.03990185,38159429.9443003,36876283.91405316,37905174.27189608,37992153.43304649,37271410.37389265,36779410.70714415,36321378.526511654,37227344.07130154,37937649.15288928,36640928.772967234,38667183.490225926,39522881.094197005,36883150.70063919,37470105.13725316,37014249.2528543,36703433.368428156,36682384.20488555,37618797.74741946,37189228.781560674,36796445.26824368,36332210.70031374,36260833.387086965,36364588.24848902,38511194.61997526,39732552.30107317,36885702.1237695,36420667.751122355,36746515.28245734
413,io.reactivex.rxjava3.internal.subscribers.StrictSubscriberBenchmark.onComplete,55386249.80415912,55124228.48283333,55215685.140513524,55157752.358664334,54946209.51886886,55249737.081563264,57497951.2082602,56509516.843830235,55345949.94775335,55062031.6884609,55060883.36936287,55171657.15782835,55131816.04445233,55223153.50736372,55234591.747349456,55199179.149341084,55339359.8647503,55510478.451050214,55690371.67554082,57533510.808911055,56208668.08072327,55232879.03675122,55193824.9764562,56125390.430864505,55355660.2845258,55351031.40758387,55195388.17976651,55213994.01213252,55136163.02426895,55111342.17486871
414,io.reactivex.rxjava3.internal.operators.single.SingleDoFinallyBenchmark.withDoFinally,27688697.33462483,27343816.20657171,27960880.51536271,27440820.30173432,27432479.98243835,27476800.928807333,27457782.468188547,27463265.61086205,27509908.394396234,27420939.941069312,27357140.337579675,28464619.72666515,28878255.326388106,27341160.42058258,27344924.384906348,27382801.077151872,27376094.860924274,27383515.799363747,27482765.916296676,27469382.00290014,27492347.322390158,27442975.86148205,27762315.541194003,27757960.83358801,27758432.157690514,27585134.473645028,27677091.104926743,27641177.356961273,27699973.0443451,27657865.61138725
415,io.reactivex.rxjava3.internal.subscriptions.SubscriptionHelperBenchmark.benchmarkSetOnce,75983241.14886644,66540176.39778071,74665668.5481078,68185619.70293817,77216692.52625264,71291817.01545385,69967278.71259725,73105925.08556472,72239215.5262605,73332803.52915868,67007713.472535625,71519905.8612963,68856226.16023047,79438904.57952988,66398302.18208212,77834184.69706675,68126408.8816778,81560373.84034574,69553816.68182033,74777521.96416424,67824195.41418864,69829348.52135292,70558734.72832781,72141150.61118558,68193868.67711362,67068967.14185798,73693133.81288715,67831734.10467152,72333761.43537244,67574642.37541625
416,io.reactivex.rxjava3.internal.operators.observable.ObservablePublishSelectorBenchmark.testPublishSelector,18189.405342652837,18296.782041011917,17953.440062356218,17945.637495897794,17959.58449586271,17977.946379215125,17967.02843974295,17971.039617104285,17979.80439342176,17955.09347337878,17978.572022573426,17986.16177866227,17955.029196070605,18626.75800213902,18575.054042351516,17971.276273105796,17958.776888970147,17962.38081280923,17976.89852017661,17994.170199151562,17994.632742683596,18011.225668581737,17963.503026590006,17967.546804330697,17941.823802485513,17990.526568879195,18897.864414587937,18491.27618566107,17945.763847639515,17974.97254592463
417,io.reactivex.rxjava3.internal.operators.observable.ObservablePublishSelectorBenchmark.testPublishSelector,1794.9478078303423,1748.5820032797176,1838.3680155395589,1795.0074802584297,1759.0817462878317,1753.6394155109624,1754.9192193134159,1762.172423285101,1756.7263097091177,1753.4339854319983,1762.783356244548,1758.8425629767387,1784.4487728063218,1787.942342435341,1758.4327696473706,1783.5264613408585,1756.1860064408722,1758.4836414407018,1753.2135834915953,1757.1611615502538,1759.0143588342112,1756.3191706139182,1754.6643422399372,1759.0300495103359,1799.9005766537275,1800.7359697945349,1761.5748159550446,1769.159273871108,1784.1254400755663,1785.052478757823
418,io.reactivex.rxjava3.internal.operators.observable.ObservablePublishSelectorBenchmark.testPublishSelector,172.90384091210746,171.76119405673873,174.84041965217506,171.9859215764316,173.53642710970547,171.9273328496431,173.20841881948573,172.83439526748654,171.9192905979166,173.38078025265136,180.90862323531246,175.0207104691675,173.28693845777522,176.4941932338498,180.78739691382768,172.84455777798823,171.3653364807699,173.29360725450144,172.86806916403083,173.0320688984893,172.79482843177013,173.42624182433562,172.2640679192172,176.54509818749636,177.59154442039633,171.99090976444623,173.19716480660725,171.93120362011464,172.7859292919068,172.56413560807562
419,io.reactivex.rxjava3.internal.operators.observable.ObservableAnyBenchmark.anyMatchesImmediately,25620497.895856943,25282386.4187612,24628395.68821136,25285131.90585397,24653123.90592315,25208362.144744605,25028859.714131378,25319688.34224079,24807346.177318815,25120475.833278473,25357813.77786184,25696986.47390222,25888339.83837596,26526215.6920829,25858524.486744683,25442067.37551479,25082522.55070903,24981948.531299815,24837095.275554385,25282881.653910838,25413920.359634753,25200268.07291772,25506920.164935667,25213878.134554505,25560379.983533327,25492078.85295172,26318415.61506793,25592948.885351982,25697974.103857726,25748982.538738355
420,io.reactivex.rxjava3.internal.operators.observable.ObservableAnyBenchmark.anyMatchesImmediately,25443329.422565743,24933992.28576938,25104703.84571469,25079955.128038634,25187720.81738168,25459583.620318744,25144926.062258203,25602047.382232174,25325071.462804183,25320578.254377346,25203257.137283154,25741033.062233586,26128632.33679657,25137486.782395814,24914860.518655516,25167547.368204355,25144388.807587262,25381587.440768704,24879410.35139443,25080123.294719066,25113035.254599757,25281369.18217801,25595041.570166916,25843157.629596196,25940235.197265632,25510323.455231693,24438982.13941797,24672099.341784913,24735644.79835384,24939958.46135411
421,io.reactivex.rxjava3.internal.operators.observable.ObservableAnyBenchmark.anyMatchesImmediately,25259958.333454326,25289254.830617733,25630936.321573105,25364701.59849942,25178852.181331538,24875591.692007616,24751355.431980785,24920654.24760661,24701076.40962565,24624487.765324123,24614248.5822956,25161166.245399497,25177441.37117504,25354820.694905255,25439202.701480635,25190636.16265134,25368828.62605982,25639924.362469386,25386935.878545865,25337122.4465112,24543633.35867932,24675807.142238587,24638016.533713356,25475117.194128428,24926340.061604425,25269842.825474966,25240992.897677265,24879945.675064925,24347983.78219666,24765973.324954577
422,io.reactivex.rxjava3.internal.operators.maybe.MaybeZipIterableBenchmark.zipAndBlock,30471153.847230718,30579314.38854916,30654859.594335515,30605195.55268035,30229166.693227652,30574693.827275712,30585947.296850923,30551311.746340845,30468153.707084708,30173566.763328396,30528056.192944933,30595756.963874713,30556700.39833322,30504081.431872003,30100130.241228916,30237008.01995295,30632624.419086713,30629315.65734076,30627112.581718493,30550110.829569984,30185370.514414508,30581835.842090346,30748597.488723278,30853926.323211707,31040209.246586222,30680569.03404272,30684314.27655312,30696849.315144654,30702939.64697025,30729206.243637998
423,io.reactivex.rxjava3.internal.operators.maybe.MaybeZipIterableBenchmark.zipAndBlock,13669919.060250673,13684438.611445686,13687497.440394366,13673550.073665671,13456547.446108514,13697275.311428089,13691188.477216283,13677061.139060069,13696577.776384415,13945741.932704266,13874374.488524504,13702758.010862285,13707744.057823034,13726128.45790003,13688859.151536895,13636255.242999045,13673653.056650378,13607661.065882312,13691350.069712272,13693545.695796816,13629247.408704057,13811742.781267265,14023996.424270833,13142153.385662751,13619696.773670062,13634784.682749448,13601079.363883803,13742431.809569435,13667301.790530797,13655332.774238775
424,io.reactivex.rxjava3.internal.operators.maybe.MaybeZipIterableBenchmark.zipAndBlock,9171167.56712275,9193415.178923313,9173255.490175435,9187149.819674954,9190399.317503896,9162043.685063273,9197894.663172942,9250899.318805026,9297433.793940319,9246793.52455791,9179256.219713764,9187331.804979919,9299323.166058326,9301960.846523108,9195802.351647958,9173284.900320018,9174690.495255139,9174554.008559557,9192918.921367384,9283094.587281441,9350650.316298299,9253549.795695594,9154944.031522835,9188600.032698995,9184511.567094011,9260977.089811578,9182448.035621302,9168277.663041428,9185448.998176359,9189123.34676921
425,io.reactivex.rxjava3.internal.operators.maybe.MaybeZipIterableBenchmark.zipAndBlock,5396576.279630209,5395031.36262202,5402882.221626606,5410210.95277673,5403421.750025119,5411042.210221165,5494163.378679174,5466665.331208275,5389123.1870522,5404050.9173124265,5400362.997315087,5375107.515874903,5397810.245976978,5407634.952641419,5405246.752175782,5408791.739944739,5383273.147877843,5395881.356905401,5398793.647899399,5423349.803548906,5424646.122148478,5416485.995119442,5403517.00402648,5417782.171297412,5469461.402040355,5432979.679817591,5414382.779215354,5394426.307572757,5397575.174939827,5364919.321390857
426,io.reactivex.rxjava3.internal.operators.maybe.MaybeZipIterableBenchmark.zipAndBlock,2646577.3236643905,2626930.9445934924,2634657.790165521,2631284.588395722,2625925.456423009,2682493.5698948987,2655813.301185851,2638092.445195333,2644686.0715469173,2647540.1838839,2660485.4023868963,2630442.4614268173,2632325.622299557,2642880.5305704703,2652161.4198523727,2648491.0595489424,2653272.892668705,2666800.363616024,2665542.2657698444,2657035.6442872337,2656541.862042726,2656862.279370772,2649629.276244914,2651707.6969089,2662270.679558141,2668575.6642270954,2663506.5870204265,2663895.3760807985,2660172.0530306897,2650812.3484647013
427,io.reactivex.rxjava3.internal.operators.maybe.MaybeZipIterableBenchmark.zipAndBlock,1332624.378917003,1334958.0979860665,1340273.5435943685,1316209.5289878848,1346242.3792218391,1343778.5401431166,1342524.295229119,1344801.7071256775,1344598.480786498,1352029.6784919703,1356580.0729216163,1351773.2216416479,1349090.159485017,1353418.0740583437,1352975.891047201,1355116.7652601085,1360038.397559633,1358100.8503202174,1346670.246107711,1351334.5293676625,1346676.3904590597,1345921.3716012791,1342259.5402988815,1337903.8246800522,1337418.9834884647,1339789.370934794,1332249.600771502,1335874.1034916125,1336747.44191342,1338570.5101076134
428,io.reactivex.rxjava3.internal.operators.flowable.FlowableAmbBenchmark.ambThroughput,50750.33333405814,53392.79091115553,53715.69334678248,50023.10343375902,55060.45788879192,51313.58904676879,52758.953276064625,52387.19926648522,54137.358314657286,51488.76518557825,49326.83637078254,53900.96360453609,52248.45172031653,51613.20437487268,54820.45873801664,53911.98657938689,53424.14115237964,54327.42107754244,51182.049591038485,53091.673929744305,51070.16111332995,52116.70659730184,55480.51326539434,51606.99737858407,54103.9745881804,51761.93230255643,49771.68691086354,54775.97218325729,51390.085542988665,54365.383106110545
429,io.reactivex.rxjava3.internal.operators.flowable.FlowableAmbBenchmark.ambThroughput,43475.05744841863,43453.36243317651,43573.19736939843,43469.618561541996,44217.35870106832,43912.93237646014,44009.31174893527,44247.23953203405,44156.205875615095,44080.936085041576,44181.18083724824,44422.97766751378,44304.26546113385,43919.83749292597,44070.00120420231,43896.15067671739,43980.529797969255,44319.22694125881,44138.19055908994,44378.2719719019,44287.65219809905,44202.69309242986,44248.000768997525,44406.55785483212,44347.61995114924,44010.0273530881,43874.80544659206,43762.29556910237,43750.76474551542,44032.78353449474
430,io.reactivex.rxjava3.internal.operators.flowable.FlowableAmbBenchmark.ambThroughput,43851.04588773242,44250.011065520914,44279.53926838615,44374.36751191849,44346.63555984693,44461.20004955315,44702.125709758075,44833.31964532446,44811.93883944854,44629.229152521824,44666.87813380414,44755.6088650306,44696.77726118502,44808.3519276799,44786.84272660131,44393.80089911413,44734.835284939145,44868.417775555456,44822.83842774596,44646.944246453466,44757.771430607514,44790.2110664951,44967.097382222695,44771.896082308784,44735.05305923829,44597.16481923952,44654.13620631742,44633.18967680071,44776.86942167368,44687.83141332215
431,io.reactivex.rxjava3.internal.operators.flowable.FlowableAmbBenchmark.ambThroughput,43889.558386009834,44359.282238797416,44254.04550751161,44103.60060906102,44262.75574639519,44134.39586585536,44232.594117947454,44238.1960451553,44265.90787187506,44169.919718295176,44286.669407378526,44293.12796091712,44266.0702649591,44024.09554432159,43794.38827875919,43892.84673314639,43478.41593693075,43903.19304081595,43927.69997710853,43872.304254871815,43689.149541061546,43787.050589998275,43879.2664981518,43595.28029201778,43695.276265025444,43505.16506506459,43752.20605046081,43798.58556849579,43743.20578588479,43674.653604420615
432,io.reactivex.rxjava3.processors.BehaviorProcessorBenchmark.onNextThroughput,32631323.858642068,32626275.951986603,32590750.240700576,32375252.82833967,32555682.483742163,32684438.219238218,32584079.81065005,32546889.642622385,32771682.688691985,33368509.20777744,33048308.472135667,32738417.200610615,32760707.25949147,32716323.666979656,32786048.714353777,32733964.61887539,32596178.922703777,32638091.991252348,32868166.883153554,32761855.84582291,32840746.273973513,32843443.971198864,33282866.843781326,32918830.726112347,32945432.186166376,32774869.240102645,32861445.933303047,33016135.18629008,32925066.419245224,32945234.361724403
433,io.reactivex.rxjava3.internal.queue.MpscLinkedQueueBenchmark.singleThreadOffer,6580341.912216594,6672997.640698302,6714659.555083131,7170809.715044054,6875389.105610264,6449660.835787412,6976665.175681042,6760138.97254554,6767187.3486325,7057474.557164036,6763030.212429699,6635782.602795816,6756791.861917545,6842933.687870346,6621432.546372601,6808938.685828091,6667380.478005428,6871085.307979867,6870855.437833554,6868607.984067266,7015253.03848201,6815322.473092734,6858245.891372618,6819133.7235753555,8084677.368046971,6104193.594384857,6732117.820462842,8744404.744161159,5772982.795020536,7477842.77107867
434,io.reactivex.rxjava3.internal.operators.mixed.ScalarXMapZHelperBenchmark.tryAsCompletable,123211366.70497915,123543550.8487349,123633577.16163766,123612258.78800483,122966211.73170905,123463888.54046963,123693034.2460353,123663772.02921459,123665372.61113498,123152639.12761511,122868185.75705846,123373982.01274472,123709882.11024286,123734651.17380032,123254150.89888054,123305027.48135534,123614312.64015636,123642464.12855712,123700810.92592317,123644824.31977841,123381502.9229758,121803406.95852469,123457958.29490101,123742389.45389512,123351598.27457675,123722597.94571258,123177743.33650202,123444367.39026,123699801.56569706,122457335.79396173
435,io.reactivex.rxjava3.internal.util.NotificationLiteBenchmark.createComplete,83027795.52194445,75714789.31603715,78604333.89272039,84140214.12186144,77521033.90339673,80042522.64468516,82873290.14522283,76780828.84578064,81423952.66423012,80501871.05912215,75881487.26200752,80869660.3173542,79673915.21793906,79824095.70485233,80899501.88959093,77933935.79940829,79253660.90909772,77707858.33843438,75511995.37215057,82092147.21221446,79845123.25313176,77063393.23293099,83994637.97625364,76900975.22399263,76896000.8632368,83505252.65648517,76631921.79212663,79990502.53708667,82683565.15904455,76971452.95546378
436,io.reactivex.rxjava3.internal.operators.maybe.MaybeDoFinallyBenchmark.baseline,35811423.38667301,35389250.797144085,35346191.23821659,35408308.25372946,35478566.41326107,35559376.69000307,35439344.846697494,35258567.29649358,35350026.90943525,35382446.69130703,35717178.742116354,35837536.92008461,35607807.942958936,36013542.10300484,35747840.623350546,35252836.853831135,35260330.129643574,35222068.81626455,35226290.396754235,35109610.63567933,35194708.01237758,35365710.218192935,35705169.63718354,35711045.60639582,35202386.30805997,35560820.79159904,36394493.249551445,35174247.83462581,34850791.54580635,35066192.54809612
437,io.reactivex.rxjava3.internal.operators.flowable.FlowableZipBenchmark.zipTwoSources,35132.248761096394,36048.29702659235,35517.43332137443,37124.694802714395,35695.34348619483,36405.88485689295,36499.881942347856,36501.46941538134,35906.611383617965,36722.44453822484,36125.869037395896,37524.69256551513,35946.924249692805,35059.34953343357,35751.82866530908,34122.617700712595,34745.58021355719,35296.23084162512,36154.21560868863,35966.11397294937,34371.25874943381,34919.61907566766,35854.194203407744,35972.6143321901,36609.472727347726,34158.406728587106,35074.416438546374,36548.59473147529,36322.48571162067,34957.59391955185
438,io.reactivex.rxjava3.internal.operators.flowable.FlowableZipBenchmark.zipTwoSources,3513.692977021361,3580.738982031905,3420.6311396616857,3557.352807246425,3557.623715471547,3566.464072115013,3526.7771289302045,3549.3005099628967,3263.550945180596,3339.426370035287,3441.176762011421,3539.3721682482224,3452.118166014849,3461.066076313166,3540.872602944619,3654.3206727498978,3580.6823397662274,3511.0529550221822,3554.8252163537622,3551.0952439255375,3627.1683084427154,3558.2018508873475,3488.3526322239877,3614.318414454929,3565.4408053257544,3398.2124380211244,3522.2393864934443,3292.3157810574335,3481.0614832317615,3478.6335315200663
439,io.reactivex.rxjava3.internal.operators.flowable.FlowableZipBenchmark.zipTwoSources,347.12847606740576,345.47188526500764,334.0814077567436,348.2414858172214,343.37409921361126,315.28018884533026,338.84897094746105,315.5666465248265,325.65318099051103,336.286037501226,336.42473590563395,333.5580202794608,326.7259974500325,318.74610948016186,333.4975626891468,318.9900966334599,329.57230577948235,333.7136253209989,335.67328583416474,334.3809541862768,339.83165895043237,324.33627932902056,341.1385691661302,328.3945065372411,333.1135817379652,322.4930544630923,325.5788494327893,330.10570743995356,341.14266856021595,334.45536886387765
440,io.reactivex.rxjava3.internal.operators.completable.CompletableTakeUntilCompletableBenchmark.takeUntilCompletable,15888890.42038087,15901423.840795733,15871204.260873627,15931951.716465227,15960649.048264386,15893562.632107778,16098038.842881808,16553042.812546084,16051212.28997107,15966713.870626742,15917593.426493838,15920606.39989665,15910968.516140416,15894242.082760738,15910972.096755534,15920324.784818046,15901639.504582144,15909027.97582082,15839107.1241694,15934540.55934755,16494329.453739025,15936798.76902842,16065341.7495331,15877143.477472536,15934738.996381925,15950685.873436902,15892539.363031218,15877468.402773218,15931840.466036307,16036996.995337479
441,io.reactivex.rxjava3.internal.operators.maybe.MaybeToSingleBenchmark.maybeToSingleEmptyNoDefault,1091901.7339392256,1088902.6791689307,1090689.488222672,1095075.3405738685,1090548.5040028375,1094435.3653801517,1091803.7793942792,1089512.5577096276,1090395.9929421393,1081582.1752174464,1088624.8507113007,1088702.9031873096,1093347.4554717315,1091358.5528713483,1092723.3878285903,1094737.2542419583,1089494.646822802,1087880.8652023163,1091956.796010172,1084239.363612253,1090294.137355492,1088607.8713060142,1091169.5917270249,1088580.6067435497,1081922.2796540114,1089032.1976759625,1085633.4348791046,1085576.8381157662,1085024.7107301508,1075715.172288494
442,io.reactivex.rxjava3.internal.util.VolatileSizeArrayListBenchmark.volatileIterate,110242.99736852823,114110.02566544182,107317.39291392069,109137.94583787306,115194.02184339701,109902.33260551417,110337.66250440941,115959.5994902855,108217.87283676141,109605.64153126051,115120.54269931652,107184.15439802087,110011.42860359888,114118.7628147217,108657.44933567241,109252.59879194744,113730.66288812879,108374.14516710097,109215.23029395023,114132.78041684195,108947.6826715357,109449.28165708423,114669.40878249651,111467.60288100044,109982.27194449607,114019.48427678563,110085.87942514702,110147.73531626495,112755.43386498453,108999.06916656865
443,io.reactivex.rxjava3.internal.queue.MpscLinkedQueueBenchmark.highContentionOffer,11529255.96711022,11479857.997151094,12111255.17559719,10989313.459043153,11801020.245316818,11383302.643583393,12548206.641070317,10788027.253693119,14192869.731159914,10464458.70258925,10288150.367813693,15287119.362267025,8331647.970267596,12314252.82231929,12001807.558520924,11156429.18192371,10864587.970359638,11367843.126614613,11349071.098982317,9122602.037332796,12523987.76153226,12310424.748772474,10258457.561811,7921861.849012295,9839590.386378182,13652223.113093957,9501822.88704337,9727726.53689618,11146613.44254354,11628908.447337508
444,io.reactivex.rxjava3.internal.operators.mixed.ObservableSwitchMapSingleBenchmark.switchMapSingleThroughput,14368.018807995602,14423.903264091412,14512.222441409818,14435.760892028073,14462.244058503062,14600.726057450036,14781.823514666468,14331.584068157234,14317.800291573061,14346.210198089964,14408.376650400975,14312.326660016217,14584.41397414914,14610.955901091307,15146.82115320329,14873.81980367308,14616.636279622819,14502.91851736616,14192.672106696318,14383.25569528428,14788.360103959712,14372.317358042445,14450.365721438367,14477.210790472827,14391.466790693987,14321.35061267782,14517.203920088634,14991.181421529658,15084.338114327882,14886.397672813691
445,io.reactivex.rxjava3.internal.operators.mixed.ObservableSwitchMapSingleBenchmark.switchMapSingleThroughput,1496.7958116057682,1447.7303631153304,1415.4024623732648,1456.4180255519157,1445.413501790446,1444.718827377097,1397.63712308791,1404.5087449762696,1442.669291147713,1450.2486725706985,1442.3142185315721,1451.2417261980615,1452.4754675344093,1500.4057762955445,1489.2887261294218,1441.0551722383243,1450.19614612483,1452.4723487500908,1443.5770579064204,1460.7938308626813,1441.951695349674,1428.9542091623673,1467.9054389995251,1466.3124724752809,1471.3724802363938,1514.9078663333853,1538.3028749797224,1484.8384896629639,1464.0963272896613,1465.4627159389925
446,io.reactivex.rxjava3.internal.operators.mixed.ObservableSwitchMapSingleBenchmark.switchMapSingleThroughput,140.0043400948254,134.06383185993062,133.76664302111652,137.5514380205944,137.20532050417188,137.12636859133644,136.6954042279715,135.99211146489188,138.68941808500392,137.57575160145353,139.06813806134036,139.4491696441422,143.71312402949292,133.64342624173128,139.5369270329345,137.2724893011911,137.5521777024543,136.6551302804677,137.90606445675888,139.23873380492532,139.96342235626076,138.10069106181925,139.9786407991791,141.17857041770304,143.64462406193852,142.94612389179744,138.227722406056,139.0096992121136,142.74469212521845,140.8572181088629
447,io.reactivex.rxjava3.internal.util.VolatileSizeArrayListBenchmark.volatileRemove,4450018.156683647,4452741.053225766,4451747.1345877275,4451275.285184796,4441164.877641096,4444202.333446871,4453248.981895429,4452195.91456287,4442068.904116485,4439898.627211735,4445733.78320287,4449710.787723483,4452630.27374686,4452242.886443139,4450062.875966924,4447094.927195613,4445624.867010013,4452488.019926298,4442603.355738274,4451269.403835307,4453104.304710592,4444962.42752912,4381589.3558030715,4452008.282827965,4455486.015405733,4453728.348400953,4445815.321237407,4444763.433300485,4437959.163982333,4452601.061516755
448,io.reactivex.rxjava3.internal.operators.single.SingleCacheBenchmark.coldSubscribe,62305635.92290999,57471137.29455804,57562002.311495475,57446736.185781896,57595618.03207329,57664084.003959835,57602778.48352635,57496138.27989979,57530588.52198339,57905646.319939606,60325159.42091128,57731015.76193026,57665670.981750175,59082230.82227738,58647842.5753134,57559805.091731615,57489202.22938531,57591915.384942055,57726960.47647553,57596242.716006145,57538492.877648205,57635244.259380944,58985498.54357017,62519435.28893273,57535561.186252765,59077386.21243858,57649272.88665167,57518094.84126522,57678335.28462812,57605372.59321594
449,io.reactivex.rxjava3.internal.operators.observable.ObservableDistinctUntilChangedBenchmark.distinctUntilChanged,18974.06085988368,18947.19527964961,18977.43726497354,19420.14737290372,19240.791389688857,18839.254298178967,18992.424285403264,18987.590778987564,18932.400931552518,18907.20113106999,18920.28975716827,18873.801381495665,18890.731090701905,18969.1063710183,18985.954310594436,18970.880964644537,19554.144173771947,19267.996195202217,18986.674196413696,18979.150758920143,19010.79585619047,18952.672876987133,18972.346383694734,18986.720484906524,18992.971816511603,18967.90634845576,18979.821277179402,19010.87265441573,19026.32703409022,18988.61348942023
450,io.reactivex.rxjava3.internal.operators.observable.ObservableDistinctUntilChangedBenchmark.distinctUntilChanged,1858.8661659933907,1874.3802361749088,1901.4174798394588,1872.5973541169178,1861.475093807148,1859.8672348415491,1855.9626467978253,1861.5858250777076,1866.2723460111074,1867.2174155712207,1862.0111808244344,1870.012395963357,1867.4357505530988,1865.876245758,1901.8090355511222,1914.6229877582346,1862.353772552693,1860.3359828363023,1866.5813482025744,1857.5136620579726,1882.0672230173986,1894.0350667889088,1869.5513992721933,1866.7406238572776,1870.6123330060677,1862.5494958406935,1868.0023597157513,1889.069319774504,1903.9427712881807,1867.6401823101164
451,io.reactivex.rxjava3.internal.operators.observable.ObservableDistinctUntilChangedBenchmark.distinctUntilChanged,182.3038143653216,186.53466781963712,184.2091251996965,183.6592551473326,184.7479365662747,186.18631905297244,185.95574848244513,184.7130115786233,185.38254930913683,184.82643780944287,185.05281365018004,185.09826032205598,185.72562382141615,190.384925135828,187.5078668526585,184.85495780901917,186.34864885909147,185.15697234317173,184.73944644057136,185.4842045964372,184.88949432258582,185.39688465294796,184.78828492056567,185.13937314406178,184.94146473182212,186.10374409543326,186.68377579213438,184.79735547033042,183.8688119929376,184.55021458611117
452,io.reactivex.rxjava3.internal.operators.flowable.FlowableRangeLongBenchmark.slowPathRegular,52298.93142036553,52287.31834534067,54325.08415543304,54365.22602037489,52363.91554961372,55641.85011019544,54898.47255979797,52630.102105887956,52646.76038159992,52627.09689892194,52610.509839348284,52701.056543137856,52633.84118967224,52641.41366947546,52631.49237254591,56258.96786982157,53349.718537913905,52658.491109801704,52717.36223841874,53674.761440399365,52579.20508416856,52594.14910899639,52732.2732965417,52784.14933923078,52611.40915115635,52627.78126536963,52718.27710098773,53852.86441696932,59522.3168530009,55619.05930909621
453,io.reactivex.rxjava3.internal.operators.flowable.FlowableRangeLongBenchmark.slowPathRegular,55.097076818686126,59.02442883484181,55.791884220809386,54.314637857413786,54.497465626573224,54.48579861192712,54.40170425544344,54.3655203447609,54.28312773274651,54.247316209209934,54.28909799687275,54.36524531322558,54.44818765504913,57.53093372840341,59.2457580140942,54.2990773196707,54.401618966858976,54.449220974304815,54.381087913972586,54.41961556190688,54.33926861865781,54.3445941409107,54.31423139308517,54.26489436798129,54.28840270946035,54.32147104834977,55.35727354514499,56.27449491779804,54.26276127300036,55.91620124092648
454,io.reactivex.rxjava3.internal.operators.flowable.FlowableRangeLongBenchmark.slowPathRegular,5.422490255513886,5.494374887377906,5.731663057683627,5.424961379496503,5.428128848670576,5.435538852656005,5.43128181303168,5.416606161295079,5.4243833190376725,5.421819558704046,5.894975100037826,5.729208184527574,5.436218893180832,5.428726254810172,5.5170284803519944,5.433459959846025,5.435281738888815,5.429772605711431,5.439964648063337,5.435688660201937,5.423295753894946,5.393906738192807,5.399085216794463,5.505314458510744,5.450396751275755,5.559486972506529,5.395134212078706,5.394997808205711,5.3951300642669695,5.395493538657737
455,io.reactivex.rxjava3.processors.PublishProcessorBenchmark.onNext,113863230.67543748,114275764.37878567,114205376.46004848,114647338.12826648,114650443.17829494,114266980.33970016,114306385.09882905,114284882.67791095,113986947.23985334,113784428.43972324,114640827.7516678,116358192.5406854,115191489.51261124,113718640.16074549,113645173.51530042,113958981.48253126,115285400.391302,114669612.65856156,114252671.4984918,112721308.45451376,113902073.71986388,114014822.23148991,114259285.01683062,115162503.2280697,116063323.05000684,115045102.48043074,114343738.6586658,111454873.85284033,112724703.97908373,114395878.34576648
456,io.reactivex.rxjava3.processors.PublishProcessorBenchmark.onNext,15530833.611362029,15644450.23098194,15850952.809305917,15574066.987661134,15505486.124202045,15528549.143336112,15529891.995828282,15529939.615375226,15513158.893375453,16079414.601761084,16327155.182667607,15673619.624448653,15546802.685270399,15495752.630086325,15706467.612324318,15754263.929781668,15543808.916066378,15539203.304205215,15501662.227561157,15480164.827042833,15503328.294345744,15659774.758326504,16281984.734230282,16248628.429430477,15542107.88740418,15507237.46838935,15510274.013055757,15780282.406668944,15775585.432436591,15530322.285189666
457,io.reactivex.rxjava3.processors.PublishProcessorBenchmark.onNext,1672673.6193205342,1669026.1387276596,1634632.388767459,1630638.2519414886,1631525.333043336,1631368.00731403,1635278.482562674,1662217.7265944704,1759921.712383146,1698949.83952227,1628765.9160286179,1637036.8394724622,1644594.7763156104,1677787.0307618708,1656374.6638182958,1630639.0677557378,1633911.9690693694,1635032.9143472647,1630770.2789269781,1635668.5519748922,1668537.4564683351,1745933.2744278042,1672919.458242427,1632339.2339679818,1634949.7008699984,1645834.0803741266,1675880.0291442168,1651036.9090569022,1635173.7070984123,1636912.3987454954
458,io.reactivex.rxjava3.processors.PublishProcessorBenchmark.onNext,174009.10002349262,173609.77111672578,173521.5718784396,173297.80662688435,173052.47693354037,173309.91204678823,176487.00730838277,179199.44592537126,174792.92894627588,173170.28576755407,173206.2398499182,174682.67798032786,175940.30991152802,173476.60211469987,173345.57711108838,172780.53591920587,173152.9798602744,172880.096440014,174187.2159963434,178901.93844347424,179143.27322787387,172063.01132599855,170885.52169220787,173176.51711827118,173123.75684787706,174885.745322991,173091.9971110008,169548.14313390863,172600.21068177128,172811.79595268017
459,io.reactivex.rxjava3.internal.operators.flowable.FlowableMaterializeBenchmark.materialize,35132.05098832601,35417.404233434856,35178.04719624404,34911.12491774281,34893.57548476065,34891.339437161776,34927.8357665124,34802.84646946616,34926.987955597,34738.396739286756,34882.47786819575,34839.74525178272,34787.833758431516,34922.26823964027,35628.42707620144,35301.90564092513,34808.25238207266,34931.90268414098,34883.770251247515,34758.036866077804,34862.175979093874,34922.45377790046,34886.81904628847,34921.97588735559,34826.00032588729,34843.39900995071,35075.25735598878,35710.52286993201,35146.20714179568,35041.520441882385
460,io.reactivex.rxjava3.internal.operators.flowable.FlowableMaterializeBenchmark.materialize,3667.1348935415344,3602.7654367650184,3577.460114761701,3574.10938912598,3567.5732468882074,3580.2587539683545,3585.382733337863,3588.769959845574,3583.046622954564,3579.3338036544624,3590.2870982326267,3576.790736281183,3616.580053573919,3649.919997403577,3590.4610251241356,3580.1810693821894,3575.547042549556,3587.775781952507,3568.92170384101,3569.1057748245407,3581.00491035551,3583.6376583963597,3580.4912623185023,3578.7554529036365,3571.6138673729142,3628.5940836942336,3650.8640227067426,3585.9921138844875,3399.342750676528,3570.33122697655
461,io.reactivex.rxjava3.internal.operators.flowable.FlowableMaterializeBenchmark.materialize,361.52404130780087,360.751702900183,361.2345068727824,360.7719416248213,360.70564147210337,360.2416254542014,361.27135830032853,361.5193914212924,362.3983118947527,359.8503303309081,361.8961216991236,366.57055965679757,362.48683861965816,360.7639096038049,361.1317144069924,356.25421635472037,357.3257662994787,357.7376656037478,358.20274564160627,356.11838087216955,356.58348517189177,357.47210913985356,355.28541976450896,358.18830446860744,363.29890758463773,356.6534266691288,355.92775129354817,356.9328694936371,357.1821008514517,357.43628544704006
462,io.reactivex.rxjava3.internal.operators.observable.ObservableAllSingleBenchmark.allSingleThroughput,427900.00268608774,430440.11762054,431758.5215579122,432474.8220971663,431568.3781269418,432642.69850742957,430398.6304057976,432223.9917190198,433752.90789839544,431664.8062356007,432160.0371397747,431324.54698737944,433313.6974657805,433107.8244268731,433283.92038114247,432388.5329414297,430911.3416793686,432026.2330618949,433309.01157233655,431777.2103312336,431153.56006044796,431217.3105258618,431370.4806604239,431038.0011788357,433069.61121020524,431930.8778599129,432189.728149696,430858.8393232886,430162.92214560887,429685.8522058138
463,io.reactivex.rxjava3.internal.operators.observable.ObservableAllSingleBenchmark.allSingleThroughput,39026.247908023775,40022.87322453972,40406.054013463436,40829.64596676179,40301.588598065704,41242.60189453205,41377.234557533135,41438.522545343236,41523.66396171284,41723.701141183476,41644.59638057188,41638.26295042322,41701.86483471042,41698.55381321074,41913.903173165956,41762.194403014946,41576.75581558222,41708.026292779774,41594.37374352142,41475.29461883586,41907.850158009715,41678.907762543175,41425.797141811185,41623.773472267094,41552.4922239893,41698.72152141782,41753.871090162116,41632.0944157744,41831.48490544821,41749.85489245562
464,io.reactivex.rxjava3.internal.operators.observable.ObservableAllSingleBenchmark.allSingleThroughput,3835.025148112425,3868.4619278935256,3854.0626881001913,3861.2125365928623,3849.905388575076,3851.875429560838,3862.1059726747035,3885.895119554762,3892.070659152149,3904.635186029934,3898.217705670826,3905.747719637391,3882.9133278760605,3838.80675446798,3800.7416255842927,3805.662894380816,3786.0201741928986,3781.6560334806054,3799.7805018795284,3777.397316258191,3811.520884201814,3818.961211998647,3813.2851806264657,3818.1410175427195,3815.2953225845094,3812.180651824684,3852.965717588702,3820.040463136267,3834.4346624566715,3823.628953718807
465,io.reactivex.rxjava3.internal.operators.flowable.FlowableMapBenchmark.mapRegularSubscriber,109633.0207598785,109899.49223894367,110281.40077766507,110040.18699748036,110102.4103913076,110374.72716361824,109923.31023189226,110072.81877390605,110795.66570412253,110684.29128184938,110199.0081493299,110073.75403506726,110436.91613445147,110748.15642842166,109964.64558107677,110084.70768716258,109644.10070880546,110343.30629920663,110246.75766999515,109990.55549403469,109860.46419101495,109953.20795819032,110138.1075621459,109662.27101338835,110164.1945672747,110185.9606597173,110333.08443260085,110053.82570115637,110257.40976351673,109680.59343044864
466,io.reactivex.rxjava3.internal.operators.flowable.FlowableMapBenchmark.mapRegularSubscriber,10435.635629346365,10399.78130299898,10492.061170366476,10499.641430396037,10470.994691205691,10442.621166743764,10540.414553754441,10553.192849598092,10496.33175103907,10525.55926325697,10530.120661213945,10528.022315207698,10525.073393588575,10558.157173987272,10513.83056765362,10537.044247938535,10510.230987419112,10499.634938192834,10510.2594155908,10479.88190139994,10484.099012682922,10503.881935295161,10509.712540046234,10500.411344091752,10533.598423828154,10484.650672408896,10534.222058235222,10571.522682562725,10521.387518468387,10560.501929438298
467,io.reactivex.rxjava3.internal.operators.flowable.FlowableMapBenchmark.mapRegularSubscriber,923.749499458236,855.6065116989088,858.5936027486046,858.8578143711152,855.5065720409636,858.7894514489777,858.0347803728977,847.7263954581395,855.0846088389535,859.017203571497,858.1491348350214,860.7944491718933,858.4011218645121,857.5267318542163,858.3281059086634,860.2368804224297,857.6774600990002,858.8737253878237,858.9343001153842,857.4769219280854,860.9314948200257,859.1876792902397,854.8802509390893,859.9067961904691,861.6666633896011,859.697628009974,859.7699135343594,862.0365844650555,860.223853565658,856.2810398941926
468,io.reactivex.rxjava3.internal.operators.maybe.MaybeTimeoutMaybeBenchmark.timeoutWithoutFallback,554624.4623408203,554968.2998939196,553260.7997127887,547557.2399051789,555338.0793310809,550462.3317908283,552865.7247387952,550371.3275094929,543989.2608458024,551134.500444444,555569.8416422767,555596.4719817513,551402.6821638548,553507.8543268706,552427.6608690151,551904.1216168364,550822.6104749884,552964.432872932,553667.2139302474,547553.0661192774,550278.8972340223,554953.3591724253,551494.6081602249,550235.4171107403,551209.962912658,547556.8431735948,553158.7307156156,552333.4515386024,554547.5166829173,549614.9371067652
469,io.reactivex.rxjava3.internal.operators.flowable.FlowableElementAtMaybeBenchmark.elementAtMaybe,18571126.52286744,18459568.52642001,18403324.95058649,18445863.606829707,18462270.06188654,18521880.58473001,18448418.56593459,18419340.995779593,18498405.918964155,18549160.486949217,18429780.30309958,18405445.23899876,18841491.297604408,18534862.106838323,18523378.1709189,18496051.76316967,18454749.802481525,18444959.569121435,18530517.824377954,18386246.4109391,18500362.259178035,19429839.730347104,19244230.000354342,18488234.339887038,18439413.513948727,18433789.602132924,18454680.26010303,18496570.64631544,18496666.012387987,18462372.54105973
470,io.reactivex.rxjava3.internal.operators.flowable.FlowableElementAtMaybeBenchmark.elementAtMaybe,18682612.78527713,18675698.838103518,18702762.303545665,18642435.57739839,18761468.20645858,18750744.622916956,18801099.7881295,19331143.790348537,19225880.544839952,18738277.739290174,18772044.81138696,18731088.34582675,18736337.93619896,18675474.010713536,18733211.9246029,18737310.15765248,18787902.184827544,18765972.72655043,18773337.318827678,18955813.062814284,19011479.047185298,18821838.276886463,18906917.114110127,19415522.059161004,18758467.065459754,18746914.77706777,18772497.493137605,18789859.934667192,18784221.215100527,18739877.698391225
471,io.reactivex.rxjava3.internal.operators.flowable.FlowableElementAtMaybeBenchmark.elementAtMaybe,851334.3335524787,854169.028758748,854223.8013782024,855031.7431033376,855434.4284416937,857342.5397872014,856160.8674552313,855436.7104818877,853498.8394937974,857038.2456734522,860673.7643903828,859258.3889198947,853874.9640058185,857115.4928798118,855875.1534262417,856972.7993343219,858259.3747307315,860006.5448538905,860047.900279294,860492.3051600609,859326.6673811189,861267.4714447415,852395.8744708048,856340.5016433449,855347.5243947291,855601.6362844307,859037.7837036977,859523.8205854675,858121.3018730874,856969.1072330294
472,io.reactivex.rxjava3.internal.operators.flowable.FlowableElementAtMaybeBenchmark.elementAtMaybe,858225.153779692,863619.4277216123,865899.203726918,867312.3604116375,870531.4322376174,867910.1855449992,869133.6121129561,864438.1296844018,857857.8295184382,862875.6485444038,868728.2502381752,868926.2882605956,870872.3684345834,876805.5639291685,874161.5924933142,873451.1891519673,874440.6962623991,871880.7419202555,871980.5543079753,870259.5362777613,872723.4083732314,872325.7812500688,873166.1845722751,871131.8243711768,869144.3035722229,868784.9553649934,872530.1276688612,865864.6323776732,861260.3837034173,863743.5949315489
473,io.reactivex.rxjava3.internal.operators.flowable.FlowableElementAtMaybeBenchmark.elementAtMaybe,418058.28020011046,418268.4595971502,420353.1808083124,421696.0256286036,421986.8266328044,423596.8847308823,422958.5107102986,423704.0789237283,420923.88320577383,421374.92692019074,421823.52377245825,420890.88020987035,420782.3172001773,421706.8745941172,421904.75876960735,423876.21027484385,424568.2306876578,422157.62857927236,422867.71738428087,424373.0470018274,424331.6122615191,421942.12445024715,418386.41586319206,410391.96168740647,411547.1162746541,408780.19030248554,411186.4501511211,410664.38246576354,411137.4459618758,410895.60954520357
474,io.reactivex.rxjava3.internal.operators.flowable.FlowableElementAtMaybeBenchmark.elementAtMaybe,403957.6615396568,405567.0957744123,406783.6342222232,407606.09374940157,407879.29551904753,407578.7576999465,407528.1391901901,408271.23726233793,407050.66158080054,408214.53846614104,409987.6878198647,409418.0770912817,409137.67717826524,409993.2616679687,410621.5028712006,410017.94821205514,406227.40290748863,405516.9443819756,405792.0929290142,407982.17085784045,409618.12848320266,409119.6335412499,409726.8341519414,409170.00552149717,410267.0099435136,409437.33727884025,408649.94386940484,409905.0309715895,409996.443747693,409651.10897397384
475,io.reactivex.rxjava3.internal.operators.observable.ObservableConcatWithSingleBenchmark.concatWithSingle,4136383.60601896,4071610.4270945634,4063426.9930351162,4072086.339153328,4067731.9906562176,4074735.962937733,4181846.535162896,4076656.6728428015,4068194.9887903747,4069100.514749892,4068653.6290486767,4071773.583370413,4074100.9338200386,4074018.6811529747,4072325.349538824,4063706.89757335,4071586.9018582352,4062557.196319879,4121809.6999731474,4155393.3866240806,4061048.563366237,4063493.609880258,4068218.339804068,4071269.189245992,4075164.923222756,4181854.722791736,4084894.9815210756,4068514.350120144,4064103.303049523,4052963.112703061
476,io.reactivex.rxjava3.internal.operators.observable.ObservableConcatWithSingleBenchmark.concatWithSingle,1480436.1948883345,1482535.639984532,1476639.9730848693,1486607.733742192,1538907.1511402638,1506490.698585398,1482184.25463488,1481115.0287234373,1479895.4262418135,1478281.7343033627,1521673.319930293,1473030.4464308347,1471718.0718895239,1475740.220800977,1474002.7705642171,1479486.6464866083,1505411.737095107,1512800.6711770596,1484944.7393549737,1482392.3116170773,1481157.852827488,1482583.8716351741,1483335.1524822328,1483529.92364909,1480798.1990088557,1476780.2356793985,1481463.0550380144,1483633.2569624542,1484872.8601125376,1501469.535502465
477,io.reactivex.rxjava3.internal.operators.observable.ObservableConcatWithSingleBenchmark.concatWithSingle,196915.22972503505,197084.2866498983,200949.880913632,203674.38351398238,196019.779013186,196748.7640730773,196901.99842939174,196496.27541309953,196829.23356512224,198536.83164076676,197024.5738358468,196425.829270883,197202.13495117272,197104.1000379823,196358.15306714838,196513.80612181633,196575.59171556984,196357.75184630608,196673.17188388592,195284.53565233754,194919.2509165553,194794.27032133276,196845.47515999086,196666.72219263553,196676.90681002915,196688.10686860667,195685.3782931001,196555.98369474013,196245.76199540295,196948.27567888834
478,io.reactivex.rxjava3.internal.operators.observable.ObservableConcatWithSingleBenchmark.concatWithSingle,19710.03178410867,20539.3601169489,20118.548426612473,19656.026495975733,19664.162501999162,19560.296102606502,19620.53781870913,19592.253840376477,20358.233146073853,19649.634890134108,19603.56338943619,19654.98173436129,19655.639515255312,19632.663545694453,20587.34364261293,20001.27423005561,19690.694597326794,19572.111308713917,19636.23984188324,19636.34212362983,19652.221395354834,19678.494890318314,19674.22001429265,19709.43548472066,19628.312809115865,19628.54523037025,20063.417879119723,20514.23924233159,19621.063604360545,19543.637721421335
479,io.reactivex.rxjava3.internal.operators.flowable.FlowableFromRunnableBenchmark.flowableSubscribe,42248546.32161612,42160721.13016105,42219793.18036356,42229124.34780872,42703028.555833146,42672454.57834744,42129964.92790284,42387262.69785177,42249158.64868221,42180679.537524685,42236682.10578575,42234140.50178349,42274595.355825886,42264357.76891587,42315920.31370916,42307264.71493068,42190901.120657265,42812905.792808525,42735499.91048414,42247883.352320686,42236932.03219859,42246592.068986446,42224132.144946426,42129513.64792194,42237508.056214556,42131824.37429903,42146093.57025032,42080810.905040905,42025506.557184406,42251589.12190216
480,io.reactivex.rxjava3.internal.util.ExceptionHelperBenchmark.flatten,8478296.904288571,8479257.9585142,8041344.5197153995,7994334.394721849,7821816.013110252,8239977.036786181,8174311.969778391,8536498.852561893,8467614.48265565,8437593.642643202,8391479.5497759,8419359.526213761,8414674.796376433,8168130.500263081,8797248.023054935,8386833.50995942,9005580.198906807,8278740.4632826755,8649005.73452921,8136139.705002449,8144404.005878238,8165627.114643385,7976775.356071118,8003928.306403208,8045816.26721773,7886646.356507353,8233817.2398433015,8478382.711948026,8225445.970548902,8327002.1510850405
481,io.reactivex.rxjava3.internal.util.NotificationLiteBenchmark.acceptErrorObserver,83421679.75242496,90477744.38855341,86922692.69598666,84365528.51724741,88347910.32399467,88878968.8227095,85994138.85297754,85080878.9455183,81854377.34071653,82716267.68584582,83204263.06118652,84846761.0639955,84265316.3162327,78572849.46177825,82246875.50446796,88480079.92287283,88806206.0001698,89655557.98971291,88143415.71106224,85830991.19645482,77729149.47900194,83801979.94242428,80564374.28827775,82725381.58146636,91128933.52877411,87761177.97664842,87182189.30790658,89711273.77252433,84001408.78118572,87788003.33665165
482,io.reactivex.rxjava3.internal.operators.observable.ObservableMergeWithCompletableBenchmark.mergeWithCompletable,48454.583176612716,49370.48189452937,52956.43396669312,51417.50191309235,48662.35121089889,52713.70868240358,52344.430053214564,52188.34062494901,48854.90367118004,50743.51924829716,53058.701396247685,50115.762361482,49761.479425092155,52455.66741811527,52887.12379692268,52242.54490400891,51411.862745311555,52455.358162081364,53510.0918276742,50217.214692465976,50327.668697038665,54202.154902300405,51622.24254899235,49415.350245461865,49919.127723656246,52084.50666258155,51913.48364007157,50008.49048933296,51458.460482001574,54688.54873992773
483,io.reactivex.rxjava3.internal.operators.observable.ObservableMergeWithCompletableBenchmark.mergeWithCompletable,5139.397498152496,5427.833273492012,5385.933119115113,5357.835977197931,4783.104001083633,5270.56171628153,5502.407539902231,5198.737417961135,5198.565159197894,5512.703357254906,5416.416532778256,5314.989503565603,5295.480042110145,5387.810279897424,5393.142037392124,5151.933678526887,5299.136452963858,5444.813819889167,4955.218244323866,4973.254708049451,5165.241840637389,5200.480994448867,5335.3855782931405,4984.613551097391,5318.011429537351,5570.015928575851,5295.34200080298,5099.801643215087,5457.199404161461,5180.140547805394
484,io.reactivex.rxjava3.internal.operators.observable.ObservableMergeWithCompletableBenchmark.mergeWithCompletable,527.2124896101553,536.8307093621412,534.6527681557629,476.66130354415367,504.7939007270356,499.5331363307852,509.3823530912597,489.3957332202136,515.2594738505823,525.5759842166694,531.9522035625577,504.83086831214854,511.87494902578635,530.2286054120804,525.5382983682526,508.2774206031696,532.9841541747153,507.36302839407654,514.1099019905075,507.896255587145,530.3411349337441,544.9490352763229,517.4253624548401,509.18672590100203,530.9616178465691,520.1654009313588,525.1323353951379,518.0779957598321,527.1815080660456,542.2972199608155
485,io.reactivex.rxjava3.internal.operators.single.SingleDematerializeBenchmark.dematerialize,21310173.59414197,21314579.99766079,21302596.611175418,21325245.70738603,21323057.940593217,21342244.447686117,21336187.021597862,21402938.985265125,21757489.190644626,21432813.533324316,21362742.986061476,21330884.402196985,21388634.067799345,21340404.328802645,21380394.577410422,21380850.044843953,21349748.69165184,21373225.331174556,21373503.61644572,21323747.003279004,21637394.24083438,21768213.797671527,21376592.574267775,21307155.764495227,21446145.322582234,21357730.45143392,21346046.25667322,21340980.199054386,21362526.248501554,21306356.95423954
486,io.reactivex.rxjava3.internal.operators.flowable.FlowableRefCountBenchmark.subscribeAndCancel,10741377.565793695,10626716.042403568,10744652.535756797,10720894.561764095,10737269.058530778,10775661.001910815,10927622.44595904,10833772.113309016,10688282.186014626,10699267.999897443,10746707.097324502,10763163.658805199,10701603.31425246,10716281.883960094,10734572.352018168,10711485.762765063,10671207.580442332,10707984.342380287,10814236.681831853,10917886.658114873,10714397.836179312,10688590.7349835,10708642.407973949,10762958.462095043,10775403.365660869,10705542.300385464,10710446.527140249,10729084.641332867,10697471.649600735,10678894.012828529
487,io.reactivex.rxjava3.internal.operators.single.SingleTakeUntilBenchmark.takeUntilSuccess,10149509.473684441,9996283.402991006,10103868.91852347,10163422.874327162,10122438.389764277,9975866.439596012,10045496.780951917,10035460.973427454,10201474.305539647,10073696.055976948,9775933.5726001,9759839.007393036,9943807.441887071,9942836.186314858,9946344.528996008,10209027.97201922,10042075.753987523,10116479.932185587,9873558.552468712,9898077.872985728,10163025.049594268,10210699.746319603,10289416.860402727,10107153.338006897,10008270.783384187,9948539.061641835,9904405.801767938,9952213.12498747,9837913.136301298,9952161.548772795
488,io.reactivex.rxjava3.internal.operators.observable.ObservableElementAtBenchmark.elementAtThroughput,21428160.74369075,21429786.823160425,21410788.49028738,21347361.012469087,21260917.33148968,21471899.279249694,21500496.912659183,22202178.383557938,21765085.53284824,21462860.517047457,21496748.0790682,21363234.009382498,21412141.924192853,21526189.919666406,21473216.8412876,21402597.66836038,21412425.116799116,21386022.635362007,21428480.487677153,21513993.24374643,21316757.065290153,21345071.33889795,21301807.083178494,21548998.891467024,21294051.87025791,21416722.345466953,21517763.210624773,21438526.82499529,21486183.658889942,21397889.029075615
489,io.reactivex.rxjava3.internal.operators.observable.ObservableElementAtBenchmark.elementAtThroughput,21492909.94622789,21437315.411846094,21543558.339842424,21677677.072576433,21527354.97438406,22081688.226966612,21899214.27545671,21641450.020336088,21549039.037514586,21488492.722043317,21315665.426908296,21221986.494390994,21294712.696212627,21341907.139165983,21333769.653600387,21256137.424757916,21008077.061392415,21053153.602148604,21973063.375198923,21822956.563440155,21024338.65733274,21062031.3155611,21496765.448474757,21176978.27530072,21165646.433638934,21234840.15510433,21337883.755545337,21439524.336541872,21453800.021921515,21506115.869498283
490,io.reactivex.rxjava3.internal.operators.observable.ObservableElementAtBenchmark.elementAtThroughput,21157193.295094274,21066647.845153086,21159970.04684526,21428075.98692004,21734853.734394442,21184378.356240768,21272073.06123062,21548177.40516741,21367626.158877622,21233787.499151427,21213020.75727473,21194504.087641496,21297558.32512518,21216471.990627743,21327772.060838934,21156927.941452004,21313390.446538616,21912577.84303169,21326307.783603024,21094091.625129163,21253846.90930748,21112897.87204646,21073415.495203696,21252165.18313031,21177608.578925733,21057556.047775347,21087695.498705752,21044443.84391346,21169373.42971238,21279209.033192024
491,io.reactivex.rxjava3.internal.operators.observable.ObservableElementAtBenchmark.elementAtThroughput,21889064.70531752,21947873.1180197,22284278.88061521,22173520.4370393,21855017.955662455,22109759.865840647,22189068.46223584,22215143.68722162,22247761.54862157,22324702.918193195,22175522.88171713,22085799.335530676,22351186.86856142,22294364.123475924,22298899.726735145,22603384.386703342,22736801.305867966,22301122.526255347,22361217.602251235,22468837.157100532,22240627.770059854,22287839.386607423,22110190.03561521,22153199.71661996,22227108.46336604,22293552.98630026,22207647.7550671,22150883.23562065,22924748.87249661,22679326.550030775
492,io.reactivex.rxjava3.internal.operators.observable.ObservableElementAtBenchmark.elementAtThroughput,15677446.316231446,16283133.250342181,16036759.67945062,15876909.744126443,15828470.246489132,15959534.324630681,15812786.054688009,15821308.10755754,15756997.867221517,15764897.621890781,15690268.704631098,15727802.745831113,15821735.283093804,15948793.367880503,15849108.945179785,15813170.125228299,15748249.117998615,15807119.665013425,15808290.1215916,15771593.296551013,15802203.001792908,15749960.606392357,15838610.163533065,15791916.003383936,15787016.308494467,15848281.85502533,15958518.328166902,15876865.221216436,15866055.994432721,15842031.10409844
493,io.reactivex.rxjava3.internal.operators.observable.ObservableElementAtBenchmark.elementAtThroughput,16113625.73364663,15806688.11005437,15883214.867763037,16101815.914292458,15901523.673409544,15784575.732199352,15811388.481444906,15771286.08529097,15762855.211329427,15799910.760696067,15787164.25829891,15906740.388058674,15938907.007405624,16071712.34914428,15876347.55189404,15868107.879863096,15879502.011813315,15783998.43446403,15813533.738781748,15893076.073491309,15858524.272169577,15844793.498957645,15863723.5879858,15845758.95834241,15734560.626345662,16077788.28025554,15945855.308524761,15811596.482106311,15808719.378191499,15765404.11718522
494,io.reactivex.rxjava3.internal.operators.observable.ObservableElementAtBenchmark.elementAtThroughput,16301280.875424845,16366797.387595762,16352837.77609398,16276096.038830614,16302832.405259375,16431938.866106864,16422989.49593123,16367818.265066069,16342669.936283529,16342347.577858021,16397124.22173214,16554325.79152383,16295715.514001727,16430928.089927834,16465236.20841069,16492182.107929992,16336658.617051505,16453095.313852388,16288130.574199185,16310625.576341158,16400878.013914805,16359830.730982402,16339627.570840446,16570001.84360513,16850508.68737387,16309009.963225136,16262342.722433241,16407771.145153722,16384717.93410961,16389289.350750377
495,io.reactivex.rxjava3.internal.operators.observable.ObservableElementAtBenchmark.elementAtThroughput,329368.62701185443,329506.15338380204,329228.0688958203,329608.2759111612,329270.5417197835,330566.54024974915,330468.9131005723,330028.20055995457,330161.1909306192,329612.5435679088,329456.0263777135,329760.73719198175,329653.3268479066,329789.27738925687,328863.7745938276,329744.10107025434,329091.517863131,329641.0421402745,329480.00563805766,329583.7421076357,329023.01909685746,329382.4874808495,329857.42106819287,329388.8339989162,329373.57672695967,330942.1634060771,330759.8909854518,329681.7701539716,330135.30922828126,330080.61042428773
496,io.reactivex.rxjava3.internal.operators.observable.ObservableElementAtBenchmark.elementAtThroughput,3305.0222554360407,3283.378666554656,3286.0561165271447,3292.5833400412344,3282.8684182363127,3292.291400121952,3304.90848787371,3295.8241908501873,3287.7751459449287,3287.1808181042243,3283.8066613754495,3295.403676932237,3290.315206437975,3269.029719289018,3271.0302703660473,3281.6072539622387,3249.6771153314976,3271.6305216786645,3281.9877398034,3286.677001817646,3285.6806384133074,3270.757100494689,3288.7915432368236,3281.872955598953,3284.1480624352716,3283.4726677226186,3275.4987569762175,3282.4118246251455,3279.667438323135,3286.6368134855625
497,io.reactivex.rxjava3.internal.operators.flowable.FlowableAllSingleBenchmark.allSingleThroughput,26999615.11188883,26725963.432200026,26492610.716013607,26895525.53835141,26864951.4513639,26783086.594131827,26847543.5002519,26907585.09093677,26925277.00566726,26933398.303439546,26903031.94983542,26785851.675061405,27039287.791690253,27150857.36414922,26818785.739028558,26886654.892410453,26815618.6348211,26648389.457844082,26905650.200781178,26921385.930265088,26898258.95319343,26854098.743857186,26891950.50314202,26723209.544423547,26786378.30798848,27378080.76788096,27137137.913572982,26225303.125579435,26849518.04441084,26922935.420990363
498,io.reactivex.rxjava3.internal.operators.flowable.FlowableAllSingleBenchmark.allSingleThroughput,24369400.93462152,24418781.80231575,24450825.122611973,24469784.596144136,24469075.5008696,24479043.321750138,24391669.060137853,24438597.62181575,24426216.2572936,24485794.077591524,24539642.396654658,25230579.17935025,24732543.544573322,24513989.899285194,24503713.02864008,24494872.772309102,24872851.394255813,24660744.35372861,24325862.564129774,24438081.409974784,24476973.70023608,24499884.711548146,24386977.90732599,24549634.765034284,24881466.490420748,24595716.948776163,24495030.480345663,24486949.412839223,24394266.42730074,25022487.305428714
499,io.reactivex.rxjava3.internal.operators.flowable.FlowableAllSingleBenchmark.allSingleThroughput,447107.8015347682,447403.5695513118,449250.44611404074,451750.6985760419,451450.78979299153,453310.3848171742,452071.4876904483,450556.1161246657,452457.491567019,453489.6929641307,451580.01657505,454461.24637009786,454401.60046768276,453497.82116094965,452733.05147265905,453214.32031857374,452828.35131283564,452563.5558160942,452944.08258932194,452802.1337321599,453229.65697805013,452968.10339155607,454217.045426895,452504.03478656156,452353.65604784095,454285.7329647165,450365.5904793453,447405.3353953218,449442.9531205139,449616.109271623
500,io.reactivex.rxjava3.internal.operators.flowable.FlowableAllSingleBenchmark.allSingleThroughput,4179.3256365532625,4218.7032859417895,4287.406485745365,4299.0775426326,4387.464387122549,4432.218289660253,4448.5927891618585,4456.934458394359,4432.497230704115,4499.401795532481,4491.2770750594445,4514.140936409097,4524.54459101328,4540.27937593801,4524.406185261403,4539.494631681139,4553.761821583942,4540.45800552788,4542.435152731193,4551.967968718196,4537.402682698642,4499.144060338241,4519.027798954472,4538.832163023286,4543.659493613889,4551.181615624242,4576.314317096926,4566.823892142585,4554.297349342051,4559.4047469132665
501,io.reactivex.rxjava3.internal.operators.flowable.FlowableAllSingleBenchmark.allSingleThroughput,28966772.56212439,28809912.881652135,28675321.816707034,28848830.54445161,28953885.971227754,28954891.080232974,28910219.49907307,29646582.18891287,29089625.397057917,28940213.51369421,28936068.850564536,29037416.243360743,29087014.205896765,28935479.39123136,28869863.53659661,28942788.427433766,28925969.637312353,28951829.29899211,28945978.879388694,29222827.48592073,29592758.241994593,28974427.941083845,28863382.696664013,28923344.06203245,29444241.239943147,28984844.688595343,28937765.990574963,28932402.607299186,28956332.24432931,28973718.05158858
502,io.reactivex.rxjava3.internal.operators.flowable.FlowableAllSingleBenchmark.allSingleThroughput,23532646.812563762,23752041.251512736,23872951.19364391,23823286.182623867,23775555.164733827,24309120.090131447,24439998.32404382,23782734.671091415,23852941.88576152,23777580.66710813,23793261.747466736,24308370.426517107,23809509.143672593,23807280.096394368,23789357.872142788,23773751.448971093,23778627.4737846,23820426.469201166,24587505.6126794,24300119.038953867,23758972.570222266,23800897.741549477,23939988.655027352,24261372.27645542,23963462.929775447,23838011.78150685,23771257.99658948,23783693.07111121,23874696.116629593,23850909.223694697
503,io.reactivex.rxjava3.internal.operators.flowable.FlowableAllSingleBenchmark.allSingleThroughput,23815381.388434738,23886552.71359839,23797893.031254288,23968806.060213234,24784464.75918515,24027980.413994994,23871772.64299911,23870787.521921366,23900819.749148753,24034671.022869334,23787578.029849555,23834903.323463038,23791958.613062087,23873077.869959265,23863489.757680707,23763722.19948411,24086865.715723634,24801301.48860388,24153650.131263457,23769174.479623605,23903598.259334356,23780431.39847971,24247057.62794946,23889072.22563585,23873725.576130982,23865252.60977843,23876679.830618735,23808159.02382559,23857100.116711684,24307673.463070694
504,io.reactivex.rxjava3.internal.operators.flowable.FlowableAllSingleBenchmark.allSingleThroughput,24000489.857830636,24116392.916230436,24340997.08518165,24726906.847120974,24266616.72820879,24082904.634665377,24043249.043412857,24123790.068569843,24135575.370920856,24139045.853502836,24100727.90944111,24145718.954499565,24145662.3598947,24151507.248760596,24144651.752364296,24806269.5761664,24907638.19953296,24066691.41555269,24143084.668824214,24143970.82841935,24291644.147625078,24082821.569147617,24010344.26653704,24089840.34427733,24093339.827243194,23646838.067060012,24082433.838374976,24070234.491547707,24977743.814275388,24852930.120099735
505,io.reactivex.rxjava3.internal.operators.maybe.MaybeDematerializeBenchmark.testDematerialize,32681856.37416647,32321318.950686686,32296521.864084493,32567971.77238376,32237136.13599868,32075607.941296056,32265490.897177394,32300116.900605775,32273338.71951559,32185814.87764549,31706497.774761315,32379814.993544813,32606667.089243546,32451423.950249165,32315334.327453434,32182012.358241513,32362312.658457793,32312997.731864598,32249625.663060475,32180540.759923656,32250411.365659736,32198998.187281895,32322866.735461965,31672629.776159216,32367169.71670887,32859345.032779913,32383796.54879607,32266094.231149115,32289281.764462452,32211803.3448448
506,io.reactivex.rxjava3.internal.util.QueueDrainHelperBenchmark.benchmarkPostCompleteRequest,26866350.26919204,27136887.84832252,26978961.424157333,24436084.81400345,24732661.71222484,26866471.961980704,26811209.66987507,27024256.05118645,26591911.2221184,26989395.416929804,26818518.7049583,26880586.159413725,26950510.220958956,26929322.841310732,27061988.764589913,26807017.380826686,26779707.158942364,27314092.25610792,26815611.663493726,26710557.494788274,26640892.866836462,26836121.49233823,26988940.25959964,26536772.468631595,26955479.729218174,27217875.263774954,26786848.380768053,26214752.644141126,26945454.45937043,27260412.60264999
507,io.reactivex.rxjava3.internal.util.QueueDrainHelperBenchmark.benchmarkPostCompleteRequest,25341101.921255603,26359068.280860133,26095537.63909526,26534549.518809017,25656551.194157075,25667363.631503604,25792029.018554054,25724218.754429664,25422401.637723524,25308109.302126195,25279706.713216875,25423718.725345507,25344536.81003627,25311716.383405473,25700218.05675496,25597481.843847338,25186028.21503,25849819.226124004,26041495.46896096,26164853.09702573,25901456.3446378,25108307.84352236,26814226.629054535,26098031.926856525,24830673.35724922,25474958.934536207,26567139.095848974,25638246.774302624,25236948.525013108,25353611.371950734
508,io.reactivex.rxjava3.internal.util.QueueDrainHelperBenchmark.benchmarkPostCompleteRequest,12009099.773767626,15808566.40499892,17386588.863387268,20266534.84524434,21619798.275358256,19739014.63757816,19923564.746465404,19715757.246859096,21258866.199867364,21852484.867942702,21677812.76236499,21755679.461775955,21951741.828120004,21991634.236341693,22508636.80207913,22219262.999031175,21309551.661606833,19354010.593362615,19516486.488269165,19747562.99777984,18410124.57979039,19366006.988286883,19937120.29458955,22353262.48387746,19680972.75480692,19673682.1601165,19557628.394389875,19911527.0707374,20960509.080029044,22020959.890574083
509,io.reactivex.rxjava3.disposables.CompositeDisposableBenchmark.remove,20756385.51188801,20686486.516939282,20723332.646327563,20694444.773621622,20741365.870845526,20783024.186893634,20749740.591067262,20710702.31890685,20920015.505090944,20775363.934529927,20781891.277993567,20790987.727649204,21320203.15997921,21036221.113908578,20705644.53974325,20712529.90358182,20750892.213316396,20713995.118500814,20715003.7196722,20407356.851321917,20661370.417225417,21019921.123297557,21325770.25338665,20679800.247274846,20745241.08841553,20698303.3768441,20696778.4266841,20701707.232558057,20726466.388594292,20733416.278691646
510,io.reactivex.rxjava3.disposables.CompositeDisposableBenchmark.remove,21643377.362567265,21649869.9312966,21618284.42060818,21655561.868637975,21665476.843675118,21686483.948060118,21676811.438691337,22106562.710196707,22172784.226479225,21661796.903689332,21979580.449664887,21803373.913902264,21697287.40701859,21699809.07983189,21677108.558372784,21644062.033007372,21608995.618740413,21643934.461335238,21661877.028502055,21630721.306449894,22224391.76676283,22046291.14466281,21694515.541871574,21700815.65010075,21659239.09718775,21670963.92428029,21674997.652478464,21652516.716326267,21667469.67767434,21547182.580300566
511,io.reactivex.rxjava3.disposables.CompositeDisposableBenchmark.remove,22070491.705306213,22071018.9322082,22041540.38650299,21989567.054110825,21995635.677711036,22057400.071350466,22400401.362457354,22139750.142460823,22043632.5144599,22323728.443761185,21996918.31899457,21913844.81113309,21801376.89023181,21984294.52130704,21944519.380123176,21952548.069030628,21921991.536829166,22018259.99569092,22031589.785229165,21983959.464972813,21920690.402064834,22027724.218562663,21983768.779059615,21903655.890362535,21885613.788024485,21934206.533030175,22006510.983561784,22019913.412248064,21944149.547789656,21951098.622397956
512,io.reactivex.rxjava3.disposables.CompositeDisposableBenchmark.remove,20635438.55861187,20714334.63093638,20700978.781914342,20690806.94575281,20651620.61532335,20567545.638822306,20587954.69025705,20786721.55361078,21113139.991218835,20367075.322352927,20472684.78749457,20522083.73431188,20542176.57386538,20639505.01973757,20669441.37517964,20627966.574837614,20659336.651461814,21151970.177006762,20976659.16081657,20690203.32552421,20755337.444829628,20726956.43401543,20731651.79309325,20753015.431417618,20729158.191817857,20744577.856409453,20689943.3043639,20724785.213393785,20751763.342921812,20763608.371870402
513,io.reactivex.rxjava3.disposables.CompositeDisposableBenchmark.remove,21590552.69742483,21525073.933146138,21583966.97247838,21785859.77534173,21581389.008395225,21601644.908594467,21580898.20218929,21680586.599736307,21658941.410028003,21699482.765693933,21667855.055027526,21398197.75938797,21717120.941318326,21743769.87638413,21666395.527810212,21666663.458364215,21532950.232829403,21651324.530336756,21704328.807846118,21668640.09683289,21621372.85234596,21643158.420639906,21644600.46133296,21680444.77472224,21677865.139215216,21657026.270276614,21668524.122130185,21667694.269057244,21966093.57915723,22222485.26475948
514,io.reactivex.rxjava3.disposables.CompositeDisposableBenchmark.remove,21986463.82353654,22211393.966948174,22356576.654413506,22043062.630221713,22039798.86140883,22034820.20757015,21991389.827924605,22015607.69533576,22056490.824645497,22029212.84267763,22050676.292105842,22044367.212835647,22034847.11897652,22040365.816786442,22355295.18854352,22257679.617098615,22020024.422371667,22041867.172149323,21998160.899820708,22014375.142928742,22034942.659768574,22058619.239672456,22029718.667636536,22029636.497199547,21942944.804301426,21900079.085591022,21971412.654864628,22352361.344997566,22245287.87395928,22011341.94991308
515,io.reactivex.rxjava3.disposables.CompositeDisposableBenchmark.remove,21245117.934368316,20919898.94884811,20692050.659450144,20682744.47525361,20732372.73009132,20768175.38560337,20771613.058685955,20776241.9624745,20753595.995991305,20741423.926687416,20755788.304712333,20766613.1434689,20913009.575625084,21357230.6831258,20970101.341819115,20756306.39296931,20726345.27777596,20712653.17228753,20759794.929834723,20635124.154037006,20745832.82906191,20762719.904659126,20743217.720662825,20697036.558540583,20719966.688779075,21035828.93360241,21363047.30917262,20847041.03157093,20719528.071912847,20729750.970099416
516,io.reactivex.rxjava3.disposables.CompositeDisposableBenchmark.remove,21796573.36031607,21729816.935868133,21727803.620565016,21713927.414044052,21722686.251202792,21733414.48664636,21736069.812236466,21740388.912249647,21681933.641376656,21687758.10006906,21673705.97710419,22088868.83927327,22218597.110177174,21686518.98728779,21835246.023240156,21731940.742247973,21758706.566899624,21716479.184428554,21699953.04689908,21715632.119252633,21730728.998961177,21750683.116841763,21711487.296259634,21751749.60833791,22165483.11875872,22062519.744262353,21721573.033570793,21737956.094416447,21741508.370923173,21734317.066210575
517,io.reactivex.rxjava3.disposables.CompositeDisposableBenchmark.remove,22072145.384816546,22060377.59047128,22045238.947844945,22051773.11314315,22038114.867256913,22044015.180780664,22070134.703452826,22057550.38939387,22058248.81796768,21957566.666393142,22330956.25724748,22061548.12457677,22029008.1348628,22400569.12052255,22025697.45579005,22047184.98679248,22061398.902520873,22071066.16973356,22060451.032046467,22025719.09713144,22042512.081326243,22062152.68392728,22229349.626517955,22077414.125480186,22063560.177208472,22149066.41913623,22424502.45270741,22184195.60432031,22058046.637391552,22053487.07591115
518,io.reactivex.rxjava3.internal.operators.observable.ObservableTakeLastBenchmark.takeLastThroughput,5087094.719671909,5094449.57752978,5073373.489027281,5069266.129561314,5098863.1216220325,5101749.326333687,5076460.724417457,5057160.475865322,5066423.076251767,5062643.702030477,5171891.854530814,5209445.286003632,5075337.698068637,5061465.115320042,5108695.578943036,5084240.485806319,5111679.213308329,5071244.307940774,5074737.265268301,5101647.332366547,5101777.316100763,5101584.973118856,5081132.127379947,5215299.522096965,5172572.8611330455,5092184.420929205,5063162.251735883,5102902.488603771,5078083.065013356,5094514.17799079
519,io.reactivex.rxjava3.internal.operators.observable.ObservableTakeLastBenchmark.takeLastThroughput,349433.2858169849,350644.7735985406,351375.06395049434,351782.4625709451,353532.2254221793,353994.23573849746,353062.9088903788,354197.35097121325,355470.7672886773,356457.23232220195,356427.49637277017,356065.7328895073,356192.3797580914,357185.01622435066,356441.31503994885,356710.46192969236,357091.78831562714,356263.5848456928,356776.1460429142,356279.5282503163,355604.7810088839,355776.3225833907,357104.5968427979,356068.1473141482,357673.3938897488,361305.99649606267,362947.5657463609,363163.4887066907,364194.5016018071,365054.6017181116
520,io.reactivex.rxjava3.internal.operators.observable.ObservableTakeLastBenchmark.takeLastThroughput,372.1118839964969,373.042387314301,376.65372377570054,377.4201603495711,374.4317986222953,371.04727364894654,375.1621206830214,376.1695930516706,377.640495311835,377.1852677457377,376.957468642728,375.28955697829355,371.233194449174,377.87684502380773,379.36825095021317,372.5438986029233,372.10712852598124,371.96554148420245,368.0022083812525,371.27665950556496,373.17694928211154,372.5526853045719,374.13068453251697,372.08956791242963,372.7306156566852,371.1625751465154,373.65179351996693,373.65772989307567,373.53509523219327,372.60605554087044
521,io.reactivex.rxjava3.internal.operators.observable.ObservableTakeLastBenchmark.takeLastThroughput,1511365.432196165,1510919.8361176474,1515688.6530824308,1514849.6121683551,1517753.2809640411,1512425.618456952,1571139.9347932183,1532494.3138371534,1514884.0620009154,1507123.3706292373,1510212.2462994931,1515082.575190806,1514753.3653349238,1513955.5954400564,1514686.272682893,1511744.277653152,1511541.9430589995,1510029.3317631346,1524789.5846015308,1580698.1302295611,1531755.3495753184,1515940.211788641,1514461.2291772526,1511383.700780617,1510789.410059894,1512977.035858711,1515867.344621527,1515100.1357675467,1520072.5668685765,1517951.5644690623
522,io.reactivex.rxjava3.internal.operators.observable.ObservableTakeLastBenchmark.takeLastThroughput,219602.73134573683,219304.46113646388,220360.14358557708,221154.46702878558,220445.03903302934,220100.67081771014,219742.62099032468,219474.23171354577,220463.80486945086,219949.3151370596,220096.9601169679,219248.37744962514,219299.6933263604,220035.8268526308,220176.98021899402,219838.0178133712,219459.62894459994,220598.7416005386,220174.0809517774,218873.32072002662,220599.86288164806,220136.86900853208,219497.9770163676,219603.9950657487,219043.07959101957,220176.76181084462,218974.10625665268,219848.33207536416,219651.13107761394,219703.66736810637
523,io.reactivex.rxjava3.internal.operators.observable.ObservableTakeLastBenchmark.takeLastThroughput,219.89828758636494,221.03647101771793,220.562832115229,221.62583862655785,221.49299213084188,220.1743306277684,220.08245884257107,222.03682081006858,222.13132922556656,221.98478079709167,221.95625885811057,221.82121587096867,222.76101418734433,222.36284727884123,223.01550046934463,221.98306602180853,221.4275661203484,223.14856015573235,222.28870415508047,222.45908051261588,222.3696243651534,223.25148687981908,222.50305788796103,219.2724933361594,218.7707387667679,218.5905274803028,218.32557875105212,218.66339110637458,217.5358012239115,218.37192696180568
524,io.reactivex.rxjava3.internal.operators.observable.ObservableTakeLastBenchmark.takeLastThroughput,1514773.7692543305,1552062.1486137589,1573351.9015159311,1527707.9055633098,1559373.3208046483,1537828.114551342,1510378.3925600592,1514405.0608535744,1512339.98623882,1512601.2480819444,1511410.888618757,1513701.020954037,1514200.934222005,1513963.444502313,1563472.2950301534,1561060.7815987584,1517858.2539998074,1513114.1623084967,1509483.3264891389,1513669.5128070263,1512239.6099251986,1515087.5937745434,1513941.5665362354,1515889.5954460683,1513598.19375262,1520081.5960308448,1515440.5651608713,1567900.90124729,1535292.0933864214,1513040.4763684918
525,io.reactivex.rxjava3.internal.operators.observable.ObservableTakeLastBenchmark.takeLastThroughput,108705.73778598102,107703.67336425297,106520.67305390665,108273.43915797661,105745.20337173356,106009.51833893571,105971.1258189185,105482.8787597506,105763.35087328643,105990.4897626926,106139.42090919065,105806.41395055132,106313.73861379623,109273.31658759098,107205.82675921822,105887.36428293609,107284.08732777002,106309.45452073799,105610.35921864667,106061.58460137197,105841.34857738414,105636.18763740493,105541.91817866209,105632.40064638565,105629.36563044175,106918.44384152371,108975.9346073813,106188.01213374603,105483.54377536118,105320.17364440928
526,io.reactivex.rxjava3.internal.operators.observable.ObservableTakeLastBenchmark.takeLastThroughput,239.65764904833446,239.83499783851707,241.29861851206408,239.70381956350914,240.5015177950995,242.3754522668587,241.37158088253855,241.5150758870009,241.23456850376718,240.38217933795278,239.89473538958472,240.58155673894552,239.72508064054554,239.77364624496172,239.58011643994956,237.705150531281,239.5989071167063,236.1987512431143,235.39154087842263,235.26306902049228,235.61313783568835,235.68602897101803,234.74747298815518,235.41668759190173,235.2737496959523,234.83072133520264,233.4195507014601,231.74870861803035,231.9647949350375,231.4632275168593
527,io.reactivex.rxjava3.observers.SerializedObserverBenchmark.onNextSingleThread,22876877.447918512,23047279.391303968,22868697.716236036,22841670.011943396,22901880.833966937,23000679.48932758,23085214.413008705,23069836.696804482,22736564.615046676,23052993.59037521,23231212.568028893,22721283.06421386,22946939.037760645,22782441.189694744,22670624.318939738,22887800.41805643,23196404.597556565,22858834.94684399,23034957.036962226,23330756.077091955,23157771.967906386,23074808.955333058,22861756.502055183,22775892.13152204,22945907.38628261,23097167.874340825,22898246.232533924,22916902.3251325,22880278.20190596,22905369.321704723
528,io.reactivex.rxjava3.processors.SerializedProcessorBenchmark.onNextSingleThread,18469427.85006494,18169276.131640654,18254357.55738929,18195142.397307485,18312394.316896133,19641568.221356448,19110709.49603979,18568898.522057615,18470603.905169345,18801197.98527948,18558696.880102716,18565481.53486107,18732553.361038554,18803544.13692635,18828796.82645088,18517930.64120708,18611782.96865343,19063451.379558023,19431625.37940278,18598570.753390383,18937211.113003615,18695691.18006497,18487503.60596226,18455101.640642446,18447055.212313797,18416324.06500663,18440288.830681905,18840107.63634742,18911808.26747596,18864054.375455458
529,io.reactivex.rxjava3.internal.jdk8.SingleMapOptionalBenchmark.mapEmpty,33537960.94377913,33603173.726628706,32803454.876689963,33209672.432545543,34344573.549189344,33427137.936299674,33916010.516019195,34358542.544729725,33773102.69855218,33661945.07233115,33482608.14683818,34138796.30023961,33691805.17941277,32741893.34330073,33559191.731790304,32783877.474415094,33985619.22836564,33382667.959684733,34115574.30963595,35470085.70854011,34230544.862478085,34531287.58314752,34850219.611222945,34914409.120578334,36292266.75581683,35252577.518056944,35216473.93923668,34287270.60740746,34840955.92396718,34877731.36419035
530,io.reactivex.rxjava3.internal.operators.completable.CompletableTimeoutBenchmark.timeoutNoDelay,540460.1470197877,534427.2620425439,531165.4374510203,530095.7208790255,531067.8635124111,525417.2335458618,524045.7115722434,533899.6391256754,529389.0999104523,530859.9782048052,522901.69829968095,525943.2107611228,527833.737573573,530316.1428344478,527277.714849639,526255.049980365,530413.0892670443,525123.896911616,520097.96953609894,522031.1001727484,529072.6100193174,531945.1313336005,520682.72797209554,521090.1898443832,520362.8196797855,520940.1062886415,523749.32111254585,525337.0180293481,528537.835605488,523723.1947261478
531,io.reactivex.rxjava3.internal.subscriptions.SubscriptionHelperBenchmark.benchmarkDeferredRequest,37251743.82425338,37205196.19714327,36841201.82822752,37568543.12920471,37828327.121350236,37207042.11845477,37257648.411049284,37046951.4759778,37261292.51001012,37271207.64824491,37630003.91824715,37260420.51767151,37187984.36207248,37226116.71887901,37168736.077331305,37148027.67806947,37317244.65582753,37726865.109071806,36939802.62436546,37255466.2405371,37079248.63414925,37126417.492429055,36780167.53623252,37564181.2853016,37225800.69375801,37086819.293189526,37210260.578615114,37176576.61147007,37258117.31506438,37894331.68206225
532,io.reactivex.rxjava3.internal.operators.completable.CompletableMergeIterableBenchmark.mergeCompletableIterables,15090223.13095015,15772823.063564086,15268932.933928482,15039149.615519669,15028964.630791642,15091230.189874062,15191912.98900899,15053605.064369712,15059082.072069729,15069079.145931752,15142033.46096232,15205850.900979623,15142405.404837305,15131052.885188125,15404969.061933428,15175600.882386481,14982079.173184369,15369116.938763367,15806081.010122834,15183765.508044822,15071112.704350445,15125502.576267919,15082869.03690647,14997308.016826145,14960659.054778783,15034560.721844394,15547902.787528917,15804356.042573003,14983442.401452003,14954334.121405907
533,io.reactivex.rxjava3.internal.operators.completable.CompletableMergeIterableBenchmark.mergeCompletableIterables,2463426.337187222,2443969.1130925077,2462673.7445344967,2448551.865682341,2460710.6413934226,2475108.87858657,2472975.4882328473,2477021.982072826,2482578.4777853624,2500844.1110728276,2490102.800101424,2498039.263602795,2593024.978989347,2554419.8065527165,2454216.2989132237,2494103.8369355923,2473121.776055277,2491678.4472303754,2451595.4751843377,2471169.000862594,2456403.8992674924,2496270.54590576,2457613.6763496674,2469474.4591897624,2483734.4314574087,2619654.970957035,2510277.2916024327,2497937.684078764,2459039.012103067,2470801.672186472
534,io.reactivex.rxjava3.internal.operators.completable.CompletableMergeIterableBenchmark.mergeCompletableIterables,284370.5525102713,283935.8755999074,283132.85367629485,283545.88733592816,284535.9443432714,284453.92435754533,283792.90060111234,284244.6858183563,285204.9766849476,285428.09436337056,291162.05539136415,293971.86318707117,284189.97225394484,284184.920863914,292352.81970447267,295404.3720121052,286096.6395823908,286613.06402702705,284913.6859861407,285874.0394211039,282613.46637793246,284539.6407070317,284574.8762448927,293000.3202594431,290784.44971998234,285679.5342575205,283905.5820783481,284945.4714234356,285063.6564387718,284509.9672199564
535,io.reactivex.rxjava3.internal.operators.completable.CompletableMergeIterableBenchmark.mergeCompletableIterables,29813.996222375186,30059.420988282014,28871.65911232086,28741.268629516162,28841.696066920813,28551.10666693451,28793.16325532278,28499.33137718656,28418.72058713919,28697.895217127825,28853.75159805249,28866.712141146527,28805.499314525117,29120.498838284886,29167.716926125326,28951.506015435087,29012.629008216216,28899.406862397896,28795.45964447724,28842.630003917446,28820.958899690722,28931.38693052169,30407.09241105759,29820.557905051483,28760.502383119907,28658.515517554708,28993.927398093874,29030.320799154015,28714.759229929165,28760.784261534016
536,io.reactivex.rxjava3.internal.schedulers.ComputationSchedulerBenchmark.createAndDisposeWorker,15026866.11732815,14990155.680170123,14980976.822190283,15033298.856546637,15062204.812200086,14970929.254146622,14964715.996578988,15049323.48698709,15023652.8201843,14996543.854597233,14933712.436680507,15007647.563847635,15044933.594191963,15003563.780502662,14981708.675468866,14888839.38248532,14996962.800151393,15102347.557121225,14916626.888307339,14920839.611204065,14841801.788109757,14928213.909360267,14957858.48732285,15009294.100443402,14855558.031331489,14846672.068053434,14939216.438899998,14944491.579661412,14870459.532916907,15002506.27649131
537,io.reactivex.rxjava3.internal.operators.observable.ObservableSubscribeOnBenchmark.baseline,20076.95770474076,19927.38159770354,19898.475100259166,20163.877214825046,19997.398758208936,20484.275655528545,20311.543680859664,20703.564479817604,20199.42203931157,20333.116322764614,21235.289594621903,20994.665998922428,20530.687801619846,21249.286988729404,21314.47475750083,20262.722617703457,20315.8671059867,20573.67588231015,20831.016880158342,20293.952162368,20265.7948945066,20474.57204192208,20430.33458041601,20956.22255607146,20970.297138550806,20362.804339896444,20567.684017873486,20670.15312315639,20841.781172637024,20472.522682290724
538,io.reactivex.rxjava3.internal.operators.completable.CompletableAmbBenchmark.ambThroughput,40684476.43672564,40145627.79816952,40092691.728680685,40028481.16701313,40166010.53431663,40222067.917060725,40802484.21388396,40097168.081795484,40171123.240678,40169631.990084924,40107535.537333906,40222670.02666192,41103996.47728838,40877241.72572447,40181533.879331335,40090926.481343225,40088933.02909229,40097849.5082229,40416775.83247625,40994349.19470588,40582853.94433608,40087136.29051037,40042066.662567,40101419.99950898,40144504.86739104,41201835.187105335,40927862.46664726,40007814.13123242,39926919.10754336,40018489.12626493
539,io.reactivex.rxjava3.internal.operators.completable.CompletableAmbBenchmark.ambThroughput,9284227.406756815,9276995.414080227,9268644.960095702,9266229.291968009,9303537.668513525,9320066.643333694,9293703.826329492,9271823.25119711,9280869.691842765,9298001.596441492,9294321.292727128,9369684.134909917,9327267.743128357,9290506.559620665,9280898.18268899,9302795.515609145,9274040.454727793,9284533.920056889,9292278.867666211,9270659.290453343,9301552.314957064,9249106.854720987,9249570.714061592,9330475.61680493,9417337.963567683,9273058.156330848,9251226.397621391,9233408.441236584,9297464.514174288,9272465.082828034
540,io.reactivex.rxjava3.internal.operators.completable.CompletableAmbBenchmark.ambThroughput,9337146.358529279,9314457.931045542,9332123.34413704,9323852.124122478,9329456.303936675,9327426.422999408,9317000.80537922,9327234.454129873,9345755.104581518,9435865.442468544,9443989.253217166,9307283.866725657,9332654.758190209,9325141.386848237,9323435.634120079,9339667.34069672,9312397.757803923,9290895.196956009,9279834.25802403,9300043.051696744,9276835.864943042,9302958.502007633,9406709.328529261,9371782.894093914,9279486.478202675,9310011.65280219,9319564.97609897,9342227.243460674,9316356.841356179,9311073.432001555
541,io.reactivex.rxjava3.internal.operators.completable.CompletableAmbBenchmark.ambThroughput,9282471.739548005,9274192.506888585,9328925.015084235,9314333.954420991,9282126.04927698,9292495.129647797,9279257.879839204,9284888.156435722,9331802.66246377,9307863.497923542,9294594.139840757,9319773.187973008,9271207.667148499,9283247.22451401,9375309.679489903,9353933.787939707,9274321.147448286,9287684.866752194,9282646.193082165,9243802.344806038,9296732.754333615,9450442.144240912,9331165.85528833,9277872.876915306,9274153.786564995,9266476.962808467,9283868.070246672,9360176.650760697,9308842.821639799,9307789.656694775
542,io.reactivex.rxjava3.internal.operators.completable.CompletableAmbBenchmark.ambThroughput,9274789.6744012,9301974.644067641,9225000.548450062,9309149.233684408,9304857.761591619,9312123.355597846,9333307.486708323,9267284.075580401,9318930.446959542,9325905.40480628,9292245.496409666,9292489.090297962,9286447.61958507,9284455.139319295,9287976.23056716,9236148.745307716,9327618.988767494,9332450.069744973,9330229.988308344,9456156.181770118,9439411.296610713,9305852.067842737,9300549.69761991,9327156.81006855,9323586.454463933,9319790.449615348,9316976.840015404,9321591.032752879,9355094.344595643,9305291.579664234
543,io.reactivex.rxjava3.internal.operators.completable.CompletableAmbBenchmark.ambThroughput,9331916.868651642,9344348.40199824,9306847.143316252,9341670.04323945,9328203.785497766,9358279.96169213,9389871.716234708,9337816.991552668,9348491.756468117,9333740.022066403,9340418.261298183,9348306.7728505,9350566.374281948,9305425.150648689,9340830.899048392,9334920.38961799,9334243.70707779,9391363.426911358,9457438.221624276,9401688.183808295,9338926.48687931,9370856.558030155,9353940.843003519,9353041.447815247,9363823.095326094,9338670.246594574,9361798.77979079,9350313.416133044,9351596.562968241,9342086.12157478
544,io.reactivex.rxjava3.internal.operators.completable.CompletableAmbBenchmark.ambThroughput,9321308.546668814,9307117.439319141,9309332.002754826,9314117.951881908,9392393.8048256,9331726.220400384,9292433.780416224,9338229.562792402,9275178.828504609,9345357.541382847,9338747.012300964,9296438.989727715,9324196.668107543,9331352.92983893,9344783.940421164,9333279.429113798,9469506.591684837,9477558.738172717,9347657.662459577,9349748.518557891,9340882.174329968,9337320.018301334,9407822.104027243,9407044.812375842,9342944.768260915,9327359.660576655,9350748.83132229,9342074.85815698,9336936.354561642,9453173.214331979
545,io.reactivex.rxjava3.internal.operators.completable.CompletableAmbBenchmark.ambThroughput,9332653.65399131,9335487.291294416,9391453.456103971,9431420.245485319,9280949.688191092,9287094.56221996,9329712.700398035,9321141.21403928,9341366.993960153,9352247.957788507,9364567.85600409,9346499.43781995,9335383.77676853,9342803.830432475,9380648.460681109,9448667.739276726,9386373.50911223,9338413.872716544,9338645.373517048,9367056.764886461,9356533.455829686,9408721.469750524,9380961.559246233,9345134.38583716,9330068.034439243,9339599.352262449,9358483.304899927,9401663.19400236,9447524.731999038,9360378.057493905
546,io.reactivex.rxjava3.internal.operators.completable.CompletableMergeArrayDelayErrorBenchmark.mergeAndAwait,2594602.3831093544,2606998.543869785,2626742.8362434343,2609897.37889917,2589991.935965802,2579181.697496855,2533964.8061154676,2611988.8147002133,2665188.9492029035,2652640.1844597594,2666679.559504722,2614852.705702746,2690625.4347575125,2721982.040094871,2709292.997014399,2670538.1133243404,2643593.746064485,2631565.284354425,2686336.7443688875,2647297.136639176,2650364.730057631,2662025.887473217,2771090.693427964,2748267.113431607,2657846.798173657,2667000.633966298,2679504.2296145326,2669566.357440251,2646810.4656516374,2676580.928733108
547,io.reactivex.rxjava3.internal.operators.completable.CompletableMergeArrayDelayErrorBenchmark.mergeAndAwait,346589.4318177798,345236.10616914375,346770.3625580838,345728.10273038025,344204.4084861465,343788.5892931692,345027.39293347433,354535.8085216296,363320.5648040598,355397.4766807155,346935.5976983668,352826.382298341,348648.018478396,349292.62084162806,350380.8522828038,346067.61315690895,353456.15096293035,348174.7887297961,347008.95587769535,347673.1206840659,355139.6024105788,368019.4890405052,354741.3797927219,353913.7727328767,347125.3385351766,347553.7071221332,352430.3761413341,344026.0453735763,346525.63038445613,346784.05745062954
548,io.reactivex.rxjava3.internal.operators.completable.CompletableMergeArrayDelayErrorBenchmark.mergeAndAwait,35595.035552511705,35853.23784921295,35766.38972560177,35831.2124883026,35934.56758911989,35624.62547621351,36868.10239876954,37860.31975900909,35195.35996661628,35283.51703377907,35033.81827427579,35822.0310296971,35590.23162816109,35515.49090159879,35229.50848829913,35392.49612246932,35618.23135856728,35434.95171805089,35287.22655100231,36043.76542894653,35546.02595429831,36629.06364117967,36635.49170160454,36267.61033397483,36291.48617323726,35910.05724262908,36341.03017080062,35649.0479379893,36132.21488792346,36230.04154887403
549,io.reactivex.rxjava3.internal.operators.completable.CompletableObserveOnBenchmark.observeOnThroughput,131740.4114814681,133489.09911437365,133104.9525270952,143432.35723802855,138868.75563119032,142572.05175291278,137515.32669059344,137508.7248171923,129910.56919177821,129778.89945231318,135433.89567201468,139106.98676343187,125501.67420829339,141855.3106270812,136309.82422258577,132269.05856024125,132260.39157662736,138368.30127693855,135464.98265297638,131466.4069565892,132787.8591120815,133119.4868307932,127338.97313852061,131823.308059456,138277.4939969763,136455.81039725337,133312.7994056202,142387.72209224972,140889.56261056685,138760.39449580156
550,io.reactivex.rxjava3.internal.operators.maybe.MaybeTakeUntilMaybeBenchmark.takeUntilSuccess,15663864.446112981,15917755.276166016,15652172.440081172,15469338.532841953,15461292.099935776,15481770.011559654,15471895.88651085,15672320.895951537,15732806.831724316,15422096.810820052,15440162.300876096,15487775.043891966,15526179.82143602,15460935.932536576,15821379.069871856,15542680.608819745,15527276.08746822,15495920.26309578,15489415.144124733,15503962.665185366,15844529.87208922,15705690.342967454,15523798.196744144,15519011.581595257,15524996.963901795,15500405.741751079,15913901.760447657,15810463.03202238,15540618.728143005,15546373.33706614
551,io.reactivex.rxjava3.internal.operators.flowable.FlowableConcatWithSingleBenchmark.concatWithSingleThroughput,6292380.408052857,6308031.874612311,6380721.541145779,6365182.420739501,6306523.449104371,6262608.779062848,6308115.342385791,6329068.656285588,6311359.632558921,6331799.16065283,6337417.928631417,6331969.826505982,6301235.857026744,6332623.003801821,6341184.417206576,6345896.563157577,6241185.807153438,6295626.023994298,6274476.176943112,6309554.542876951,6315361.310234251,6277832.563899395,6295611.014725937,6293992.713980855,6300300.476790072,6336781.584939213,6332925.277642118,6347580.852119983,6376772.661000469,6362332.037377655
552,io.reactivex.rxjava3.internal.operators.flowable.FlowableConcatWithSingleBenchmark.concatWithSingleThroughput,2820716.4718236215,2829060.652520499,2861975.961285002,2834071.0974807697,2829524.084850791,2835878.286234025,2829911.9699736238,2827706.0659203287,2840545.3001313726,2835493.9024937307,2833606.433361261,2828350.3661238803,2828171.7033170057,2861596.250062417,2921083.3180251974,2852282.3670992516,2839017.867036932,2815388.3686471824,2853433.1093692845,2833515.271051494,2831554.26269972,2830218.9420803986,2834616.665196748,2827219.6817319007,2829540.013998895,2831243.0351909213,2888409.1260481924,2903432.7267585043,2827824.131062235,2827289.9970191102
553,io.reactivex.rxjava3.internal.operators.flowable.FlowableConcatWithSingleBenchmark.concatWithSingleThroughput,449526.7605131216,433706.04665173765,435343.50132003205,436195.0288563965,436095.24743534136,436023.8136853598,435321.8135858314,435972.73999754596,435440.30022267654,435814.1215585979,435652.8611332483,434033.5801558412,448228.00945583,446746.3439411402,436343.7882828156,436041.43387890916,437785.4009739454,435510.56741209485,434629.38676147,436349.40372104786,436581.2796235994,435240.9373931977,436387.7093407962,435271.6484774546,436452.99718677206,451699.5237329461,444761.94604794076,436062.7006214306,434765.1727685479,435973.107434841
554,io.reactivex.rxjava3.internal.operators.flowable.FlowableConcatWithSingleBenchmark.concatWithSingleThroughput,43659.50887574257,43779.17712658673,44044.162366751196,44205.34097355326,44200.79628682356,44187.931103996896,44078.80653454538,44037.116537683345,44106.142646227025,44196.122611437386,44185.77657172291,44727.679751612886,44192.795486589945,44067.5194833958,44381.39152658054,45221.068363359074,44116.246793270126,44184.17974434707,44178.806964022304,44071.62337877214,44167.38148003375,44199.710127175815,43811.27488724004,44261.96506673281,44014.8315653081,44125.67003224529,44077.70922836295,44043.22338306826,44292.70257450221,43968.10307359279
555,io.reactivex.rxjava3.internal.operators.flowable.FlowableConcatWithSingleBenchmark.concatWithSingleThroughput,4485.798541661796,4482.211184618041,4475.303307157658,4479.3328281560225,4485.6458717153655,4490.316183219406,4456.551644165287,4488.453889815226,4472.442523456779,4501.645824011504,4584.546363721856,4482.774991592072,4493.210601309088,4507.790824982349,4505.364657981296,4488.852263320201,4483.590930614264,4481.3743956529925,4488.46094481745,4475.513981559173,4484.402525113969,4479.573114600471,4566.203297980975,4564.250755417244,4480.894724583655,4484.681439623299,4482.615104736647,4386.2686774234135,4489.33562322112,4480.141672057759
556,io.reactivex.rxjava3.internal.operators.maybe.MaybeToObservableBenchmark.justThroughput,6094858.969923544,6065448.768639882,6072957.864580323,6090479.849747481,6086675.19824852,6097662.938688932,6105627.707525461,6101999.157967813,6183450.90507159,6255672.532533233,6101126.973303491,6097838.6892783,6134597.031803851,6069794.032294939,6092908.672421582,6065290.776445678,6076102.537611184,6089023.254539565,6085564.43370307,6074922.1823535655,6101613.485510623,6309845.765446724,6201404.166075855,6060824.864130263,6219479.627851749,6064929.093502371,6061373.260944547,6090192.544258119,6095721.325178512,6090610.31207711
557,io.reactivex.rxjava3.internal.operators.flowable.FlowableRetryPredicateBenchmark.retryPredicateThroughput,23588.211139454863,23619.46792424607,23608.916474528625,23575.213413004476,23341.002802337276,23370.387088228224,23382.385849262053,23501.231015339014,23093.629023619385,23363.61806535505,23835.704243445918,23545.282386883413,23185.665602115343,23336.57215183289,23664.75019354803,23160.7785414425,23299.317975636703,23282.769598757783,22880.07237678233,22866.62192016336,23232.520111701404,23144.857596256603,23214.50593761236,23021.17983041671,22585.775104908877,23068.599759063225,23367.5705975227,23798.024502188047,23150.005858495348,22956.568864540415
558,io.reactivex.rxjava3.internal.operators.flowable.FlowableRetryPredicateBenchmark.retryPredicateThroughput,23406.96101181461,23410.623244657603,23399.143277980893,23375.671969195257,23662.861658180536,23690.064124016782,23783.56113850661,23764.785714509133,24057.17439726369,24254.39729368123,24013.30221150704,23529.03361553134,23639.87829728294,23553.965290708362,23735.462487946417,23751.942872278585,23665.994455561577,23743.600068135915,23256.988290425437,22680.764351958107,22780.443207291657,23249.11012633605,23955.364519353534,23157.655489679924,23371.375099722034,23505.548696906808,23493.64923263737,23480.970548049103,22679.181533150855,23464.394542660997
559,io.reactivex.rxjava3.internal.operators.flowable.FlowableRetryPredicateBenchmark.retryPredicateThroughput,23228.103931969847,23268.553091563106,23159.26245317519,23228.74455604298,23424.916222826036,23551.228146901594,23792.077452581958,23363.377390076883,23214.02046119262,23042.416110401402,23065.42571549864,23104.40727458012,23220.620625472984,22860.184832743726,22603.67942523694,22860.815398267692,22951.85043361918,23168.39297075837,23203.50316383855,23042.273534613145,23289.57328074082,23371.888760177007,23503.403084780806,24172.696680713067,23603.205212275658,23454.028923409278,23266.640088153486,23466.420944534642,23148.95435005304,23266.325894786565
560,io.reactivex.rxjava3.internal.operators.flowable.FlowableRetryPredicateBenchmark.retryPredicateThroughput,2376.256953955526,2374.641270067255,2380.3643617830157,2377.902032271423,2362.7913182707703,2387.6543559924635,2350.0274270491514,2298.1419220672806,2293.167117116729,2338.7830474681678,2318.50279012115,2299.1880854122105,2325.969913579168,2349.6732685333172,2316.08645212417,2326.2491402812475,2310.8200818592463,2353.665537066186,2372.6618482333897,2341.3285842258874,2327.660890067909,2354.6348597084007,2369.732145907297,2346.8506182644464,2325.0639362344637,2349.835605501039,2362.790142758561,2326.3186654629408,2356.6736572586374,2368.2975274289015
561,io.reactivex.rxjava3.internal.operators.flowable.FlowableRetryPredicateBenchmark.retryPredicateThroughput,2366.726969643328,2348.742796222614,2317.887946899716,2310.7364073658027,2319.4095757372197,2388.3069515355755,2357.2799499810385,2353.5556204561904,2412.636285429426,2371.365391793406,2374.408620291396,2354.257679011231,2358.3511256296456,2338.863625539722,2368.128452949204,2374.781211406993,2410.938673453743,2372.5381047916067,2423.4850360881665,2399.3776422290257,2371.1826675615876,2370.423617274918,2341.4986429935593,2407.3956112948063,2358.430802159622,2384.4115296189016,2392.672797209636,2380.5515017165253,2361.0776261367287,2337.7165238188886
562,io.reactivex.rxjava3.internal.operators.flowable.FlowableRetryPredicateBenchmark.retryPredicateThroughput,2318.679590942046,2368.818560342371,2343.853152912264,2390.2059783544028,2405.1984628018745,2348.972831764235,2382.854523704783,2375.918030688005,2398.467602552391,2351.6414099596022,2387.690240169762,2404.2840066271106,2382.9880117150888,2426.1569589798937,2413.2943937452737,2364.328178512404,2357.0504622212943,2398.8764770524435,2363.1708933079376,2419.624365415391,2404.2453362398983,2398.275902946279,2378.5847419185866,2400.6179704574174,2367.5520544162005,2363.793318967567,2371.841402080967,2340.8829043553583,2387.9798215885,2428.876445484095
563,io.reactivex.rxjava3.internal.operators.flowable.FlowableSingleSingleBenchmark.multipleElementsError,579175.1505318,588091.7466280978,597835.8132883394,605049.7144069675,582213.8964223956,581591.5335002771,603411.6768815196,591449.7475427082,593864.4524773809,574523.9251489446,571441.2919828641,579116.5786120885,566019.4129361355,580145.267398527,588622.7477970523,588601.4851820959,579311.4384856641,600811.8089585162,591023.2297091502,585626.3888210489,585743.0412861384,589239.1337143043,587112.8240070728,601970.8807132633,586122.8962076773,569121.9612697648,584659.5875125462,588241.5703275843,596840.463931967,594143.9117178934
564,io.reactivex.rxjava3.subjects.MaybeSubjectBenchmark.addRemoveObservers,59532189.97429707,59523287.71112128,59364898.08039731,59604786.42912347,58860732.72040626,59547592.82631424,59355379.75436309,59891132.03535522,60102160.16414849,59619854.07672468,59421763.91632964,59372925.341263965,59412156.2847385,59141574.78659304,59452095.3381528,59546186.043811664,59449344.00651521,59821014.776894644,60123580.510808416,60083758.07024417,59895881.70103776,58982874.590832144,59672077.06633256,59868338.41579377,59875696.27723138,59744161.484786324,59562332.01387614,59672073.38608758,60832885.40789643,59896858.62586538
565,io.reactivex.rxjava3.internal.operators.observable.ObservableAnyBenchmark.anyMatchesHalfway,22794451.661848374,22864712.76522233,22868766.155597676,22883757.76308089,22823852.47983015,23091239.782129135,23866465.52150625,23375717.284410473,22865304.46492299,22810680.629976053,22953120.601347797,22838005.209096055,22805266.49027881,22792286.0656929,22812614.986380853,22793722.57803771,22821704.74098176,22771171.589531265,23069184.424415186,22935366.200344406,22937521.17313362,22764702.872815482,22810792.184258718,23293583.461072095,22788513.665558513,22737464.800219927,22852333.841973722,22821417.796288144,22848030.334899012,22703993.735439304
566,io.reactivex.rxjava3.internal.operators.observable.ObservableAnyBenchmark.anyMatchesHalfway,22851978.24563791,22902099.897243124,22855904.530378524,22918174.64171615,23327812.3077645,23765380.231414944,22865488.127770297,22783266.358617794,22783600.43431684,22824141.970517993,22798098.299028657,22854651.907272663,22774675.488020193,22728754.565294627,22808262.079356156,22922434.765743844,22817269.99668448,23332994.39027218,23389525.623039387,22869110.133231554,22809546.772381753,22771939.84013993,23379622.987780113,22950287.347683996,22820461.002425086,22808450.33801412,22786582.069147315,22822437.640010066,22817285.91851853,22834722.302608628
567,io.reactivex.rxjava3.internal.operators.observable.ObservableAnyBenchmark.anyMatchesHalfway,22828888.710584376,22897758.634658366,22829506.662397005,23829948.20552638,22873022.638521716,22756269.16148824,22849975.306545477,22900773.647956666,23268507.73608035,23148540.865551844,22910238.600774765,22950237.111972015,22783951.220132988,22917724.828019686,22851879.474713754,23146054.749491774,23872064.364334404,22903668.782187004,22869301.415233016,22940360.086159803,23068633.278826717,23398186.27994401,22857151.993978314,22877968.308822755,22923448.183483575,22792685.5845418,22860968.173005033,22908569.99673543,23060062.84201295,22977751.871607818
568,io.reactivex.rxjava3.internal.operators.maybe.MaybeDelayWithCompletableBenchmark.delayWithCompletableThroughput,18903553.710178897,18795711.69222374,18798805.685486853,18795282.457894668,18830614.588245455,18691436.621262264,18759975.743980072,18715705.140950613,19030019.96904723,19250466.5920642,18897386.934383225,18940312.955856584,18903020.10052507,18722132.206448413,18737891.57351623,18938726.692203466,18834117.816346254,18764553.85203052,18853819.949764997,18772152.517607212,18838435.72979369,19125186.00386236,19042781.215987414,18849051.472602367,18963933.648392487,19060323.635840833,19048429.33252031,18765082.38401446,18880353.02517294,18785964.042821646
569,io.reactivex.rxjava3.internal.subscriptions.SubscriptionArbiterBenchmark.produced,8691681.562773883,9672709.066653384,9465228.912196957,15765861.807807775,10502981.644542303,12079093.879688824,10959887.466929618,10906527.340885442,10549923.56329238,10978328.194799805,11566589.67622197,11126604.689555272,10621319.672904296,10553438.142411405,9353410.823979232,12824614.971395846,10610838.876677312,11990648.57124487,10795723.442896048,12068238.480516445,8909501.117909843,10532590.531659871,12953472.089016879,10595615.664981317,11438209.20106361,9634049.97777009,10183990.739537898,9058037.71125898,10509015.462121118,10251790.867479526
570,io.reactivex.rxjava3.internal.operators.single.SingleDoOnDisposeBenchmark.disposePath,30899175.1389729,32336479.530465886,33111166.844447922,31969443.61107218,31695060.98645356,33055558.685998198,32183036.004612748,32167562.32514803,32459783.390163064,30956745.903484043,32127393.675734542,31883857.693583474,30729753.624406144,29747893.63791087,31964143.491967987,30377184.873439662,29783656.839584045,32611736.96765436,32142635.342035837,32284124.81473212,31726670.589795694,32321153.226484824,32454333.570047148,31522076.05202833,32616012.50718723,32125901.059423093,31574886.855598908,31450537.759828664,32199830.08047527,31783232.38995217
571,io.reactivex.rxjava3.internal.disposables.ListCompositeDisposableBenchmark.addSingle,355487.0275268412,356875.70408503193,353920.3691225745,354186.14951547224,349286.8959042269,353155.92201571056,356980.5506451049,355060.34354524384,354865.94218791265,355272.69258039445,357647.05573952215,356836.2249058836,355980.003388174,355581.64753497887,357510.38820054784,357503.87990974635,356522.43013211095,357946.1503050464,356142.616367526,354506.93661990983,356781.7513810354,357600.7268921937,355988.5908549231,355272.96295378666,355088.3639009752,355366.07865974214,355454.2258284972,355249.33837283304,357954.940147107,357861.5373600377
572,io.reactivex.rxjava3.internal.operators.flowable.FlowableGroupJoinBenchmark.groupJoin,5484.212066814736,5165.73659302556,5267.000671501054,5256.288116639571,5345.687733374244,5333.911422966977,5356.835937210676,5335.358555776026,5307.140036256604,5343.926963353312,5316.310747047306,5330.700840063535,5342.5876300530845,5345.625615440907,5288.445369138503,5297.557948221876,5274.50486898417,5322.5685023894,5258.877989345083,5258.248820334178,5371.456230006352,5305.502309042113,5324.893144327098,5337.990017958667,5338.7847586492435,5315.908191018986,5407.005876117146,5346.665740084627,5361.363827510699,5374.554573413658
573,io.reactivex.rxjava3.internal.operators.flowable.FlowableGroupJoinBenchmark.groupJoin,5537.096676346962,5411.23868278385,5438.876368771169,5421.022442020158,5368.587565446425,5425.499393774754,5311.33069439696,5392.408601398934,5384.5155354958,5339.819114783097,5297.941173951612,5367.127064480778,5362.263424334461,5363.076761010539,5340.095654125836,5336.253854231875,5223.032097257578,5321.372062572614,5391.320003606592,5294.5729892780455,5356.78767277298,5334.333881291964,5378.885429088253,5505.727229486834,5352.709903150905,5374.859085227028,5417.2249556835095,5350.83938082283,5330.882683264789,5328.778145486251
574,io.reactivex.rxjava3.internal.operators.single.SingleFromSupplierBenchmark.subscribeAndBlock,21352641.416402847,21107741.51911245,22892218.64763457,22022885.3033703,21497623.536037825,22654387.910875484,21815619.17410236,20502480.22410259,22399917.773349255,22401603.801783483,21024694.035086,21692984.624232568,21723988.624565408,21740427.69593458,21811832.783567224,22357391.91452868,22458779.184042286,22343678.88876279,22328028.160888676,22312979.655724153,21412305.42935371,21899699.024237413,22278502.179621257,20682355.074956667,22151389.196792156,22604281.20668722,20502807.242724434,21566423.58143183,23222868.860100478,19215809.43626231
575,io.reactivex.rxjava3.internal.operators.observable.ObservableRepeatUntilBenchmark.repeatUntil,1713376.8986648638,1683562.105163861,1668305.4349113635,1685847.7004155256,1694230.6827497599,1690346.7079837152,1751067.7876479565,1749711.2685489438,1631298.9031274498,1632938.2029385564,1666031.8838565852,1667807.782290494,1698310.4725610036,1693417.2270210537,1702998.3667893123,1709381.787236325,1685109.4135148725,1679465.630877199,1690949.6987344353,1754986.6697374936,1735678.4914289138,1712033.0211684066,1692797.122618981,1677908.2228953869,1703582.8193143134,1696427.7678634108,1680090.994215909,1674763.6069870803,1665549.7435446794,1684914.9966891592
576,io.reactivex.rxjava3.internal.operators.observable.ObservableRepeatUntilBenchmark.repeatUntil,21119.779403904126,21062.878822960254,21202.18485975197,20403.397730250086,20417.182026436476,21806.594346928396,21212.203998178797,20718.80947648867,20561.386774155086,20972.378017256524,21180.415747262938,20585.616687729816,20476.780538179886,20516.166736888892,20650.37739112166,20994.232705490853,20592.372358296427,20725.033985440903,21354.211989617244,20805.058966377892,20719.672304118423,20239.688650332657,20521.310607091465,20659.55067054181,20891.78173753154,20976.556204612993,20640.200257098382,20328.34267087873,20446.920136806813,20798.760851425995
577,io.reactivex.rxjava3.internal.operators.observable.ObservableRepeatUntilBenchmark.repeatUntil,1624719.9643366537,1625319.0538469004,1647034.1981855135,1666906.4188489988,1681701.5151457912,1659990.1215360248,1623666.1767515594,1632461.102980858,1644056.9875039803,1654071.0824729858,1674950.5934982153,1643320.9771539469,1655583.4190019916,1677188.5602479924,1639303.142058654,1689221.595355185,1685327.9060491151,1704842.4907680172,1668168.0971180391,1679949.218617751,1673564.4411395509,1667614.0677283204,1660991.2663955034,1625399.8198149796,1668453.9449557592,1663010.3270501313,1651641.6897405668,1613581.746126058,1650434.8798173596,1706329.4240023254
578,io.reactivex.rxjava3.internal.operators.observable.ObservableRepeatUntilBenchmark.repeatUntil,20858.615289621353,20544.84556458288,21648.619677049515,21519.680671417398,21027.662346287503,21001.030907428776,21337.541979176625,21013.787420410692,20867.613472290446,21248.65971953953,20672.431644628417,20823.623391904806,21016.35128825779,21046.06525626706,21392.30750480714,20806.810495450787,21040.214169741914,20671.331765167084,20852.792602455524,21475.354300649233,20770.31004449354,20498.042302492635,20105.83138502681,20446.97454314873,20621.217033010475,20430.383241622174,20635.83950229391,20483.97674342576,20714.923598203288,20433.91457089191
579,io.reactivex.rxjava3.internal.operators.observable.ObservableRepeatUntilBenchmark.repeatUntil,1700451.098914964,1701154.0073114915,1650557.7704174265,1674359.385198107,1670543.9047305172,1650844.7606463793,1638464.7369197765,1651929.4402491117,1675526.9148178538,1663072.6713368127,1661060.7223062355,1671634.1440523781,1683352.0705334065,1716566.2160058636,1705751.7714413586,1651346.9566863207,1643387.3365886596,1632500.4167875964,1613306.947374883,1644546.244788416,1630684.634726642,1655106.7295207342,1669494.5652306296,1662698.84741023,1669780.269182434,1656208.6599560087,1678454.2417764268,1676057.0658753815,1633914.8138191022,1662729.9173473886
580,io.reactivex.rxjava3.internal.operators.observable.ObservableRepeatUntilBenchmark.repeatUntil,21513.83539154875,20846.158753263513,21570.36131731974,20761.15854752031,20717.827686224686,20997.945525171617,20856.80942957751,20921.80528123122,20803.046887603796,20656.65081085229,20637.57010531768,20584.32274821383,21530.435684664895,21270.095050287295,20243.79118249712,20531.008184241007,20869.155179373414,20765.99134718897,21014.64092012777,21001.608475425634,21125.763056327254,20720.984982550628,20549.30180569878,20762.099485459017,20414.160977983804,21271.041760839715,21140.78926699868,20722.9464868465,20836.971612103058,20928.433530089642
581,io.reactivex.rxjava3.internal.operators.observable.ObservableTakeWhileBenchmark.takeWhileAlwaysTrue,25503214.53787298,25420290.594428882,25180104.812677197,25148385.193927743,25279634.7011007,25191171.48969332,25097897.725780003,24985961.56390142,25368734.49306492,25698828.918790817,25709213.31494936,25779337.117602203,25587837.106163755,25743104.60462032,25756812.112078976,25904641.426929843,25890236.671461485,25904329.24274013,25767594.65855206,25684053.709817104,25876188.473270793,25635619.109244343,25589566.352061003,25489196.24352757,25626139.89171074,25668151.41520222,25696592.282190822,25368332.50091511,25544014.826587874,25725416.7368911
582,io.reactivex.rxjava3.internal.operators.observable.ObservableTakeWhileBenchmark.takeWhileAlwaysTrue,366048.7198929773,359435.6320702584,343772.47406474367,342178.1914936701,338309.93129319337,337004.59654582414,337750.3062284609,339414.25254847365,337509.87311019836,350091.6323863985,364874.2505639368,365570.06051562465,365233.03464079637,366188.48050701426,365046.9471046898,367740.9734189151,364528.0169045708,366803.1163246538,365106.10508009355,364547.26281235355,365703.4559793033,365934.0314914552,364218.10276504594,366254.3268501823,365304.1742925613,365679.7088599758,364914.61496887327,365759.36890761036,366107.54117838386,366181.30705318885
583,io.reactivex.rxjava3.internal.operators.observable.ObservableTakeWhileBenchmark.takeWhileAlwaysTrue,3602.834208378233,3609.2829509746957,3644.743144016412,3685.206917674868,3704.22155783962,3731.436179993203,3743.1805765967965,3765.8015196651045,3764.8025699884274,3776.035290951797,3764.572393515538,3780.584052581367,3790.0029675723235,3783.2710090758032,3785.6402808892294,3770.1606001335044,3776.254065205738,3772.47023577726,3796.8466529573802,3778.531919244376,3786.622473739368,3803.146235504738,3806.1042257582594,3802.5671034501074,3784.8680443744965,3791.631362432419,3737.737793956016,3773.5029240068266,3773.788498023628,3772.0300224797193
584,io.reactivex.rxjava3.internal.operators.observable.ObservableScalarXMapBenchmark.scalarSourceWithScalarMapper,80649970.54485953,79061464.04967174,81295116.64345016,77258333.48811033,81294875.06359996,81243350.16992837,77935901.16948275,83011738.76014093,79254475.81780739,79422706.54428814,83932019.37516832,78505312.22365145,81008563.45329237,83178450.42872767,78512123.84688847,80901721.90281369,79716233.7572605,77969056.56730711,81376777.49335612,80172581.35270794,80848430.56455237,81656792.83267473,77901876.34498832,83857956.34277128,80219007.9131368,79494250.53048413,84148651.28484172,78494990.52597867,79284691.88929439,82389810.49817832
585,io.reactivex.rxjava3.internal.operators.completable.CompletableResumeNextBenchmark.subscribeAndResume,33736322.07301931,34612269.249047615,33094249.969036464,32823328.246926095,33142364.406321406,32846723.52648202,33632759.636649504,32941834.489368644,33252981.98906121,33464822.677061558,33339224.888254263,33145899.933778305,32928447.596973345,33610508.87663473,33419649.653891984,32520100.02117298,33409374.953001034,32169939.057238076,33408156.72489265,32940596.547688983,33270422.077148795,33981375.52753227,33469105.108452637,33675616.62371381,34259696.73068227,34991862.42873393,35280174.280833416,34280023.85935216,34414317.82041117,33928474.86742241
586,io.reactivex.rxjava3.internal.operators.single.SingleSubscribeOnBenchmark.subscribeOnThroughput,24945440.120124225,24914881.420721468,25680150.476504803,24773753.592067923,24599797.51318879,24766945.689133003,25077656.961688295,24908557.71349306,24868858.44889785,25011937.824160244,25194034.053302553,24858440.854046743,24877901.155458793,24698777.873733222,24861138.093066204,25127985.594134755,24562194.102855142,24885749.448534336,24544744.933940165,24506327.99924937,24498620.11773278,24525098.82865848,24761173.345912565,24978926.94127029,24736177.020871427,24674317.93575133,24596386.87609543,24261743.746700466,24348885.43344011,24181161.228616446
587,io.reactivex.rxjava3.internal.operators.flowable.FlowableUsingBenchmark.subscribeAndConsume,10275909.29721161,10275859.16110781,10538120.104779098,10822524.198107408,10298619.690235743,10267492.469161637,10277998.267538462,10429977.07790367,10250966.346587991,10280253.923788141,10267097.786536107,10269806.467201665,10276194.255147638,10261051.60515175,10244141.557063963,10678616.390043152,10759862.277692357,10278531.640851248,10248899.979527166,10263288.256263401,10275618.314461637,10280681.490979481,10285851.598355781,10274381.507952029,10260168.328699054,10283790.9809556,10252116.575658774,10262243.100936444,10755294.981443936,10500965.514720574
588,io.reactivex.rxjava3.internal.operators.flowable.FlowableUsingBenchmark.subscribeAndConsume,3797227.627136049,3798767.2956228163,3793190.1067190655,3805499.608741869,3797672.842522016,3802427.0334368525,3793862.673005011,3806094.196835053,3791910.4016899145,3793567.980953845,3760671.3945781407,3802587.8981770347,3807065.9103618003,3807886.7681649965,3798635.483863291,3765459.5584126874,3799483.856125068,3804531.7164345034,3806632.6794365263,3795062.6186372065,3808535.08773021,3806069.583850276,3800703.2497784146,3795653.9337530364,3792155.8171651214,3799056.0496698567,3845673.567563705,3923584.9863798064,3836315.4783466267,3798062.798180783
589,io.reactivex.rxjava3.internal.operators.flowable.FlowableUsingBenchmark.subscribeAndConsume,55205.07538545684,54493.58331856699,54321.02326224625,54357.82564513741,54248.39455810616,54331.40953272489,54305.472588028046,54335.55469114814,54310.71205263336,54186.066045116786,54173.23301536697,54316.3419211754,54632.783822649144,54702.5685078775,53980.66301515608,54218.85655335361,54228.362899952415,54299.44220206582,54864.83627408109,54318.080620438974,54326.160371597376,54310.63876887723,54211.29404325783,54322.56502124601,54296.8583294802,54991.820676620395,54959.3627893706,54370.39911796837,54255.01692218767,54163.73861370083
590,io.reactivex.rxjava3.internal.operators.flowable.FlowableUsingBenchmark.subscribeAndConsume,566.0420948874114,565.9526823940831,559.4517825686771,553.6419265475861,554.7377111343723,554.6633964165873,551.6559316437779,553.8752938698346,553.3491849962569,552.8631204750742,554.4689717584915,554.6656497649843,555.2993493800217,554.7697544635747,555.014822604181,554.7581254573006,554.4726582433971,554.6976354283233,555.248671922572,555.1001449182776,553.4245585522349,555.2697425507818,553.4503435585466,553.882144957196,552.7220112280629,552.315446979443,554.012357737762,552.399265246645,554.660614817666,552.4984733782802
591,io.reactivex.rxjava3.internal.operators.mixed.ObservableSwitchMapMaybeBenchmark.switchMapMaybeThroughput,8769.449489038876,8760.799971902248,8759.388077908265,8779.15841231628,8880.237258661378,8762.785241370344,8781.846293725008,8750.663764495514,8746.427939880592,8743.311971294355,8752.965600784197,9271.640761007075,9138.829864224184,8902.980323857548,8903.27638621171,8913.41298936076,8942.587983242622,8912.863850506385,8929.253130480407,8863.975891681379,8885.036577713805,8891.16030992917,8895.75288661132,8954.66432226969,9257.10761482593,9057.011771331607,8934.841803261568,8910.531314963364,8951.330494187017,8867.687121395296
592,io.reactivex.rxjava3.internal.operators.mixed.ObservableSwitchMapMaybeBenchmark.switchMapMaybeThroughput,874.9490884624405,880.1236038013936,898.567072181757,875.7078139579182,880.9368642497386,879.1542114491838,875.1138037550343,874.5877342100848,878.8078328488066,893.1770061634498,909.0819953648506,883.3246144164402,877.9650280190389,878.8836507456633,873.8627117986629,880.1148007760199,877.5624640291219,874.5541243216888,874.1381592164074,870.8854184763765,874.6644568477418,873.9230886507371,893.8421260283324,904.0154214362516,874.0353568937984,873.5468370956945,870.359124984064,904.0591510658406,896.0323110889609,873.7968212679315
593,io.reactivex.rxjava3.internal.operators.mixed.ObservableSwitchMapMaybeBenchmark.switchMapMaybeThroughput,74.4755805717817,77.8587143069526,77.84180707735236,78.19356667972977,79.21963517993441,78.45920697018882,78.7804697128544,78.9392979691014,81.84688085529591,80.66405076469545,79.02266568793934,78.97066050432679,79.07883578896414,79.09430276589029,78.77540738167731,79.24397099288706,79.05894259031909,78.973201944411,79.0397433911499,78.95115970728884,80.6381095502646,78.88814229417311,79.44075172495464,79.32158658371183,79.55630802607762,79.96277956507029,80.16323475207417,79.70436368269831,79.56888353539715,79.8373357396466
594,io.reactivex.rxjava3.internal.operators.flowable.FlowableSampleTimedBenchmark.sampleTimedThroughput,7039.30426332383,7275.052660129165,6818.103623916563,6750.877606588992,6955.938905988589,7164.101901021586,7243.566733299414,7144.9959780201725,7019.773226225927,6942.611692785411,7007.0043116943125,6965.343209927363,7067.3083084012405,7204.456798366316,7055.656295981683,7181.957059078743,7123.953637309728,7298.069736944841,7005.839265029743,7112.344369871296,7172.835310866398,7086.74445908155,7175.579202508828,7146.895562415147,7195.247851961043,6995.120405579721,7196.321480436574,7259.508023141272,7292.51046835728,7082.073681894586
595,io.reactivex.rxjava3.subjects.UnicastSubjectBenchmark.onNext,40127155.46898868,40147636.76239227,40225877.34389532,40137858.65416193,40206367.46937718,41616594.02814816,42333964.030971475,40210054.605347455,40240413.80645461,40203766.033996135,40058535.25633819,40061087.06441206,40228206.27634977,40118031.97478867,40210963.12381974,40150604.90756853,40072303.29423991,39638839.54570767,42308595.62733589,41359178.16379157,40187601.99736456,40222242.87550728,40135225.677608736,40036034.92369879,40163842.49313526,40219162.298059545,40203387.21983484,40047873.24830116,40181209.959795065,40193421.51489556
596,io.reactivex.rxjava3.internal.subscriptions.SubscriptionHelperBenchmark.benchmarkValidatePositive,157592948.35709402,156994724.8340549,148238022.40259567,154842234.78865784,146126055.04213378,154387033.65122348,152651209.01532087,146647357.01106662,155953325.1420839,145908689.89419734,152743706.29664847,151988675.80224594,144553821.95285904,158009280.3936159,147640221.9673424,155611220.90841502,152042950.19560632,148219796.2349484,152787266.20414683,146670924.32860875,152713917.21404064,153580726.56999487,146042709.92056668,154361560.022442,145187545.6583594,154056378.2952363,155120029.0456017,148914483.24666613,153565317.11416084,145323554.40513882
597,io.reactivex.rxjava3.internal.subscriptions.DeferredScalarSubscriptionBenchmark.completeAfterRequest,27505772.720922522,27523796.28123958,27610984.219281234,27609570.471255895,27456321.814341366,27867076.202307243,27554473.144462526,27178252.546392616,27672680.945163377,27993843.42236744,27521536.091673106,27482161.17946081,27742693.480891313,27722791.89658286,27933371.144311916,27808405.317403372,27823084.525595687,27956692.20441701,27720273.24705012,27992555.505545624,27876368.06401097,27751009.086388607,27887876.143814806,27921296.81768813,27941343.958445363,27668821.778886385,27511920.112725746,27755878.358444262,27770945.718827296,27382297.249797907
598,io.reactivex.rxjava3.internal.operators.observable.ObservableSubscribeOnBenchmark.withSubscribeOn,3232.2197873944,4380.434131138505,3268.4538380952004,4399.850581074266,3647.0413751745355,4195.8050293318975,3272.8585241445767,4205.857358347692,3187.650161770046,4266.524030845643,4503.751879745318,4037.6766386287186,3583.8664185469815,5042.523037830898,3386.4423917822114,3962.5363515465783,3633.576807903034,4287.156549808573,3196.7105780179613,3285.7909021243613,3343.850121949834,3227.3108077769994,4469.092613312164,4886.553852746691,5476.702872439061,4295.407749179543,3660.505352251245,4680.667532185189,3296.608343149184,3222.264144426394
599,io.reactivex.rxjava3.internal.disposables.DisposableHelperBenchmark.benchmarkReplace,25369102.233045667,25318487.329778805,25694177.79349851,25454895.431987263,25082410.654212132,25467839.37617271,25144258.264844406,25320098.867116787,25202831.047717597,25909394.013055965,25728341.732297104,25230374.316912323,25130513.013177752,25344561.341436896,25104913.953095306,25601094.351139877,25485967.408793412,25330991.641410023,25480874.0537588,25103499.08403388,25470990.802477937,24969244.697434247,25429097.642835516,25326554.10631796,24993131.05609763,24681711.307742685,24824258.377872825,25191385.620299216,24990622.30058044,25037374.293738306
600,io.reactivex.rxjava3.internal.operators.maybe.MaybeConcatIterableBenchmark.concatAndConsume,235681.809672025,228346.99417736163,230024.41308572047,229459.4877311128,230475.62341873598,231133.72404528467,241117.3840870575,245918.3020802114,220597.49580904207,230752.52956194986,239935.260500936,231777.8487151992,228993.96306273076,248386.9736054677,232099.1115145504,231752.9552301685,240030.3932619823,230346.38389779927,225573.85317471874,251524.77032791267,231022.30413206096,228836.89425104661,240319.955809792,234721.55674471406,230210.81290554686,244379.5244313616,234000.15338951198,231054.75987491006,238201.62907851418,236927.26169983638
601,io.reactivex.rxjava3.internal.operators.maybe.MaybeConcatIterableBenchmark.concatAndConsume,23358.918318569424,23122.742393661025,23257.844503769364,24161.68814529652,23639.223173808237,23135.71062371123,24079.675430304975,24198.604001963347,24525.046904114613,24048.728029712773,24093.970906048813,24125.915060203886,24408.63123593253,22797.90138039308,23629.582618850905,23606.616459697856,23670.74332023713,22974.56935059197,23037.246032593386,23406.776226955662,23729.022707995788,23406.404455627475,22108.72224850637,23717.411146909857,22178.65101644837,23149.004818048867,23431.30219345626,23276.255811549192,23583.01116434188,24358.018633884254
602,io.reactivex.rxjava3.internal.operators.maybe.MaybeConcatIterableBenchmark.concatAndConsume,2329.5141309082023,2303.3928256511585,2369.9165670872558,2342.5026379132623,2358.789602460634,2423.1295516366768,2350.0120267438124,2343.376144811757,2433.362661667321,2296.553260992106,2347.3682480886555,2305.643826447334,2336.0720164281224,2369.872327868081,2429.2600279933963,2365.0620105585685,2385.464645171762,2364.796713422941,2317.848313052849,2386.901690680066,2472.4404453836796,2357.682985395624,2383.8507369932,2406.0076480330345,2285.1276685084404,2297.763289021492,2387.538691044261,2293.0601301851816,2283.8508753081283,2399.7577787130576
603,io.reactivex.rxjava3.internal.operators.flowable.FlowableScalarXMapBenchmark.scalarXMap,3049305.236582513,2923372.490229052,3136762.1531035453,2989381.7375794034,2926021.762780602,3101002.4487934564,3083832.9759284244,3018335.6754985508,2987751.7073296644,3053358.530294258,3060939.200873187,2885632.289875215,2981741.9879908967,2949620.8799533714,2798786.721279244,3077248.3109440003,3095916.6363662914,2840708.1905742222,2966711.500247753,3178452.34714019,2931458.4177361187,3021896.2979831477,3177492.442800565,2898638.7924867547,2846207.8270103675,3182932.3985701115,3006018.727206691,2866189.5363091514,3210325.610538812,3069191.2768654353
604,io.reactivex.rxjava3.subjects.PublishSubjectBenchmark.subscribeAndDispose,20558.376828824486,17698.964318375212,5110.5552660358735,1065.5358983807089,713.0878462449882,1016.3519771382545,965.8240457503028,1003.51776254976,933.4310440207333,967.7516555701476,1001.3277896295937,1077.988149562904,1184.3265078604486,929.981785210191,1020.1770945822027,923.4320657009762,950.2420194980649,953.6365390978374,1000.526029795697,929.5898680488498,966.5394137562965,984.5270312451357,884.8742539931968,986.9703343159919,839.6032018476004,966.6236599940362,848.7741187319455,959.046870538657,853.4803088460077,937.1579420344494
605,io.reactivex.rxjava3.subjects.PublishSubjectBenchmark.subscribeAndDispose,22105.332818798837,16871.922292037518,3709.2055977098366,1086.4036519872295,665.6946696851251,987.6497073153573,1052.5051903626943,958.687969328403,949.9196032457052,1055.8350106542744,1006.3825460654521,976.9616921238094,993.1795533786989,917.5175004844327,951.4739286022635,961.0182957853979,980.9141554954629,891.3625626137057,970.9351803673587,860.0851944652925,946.2343731483501,873.0428788255077,946.8197120061285,905.6696385456961,957.8711912294306,817.5911614120048,963.100787466371,882.9206951802382,854.7208891841951,938.0816543795238
606,io.reactivex.rxjava3.subjects.PublishSubjectBenchmark.subscribeAndDispose,18941.305772896078,18805.314592484963,9543.437754378538,983.5354591680411,712.3193401879142,1016.9476544316129,975.2262809046622,920.39966153131,1010.6676318425923,929.506281584461,1008.4179092768221,835.0507176403866,1013.1444766677519,913.8714822534507,1033.576677250781,870.4964992582594,1031.2774597354728,838.2302640455205,1032.210642716249,877.729930249592,1007.1756151689633,897.4851142335276,985.5961025236578,885.9943553299622,971.2816954211232,908.7787153195677,918.8203237668671,914.6415592636167,940.6200769665727,942.0331049273733
607,io.reactivex.rxjava3.internal.operators.single.SingleTimeIntervalBenchmark.withoutStart,16039593.334046075,16109378.58735067,16106401.171493098,16058815.19039366,16324127.251950743,16144702.972385544,16149876.407424312,16122286.490267433,16144488.0045739,16131766.256166104,16143800.030754022,16163972.171818381,16339452.66065356,16285421.569207506,16016175.656458028,16127134.300255371,16116941.77509865,16140725.473290158,16115329.589545593,16103695.908452,16115089.700441197,16140757.103400405,16136507.547054596,16173419.234814959,16217197.015176466,16181296.902398173,16166573.078550061,16165186.512205543,16102452.23937234,16129091.869263457
608,io.reactivex.rxjava3.internal.operators.single.SingleUnsubscribeOnBenchmark.subscribeAndDispose,27387183.242730256,27599937.628493764,27515488.907292333,26602603.148033768,26899642.56149989,26843827.605087265,26858089.838284936,26630133.862424564,26416235.023414887,27717732.781347346,26771602.238334917,27665310.104812115,26642928.652325373,29223207.589539807,26755747.624168105,27721898.530972105,26577476.836664513,28760089.240332406,26479196.241236914,27750937.7991323,26506132.45502182,29006641.848732404,26560890.62192329,28014242.738862704,26743999.20597217,27720000.408010952,26866179.851497814,26858362.81155875,28024890.670519024,27951056.440952905
609,io.reactivex.rxjava3.internal.subscriptions.SubscriptionHelperBenchmark.benchmarkDeferredSetOnce,58542892.917328194,58672615.839383945,58996550.81349249,60096853.908398725,59234583.75824034,58588952.44976127,58435484.94160609,57414528.237422645,59116696.29726006,58696153.29016094,58482002.491476014,57951331.283898756,58491254.07907319,58248914.84903441,58400886.965038806,59586385.83904375,59648404.48089324,59041284.54746072,58416577.40462437,58227559.67577204,58553289.484911434,59155037.80041684,58664430.37662974,58563728.16969583,58346490.7650608,58349276.752808996,58476953.63158834,58504202.41871968,59248444.744493864,59902435.317742966
610,io.reactivex.rxjava3.internal.operators.observable.ObservableSingleSingleBenchmark.singleElementSource,23171027.043262873,22930011.366487868,23436330.854320705,23430362.363121096,22277234.910734247,22510042.741310384,23071487.116183147,23091028.344225686,23086836.75326436,23219206.11331327,23335570.15901796,23053582.414336648,22974417.35899932,23308415.343436427,23372235.10765353,23525057.743146468,23516362.353060342,23519697.230813663,23937262.43766448,23518786.752001036,23326579.70661923,23542274.929418795,23220652.433720984,22621421.20570051,23395248.332581352,22871790.993792437,23156802.709285375,23192077.013304427,23216821.16788227,23021916.498254515
611,io.reactivex.rxjava3.subjects.MaybeSubjectBenchmark.subscribeAndComplete,49281992.48943283,49200343.725469805,49187365.76515081,48953801.162190095,48809256.15275036,49076400.296821706,49290642.90424658,49350746.04018055,49803140.68569076,49087624.126185656,48654464.60087815,49125960.790640056,50186835.27520659,51068220.116762884,50000073.854015894,49775346.68635979,49937556.38264063,48930379.95375159,49806667.89485897,49050365.83087691,49465486.78246286,47937359.32289178,47904704.40084849,49404094.722871974,49518993.54377772,49770961.43494538,49875673.17764808,49613335.69370204,49678751.279812835,49311530.63850568
612,io.reactivex.rxjava3.internal.disposables.DisposableHelperBenchmark.benchmarkSet,28443756.582863484,28582334.283941995,28870922.17563634,28434096.813537676,28492635.765017815,28470196.227593154,28333138.728608195,28450155.562115792,28459176.384487044,28472332.272896968,28506063.094418615,28464887.41312342,28493635.354226287,28471684.020458788,28867467.02497001,28755530.9839697,28512175.522159595,28486561.599237517,28496316.347401228,28774687.743257757,28501062.365393348,28494706.373046324,28377533.975074846,28469632.5821879,28471246.885589834,28454872.264300097,28443974.920941014,28654503.51014195,28556162.655887768,28388172.017684974
613,io.reactivex.rxjava3.internal.jdk8.SingleFlattenStreamAsObservableBenchmark.flattenStreamAsObservable,4238998.399037487,4273993.832910007,4303300.249079364,4264481.535412924,4232378.436661625,4223736.727233072,4283112.423827702,4271833.786271642,4270062.171395495,4262217.762241741,4294056.256826608,4292221.314035643,4287876.422680578,4297295.28517246,4274768.406052406,4259672.093252854,4276406.221806835,4284855.713979633,4267626.724525439,4254044.232418359,4257689.0621744115,4251483.262356351,4263401.045809162,4260969.008302222,4292050.772201881,4285360.792281671,4267573.8664380945,4261708.9632183,4257074.960519808,4252001.193005903
614,io.reactivex.rxjava3.internal.jdk8.SingleFlattenStreamAsObservableBenchmark.flattenStreamAsObservable,640542.3638393901,645722.0091200768,640964.4183332599,645227.093416016,643117.9138028243,640229.7215967489,643023.306419284,642761.0295088622,641936.674227889,643574.8139400282,641540.2128107976,642678.4913629411,643090.0429164639,646289.096172335,641994.692154971,640407.4333987169,638069.702128855,637729.3859621182,638502.1107519404,636908.0117687524,637069.8256633419,637680.8003631413,638021.9487802315,637622.4085816401,637776.035842163,636943.2611108592,635809.5742125729,638460.7373020226,638353.7022320351,636162.1593539332
615,io.reactivex.rxjava3.internal.jdk8.SingleFlattenStreamAsObservableBenchmark.flattenStreamAsObservable,73388.63263598013,73295.85634072154,73601.67166621341,73545.90628407667,73407.02672178966,73760.9850420622,73589.9996766288,73397.09347769812,73636.6211246882,73537.48296010918,72990.59277025044,73236.76127596763,72903.87495294742,73056.96623266643,73073.65001158886,73023.37502025724,73182.6323873165,73047.55235367984,73158.89117928535,72935.63556350509,72919.08726319383,73132.15106392316,72730.05944706177,72634.50774169712,72439.0966699855,72658.15724959761,73073.99309854532,72978.89266149551,72936.45121360102,72814.56486485408
616,io.reactivex.rxjava3.core.MaybeBenchmark.timeoutImmediate,541495.6816286624,546452.7266972279,537484.4193811755,524990.1969704127,525646.0026871706,525872.0667941414,525857.8567441582,527145.3316486956,526864.7635551876,525309.3671494519,522146.3333418711,526303.4002259799,525922.5571439713,530443.9548696816,522198.91888429294,518484.8379011573,526148.5451106443,526884.7346448243,518631.9692826389,522604.92284797586,520377.76658297714,524028.7221602379,524252.41429525055,526464.9244724073,524409.0374652741,525266.4371065423,529493.1291963236,525138.4096286934,522843.23632514285,525249.8769348875
617,io.reactivex.rxjava3.processors.ReplayProcessorBenchmark.subscribeAndReplayUnbounded,1851.8022201156828,1554.674727844091,1353.7257365195069,1225.567563387529,1143.0969282785275,1060.5047135441382,998.5740821910194,1033.9491674765677,933.3015936180669,855.8796812902839,819.308221199971,789.1092250987764,760.3858295220226,738.5201273457338,713.9466738950334,686.8773724695703,674.2530869644698,659.1241867594708,644.0489406579178,628.9828554708638,615.8482026557684,606.1647244070383,590.9868658969111,577.9028383515936,570.0345592586079,595.9788331440054,557.7908479546967,538.6739880383514,533.833596060604,521.249128641462
618,io.reactivex.rxjava3.processors.ReplayProcessorBenchmark.subscribeAndReplayUnbounded,594.9894793880391,500.3782619958527,435.2725085985713,394.42768700386813,364.1942435445892,353.6810415946639,322.70778874270906,300.3115154296944,286.9092821540757,273.82252631073214,285.48227133484204,257.9523353603135,244.3984698668677,235.90706535523157,229.276183571683,223.08182065750128,216.01153445849096,210.77575083084878,222.76585660003997,214.10754536759134,195.69827123122607,191.90203899854427,187.86397258191673,184.06804984261117,180.3342616293513,177.3384103314361,173.9977467053176,171.49644100265934,169.24266126164278,165.8180496780868
619,io.reactivex.rxjava3.processors.ReplayProcessorBenchmark.subscribeAndReplayUnbounded,189.80527307619295,159.12161558467653,137.6301105448439,128.07287304380924,126.16293692169654,109.99745481745042,100.31909238659159,94.99631858094831,90.55212277157109,87.97390579588017,84.2101055885449,80.47180887797562,77.42660727181622,75.04579748787273,72.59515150428123,70.85997431335912,72.5688281709988,73.76905726149414,65.70832226874047,63.836571291634,62.319669257842676,61.39951148825512,59.83708814219494,58.82454086543546,58.06128037292473,56.69292300929186,55.737248812424355,54.90469270089069,53.99774705199975,55.24930302338284
620,io.reactivex.rxjava3.internal.operators.single.SingleDelayBenchmark.delayedSingleThroughput,23701737.430681195,23285462.63759289,23327639.669210367,23727165.1673538,23991271.701344512,23676097.043648202,23075206.15121693,23540409.053051796,23654383.606621902,23635360.52043975,23855602.025144614,23725624.65529195,24138894.062744576,24305076.32798724,23938099.756052278,23776452.14372558,22844682.218995243,23013190.860809777,23095548.592286807,23348065.469407506,23594666.605209008,23406784.382736575,23355884.712573133,23874626.70099457,23175475.314855315,23370170.947949916,23682235.761173353,24037631.181664158,23883982.565367747,23640618.6566009
621,io.reactivex.rxjava3.internal.operators.flowable.FlowableRangeBenchmark.fastPathRegularSubscriber,61.02361129603699,56.08481317835836,56.47462212488516,56.42545932761571,56.43836679937386,56.12276509463293,56.474843703938014,56.14237320530894,55.628581423948994,55.60805424793685,55.370158193718574,55.35971950432224,60.40664455859397,58.73716089661918,56.019903443190245,56.37352016839233,58.38505554901632,56.480159884274414,56.24399316003182,56.11219813181721,55.879585193625424,55.668564453425276,55.860431984501105,55.42011478786373,57.37752715880666,61.14289679388483,56.96489191050175,55.88950633419828,57.81455651454986,55.370882182806874
622,io.reactivex.rxjava3.internal.subscriptions.SubscriptionArbiterBenchmark.setSubscription,5876552.219306368,5650875.470035258,5634745.639575711,5951759.457063239,5599097.443156319,5723284.184323944,5942851.665202582,5576709.844043842,5044517.022247984,5723749.761143014,5734046.462545233,5689605.990311596,5497981.57463267,5461217.780565416,5697201.838978512,5501150.268115222,5495241.346389938,5495307.860805593,5480110.153439069,5782846.109371895,5742255.014382672,5475568.927701165,5663661.493351837,5657497.647346971,5661233.897391273,5477433.161147828,5457663.359040856,5714312.488088628,5409585.666690081,5521258.214727906
623,io.reactivex.rxjava3.internal.operators.maybe.MaybeConcatArrayDelayErrorBenchmark.concatArrayDelayError,6416782.570778321,6891283.746153998,6800561.061121843,6486344.227357706,6443757.185986142,6685123.913768456,6584881.938927254,6528404.35967378,6484148.905656834,6477949.042651681,6447697.667758967,6486464.800383945,6555128.40482656,6513231.394438072,6702140.226028938,6694732.480337911,6441301.660119236,6603264.536011019,6541483.191032589,6425652.210857502,6521752.410277856,6475494.992051881,6438222.374865501,6611906.486332048,6490627.662519176,6542888.890809034,6657674.329379281,6912587.770730548,6717227.997785707,6586923.701786107
624,io.reactivex.rxjava3.internal.operators.maybe.MaybeConcatArrayDelayErrorBenchmark.concatArrayDelayError,2401718.5450839954,2271144.369862954,2263442.232210319,2215140.525032302,2287962.392029597,2175550.241235662,2233257.031876322,2263338.3877259097,2251222.1481723147,2192165.2923665587,2236830.694484565,2217856.7209440153,2332314.346079226,2401829.2931086225,2182454.5141448057,2182645.647014789,2213644.10352869,2167337.0490434007,2212753.654216031,2203727.359754325,2205531.421572453,2218042.8710847045,2214224.317842975,2215691.773765639,2220219.621429054,2381873.5746484343,2412142.953392269,2263411.4984709984,2223702.3718405985,2246232.55200605
625,io.reactivex.rxjava3.internal.operators.maybe.MaybeConcatArrayDelayErrorBenchmark.concatArrayDelayError,282911.27663115604,284748.7702497043,286625.338970517,282969.47257378325,283474.5293885031,285047.529508898,290969.06007229164,285901.49378660956,286238.82984532026,287985.309635562,281514.60590436874,311052.91793690925,307538.5100155621,284285.7095930435,285084.5484600724,284478.6743406567,282895.0565216583,285590.1812966729,283525.122558673,284807.9628584398,288704.0209513055,287056.69356298586,290246.39229865465,293901.88173561293,320162.5217001443,298438.010652477,286507.3467788966,289761.8748190382,289601.4507250983,285330.6089816209
626,io.reactivex.rxjava3.internal.operators.maybe.MaybeConcatArrayDelayErrorBenchmark.concatArrayDelayError,29736.04957638344,28073.06710390707,28524.404835522873,28503.18768765409,28445.940417165402,27864.263937603824,28569.488399135855,28661.759986421876,28067.771698174944,29349.055507676396,28665.886186992204,28771.347701736977,28956.790185306058,30864.11342561684,29387.13390238963,28538.617332528855,28731.2302328796,28823.421310844093,28596.0925780754,28543.3988971453,28541.729650020305,29271.76439615781,30659.37231350475,31365.770019214713,28748.0271961378,28402.395094262803,28826.086115026057,28644.76590877248,28914.25930239337,28873.21054867718
627,io.reactivex.rxjava3.internal.operators.maybe.MaybeConcatArrayDelayErrorBenchmark.concatArrayDelayError,7117404.678075535,7415116.458564483,7327064.100956289,7228953.037262237,7289631.505785166,7444109.640025456,7355718.211085987,7335731.141503869,7665862.305760995,7508554.614531108,7321987.010238728,7339833.083550618,7418979.965075506,7398197.056140502,7338643.639166214,7173903.927244981,7330558.311870035,7442446.856277948,7373643.7072786195,7338567.96286597,7350722.567821922,7671994.416817992,7616414.1185264485,7435495.49427991,7425735.666157263,7387199.463899972,7429056.928781251,7434196.132465335,7377176.189679244,7225977.706960759
628,io.reactivex.rxjava3.internal.operators.maybe.MaybeConcatArrayDelayErrorBenchmark.concatArrayDelayError,3067251.65179496,3079896.4397999966,3057523.7132006157,3064631.872834452,3077479.532069847,3111801.8844439387,3154308.9803527547,3270564.474570856,3167034.888964653,3115396.150077644,3098377.388677077,3095712.620119054,3126873.896945804,3075321.44488649,3127933.2029815502,3072871.3665365903,3083534.140403083,3062174.147794898,3091130.6419290164,3141580.8925569924,3202045.0660443325,3075046.75461734,3131391.863171894,3228566.3803725387,2974127.0507343397,2999056.334510439,2986006.480190832,3019917.5812239344,3057706.8277312065,3043619.3233896103
629,io.reactivex.rxjava3.internal.operators.maybe.MaybeConcatArrayDelayErrorBenchmark.concatArrayDelayError,467787.7810632634,461932.97599703824,462424.8505245149,458526.5100064639,466976.5083622953,476135.85143931076,471708.2928414567,458416.666910642,453301.1047566155,456908.93225794414,450277.80585518637,454442.33468641265,457849.07509658084,465484.6782866485,461262.203120417,461027.33128612064,460662.13474245847,448772.365268213,466664.2915873302,461045.9624292718,443129.99608131574,447299.817951851,442043.2937582686,450057.8426667106,458054.4175387586,449462.9022113702,451925.1899697431,446813.6070424559,454798.1987421481,455751.82571689726
630,io.reactivex.rxjava3.internal.operators.maybe.MaybeConcatArrayDelayErrorBenchmark.concatArrayDelayError,53858.917384863475,51791.551684137485,52665.26026375434,52616.23869979304,55458.54163376646,52707.30108556411,52449.24120852608,55328.98762939093,53742.009051095105,51943.72332716807,52034.87405461782,52715.1796284472,52105.79896133394,51280.40305096737,50006.91113208983,50959.5498648425,51974.43616488661,55108.38036803083,52135.89350135897,51541.134069321844,53100.01249047339,50906.44683182403,51605.34706278976,52126.29338515457,51678.48130308316,52793.10213383077,51812.02085224685,51202.41033611643,52245.51800363631,54206.9535150055
631,io.reactivex.rxjava3.internal.operators.single.SingleDelayWithPublisherBenchmark.delayedSingleThroughput,29515429.93734577,29456260.01576484,29386353.7911392,29614600.745980952,29614890.157512203,29625088.098122295,29577864.434070785,29384378.46875341,29466785.016821872,29567974.071934532,29622773.777070526,29561520.99675973,29665761.533389505,29670041.476576503,29903645.669212405,30108867.541244756,29686703.199768092,29703595.808644716,29785694.818575453,30182546.565419015,29631599.17583941,29620869.613784466,29672283.44721436,29601723.906321444,29644432.257343516,29656453.864873707,29561042.79604648,30446813.929745372,30165285.319079746,29676396.74429406
632,io.reactivex.rxjava3.internal.jdk8.ObservableFlatMapStreamBenchmark.flatMapStreamThroughput,1632.2678364683452,1625.5967869729593,1624.0779313785379,1643.829319557921,1679.1235999073879,1642.6105156927924,1627.3073512716974,1628.0059233031718,1627.0118050939636,1630.5018979751876,1621.9334585579293,1623.656757337842,1631.8191275360848,1627.4430222726144,1625.659957455379,1629.2245446144125,1652.0905241664464,1675.8636634633863,1630.5900484641454,1635.3160454171648,1640.8723056763,1629.2123914827978,1626.7909329632503,1629.4390151064401,1627.8090938050968,1629.1237888031826,1624.3842673971376,1628.9810821070284,1626.3968718632289,1643.2940113134475
633,io.reactivex.rxjava3.internal.jdk8.ObservableFlatMapStreamBenchmark.flatMapStreamThroughput,154.6492746216681,157.57394604958301,155.15615501254408,159.40017395739486,158.68928701079003,158.68586356026574,158.42521841561762,158.9908999968478,159.21925469176304,158.57004714849975,158.32200974158314,163.31143733577585,158.86812166578778,159.81566892709083,159.16827271681746,158.11130678208477,158.62004392608011,158.0660611454102,158.47312582482832,159.0781285642511,159.1525038453309,158.65487788548083,158.61032978980998,160.78525473142494,164.16308167080183,159.79525003166268,158.40570077848153,158.5896323571851,159.056997032069,158.06406709431943
634,io.reactivex.rxjava3.internal.jdk8.ObservableFlatMapStreamBenchmark.flatMapStreamThroughput,172.21066861178318,169.42866266006882,168.61614870978514,169.92715851444973,170.4460335169127,170.16310450010002,170.43394931365313,170.1303921111552,170.56128516184853,169.80230478002068,170.05363451854086,173.89552895696406,177.03167902629744,171.24201554110297,170.5732118369805,169.5671618452708,170.29922956947232,170.12044125318747,169.97198912610799,170.3529606151088,170.8584053680114,170.46873045123664,170.44688587867904,170.59564481988744,169.97594075546576,171.0878764667866,170.3790504836893,170.20150745703467,170.41474769944128,169.9840641639687
635,io.reactivex.rxjava3.internal.jdk8.ObservableFlatMapStreamBenchmark.flatMapStreamThroughput,17.06537986320141,17.61078936829445,17.77170383943681,16.91618436634899,17.0387943614915,17.156242361451156,17.058377122274276,17.140600427729208,16.917096011617087,17.0810001553033,16.918813466294704,17.02260294223606,16.8782811446803,17.393184777968212,17.800381220479935,17.233437204876193,16.985457917189656,17.27784725210823,17.072618682336145,17.095123828762137,16.87174037169649,17.182252250808702,16.96134060999456,17.04269529112573,16.932067478555783,17.122193981319377,17.834354232538516,17.4841389767816,17.032818581242594,16.942141063475535
636,io.reactivex.rxjava3.internal.operators.completable.CompletableOnErrorReturnBenchmark.benchmarkSuccess,123521773.00602545,123489255.59632583,123227811.47088888,122748018.00599557,123505868.3796755,123496040.8743622,123193102.5758927,123208688.03480524,123243868.04804024,123192055.31065847,123513128.52555582,123522491.84410642,123527762.20849761,123295846.0535491,123102202.12195149,123513136.05693483,123219461.17454192,123515423.57194795,123465242.43511839,123162511.17038885,123518488.92422618,123514199.01084198,123513777.9965093,120993588.19558997,123213625.21085928,123249680.84364712,123191443.58027765,123514888.3109436,123514493.71471284,123407533.41971155
637,io.reactivex.rxjava3.internal.operators.flowable.FlowableDebounceBenchmark.debounceThroughput,3954.743386080555,3902.2319572806746,3853.1070260594965,3848.1629783192147,3841.5343191365664,3883.4684421697552,3927.2323596476285,3888.5259792595834,3855.702083200802,3913.4614723261184,3955.6193085993627,3956.703480960622,3937.5981375038727,3919.1629800788874,3948.231990517393,3893.0431525918666,3935.5219289182132,3906.3125675064016,3970.4184503413185,3949.9040449810354,3959.159063174522,3969.91205850808,3978.831587995375,3972.4197973793475,3917.0906845664385,3970.226437894659,3928.907483334871,3905.4786632759283,3946.037428165006,3899.0793228697444
638,io.reactivex.rxjava3.internal.operators.flowable.FlowableDebounceBenchmark.debounceThroughput,4161.816817505692,3959.676892607645,3933.2687705446424,3965.5178386332764,3937.13092141453,3997.775911673133,4025.173422575318,4025.1368414673343,4011.959361643726,4004.2884778652738,4015.3897599121997,4045.599916401611,3996.433543872085,4016.11968387243,4059.062118548312,4026.581921619312,4054.998527167321,4058.369932594466,4088.3774226501496,4060.4842939617406,4065.8408606142243,4020.6504889806606,4003.828776541429,4024.103831801582,4063.1603038634685,4056.232924447249,4023.3459085622612,4121.040711761191,4111.939661397409,4029.442332031999
639,io.reactivex.rxjava3.internal.operators.flowable.FlowableDebounceBenchmark.debounceThroughput,4201.2970098414435,3913.4967641477206,3763.299307082315,3754.9888885455266,3701.750622817791,3832.618256084403,3822.5750250664432,3814.330310866069,3789.2385181704167,3856.4740274981914,3780.8981718756877,3789.6982386180084,3819.5350216774477,3768.9754478190844,3827.7533286493517,3814.8326509212693,3833.3779749017035,3922.65918718577,3924.0140008819553,3877.6060969762,3906.584878261634,3834.4348747624513,3827.2692637017785,3769.7638521703097,3847.3405165670997,3948.718011190847,3873.7936981912485,3829.7090493441033,3840.970051956505,3816.0760238665475
640,io.reactivex.rxjava3.internal.operators.flowable.FlowableReduceMaybeBenchmark.reduceMaybe,2424513.060103263,2434806.588300533,2433085.5768825645,2427912.816869699,2427864.743756812,2424989.1231268044,2435326.3410182693,2428371.5311510423,2425907.5954269446,2424060.993239024,2427510.868835196,2417180.866545267,2409510.910241095,2389097.1309617315,2418494.6616836465,2416373.7766483002,2419453.8023395576,2427797.177073329,2427852.211147457,2423681.964625422,2423598.724752223,2416441.433854377,2424833.505213585,2431221.1328427107,2417758.1101341047,2417116.1959630516,2425307.2055027015,2426585.665131178,2417689.678319689,2426736.071677302
641,io.reactivex.rxjava3.internal.operators.flowable.FlowableReduceMaybeBenchmark.reduceMaybe,211013.05411984364,210800.27110940163,210915.3762629204,210982.61716161083,210801.85877890754,210341.7606676231,209888.99156448204,205913.815996278,208472.2470428666,209671.56981147616,209950.72035979727,210425.416595252,210881.2195449464,211450.00814131528,211125.82658787948,210273.2907215329,210817.80548338025,210666.7876470991,211018.17621891922,210710.78446369228,210552.5701456129,210522.32896843966,211407.1319378954,210214.01908601864,210568.66128929934,211367.1360730484,211250.66549819484,211118.67341036475,211534.8153830991,210605.36679135455
642,io.reactivex.rxjava3.internal.operators.flowable.FlowableReduceMaybeBenchmark.reduceMaybe,20348.830735837088,20335.78711264924,20135.572488588423,20469.763237374962,20500.962975260867,20500.12069243576,20506.016989708507,20502.079989662543,20543.649131807688,20562.816681250417,20527.378583420454,20536.710191916398,20494.69742074478,20643.95198913332,20615.252305414135,20568.38550514816,20567.33813851107,20647.86841421943,20549.942746545577,20614.54046066405,20637.560922239332,20633.44855037005,20679.63752208186,20665.487268595378,20656.329082431403,20660.657863004562,20632.785274603648,20604.95141402254,20397.433808032358,20196.93369210783
643,io.reactivex.rxjava3.internal.operators.maybe.MaybeIsEmptySingleBenchmark.nonEmptyMaybeIsEmpty,85748221.79256529,85724973.88875073,85749340.56200834,85900841.89579155,85965177.94878322,85959206.02971038,85868184.23394543,85828840.2973395,86013433.60099116,85958474.38415733,85868944.00431725,85837126.19872198,85841032.423052,85870024.53718056,85815056.2997858,85839119.3151604,85682933.3837474,85742982.60346574,85688561.0424304,85436857.56824078,85756242.47380303,86015698.48990208,85844633.39230803,85662048.02078415,86006078.33562636,85784720.63178417,85714597.14267515,85509204.562811,85421702.75031452,85621992.12822132
644,io.reactivex.rxjava3.internal.operators.flowable.FlowableDeferBenchmark.direct,4077126.4431963856,4062597.383498832,4080935.665091166,4077116.8979706443,4124875.424967451,4162662.0500161224,4122829.285880813,4077916.4000730016,4075818.817694632,4072065.0190536017,4062960.4865556443,4075797.363067757,4075039.9199848776,4084776.1224712236,4083280.873824553,4077303.949911982,4088628.455627928,4135104.0141315814,4097440.055745578,4070659.5154656093,4101817.428603369,4072354.742320797,4075355.0575231034,4073825.2912861328,4062146.7615327896,4076771.2767705377,4077778.822617332,4088024.9504489913,4085314.3464162843,4117934.7450806866
645,io.reactivex.rxjava3.internal.operators.flowable.FlowableLastSingleBenchmark.lastSingleBlockingGet,26352440.398604758,26212086.4240229,26169109.42995425,26181545.968636133,26140709.775051143,26220761.227623645,26260925.78746546,26349086.034342933,26230161.270347424,26148947.37776206,26106441.71789969,26017569.7746292,26661445.01933283,26226081.42869378,26156723.697680872,26151811.673272084,26147750.49701854,26188402.937259816,26220173.02150008,26318816.322068635,26353726.90434279,26196226.52378409,26181017.577130623,26146906.862553794,26528069.442085866,26201688.360924166,26137177.370123673,26191091.581890278,26199472.690262895,26217722.388951834
646,io.reactivex.rxjava3.internal.operators.flowable.FlowableLastSingleBenchmark.lastSingleBlockingGet,421541.9408242295,415531.8942087463,424240.157467902,426328.8797585218,426216.1934619183,425003.58338658453,420814.3479264649,425271.62949443073,426773.2988700131,428376.11855392,426672.9995194963,426636.46691578213,426910.0109229059,428224.78959834937,426672.2041164178,427909.13981002395,426781.585004374,427137.2142181926,426607.0561595402,425829.9305484053,428020.11662950215,427785.8285755896,427399.963294149,428059.89072484605,427569.4876089265,428749.4006892246,427048.18742008775,427997.02547571756,428894.65819152474,429551.0370347333
647,io.reactivex.rxjava3.internal.operators.flowable.FlowableLastSingleBenchmark.lastSingleBlockingGet,411.4310718795118,414.6033659585255,415.11366880471064,414.9673520844684,415.9870316431938,416.8298179724077,417.08030872364276,415.8788041830062,416.10313795410394,416.282463076609,413.4286614344733,413.4623600086358,410.9023889048085,413.2240639684186,414.9382488898002,413.61737125581607,413.33512977699723,413.8420977199308,415.50111072486044,414.6361986139723,413.38823295487356,411.20196595260694,413.206212271946,415.19253853337074,413.9671496368406,415.2067205719105,414.46282550789266,415.81191995236713,414.126126370799,414.5428715537943
648,io.reactivex.rxjava3.internal.operators.maybe.MaybeFromRunnableBenchmark.maybeRun,124209827.49631436,123988197.20720544,124017729.20689803,123613893.15410447,120616939.30129887,123616808.53032005,124100003.26601405,124097309.80794443,124129169.75776511,123598921.16223751,123961019.33449747,123917514.29505865,124137624.2755783,123874867.7957245,123922566.40255369,123650866.25545475,123898666.8873397,124140608.86311707,124136816.37627338,124147561.32922378,123991758.04008098,123718154.92044686,124148843.68956344,123721601.83538261,124052545.79016215,124091533.73032705,124089058.73986219,123924530.27727622,124068782.47912842,124101000.14072953
649,io.reactivex.rxjava3.internal.operators.observable.ObservableBufferBoundaryBenchmark.bufferBoundaryThroughput,1446288.2937472102,1355081.6781377662,1397706.7771495616,1457071.2537711114,1312368.454946444,1347872.1405809135,1466040.2426077225,1376671.9276083666,1376616.232627201,1446666.4965110742,1386890.3005422328,1354587.6013148332,1442952.853481236,1344895.3798245476,1341560.2450076423,1394434.085068997,1302668.3153770494,1298170.787014635,1368540.894030626,1346788.368077966,1317341.8926744442,1316201.8369668513,1381904.958877681,1417391.2783075115,1393509.6334402906,1420402.309992442,1412809.237250892,1289059.5445222014,1338361.4912738223,1412491.9396339627
650,io.reactivex.rxjava3.internal.operators.observable.ObservableBufferBoundaryBenchmark.bufferBoundaryThroughput,1316568.7866880866,1344657.8206039711,1343356.766105105,1384405.501611887,1439772.9561954755,1319928.07807427,1379486.5932876111,1413121.8185157615,1334841.1376710504,1339298.5600958923,1379250.7244920926,1255505.4359028384,1283402.7858244106,1393084.4171639213,1339450.5219490428,1304180.7192159863,1437736.9796638053,1380215.5611180684,1316539.398465916,1375685.8079634346,1340297.8755400504,1314316.300929814,1405616.8142768666,1332193.1509159065,1269690.0376554178,1380086.5862159387,1382969.950243385,1356099.918440049,1383671.7152417772,1407055.3401634328
651,io.reactivex.rxjava3.internal.operators.observable.ObservableBufferBoundaryBenchmark.bufferBoundaryThroughput,1375478.6341176745,1287830.7185763626,1272575.717860754,1379028.6070265407,1318557.3047942934,1278851.571461485,1279886.583816863,1337538.5664899736,1296631.5652320047,1322857.4152457635,1308070.303597376,1285558.3589762994,1275154.3201859798,1320867.2472595386,1304085.7069256394,1292739.312557348,1337671.7560680308,1303485.2386078718,1371826.2545295218,1380006.7847969444,1355577.0016302,1331629.2477826723,1339894.2214276474,1353361.7227530295,1297599.1703332572,1350575.6132305942,1308292.2941535644,1281920.8019365596,1296976.7213945622,1346216.684314898
652,io.reactivex.rxjava3.internal.operators.observable.ObservableTakeBenchmark.take,1182963.2452752541,1116862.8929569009,1142951.1564785263,1153450.905556979,1054585.3366236615,1131710.4133238734,1179300.895741835,1098609.1852821698,1131270.3924758977,1178928.391502007,1044916.68599568,1084099.6998932422,1160932.3029266892,1073642.1775323655,1139385.2367473836,1189303.1202644117,1092430.2359927455,1107930.9609451361,1172469.5921519324,1109858.2302801055,1115135.5891182849,1207043.8132793864,1111475.5516308916,1104448.5984264938,1202853.1962552997,1123209.007405753,1138456.8528425551,1257607.3380551117,1127773.7136674023,1100518.2335319747
653,io.reactivex.rxjava3.internal.operators.observable.ObservableTakeBenchmark.take,1090911.9628142205,1136919.6286316337,1149952.4106872764,1089624.6125129487,1130606.6629319368,1156738.3935804842,1152993.584700799,1179740.1539698874,1179842.6498953705,1139600.7843704147,1176630.501324161,1153769.5035044833,1131838.2699801628,1172706.800711309,1188373.5378206864,1134474.099272304,1173289.8373215282,1193651.801895463,1134480.3061714368,1177011.1402957093,1192985.1476477003,1098068.8786834872,1131550.4086890966,1087821.0799327143,1131064.2104656992,1185315.2828616006,1164315.9208275315,1117431.6281798356,1163031.0641008,1212980.5531955597
654,io.reactivex.rxjava3.internal.operators.observable.ObservableTakeBenchmark.take,13952.420960577716,13360.081547833912,14590.173043582063,14315.000426465222,13645.999217406954,14526.950483961109,14096.983034385941,13298.28211883638,14393.335791737265,14319.38081632742,12950.18962797724,14169.392954867028,14069.98492914528,13252.969713849867,15019.33076955042,14522.207723882688,13496.471362660523,14174.065064494282,13736.53535748026,12856.766623972242,14821.23463569833,14025.761649592883,13359.772459272664,15051.728296444691,14341.617298030718,13085.895802075174,13966.461237830768,13064.605413814876,13627.640112867208,14404.653697851438
655,io.reactivex.rxjava3.internal.operators.observable.ObservableTakeBenchmark.take,13955.582894290583,13544.573526149947,13036.50500282734,14289.592231965995,13290.34828147301,13268.564418151125,14871.271214896295,13617.413591296228,13440.341121449037,14662.867630721483,13274.510053865206,13554.855387346526,14389.533872555185,13247.970102804207,13475.714282311414,14422.945689383667,13204.585210096138,13508.747198784784,14630.496744743503,13190.356402488185,14593.793078718596,14406.845622680792,13246.9169188258,13282.596647387609,14733.873700573207,13611.970091118967,14144.679570879418,14743.360786849726,13612.686254807199,14357.731890388413
656,io.reactivex.rxjava3.internal.operators.observable.ObservableTakeBenchmark.take,13995.468662032246,13768.960347111071,14312.391897234224,14638.183603487236,13590.694464299066,14648.33866479669,14583.635277736334,13327.290028605596,14074.834901494745,14352.453394030723,13461.156980270549,14106.451979133964,14496.010705455437,12963.977333787221,14158.72080730243,14263.89742855209,13526.475629447123,14051.178806956985,14817.491102665997,13534.87428568551,14098.162355552016,13956.131112502218,13272.99661803866,14053.861639732157,14134.611657341606,13478.054786631303,13905.136788547308,13881.457068451138,14054.978876196164,14105.042740766981
657,io.reactivex.rxjava3.internal.operators.observable.ObservableTakeBenchmark.take,136.19568954560395,136.49405870105932,140.6007914697759,131.4733927912589,130.75941366265147,132.72738326387133,128.1725766761912,138.621807410503,139.97193660651396,133.89756488152895,141.66119105427336,134.3955450158565,131.01960734627858,139.86020228844023,135.47716624905732,124.60363185973796,151.82167633184767,127.34877339377691,128.91231435942197,145.61991629152814,135.04336404471513,131.07483704713724,145.22995115121958,130.99267855721007,133.02212271664473,141.8472211808716,134.15462447369438,131.85381235969868,143.26074128238878,128.88193422434156
658,io.reactivex.rxjava3.observers.SafeObserverBenchmark.onError,13345.639138168492,12931.156698623454,13002.452882084357,13478.982019734822,13285.94689810831,13022.87444714049,12933.275596201598,12936.870685898477,13420.787294546051,13531.025416381428,13194.018263634243,13312.320537807107,13170.206379411135,13202.574880143522,13370.83410778438,13246.846086654125,13116.146271027395,13072.507575002797,13513.980065594176,13567.443546800596,13152.608525490454,13288.215215305754,12753.42816824174,12933.584349525776,13052.697833041804,13116.001537740703,13271.049978270596,13255.22681651271,13532.439278732541,13190.917577155313
659,io.reactivex.rxjava3.internal.jdk8.MaybeMapOptionalBenchmark.mapEmpty,32316488.129639637,31670213.358737003,32145953.00638339,31565135.98683792,31225183.65819735,31091612.481747203,31083094.090963338,30460576.691055104,30914395.823563296,30758494.070359748,32072909.340082068,31896114.79476357,31797583.975283656,31569353.982325,31565955.917420298,32287259.393689502,31964893.909087777,31869952.570439994,31682769.889968984,31739581.1122639,32103597.475355797,31524425.197046638,32102074.656534232,31368133.641977366,32021922.827206552,31549243.349982627,32051018.570774905,31441259.22590165,31866770.12661925,30729702.888564754
660,io.reactivex.rxjava3.internal.operators.observable.ObservableSkipLastTimedBenchmark.skipLastTimed,6.277084870206573,6.381732735671421,6.824567610410253,6.741006226532631,6.828070491739978,6.967097082810264,6.775148885905115,6.729002563497159,6.805169296036637,6.766809361533518,6.792744144802775,6.7617408320079635,6.788524568289623,6.952128622555221,6.83733783219223,6.82357981038114,6.752717478007038,6.775765729309269,6.7843483018357995,6.763184517351632,6.761051930357209,6.949089648905088,6.776920371278578,6.760371167014655,6.764109938404594,6.732329681215034,6.779373866966272,6.885585083302979,6.770048891697298,6.972752053842794
661,io.reactivex.rxjava3.internal.operators.flowable.FlowableFromCallableBenchmark.subscribeAndConsume,26839374.65711727,26772019.499326423,26746199.51453965,26736119.489891537,26962145.465845972,26758595.80256924,26705773.83419323,26793528.658087336,26710377.784490895,26718548.156648356,26806667.969029758,26717671.4297711,26806290.48163209,26839390.91244716,26785971.582980387,26802387.95026675,26866109.002997052,27120085.770280246,26867737.26099347,26801817.515442345,26723233.930172767,26871582.826313652,26891270.98560457,26829982.672986876,26730312.247635208,26758021.916791733,26644938.82347109,26857463.516880058,26805212.96114825,26887651.382207878
662,io.reactivex.rxjava3.disposables.CompositeDisposableBenchmark.addAll,28753748.331185065,28667940.60763272,28826745.758137725,29084687.501292143,29596835.737783164,28713635.01449469,28624973.74545136,28757789.159170724,28770753.05847098,28828170.56799269,28429548.349853713,28799170.618761115,28797649.86307659,28782570.75123179,28774778.54768154,28717291.7989696,29301412.84325854,29671153.901811883,28842264.998589475,28774801.099640876,28731246.292706143,29585268.687449344,29631657.529819634,28862688.801276743,28900158.312193327,28838545.083951674,28923630.92289195,28812601.75819845,28810427.12932696,28774923.381805483
663,io.reactivex.rxjava3.disposables.CompositeDisposableBenchmark.addAll,30180698.860253043,29970379.32510023,30210301.580584783,30140033.923611693,30184496.891066134,30184974.300993506,30202855.60378342,30243775.03939139,30164617.131430823,30214916.405763857,30277227.545214176,30209943.5205332,30256446.18845852,30113496.581152495,30117933.685640424,31092287.807587396,30693474.17360739,30210306.622300137,30181524.374547787,30267092.374486484,30320849.031079262,30200384.215134,30108633.309522387,30247325.961236756,30242964.248400833,30210013.8547749,30112303.772900235,30157536.193887275,30111032.742713213,30159548.82097907
664,io.reactivex.rxjava3.disposables.CompositeDisposableBenchmark.addAll,31645883.839387543,32235417.49133078,31467515.98914307,31081918.738797165,31048311.228115324,31129817.381020352,31121852.86789397,31134402.41919287,31266876.877550166,31285078.338574693,31333599.39923981,31399527.644543435,31325939.0731414,31943653.344846353,32350401.37915371,31361076.163203124,31311001.87420769,31302893.274814114,31329099.15471758,31461209.59683302,31396918.094407957,31362265.149250604,31279733.371530995,31250839.39640304,31300722.340893846,31276844.469278768,32069741.870307263,32149565.719283357,31420460.277378432,31369892.7513213
665,io.reactivex.rxjava3.disposables.CompositeDisposableBenchmark.addAll,17416644.370668106,17197984.724168513,17190423.95257147,17243400.4711474,17293122.4640238,17197793.74027168,17241236.31497845,17248382.014177695,17190440.443733152,17254074.30688823,17224097.013417795,17223619.730087858,17465249.95977007,17366499.62625523,17221698.82789522,17199547.151302375,17248036.614110164,17194914.46904147,17267451.11909971,17201395.761795714,17234275.86940861,17169758.734941877,17238657.364995554,17230175.12998719,17207040.26417346,17224168.18196446,17244206.088873405,17216861.748471003,17188764.70718288,17335834.954815183
666,io.reactivex.rxjava3.disposables.CompositeDisposableBenchmark.addAll,11047339.907186473,11086386.433639072,11053189.911677144,11079420.24188802,11107071.19025343,11069157.369993128,11094234.762803087,11048980.360799883,11099772.567259058,11067430.448066484,11184219.898488875,11229326.189850572,11091493.085821582,11063278.70944021,11052600.730192924,11068545.31889263,11081134.559790405,11043946.529236924,11064284.61947786,11088747.482491838,11069328.959112857,11090500.241177326,11069295.61357422,11202306.327780537,11244096.799675649,11103052.028410314,11099032.915477619,11098721.859682852,11086226.576578952,11002429.910611441
667,io.reactivex.rxjava3.disposables.CompositeDisposableBenchmark.addAll,12336100.781282423,12346453.872984698,12344151.670295632,12370592.47990982,12392707.364631768,12386674.576399578,12392809.439441992,12367519.292042654,12373893.8090153,12595778.218853889,12524323.742418306,12390479.547379607,12380915.435820572,12397784.120541018,12384174.649152435,12402629.23710347,12299003.794371681,12366991.110399766,12346430.11663835,12353067.24419082,12352792.753774207,12406749.00510093,12612048.638346482,12461083.657496916,12375837.593300452,12370688.033393528,12368299.174044726,12389648.759140912,12389686.4515172,12385869.468424628
668,io.reactivex.rxjava3.disposables.CompositeDisposableBenchmark.addAll,4434651.586490648,4431497.413360304,4429810.693431592,4428308.753298829,4410728.154514005,4427404.249714719,4417450.675455412,4429157.683206015,4449934.617869198,4433831.107060318,4424493.026578208,4421182.537928438,4416060.647235689,4426149.273624438,4415681.193669262,4421646.378940274,4408758.340784233,4430265.277505036,4425341.758899213,4429305.2120964965,4440058.843126862,4431491.914711937,4432000.1080777105,4421102.290499709,4421220.28500205,4417620.479698926,4418177.552846611,4418426.272867181,4422441.549729581,4409419.627639558
669,io.reactivex.rxjava3.disposables.CompositeDisposableBenchmark.addAll,4536579.41790498,4537426.065570271,4538504.484624859,4538676.472007898,4529358.640528967,4541523.282855291,4550835.805837764,4541081.951489574,4541535.010749776,4530671.674823778,4538750.151243556,4537250.600147444,4545101.362593661,4543345.799392983,4537207.132665908,4538604.43574109,4542505.904433114,4546770.718655335,4549322.044135229,4538664.560512745,4541898.4657721855,4530698.188326308,4537432.427292789,4540525.095336785,4540904.228303641,4533569.704676396,4542301.671812754,4542573.699015459,4543588.814898368,4540823.476005112
670,io.reactivex.rxjava3.disposables.CompositeDisposableBenchmark.addAll,3266555.125696523,3271811.0873713465,3275089.57555142,3275028.708848145,3269115.3795484267,3268935.9410481052,3268672.708323593,3273159.7613008344,3271044.2428612793,3270331.4544765316,3263734.2671354427,3270794.2127027786,3269856.1240086365,3272565.8990311506,3269450.8804510077,3266355.336562905,3255672.5731857596,3270664.641690796,3267878.309704126,3261450.4721475644,3264969.128553115,3266335.847241327,3263403.89281206,3267258.728951676,3267237.0074017984,3269383.779923477,3264820.6136533255,3256851.2004527324,3251834.968625316,3267140.933015481
671,io.reactivex.rxjava3.internal.operators.observable.ObservableReduceSeedSingleBenchmark.reduceWithSeed,135762.81920279388,131149.9543052306,137718.53444965664,127810.82902934504,140784.33237587253,143698.4788724447,140182.5174241805,129928.36857110137,141810.7045755706,145423.8194304994,146351.90549016988,139770.91922991833,133173.2152311841,134339.13560545907,138096.1103958061,131178.9967018868,134602.88075717527,131450.71914151,129369.61983920909,139839.14399729192,144934.79578187948,141791.8636801975,141219.3480150521,141321.23282180977,137736.38655116427,136604.3890377455,142390.637692741,140642.41383485676,138488.4547586512,138820.86543265023
672,io.reactivex.rxjava3.internal.operators.observable.ObservableReduceSeedSingleBenchmark.reduceWithSeed,13863.392900041456,13934.308935459645,13729.575240195956,14137.161673123519,14145.359751912065,13699.279739287282,13129.39545941707,13293.515966896146,12831.141497566396,13325.882451519969,13241.27601999233,14175.974880576767,14266.058738137841,14397.476119036457,14331.810689021782,14094.108372182876,14102.49079791931,14220.724457899025,14095.91639768705,13532.907244805796,13381.800082647273,13589.960693971454,14351.1111549462,14394.822117549033,13670.793474230122,14244.498625162772,14248.208893921581,14504.839075138445,13942.831744070996,14157.251035093788
673,io.reactivex.rxjava3.internal.operators.observable.ObservableReduceSeedSingleBenchmark.reduceWithSeed,1363.6808283502064,1347.2814112919104,1340.9322359894543,1313.0694977320418,1337.2294268916714,1307.4281833413743,1340.8839258251774,1334.383343424073,1392.7460021679947,1368.3838025819746,1340.2196825540068,1424.5248568566199,1379.1694237401061,1387.6419690332334,1404.2938339940501,1394.7022299918,1370.0541228539064,1382.2142277980674,1347.726319363484,1354.0006580443198,1344.7036121309366,1320.293123385196,1328.7343319588185,1343.5847597556585,1336.0268875411118,1387.4796616308838,1313.942137930072,1310.9652982307796,1302.4076513063856,1323.361746226778
674,io.reactivex.rxjava3.internal.operators.maybe.MaybeMergeArrayBenchmark.mergeAndConsume,2198967.047621811,2245595.243910635,2276057.63913798,2199472.860411766,2177673.417005061,2199893.8403159464,2196053.927672024,2197586.920992631,2199845.2637625868,2194577.1467007035,2198701.7560387477,2197758.364425107,2196427.1882536598,2195137.0687040477,2198222.358407707,2225902.8105350137,2200016.068719523,2198839.6267472804,2193660.3346325583,2190932.881004891,2279358.564982939,2203164.3754363074,2199902.1045983396,2193706.7054047505,2194102.745461414,2181785.2057225993,2186388.8690848835,2216172.6857791445,2284984.609839633,2216497.4742284594
675,io.reactivex.rxjava3.internal.operators.maybe.MaybeMergeArrayBenchmark.mergeAndConsume,247668.57967790338,242785.33957133847,236326.7605689688,236405.11047139636,236582.82789744355,237300.13204233485,237148.3161223122,236743.71891958104,235545.0320682595,233002.89293668012,235344.32443627188,236647.39375135602,237300.5782024796,236829.48379861072,247427.7412539223,237236.2346448733,237302.0290340944,237383.69090107156,236512.2534086148,236811.17423075883,234056.33391877514,237321.60074919614,237239.5994159616,236651.51373919664,236345.61405004314,241342.7361688616,248040.96966374066,239481.61904708494,237366.61492213322,236551.61244925996
676,io.reactivex.rxjava3.internal.operators.maybe.MaybeMergeArrayBenchmark.mergeAndConsume,16112.075170939705,15928.057011240764,15906.388399366044,15897.680556104566,16105.539742922589,16135.4609465207,15898.7084048279,15903.546686193176,15826.183812048444,15872.204374011344,15901.058689127722,15895.40088644519,16767.373648592955,16408.301970462286,15854.68502827844,15684.987392898902,15901.98209822391,15903.64710854777,15866.119017875413,15859.466709572423,15889.557116986878,15902.081909203054,15904.306270064806,15895.936387000409,16734.495451717423,16721.655077282136,16383.77203628588,15883.637263340992,15859.245602673695,15879.646911166346
677,io.reactivex.rxjava3.internal.operators.observable.ObservableUsingBenchmark.eager,1720526.7255339024,1724718.5982931822,1694459.112333009,1689310.5520489581,1702839.7846419278,1736492.3052627256,1779635.611531222,1741860.8500478773,1689890.4645627865,1698792.4127708015,1701936.2847154527,1736713.5346231903,1694849.2888036259,1704001.1512888076,1719388.7351795405,1694971.6595058453,1708532.7248154276,1719116.0594190792,1739315.224316162,1799972.3083490927,1726597.5041557655,1732505.6584697785,1717096.3319379159,1724173.321476194,1753182.9512712115,1718254.4901731052,1739489.0921749957,1762417.0330966609,1728934.4582158893,1714711.4935773162
678,io.reactivex.rxjava3.internal.operators.observable.ObservableUsingBenchmark.eager,214894.2279970332,217648.42928845237,210810.9202866574,215308.24944212617,222159.08798991612,221637.65284617688,215936.07169139976,212870.9496561324,215117.82699518368,215277.35780049014,214821.2140271675,214073.08751539592,216774.78831844073,213388.7283728988,212947.86346241768,211344.8497054465,212809.75616870978,212732.1481640683,214534.40949870856,213011.89854974698,216688.30819858154,218124.7409675582,219017.97616820553,216726.453705595,214947.92410110985,219569.91157851805,216949.76259328562,215258.05262121785,213462.45210956773,221494.98806128124
679,io.reactivex.rxjava3.internal.operators.observable.ObservableUsingBenchmark.eager,21879.289885767466,21979.823310159092,21935.647886664265,22285.61428050404,22096.77254638182,22095.584203346585,22166.13334263933,21711.226236238952,20797.741757421416,21415.362838341734,21496.456618904132,21698.776319208253,21335.524925813203,21720.936728220186,21838.96917881579,21910.60869825827,21743.332264671968,22010.353621945185,21679.017463570515,22473.411332079522,22000.959398622363,21788.30994243581,21693.899012931193,21574.702941377833,21945.78727579514,22032.064981194264,22058.35786270451,21680.473347788742,21761.8660544455,21832.926125695583
680,io.reactivex.rxjava3.internal.disposables.ListCompositeDisposableBenchmark.dispose,647788.055851848,630848.8919034346,624334.5050217765,623828.8036260259,629366.0984947858,636099.8869371408,631461.5393046911,626400.6142850751,629728.6831512306,619910.4400255623,620418.605513522,627924.2890513265,625714.1244712513,631906.5672985732,622027.5961201884,627873.900352913,619908.3610015489,617029.8788905826,627964.9960242194,616174.5254105971,625214.6839848692,629971.5890446599,637333.0871259633,633191.8363406047,623856.4264970948,624559.0031335012,619870.0282524823,621070.3654371018,620719.757052086,625014.1461335028
681,io.reactivex.rxjava3.subjects.CompletableSubjectBenchmark.error,1486715.4054302967,1470994.8933377895,1473173.5225356438,1479752.6123224045,1483079.6501572996,1484164.6637765062,1481800.0845789642,1473517.8178833604,1483103.186605456,1480017.4245361777,1487610.52451886,1486352.4888193377,1485172.0824475407,1480660.4100720321,1453900.8104322709,1488807.934733381,1489094.8661017339,1480057.2588106769,1487130.9701073333,1484782.9545503175,1489132.390136015,1486662.2194841327,1489273.3806260754,1481143.3179519763,1484827.881538144,1488870.9691401778,1488537.5250603855,1487010.2511945365,1488739.9430097432,1483623.5912844392
682,io.reactivex.rxjava3.internal.operators.parallel.ParallelFilterBenchmark.parallelFilter,4.619213265223108,4.861682566447028,4.235918300640734,3.7868450795808335,5.284046760579995,4.552470183432645,4.840954749826101,4.776600332209114,4.614759894748734,4.313245202392889,5.346288611970069,4.189259612568072,3.5730907158048915,4.883711212555842,6.8582367352648665,6.891145881582122,5.499818974375095,3.9159215690955187,4.376024783500834,5.484758014706859,6.131474776816004,5.223535508429538,4.443689593905641,4.7392590969715815,4.86359477941464,4.709600934159518,4.18732459878247,4.394582406973306,4.782463328312713,4.247815406519107
683,io.reactivex.rxjava3.internal.operators.flowable.FlowableOnBackpressureErrorBenchmark.testOnBackpressureError,8260.974020070604,8247.911981468073,7729.449995526668,7869.922127595482,8365.420920467623,8722.746349449164,8816.326573710994,8502.043630618122,8538.22348272714,8728.05501348369,8784.01873726686,8739.134275141301,8604.3825223603,8661.8917542595,8656.225648678372,8606.590472605541,8595.269573991602,8582.06718078985,8638.437398639242,8760.737341209224,8921.212340707532,8663.853633542623,8781.03510473855,8725.054649053829,8729.77047293728,8677.818818691494,8558.769428690312,8752.833623649813,9015.60951352912,8736.561136324439
684,io.reactivex.rxjava3.internal.operators.flowable.FlowableOnBackpressureErrorBenchmark.testOnBackpressureError,8272.614578886769,7918.452874498636,7992.321244126021,7972.867406347724,8161.549145892982,8167.511375618872,8176.814296512492,8216.406227340285,8237.92907745786,8197.574646708304,8119.909674124785,8167.7757565951715,8081.590457481949,8075.955052175799,8014.632785555032,8053.008310704577,8013.527843065495,7993.222291443932,8154.9656078523685,7984.760653359949,8042.618200828771,7945.403935796737,8010.277228702024,8284.193931362091,7976.752180702868,7966.706737558284,7982.878740817822,7843.930903593564,8050.803586180665,8138.980267162327
685,io.reactivex.rxjava3.internal.operators.flowable.FlowableOnBackpressureErrorBenchmark.testOnBackpressureError,8531.495027214209,7947.945458648601,7987.056600822537,7907.369205436375,8179.328109092478,8176.43639823907,8300.51855332287,8029.499344656862,8141.006561110355,8212.54463082531,8031.377479900156,8032.365957160806,8144.330511598955,7984.497910817874,8127.583922925524,8126.924271541873,8005.955086759941,8092.843071433037,7988.527826161028,8168.098993336243,8123.77911314227,8209.831823029901,8146.954761997945,8119.514754002654,8161.128456769845,8136.742271200172,8208.128645166445,8218.092582871277,8185.811583874253,8306.092061076804
686,io.reactivex.rxjava3.internal.subscriptions.ArrayCompositeSubscriptionBenchmark.dispose,17453312.796031438,17461938.95230279,17462189.783889174,17466193.743465148,17566436.251263093,17442150.796397053,17425730.303139973,17486803.53111716,17463696.383308835,17736773.464662425,17782369.829469293,17439556.6103846,17393440.407987103,17570869.25707101,17512519.003691506,17450055.929481275,17423544.156689763,17506526.11641734,17543265.11556669,17517070.326044492,17488137.901880093,17458498.00222939,17860451.180287834,17783953.379838727,17451585.426603302,17435344.447832987,17470165.567677755,17532366.997492746,17508183.073553216,17474058.60352204
687,io.reactivex.rxjava3.internal.subscriptions.ArrayCompositeSubscriptionBenchmark.dispose,8674284.182594592,8690900.330608834,8699992.178350983,8730111.598093951,8727307.645144392,8699878.658421412,8732020.55229932,8794374.112917662,8890411.27436392,8763472.559277492,8683395.245723577,8758928.826267812,8724278.862805769,8704104.981584396,8687824.19613338,8684213.547142057,8646830.587382114,8693800.19761776,8666158.134301864,8708257.480905175,8856474.144552378,8891333.024307678,8706411.483846195,8725668.48024838,8749358.10576192,8670142.569191562,8666552.06255043,8828930.77400473,8804354.544675056,8811580.046678407
688,io.reactivex.rxjava3.internal.subscriptions.ArrayCompositeSubscriptionBenchmark.dispose,4345623.767508299,4346506.7183528915,4384856.022135005,4380313.437626952,4350610.912439922,4355394.14600347,4558009.114461424,4492669.896657623,4376893.565243114,4396847.2701438535,4372549.558092168,4359337.519205532,4354929.864587944,4374252.243413391,4335821.029136789,4361663.46860133,4356458.290115776,4357498.206529023,4393945.009959251,4548721.439389233,4419535.930439399,4367840.5210004635,4371447.503080527,4374574.05321266,4334620.757849857,4364997.0704241805,4344442.460304462,4365359.764021555,4378080.961884421,4357200.837723396
689,io.reactivex.rxjava3.internal.subscriptions.ArrayCompositeSubscriptionBenchmark.dispose,2228968.7869984964,2236154.592415247,2242829.6023727693,2234406.105837765,2285746.84024733,2315620.4342719615,2263341.2295708284,2242735.723259506,2232594.1957193343,2247428.9869053927,2239482.53326403,2245151.703362736,2239351.539628749,2238588.736136046,2238376.6174118314,2232372.9871625365,2243519.372151742,2295239.5831286944,2292863.2283187723,2240524.235514221,2238392.4960984257,2235951.8279218143,2234580.062067086,2238068.1576782903,2235673.350450172,2237600.9217244633,2231926.148333087,2245528.341975799,2238480.5694029885,2236012.787113167
690,io.reactivex.rxjava3.internal.operators.flowable.FlowableFromSupplierBenchmark.benchmarkSupplierGet,123937945.15537539,123888600.23163246,123614621.41232084,123879760.25215794,123859794.06434117,123298840.09733133,123664662.68502939,123882908.59517469,123587536.37767935,123819395.83497109,123910588.44492273,123908092.95733975,123875872.43263319,123454574.1207573,123648360.11361395,123909730.3484996,123616066.41465499,123862802.42836091,123554559.3685862,123901374.42921966,123709753.83879277,123911237.86934093,123909014.40282777,123799793.90120614,123592754.28266749,123762366.033853,123615359.73887914,121468435.64675976,123871301.48882413,123917608.07631803
691,io.reactivex.rxjava3.processors.ReplayProcessorBenchmark.subscribeAndReplayTimeAndSizeBounded,2514.79850679924,2120.6521112624514,1825.9592354600684,1664.3832860747111,1538.380823255971,1424.8090100514387,1306.3375692819927,1205.1142675258823,1140.5967511434073,1088.7511387084696,1040.2136109926528,1004.2667045376807,1008.2302444388179,1008.8651641619446,894.9924292590409,871.883749124078,843.7256617573539,868.882767946023,802.2505864394341,776.2518926722004,766.122627173889,749.0899792750274,729.4364038802875,711.3798659839064,701.0317636703209,743.1658943814549,683.6964832017298,661.9429173525222,655.1166982942894,652.7079073370954
692,io.reactivex.rxjava3.processors.ReplayProcessorBenchmark.subscribeAndReplayTimeAndSizeBounded,755.8198835868219,651.0633054564902,578.1842739207973,527.6613047616995,487.1322425954624,462.6231134403042,439.54801716942484,413.97988388948204,396.68769808917455,375.76825882979233,372.0493655047179,393.27366287204165,352.32279753228084,324.9473651802876,312.10749491069345,306.2091578948332,298.3693429854878,290.69941854542054,283.8167712982511,274.7705473590169,270.8487055381786,266.10982113517076,260.8479665886096,267.61312428403943,277.1764746012533,250.30753396926784,243.0832940049802,236.03494328226714,233.36886999355445,229.92646744637244
693,io.reactivex.rxjava3.processors.ReplayProcessorBenchmark.subscribeAndReplayTimeAndSizeBounded,244.46743356320098,216.765179798081,186.87556292640744,169.05140086004562,156.75041869160043,146.4127799209665,138.3203386715577,130.935870229479,124.6836858428237,130.9780786435091,125.11315293128797,109.92622554203065,107.13612765483883,103.80400754954171,112.35368911106036,97.46253166096447,94.79560484508798,92.28892316817048,90.069595311429,88.00853170132527,86.33817018055791,84.60902609010697,91.95360499250825,85.71250850386437,79.6117666123383,78.1694751227476,76.9941755446084,75.51813944417691,74.21837769046628,72.98017741613094
694,io.reactivex.rxjava3.internal.operators.flowable.FlowableAllBenchmark.allTrue,409613.83503479755,411998.8142321936,413465.2346758506,413094.2062350822,411669.61151735333,406091.1693519089,384791.6419407454,381352.5973260002,384308.6799861283,382924.25650840305,385706.51948121854,382866.21216492454,380923.3255373314,378911.01022659143,375545.3179993387,378145.65350732877,381364.9280766775,377929.73885263945,380974.17640922207,377660.7945639165,377890.3325954601,381174.69676371175,376069.4560467117,380853.8036452918,365704.76003072347,363191.46330019453,369283.0599522962,357457.95868720475,361674.3248282049,369627.89492991584
695,io.reactivex.rxjava3.internal.operators.flowable.FlowableAllBenchmark.allTrue,39351.81968152047,38493.81189625038,38800.60491625973,38873.9652527929,38588.641655165244,39025.48980244493,38539.93352295955,37969.38660482439,38065.71955887267,38242.92284983501,38031.49482752921,38181.00370755305,38711.429206337096,37877.90445158117,38323.87064126228,38146.72662411856,37905.95368499627,38425.057767030106,37794.7138080944,37043.76126028824,36295.872987423,36108.51283479039,36442.97310990371,36234.88657440534,36626.64948476932,37328.347324750546,37229.25646440337,37424.578726773696,37269.61347757058,37301.285931308885
696,io.reactivex.rxjava3.internal.operators.flowable.FlowableAllBenchmark.allTrue,3686.309834327578,3660.956129613027,3669.5594950695336,3663.1210524190774,3610.3959951915886,3671.668525437192,3662.228851795135,3611.3500319520017,3710.186170663465,3620.0457559387346,3664.3952465304887,3674.3215328546366,3528.53721822968,3566.609869945986,3504.671419531062,3510.168065597277,3527.5596018215106,3520.852395765862,3582.4228788390647,3547.2245731610824,3613.08139212146,3588.8719493577496,3611.2729785239635,3592.9844680909855,3611.2659632465125,3742.4257322562366,3928.015812070191,3977.4423705345357,4052.4953022350596,4082.472409843059
697,io.reactivex.rxjava3.internal.operators.observable.ObservableToListSingleBenchmark.toListSingle,17094196.37263278,16858279.54698974,16981747.75851356,16811428.651825923,17056798.400308423,16997181.11890131,16838173.93708156,16923857.83220552,16818063.78718151,16987803.807745032,16818931.531079736,16807885.84780039,16895822.689976033,16989279.84753438,16747259.68503188,16988964.60638615,16877186.052953284,17326212.470292713,16882602.60754508,16829558.22564754,16715442.791138863,16715080.891433194,16773018.977460882,16822752.21378374,16993331.197693646,16816056.12108333,16821061.115784217,16722515.223567165,16750337.89693975,16849608.041166022
698,io.reactivex.rxjava3.internal.operators.observable.ObservableToListSingleBenchmark.toListSingle,3696076.2639184655,3698468.8147455356,3696918.7599458573,3686412.50687803,3697910.464712428,3697682.2657563426,3696419.5832776073,3684704.808111757,3677995.797016798,3690925.259723448,3689254.0467342413,3690403.504069001,3703809.686876904,3702098.532539107,3699719.8935819147,3716972.1954935505,3710115.2315597925,3697667.965282053,3678723.183704833,3689820.241089731,3700137.5672481195,3700362.0906011974,3704168.528132843,3698148.9736780925,3688792.037411437,3700643.7491993434,3706408.4263173398,3693910.667244675,3713891.711673687,3691714.0041850186
699,io.reactivex.rxjava3.internal.operators.observable.ObservableToListSingleBenchmark.toListSingle,296300.81640673015,296500.624553645,291222.8195509988,291415.30137378164,294765.79644311086,295118.8901121814,295633.0481047017,294315.8995815314,295858.39673230046,295544.8116837068,294130.53724501166,295640.33786870644,295071.123937794,295308.1492995976,296864.5513671106,296021.5994600135,297471.2033837728,295684.8746899617,295871.0593241488,294613.4841808556,295031.5020508545,297060.6571923676,295893.5322390334,296691.0274815144,293717.87393559725,296384.87193359836,296551.9917201993,296276.159556927,296972.304311303,296059.7711612452
700,io.reactivex.rxjava3.internal.operators.observable.ObservableToListSingleBenchmark.toListSingle,27796.201188904204,27775.48570829467,27801.691708942482,27823.59651008558,27789.71607247089,27798.6165736816,27781.397299793967,27766.767579653362,27778.58309902485,27759.51245100629,27820.738206853475,27777.662200010785,27909.606922312134,27801.30706720745,27689.04950028605,27774.532615892836,27782.757749552744,27819.074864381237,27786.19870409661,27714.056536675336,27551.401308049575,27674.55422593813,27703.995259203934,27637.150494251775,27675.92373867765,27715.55208412802,27711.693255104554,27761.320162516968,27771.556851048234,27784.286904222346
701,io.reactivex.rxjava3.internal.operators.observable.ObservableToListSingleBenchmark.toListSingle,2800.5972097075082,2806.6381597885256,2812.960115038529,2814.826176039151,2813.4921927941227,2816.4370815369502,2819.140221434407,2816.030487988914,2810.9946281892653,2817.604636535006,2812.352199981904,2821.586541637708,2812.16051946605,2820.9413994257443,2802.4927207926094,2814.4956114269808,2810.5456781016806,2819.8997694825935,2816.41869118214,2813.8407872605753,2820.648925110887,2828.5963197048295,2836.4026479295408,2837.4916860643752,2830.0929354035525,2835.2667631565796,2841.2537276609073,2841.6161885846404,2829.8943062775547,2838.873783671578
702,io.reactivex.rxjava3.internal.operators.flowable.FlowableUnsubscribeOnBenchmark.unsubscribeOn,11144206.134232415,11142414.563552018,11162132.139284566,11157764.371019186,11194485.451664558,11160178.74650608,11132601.786322858,11150702.431222081,11583414.579517094,11731310.61318396,11150142.04377306,11128501.95482176,11176300.613420077,11163860.293337557,11146803.21485447,11166985.896936072,11169443.378422715,11103886.969264677,11143767.988189505,11127650.862671798,11120652.710859757,11204603.42037937,11151608.778416054,11419442.52967579,11290809.719388833,11143951.474998722,11155180.771697126,11141883.477661498,11135323.435942465,11122740.904012522
703,io.reactivex.rxjava3.internal.operators.flowable.FlowableUnsubscribeOnBenchmark.unsubscribeOn,3994027.4465545896,3982142.7694200156,3983381.6322739045,3994142.082938579,3987975.075327272,3986764.9850852224,3997826.433627907,4125004.409250313,4021089.082184296,3970477.9319583015,3996660.4491944322,3995202.5576546835,3978533.024288618,3982640.77448664,3988503.1608737814,3984015.373233085,3979621.6779547473,3975107.4222457083,3977094.6115466715,3942972.3382836,4140720.422733863,4080445.927575279,3984616.912490451,4011214.0575835435,3983333.9377390416,3992499.458330967,4005120.997189531,4002064.595803989,3993492.4945387524,3989415.303369868
704,io.reactivex.rxjava3.internal.operators.flowable.FlowableUnsubscribeOnBenchmark.unsubscribeOn,554672.3392515153,556447.2105114054,555976.1009182504,555032.8019444209,555379.3340877831,591934.0962235305,602864.0774538413,554992.1983034416,576839.2448616648,574454.1813535971,558127.093504721,557716.6031459981,556341.8391376982,558565.7093163445,555762.7976720143,556781.4811819586,556900.6268292266,555374.4620715524,602623.4961234006,594791.2232026625,566792.8776498549,557428.0064307007,557174.9266123293,557878.4458487676,558003.4546395665,559576.9991259894,556034.9798670956,557499.5782924218,558346.8447971984,556977.8865506888
705,io.reactivex.rxjava3.internal.operators.mixed.FlowableSwitchMapMaybeBenchmark.switchMapMaybeThroughput,18934.583893584353,18924.93615363906,18936.755381752533,19007.05487419638,19099.317485889642,19130.753937473037,19041.395613115015,19036.737102660612,19062.591960707414,18989.458116823178,18968.997071186852,18864.977216395237,18972.34344308281,18943.643483577427,18953.64640638824,18944.751048342387,18944.704447441658,19101.5794214243,19076.761727396275,18992.737039965054,19101.97868219179,18996.230007272843,19019.35241006979,19061.983146873146,19080.322972899954,19050.62114893713,19019.881307641128,19012.146753865833,19050.330838078982,19065.316170341153
706,io.reactivex.rxjava3.internal.operators.mixed.FlowableSwitchMapMaybeBenchmark.switchMapMaybeThroughput,2018.9388659214603,2028.860402231164,2029.287969525117,2027.3729842203052,2017.1090026113666,2014.5052777938795,2031.0021016443927,2023.3467604750338,2020.1814386425135,2019.9912830129756,2014.5818533905103,2023.5936866708407,2022.0935278249724,2027.2637707799486,2024.9056940671103,2036.6214898228734,2039.6634453332028,2025.9253600483146,2034.1189823863488,2041.1345834302406,2021.122768042741,2022.5019528266105,2021.4011942600207,2024.6830399194666,2029.3538882210066,2018.5434579519413,2027.226586703227,2022.2928325085713,2037.7251923805557,2044.4001321132353
707,io.reactivex.rxjava3.internal.operators.mixed.FlowableSwitchMapMaybeBenchmark.switchMapMaybeThroughput,203.19304058098794,204.26214996355117,203.68745606048458,203.68721851830495,203.78198445527647,203.74648375142317,203.77965937149105,203.85932748264858,204.667089535497,204.07160744488544,203.8076722025496,204.96802785720666,205.56464594241407,205.10945249739558,205.82864189242258,208.5454634837911,205.11319106728865,204.85099589230984,203.71536624198694,204.52591506465757,203.8001093881103,204.50427815318395,204.05411510752953,203.9602662965625,204.68576150647698,204.0343403569627,206.46591356186633,207.62903563852475,206.28611410265563,205.213863244049
708,io.reactivex.rxjava3.internal.operators.observable.ObservableFromActionBenchmark.subscribe,72292315.02019246,72234411.69727963,72449315.12075447,72634671.4878469,72447950.18120432,72705968.69866669,72553588.51235257,72579706.63719223,72459697.33490759,72638487.8879269,73568627.49521756,80634638.52967349,76457437.48386037,72558265.07365504,72383814.13650815,72619655.78015418,72583513.22419319,72424735.44902581,72631125.66601442,72444690.0994924,72596073.41844642,72498697.41512063,72448483.0861516,75120044.42370947,80583214.64822729,74717304.57932952,72415867.58030117,72582490.95798182,72574394.35038318,72576127.37885635
709,io.reactivex.rxjava3.internal.operators.completable.CompletableCreateBenchmark.subscribeAndAwait,24503274.525887884,24518865.172386516,24593747.17554781,24545389.895198938,24357905.16838421,24518032.63085416,24573487.12204475,24573552.36955573,24587219.150846038,24615225.20334536,24487404.38490671,25470330.096817024,25298128.698796842,24356040.038142756,24616892.32756776,24380304.421994306,24590259.316775847,24308540.38431815,24590695.01033662,24593084.474442594,24423390.717933655,24597977.149483453,24339778.133598667,24535078.24769196,25082226.998324372,24682173.57790938,24408339.58406319,24532128.797783267,24346996.527494732,24557492.48245786
710,io.reactivex.rxjava3.internal.operators.observable.ObservableScalarXMapBenchmark.subscribeScalarXMapObservable,122920971.6808781,123167582.35290636,123492286.45216542,123044297.40509324,123256760.56276591,123472371.13891369,123497227.52581093,123496159.14537728,123498798.99279884,123133856.18468963,123217122.10478075,123500271.22345184,123515019.32246473,123519346.87406325,123191436.50783497,121049890.50489247,123495967.39988086,123514915.11866142,123520470.8444313,123223596.77218592,122988408.27511604,123279962.80981643,123482444.646961,123512247.04069418,123514254.85695162,122494157.53202197,123328262.3068731,123490280.38393292,123517361.35713877,123531749.53998485
711,io.reactivex.rxjava3.internal.disposables.ArrayCompositeDisposableBenchmark.benchIsDisposed,31476925.98134003,31496649.5008153,31554998.70507555,31566665.713191014,31514915.941066876,31451029.304374203,31564957.636837114,31547150.780924354,31536531.5319217,31533039.472740687,31545889.982324563,31528689.143971957,31553842.090470742,31519925.000219893,31531622.709961582,31481298.83749121,31664316.82110224,31591561.645478368,31564436.798484962,31553040.348636925,31511957.962956082,31402167.867898423,31445236.3609632,31532326.490127802,31491377.936612498,31513042.00040476,31512496.84146174,31502901.088362724,31603167.413717408,31516784.21260415
712,io.reactivex.rxjava3.internal.jdk8.ObservableFromStreamBenchmark.subscribeAndConsume,1019791.5975932004,1018311.4406371542,1023621.0987039014,1023774.1829139347,1026024.4633561191,1025953.8590284205,1024548.1260533915,1017635.8886687368,1020525.3382013823,1022158.3190345613,1023223.7239242052,1021437.0027147655,1023792.5640860059,1021155.1612679935,1022739.1826267436,1025227.3448619503,1025183.8534436056,1021649.8291068476,1023795.9630252756,1023695.6440243905,1022348.140637536,1025025.8509997599,1025147.8689537095,1021793.7865391977,1021923.2644255743,1024107.1301110113,1023378.3338729009,1023711.3102706714,1023693.9710325678,1025931.8450533631
713,io.reactivex.rxjava3.internal.jdk8.ObservableFromStreamBenchmark.subscribeAndConsume,130697.50972571762,131581.02439514353,130459.88897292971,131304.96646135984,131325.11598722858,131579.79258528134,131623.68550721277,131199.51189226183,131293.6640327316,130632.71028305973,131341.2892807421,131268.14609776175,131140.43797194524,131125.0588950074,131425.32340731233,130986.18224871543,131019.18072147552,130983.83404348226,131021.69091617422,130481.31854712644,131368.67696284043,131567.1851622479,131444.3864045898,130959.36204575024,131220.44439601863,131310.99383739475,131062.44558647569,130937.12223258297,130867.84567782131,131121.0223237133
714,io.reactivex.rxjava3.internal.jdk8.ObservableFromStreamBenchmark.subscribeAndConsume,13079.788251308,13163.976224405053,13108.962687782516,13135.00877969745,13139.21284368664,13066.378779885725,13027.161450650146,13126.284146147382,13114.536037456675,13070.573137812837,13141.598405894314,13186.522938006145,13037.462139499436,13120.564085466487,13085.343861602747,13107.481760387695,13126.40885609769,13132.734963039215,13135.337729407021,12986.425454565038,13113.216485315003,13131.045696039022,13103.435895270924,13067.558282429816,13030.527902171309,13123.882055231008,13122.497014919374,13144.746280389269,13150.0342351857,13174.482321891644
715,io.reactivex.rxjava3.internal.operators.single.SingleTakeUntilBenchmark.takeUntilCancelled,942160.3599753361,946555.214165594,947835.1472429945,946380.5905596378,943073.0448699832,949263.5074563527,949444.467975276,944685.9939532527,944360.4127493167,945319.312355354,945847.1369278363,953138.2045769814,944112.5675228031,945899.814593068,943554.5499805132,944940.0428575329,944172.1275661719,940583.7359869435,945691.6440140833,944523.0362853102,943399.0851442962,944369.5897574868,947650.6204006393,943320.5853441919,945161.6045255688,947347.0633355457,953115.406347956,950251.3470966138,950061.2468782924,949084.8785410484
716,io.reactivex.rxjava3.internal.jdk8.FlowableCollectWithCollectorBenchmark.collectToList,170569.99327394573,172079.9316032019,171831.15121120607,171744.56988296658,171783.2052809303,171538.9216621375,172000.9527905018,172491.6683305016,172402.360029194,171883.35837489532,173250.25917693207,172550.13481975463,173536.21594382136,172494.092232583,174389.32205806312,172152.78732022457,172711.54680490118,173461.7875093103,167858.68196367222,165800.954954102,170487.74857167838,173276.8059326772,172248.960950534,170070.66188335238,171618.15153972476,172782.8842443633,173240.55775214094,170855.42034098742,171077.00302677703,173099.48037686924
717,io.reactivex.rxjava3.internal.jdk8.FlowableCollectWithCollectorBenchmark.collectToList,17652.201555619235,17639.839366635337,17577.25747857986,17609.448361067112,18336.472865193897,18436.261424931057,18305.59186065171,18398.59022642249,18384.062339284446,18375.63647264682,18250.959408413517,18244.22682535062,18264.67588405711,18216.81324748418,18179.73556303212,18066.72736165792,18053.657223136714,17991.546720514012,18022.19157855236,18096.679503393316,18405.73453212798,18332.433438565375,18264.392715176673,18291.68742509375,18297.833366740204,18245.518372680548,18245.910372478465,18424.88326782514,18328.03902425788,18459.963860688462
718,io.reactivex.rxjava3.internal.jdk8.FlowableCollectWithCollectorBenchmark.collectToList,1817.965802245294,1840.0601727062487,1866.3340086315293,1848.4661204696877,1844.553291617496,1843.339525917845,1857.1955432386028,1818.3586158205176,1773.1081230678806,1825.2126598401373,1853.5164935410114,1851.2664911908603,1835.6906163748974,1822.5630878863196,1829.1838456058483,1848.3929729605359,1825.7002693096865,1816.8715580820729,1824.2523593585547,1824.3028444922802,1840.5423068229354,1839.0913748371652,1856.6309184830839,1843.8574937858778,1845.6279140300198,1861.556839640312,1841.4572709814381,1852.0814620509773,1858.0618887071962,1849.6983179037466
719,io.reactivex.rxjava3.internal.operators.completable.CompletableMergeArrayBenchmark.mergeAndAwait,14345143.821547283,14215221.702788249,14433157.572827829,14170030.98491944,14134796.643642507,14351199.583322505,14323573.379106974,14957382.728983656,14500617.36162725,14129429.462186618,14170015.181579513,14199362.140236937,14276471.285484662,14147778.080003893,14241429.866937108,14205377.860173613,14199824.686125003,14173311.050008181,14169644.21590993,14164902.54851737,14467127.246752271,14150761.59205231,14084678.985390378,14130688.988456115,14161593.693545043,14169192.182826843,14128353.833295014,14063154.749107828,14277518.89510568,14181926.386337651
720,io.reactivex.rxjava3.internal.operators.completable.CompletableMergeArrayBenchmark.mergeAndAwait,3363267.2243179646,3351169.0088578835,3356280.3073768406,3354049.1408854993,3345826.577653081,3421950.8834962104,3446282.704274043,3361810.0337991547,3390929.1965268087,3351182.9538191296,3354321.1852964084,3358479.353285698,3397565.853806096,3378933.2116776765,3364991.1126293796,3340443.1197460974,3354040.1633808236,3354152.387571707,3425930.49135123,3416867.994066215,3357747.3209307604,3350291.261589545,3445357.3644890785,3406483.385788487,3346297.819224982,3360520.413501273,3385092.9192092894,3359123.7849031454,3385339.105881815,3351467.6780228275
721,io.reactivex.rxjava3.internal.operators.completable.CompletableMergeArrayBenchmark.mergeAndAwait,391721.5030371451,395246.5661051244,392865.56266217725,396665.7383084135,393283.43435472524,388230.0384713565,391305.5394807474,396076.0159423101,388939.3303013154,387273.03458934947,390565.39360453613,394526.00695158547,397356.961898794,396664.8140842576,397494.5106008086,392861.71537105023,392840.59328637505,394878.57898686256,393394.64072974893,394420.4558898334,392366.7935420598,391646.63347160065,392419.59065859637,394276.1928413508,398918.1178813153,392698.08052757796,395727.3913930984,393737.5998493718,394348.9918859783,395443.55244104925
722,io.reactivex.rxjava3.internal.operators.completable.CompletableMergeArrayBenchmark.mergeAndAwait,39100.02742591781,40287.483079782076,40303.02680281179,40636.66191599643,39795.68898474928,39818.055684340936,39268.930117998934,39782.60297882272,40156.30488190202,40101.47389830933,39793.44204695042,40015.70242044726,40197.09823154329,39965.64762469306,39767.21169456258,40419.13809240377,40660.99738112657,39963.13031717789,40133.2736286596,40469.83817081836,40014.14893266233,40177.69618733845,39891.3555306545,39613.01576947363,39781.69803204337,39546.77689558006,39772.302647244986,39710.14631431278,39729.748581238135,39680.81725493911
723,io.reactivex.rxjava3.internal.operators.observable.ObservableDebounceBenchmark.debounceImmediate,8079.939209021065,8113.383017788412,8311.352609134443,8177.25705531024,8129.529088897996,8148.418186644637,8160.953708607881,8183.360159435854,8194.759469116805,8208.3671348939,8319.958757161541,8189.192881338809,8045.64101077687,8051.804935007936,8069.176766447933,8110.056662539183,8059.600662906354,8039.436572166713,8061.166451205446,8100.1338202900615,8078.090302016819,8027.934412125806,8077.325268711003,8237.519192479773,8150.378403240698,8062.47100515241,8032.2973346291665,8095.593552630096,8029.913360004471,8041.210377264584
724,io.reactivex.rxjava3.internal.operators.observable.ObservableDebounceBenchmark.debounceImmediate,821.1610345518969,820.3857074880186,814.6413557724039,813.3814421210401,819.3705112304126,819.5670669751387,821.2349416345479,817.3334408762956,822.8442964651571,818.4902401859609,820.0427591669678,818.2476809894109,823.7664432667057,831.9393216736344,819.7396334778751,819.4666517686297,815.080418935633,816.6108367562463,818.5982761703625,818.219917313033,822.2997574847178,825.451215268553,827.7146354468541,816.8126411499983,818.6501302192477,827.7219466773405,822.533322558913,815.753250141144,816.0632018795288,815.9217318919465
725,io.reactivex.rxjava3.internal.operators.observable.ObservableDebounceBenchmark.debounceImmediate,74.4860715803322,74.83620547322731,74.42781097212388,74.41283163677055,75.14060688535152,75.4334919110096,74.06407341254658,75.82032123020961,75.55144525207713,75.57580081433662,73.54798869751482,74.9766603575517,75.01830735421218,74.52258832712278,73.88312642491908,74.31798481944575,74.79146464328643,74.57128424318219,73.6956872930256,74.71198477570576,75.134148215501,74.0272194137666,73.71821441067982,74.23948029608023,76.16406518690842,73.97660053546123,73.71417131046107,74.0385903940852,74.78078215619024,74.20669473981125
726,io.reactivex.rxjava3.internal.subscriptions.DeferredScalarSubscriptionBenchmark.requestBeforeComplete,31433855.912584968,31483868.71984252,31536990.59205724,31537338.31483802,32093522.823162317,31502813.32882529,31451447.14358979,31427290.34769764,31737156.718821026,31591447.906241056,31688783.48649623,31694033.586254314,31603699.51995825,31786725.901792925,31825319.62268127,31648980.65052814,31786532.842863902,31877975.257127702,31717360.736571413,31874886.82146646,31726855.681734093,31659216.640322268,31392970.22629927,31277702.87486155,31519129.189018257,31608255.689156055,31690605.799277805,31494016.572105,31297419.62838418,31728847.759029977
727,io.reactivex.rxjava3.internal.operators.flowable.FlowableDistinctBenchmark.distinctThroughput,45745.27598072321,44713.972036474435,45365.19837717018,44431.84572605212,44443.7248287484,45488.97450109099,46215.336795543604,45514.855035693254,45340.08688964021,45837.66068887497,44222.9619402591,43886.4146251567,44529.056918090595,45162.63225452951,44371.862356852085,45126.58719817124,45042.72259006443,44738.92849235151,44114.37634716689,44848.313163407794,44964.68797610272,45965.742875837466,45690.32056792504,45543.25284256718,44979.96966733373,44711.03032068388,44684.626171025964,44332.44712436204,44413.79928178267,45213.23677749518
728,io.reactivex.rxjava3.internal.operators.flowable.FlowableDistinctBenchmark.distinctThroughput,4744.675224653088,4745.929098231778,4741.544253338501,4699.021868165618,4709.504666853814,4711.417863550727,4718.643362125927,4690.283562220289,4671.9530130343455,4693.324280717044,4798.92011204055,4906.586570896474,4854.985942584324,4883.303852938047,4880.170978936641,4920.572357134573,4982.2111097934285,4989.674055604351,4902.3013518971065,4841.7200202067115,4822.223520359189,4845.233706036053,4795.778558998399,4817.813709198073,4738.193935414302,4793.798930574285,4782.021877105815,4730.714625973823,4761.4449686612925,4822.404812719983
729,io.reactivex.rxjava3.internal.operators.flowable.FlowableDistinctBenchmark.distinctThroughput,167.95100289268075,188.61185697980426,176.77756626846895,180.4148324292683,180.03207973625612,178.19022734154274,183.08525859396627,182.68980262903634,180.6302096802478,186.98267829864778,185.98816073764007,180.5744626691602,173.11895505048514,174.80817343147166,178.08173559884168,183.81084999624392,173.2054359716468,172.91644953824633,175.97813295719874,172.5844792221989,173.7136443486781,179.32119110761835,175.98597655745803,179.26541121734508,172.11600719567878,171.8647728438367,172.76241298336737,170.14716557697488,170.12173946293763,174.48656682112588
730,io.reactivex.rxjava3.internal.operators.maybe.MaybeDelayBenchmark.delayError,20348689.003050767,20336577.042534772,20261193.209901527,20242610.44043924,20252057.93873532,20175683.260763958,20960575.313794937,20134295.487190306,20247576.193004977,20370053.367128238,20530299.46827139,20344443.8617919,20167357.68786538,20322255.69106385,20256631.08466709,20156850.66646994,20206014.042091586,20111854.75478204,20117352.87852851,20909803.95739147,20683837.95532266,20041019.427305043,20110570.480047997,20569081.605177753,20181595.212591775,20212465.7447664,20262706.188334793,20422426.38210768,20559065.553926073,20701708.506112278
731,io.reactivex.rxjava3.internal.operators.flowable.FlowableScanSeedBenchmark.scanSeed,21937.26071431393,21967.917330032746,21964.618513353984,22457.042711528393,22767.130340489308,22084.953769485077,22054.739058425424,22068.43292954744,22056.013084061324,22050.87494230957,22059.90960296602,22054.622489640995,22038.66899662462,21990.720579876663,22037.13325751185,22054.14604141113,22586.03388240068,22567.59150381722,22068.714409110813,22045.282341826336,22039.41911246706,22456.601178504552,22037.597174714247,22076.78849207792,22050.935579288653,22065.641705293547,22058.93223738505,22059.599524264602,22065.253311827928,22345.434814018452
732,io.reactivex.rxjava3.internal.operators.flowable.FlowableScanSeedBenchmark.scanSeed,2337.2722598973414,2357.281533590503,2432.8740901997962,2401.406163474053,2350.608492051998,2352.3864881943327,2352.6287057850245,2355.775796105933,2351.3742616869768,2351.0626430795173,2349.676184076044,2352.739676413024,2355.750149690831,2354.3920535927055,2371.958641369638,2437.0593365261097,2382.9421428774544,2353.464732688127,2353.641267412586,2351.249659803565,2354.6398790222624,2351.2910692835735,2352.4155164883578,2352.186479840642,2333.179385812319,2337.532159301041,2337.668913614096,2366.3574866152344,2415.1619315642615,2341.7966781870095
733,io.reactivex.rxjava3.internal.operators.flowable.FlowableScanSeedBenchmark.scanSeed,241.94507604828627,245.1216538618652,238.14225731247387,238.36538981135885,237.60475518196878,238.1008158404906,236.70791781543042,237.50381463059583,237.92601452652283,237.85140376260773,237.34889691082952,237.7596038798727,238.16972889293226,243.7471393988062,244.44994630876437,237.97024467654614,237.68725823623052,237.383814524206,237.5274685547165,237.86922520884158,238.05821385318578,238.21513591663594,237.486681562297,236.93913199556425,238.07629563707548,237.94890927584265,245.87984909058295,242.8333995324162,237.77221398123376,237.97965488132454
734,io.reactivex.rxjava3.internal.subscriptions.SubscriptionArbiterBenchmark.request,7563059.33772957,7608638.806450024,7561367.419682059,7579480.19705916,7562261.783190376,7592850.30663077,7562488.58057169,7599285.670120285,7572252.457322657,7603541.714299315,7609857.041664259,7569563.023791529,7579088.010055106,7584555.418102668,7597729.729984136,7613483.641057875,7611139.5903389,7621057.874399283,7589118.394988661,7602926.568938599,7594177.647593577,7578796.992355859,7583530.079546774,7599986.191634446,7564269.029080887,7601504.427178243,7549385.826652766,7590825.197255579,7591857.566673456,7569541.616421165
735,io.reactivex.rxjava3.internal.disposables.ListCompositeDisposableBenchmark.clear,580541.4656738105,583834.599587569,587769.679026066,584090.9715519458,585109.5011454257,587552.331477579,584585.1844398815,586329.0237784352,590094.628850438,586094.6404257034,585454.0598108794,576356.6862545189,585872.7888637529,589069.7356326239,579106.0483084655,587033.0249832425,585810.3900027489,588743.1353269862,589834.0054670013,587380.6471244072,589702.5641258518,586648.0230042422,590945.314985695,587782.0767603562,586114.4886805431,589823.0589264821,588322.3182909456,585462.4716637146,589394.8550731519,589719.1335419499
736,io.reactivex.rxjava3.internal.operators.observable.ObservableConcatWithCompletableBenchmark.baseline,5003223.603965097,4982598.278427545,4986442.246891651,4984669.7192119025,4987066.3029983,4994635.48368631,4990170.6100014,4992207.447907613,5126482.724407018,5115964.5640436625,4988256.205259948,4989006.843764295,5004881.693507002,4995433.346975101,4994815.981095663,4986958.804965313,4991501.96233924,4990387.328384283,4991606.399521055,4989130.946362485,4989060.745914669,5158901.546659089,5091611.824247388,4993290.721677884,5026084.869317842,4987990.931135751,4988558.460866618,4991471.668059858,4991301.870631052,4983128.331385728
737,io.reactivex.rxjava3.internal.operators.observable.ObservableConcatWithCompletableBenchmark.baseline,1466428.8084242288,1466512.0258393518,1463973.938353177,1465771.7770693693,1463288.1430501118,1464018.5056249376,1483957.5989209088,1521036.8068162089,1466044.212100637,1472754.6450612827,1513057.9823113626,1487505.6125402981,1464684.0867046565,1465275.2765887568,1465933.4733061919,1465688.485182482,1466922.679411914,1465860.4808849886,1464761.0479147565,1472903.8069972307,1517243.1126486566,1469243.8560173905,1465530.770268147,1464893.8063660415,1465016.240775354,1464419.3385923808,1466043.4910425865,1463515.9446329225,1463381.7036085902,1464939.4534401628
738,io.reactivex.rxjava3.internal.operators.observable.ObservableConcatWithCompletableBenchmark.baseline,18212.1603647707,18248.240271012797,18288.951146940675,18195.65701494704,18276.420953782435,18780.962077804936,18781.720607973904,18244.50586580313,18214.293903518646,18238.48525732241,18256.418008353903,18284.00871418355,18223.77532585055,18233.41728467944,18248.842293444904,18251.8705012459,18248.22052726018,18219.928121628604,18398.426713734854,18609.11601116212,18259.8838123593,18254.126394019037,18285.88421363117,18251.55882041242,18233.526421095226,18250.21945636407,18292.765018848047,18253.774259058504,18230.534064525338,18227.924680039352
739,io.reactivex.rxjava3.internal.operators.observable.ObservableConcatWithCompletableBenchmark.baseline,179.19135011337482,176.95757442153243,176.7381595887587,174.78273317743458,181.19489238598393,182.05188380201272,181.2244456355161,180.82143377115085,180.9487996324,181.7680724826116,180.82378559352503,180.3009266095946,181.85040149461207,182.40658050219042,181.6713104548743,181.31380864418185,185.41745026307487,189.40734328641275,181.97902345994478,180.9089895718891,182.47839772615245,183.3283405088627,182.1890744256516,181.31001548924488,180.70152408916744,179.75481174046382,180.54206228070748,178.93256425304943,180.5817237900551,186.57088249256591
740,io.reactivex.rxjava3.internal.operators.observable.ObservableSequenceEqualSingleBenchmark.sequenceEqualThroughput,19354.535338782647,20445.88565318584,20053.58599864656,19505.324810443228,19532.328051290795,19479.736210665444,19601.50490010636,19566.885747222655,19742.493623426373,19772.2353638874,19762.71928943982,19770.264519630626,19673.62236545856,19902.15376945996,20446.861615525457,19885.09357919731,19410.904406408885,20001.37274729695,19918.7289621819,19396.1963379028,19571.60799249796,19525.511762141454,19626.51980497043,19436.46336684078,19467.98189075948,19450.79276264449,20034.140604456494,20680.932790421262,19861.548753464816,19637.93700470649
741,io.reactivex.rxjava3.internal.operators.observable.ObservableSequenceEqualSingleBenchmark.sequenceEqualThroughput,2038.3403249490525,1945.0200813418203,1940.2594883637144,1940.1021720439383,1939.1187535715874,1940.8662415983515,1937.685264331416,1927.510306426116,1935.5593360013584,1929.3914407236684,1936.9986196383545,1949.7904743051404,2013.4395600306689,2001.9397806009065,1951.3154555104843,1949.9035833706303,1950.212213161224,1949.754738360691,1927.3666571492513,1933.7839250626776,1933.4326326196056,1927.5061766145222,1929.7949153321388,1936.6228101492527,1931.2330303023684,2009.127112273477,1977.3320850143498,1945.899299307074,1931.26399220015,1983.588433492384
742,io.reactivex.rxjava3.internal.operators.observable.ObservableSequenceEqualSingleBenchmark.sequenceEqualThroughput,181.53007092703035,188.39060631209105,190.008475328042,184.8524387679669,191.24491135016945,193.0779950364584,192.69484747606268,191.85793054543663,191.2950257976885,194.09376959059335,193.76372238552216,200.6300760588319,195.55823024227632,194.04546609658763,191.86241757084653,193.19018576568777,193.22290957831726,195.22788795477467,193.55880071473922,193.40037760127746,193.50951742497796,194.71207808186787,194.1400129370524,199.61752503694572,200.20003668939577,195.8204312937606,192.7412899197446,192.03883217225356,191.4765068336467,193.95556206535295
743,io.reactivex.rxjava3.internal.operators.observable.ObservableSequenceEqualSingleBenchmark.sequenceEqualThroughput,20862.01862983075,20939.244382712597,20786.709093036323,20822.331397946047,20849.85703613229,20841.36924070662,20848.029480816138,20469.449607823582,20579.026699936803,20805.553776453762,20672.844385641554,20676.409800594214,20650.92604077568,20784.8723909475,20870.706132724015,20840.569579626343,20673.54245089335,20666.856346175624,20713.210847023438,20649.240272683248,20624.10358366932,20991.53038571497,21822.43635433511,21216.991978437785,20675.09100297282,20638.13766572943,20669.627806565393,20543.647664708187,20575.47973545515,20463.097060049273
744,io.reactivex.rxjava3.internal.operators.observable.ObservableSequenceEqualSingleBenchmark.sequenceEqualThroughput,1975.040407835959,1978.8288918462165,1973.7911191660553,1978.6086734503874,1985.5152094286034,1997.6934373482788,1992.9944504199093,2033.4599523735474,2077.488959879086,2006.5458326366688,2002.4353014004303,2038.0198638622542,2034.9336682656738,1992.4790039074135,1996.160479325575,1969.6468674849257,1975.027051592342,1968.9641722206738,1970.5148245851303,1975.8187536058504,1965.4660316507648,2040.0296662134576,1985.5421602290191,1990.5297635723366,2003.317746353832,1978.8584030500838,1983.3248133755394,1979.5801535760284,1993.479064914964,1985.310933442463
745,io.reactivex.rxjava3.internal.operators.observable.ObservableSequenceEqualSingleBenchmark.sequenceEqualThroughput,190.87132028200548,192.77955657705414,197.34860514384633,192.78164240266307,192.40478598192084,195.51725713867546,204.45567357113808,198.40174473577088,195.17690250405963,201.5722202091167,194.1968728101128,194.81812500676432,197.98606989810804,197.45692316662712,199.30044149930652,197.45846423807316,195.28018240635632,195.37675148417028,193.68586012871378,192.0747184587686,194.84651238771775,194.21051889804843,201.08152934922344,198.13050822725486,195.98902598646794,195.4819879794495,193.66428683206234,193.0951835823444,193.4906111992198,194.28142102213647
746,io.reactivex.rxjava3.internal.operators.observable.ObservableSequenceEqualSingleBenchmark.sequenceEqualThroughput,20199.633341171182,20247.348968564627,20130.750310303898,20267.117301283055,20699.264742509575,21285.4529059034,20275.047933610014,20192.695981608336,20229.791647305487,20288.663008106978,20232.953767994044,20242.47294258036,20082.75247498822,20074.882908240987,20212.258857155568,20173.735577927015,20069.137115822825,20781.499656247997,20781.305228352958,19936.759824759436,20383.84059730097,20655.44443134536,20023.441035341864,19991.907798879485,20068.910771134128,20233.292273285613,20099.904466619177,20122.64469050226,20071.36306580731,20128.551692910845
747,io.reactivex.rxjava3.internal.operators.observable.ObservableSequenceEqualSingleBenchmark.sequenceEqualThroughput,1991.7665951106594,1984.2044107541915,1997.6240857311195,2052.606894280432,2054.6017743682964,2007.086134101445,1997.2112210643172,1995.181767044523,1982.3909136114278,1989.1325299330717,1987.9945181136206,1986.7078540748676,1988.020810914009,1981.999581849114,1984.2519563449127,2023.4464046520086,2076.3255387759227,2002.3127783291686,2007.3380297021877,2000.1703776946338,2036.3080221329678,1999.964979102487,1986.565469901311,1991.542804949203,1997.3464657099814,2001.564923685626,2011.284091866692,2002.8776088933992,2037.348486421254,2095.4059377488065
748,io.reactivex.rxjava3.internal.operators.observable.ObservableSequenceEqualSingleBenchmark.sequenceEqualThroughput,200.30875232321156,206.35005592724505,209.1797891033628,200.89439965792542,201.16345072616545,201.5405369531783,200.7322629062711,200.65264498929028,200.92991544456302,200.38892958955316,200.8608656869473,196.1982585753299,196.53110684831927,196.59475627995877,203.94536874618322,204.2699547063959,196.71961887145602,194.90942052463726,195.686835312723,196.4887494387067,196.52048706375712,195.99022165586115,196.5471724143613,198.78970454614443,196.76603927631928,196.50619663089327,197.7919932370642,207.3313421158139,203.16916550017106,196.79651771418952
749,io.reactivex.rxjava3.internal.operators.observable.ObservableUnsubscribeOnBenchmark.subscribeConsumeAndDispose,27146328.835297573,26969160.018753037,26754284.45503609,26970929.7384754,27133652.168857116,26853287.3660345,26957840.55698871,26884012.565641962,26815498.617562864,27043761.79359263,26750617.45208221,27000193.167320687,27069943.279093064,27345443.92319325,26776070.336361468,26522810.19212067,26594854.587682694,26558401.42296937,26512707.60959938,26493779.086653017,26864207.277349774,26937437.594596576,26843042.283328168,26666985.35591346,27056394.826678775,27967854.236045223,28471899.023684952,28023531.634891868,27965126.037175335,27933905.296875976
750,io.reactivex.rxjava3.internal.operators.observable.ObservableUnsubscribeOnBenchmark.subscribeConsumeAndDispose,22955292.826192603,22498572.1470674,23014161.481650073,22713188.18410698,22820861.21310055,23045393.674772527,22707034.62333289,22840036.17689203,22637345.514760464,22482717.828106955,22539028.308003575,22500626.303284794,22625827.148384925,22426832.529890124,22510044.10772339,22626608.69747748,22648674.090130415,22664712.84165035,22846875.90737227,23457366.670200754,23864361.57746523,24075468.783396,24167952.559160795,24167531.927356493,24360887.08967369,24302869.74623365,24183734.69397479,24252146.189429287,24141644.014097005,24176219.422689125
751,io.reactivex.rxjava3.internal.operators.observable.ObservableUnsubscribeOnBenchmark.subscribeConsumeAndDispose,5551997.95045472,5558387.93608511,5557543.641208767,5553070.2452681605,5557241.179348887,5550426.55026189,5540736.015169094,5549624.672046005,5534610.6469761925,5548522.203201172,5565874.518885369,5559847.882471701,5560544.917014578,5556483.176407199,5559438.625862245,5577676.098078438,5568795.837726259,5573716.655340187,5576355.282269431,5572421.628486388,5596238.992308378,5577655.181855398,5569773.29487174,5573865.735169292,5563064.052796644,5576415.84006181,5572989.880533429,5566115.354461094,5578783.225245072,5570772.987464933
752,io.reactivex.rxjava3.internal.operators.observable.ObservableUnsubscribeOnBenchmark.subscribeConsumeAndDispose,301749.47164117714,299521.25558331155,299817.25161354593,308232.37534990534,306366.13595807017,308412.1784864587,304667.3536445629,315120.04667536134,339680.7108516641,361691.74727694056,372302.2434359309,384395.8522181893,389381.5606317394,390391.7952954672,392709.8345866559,392152.00537047477,391841.0060733876,393666.88718981645,394075.1859256107,394446.633253923,393033.57721455564,394129.68017933145,391362.9881660652,392357.59278254263,392954.6452727573,393025.22188702336,392786.0328943075,393543.1270792995,388631.9934140873,393730.8854052946
753,io.reactivex.rxjava3.internal.operators.maybe.MaybeCountBenchmark.maybeCount,31092311.09604032,31048139.169845358,30867769.711510144,31032772.779264312,31083821.79361246,31084409.810394187,31084696.69944287,31051209.339328337,31053617.72916672,32017202.864079818,31579767.082748428,31038859.320035055,30934864.797904305,30991587.986218553,31009855.32008952,30977162.6882266,31000829.668736838,30960468.17176256,30918463.93706615,31041513.936611034,31053524.943006076,31109529.866162885,31398521.21231667,31105271.543221697,30934877.70174456,30873748.74999182,31401050.314351026,31979732.70087482,31011366.176000737,31008448.13457176
754,io.reactivex.rxjava3.internal.operators.flowable.FlowableScalarXMapBenchmark.regularMap,3719716.2754807784,3712533.2042144504,3707920.7414378864,3718888.515970489,3695887.5421027276,3710974.4581905524,3770892.733195349,3749226.246355561,3716995.5913904207,3699360.3869225155,3701170.837584796,3664914.290337645,3679814.3352081343,3672903.5480266293,3682209.477516675,3705981.140893415,3799331.49054816,3705719.2663705093,3666782.4848224334,3665837.2255106573,3658251.9013808025,3657895.291718683,3653934.77560793,3670573.8877790933,3659412.435755279,3652355.7286713244,3672971.3660019143,3657818.1758997994,3728561.849322039,3725651.9823223427
755,io.reactivex.rxjava3.internal.operators.flowable.FlowableRefCountBenchmark.subscribeAndConsume,4971536.653897433,4969136.599978922,5014884.62278873,5084854.718291167,4997256.662170905,5018069.418271555,5010753.835886214,4987710.600787612,5008740.353454837,5012366.084386827,5003203.849930687,5012234.671967246,5010466.562801685,5007535.005029992,5008874.077959406,5079846.07795243,5119859.401294251,5023479.642019514,5063118.084457195,5022336.900029569,5018531.4419764895,4972025.436207629,5010569.428914946,4991810.242813991,5006517.782442441,5007827.727760946,4987159.393293053,5000241.854077596,4996823.165088022,4995128.455830133
756,io.reactivex.rxjava3.internal.operators.single.SingleOnErrorReturnBenchmark.errorWithoutSupplier,30367205.366549935,30294638.44364404,30557724.266405214,30490222.349776447,30605110.50373614,30558883.255545773,30729512.64544382,30486783.922216285,30476990.47204407,30778387.41634564,30569669.253641438,30389471.82277717,30575694.71450845,30645118.44328142,30610302.184457503,30552568.149591804,30581565.054049637,30614049.772328507,30885854.144582078,30928376.82724419,30640700.611523826,30563537.076425612,30652924.028944604,30567811.53724237,30520812.421249814,30359755.24435624,30466188.871647734,30563077.584631406,30458000.978571452,30454400.746264033
757,io.reactivex.rxjava3.internal.subscribers.StrictSubscriberBenchmark.requestPositive,102001541.61689916,102835750.20471306,103333811.76446469,105424827.77723326,106708588.33738658,107490805.08202256,104704584.17652774,106857660.3106946,104553449.9650125,105041641.13591424,105184621.54576132,104922404.05388547,104887346.76583174,105539168.5242114,97262296.8797256,105481936.64237419,104225044.70999905,106563740.76963608,107157417.23059286,106061373.87726954,105989365.02023736,106378077.14668259,105471009.2543197,105386933.17432249,104866821.38769346,106017596.09498087,104431802.9866171,105133455.65651669,101952134.67506374,104287942.84914961
758,io.reactivex.rxjava3.internal.operators.maybe.MaybePeekBenchmark.baseline,37497134.452151515,37393332.15100798,37389289.04791971,37329458.28470215,37626486.32153929,37483525.424289905,37424895.684168465,37515917.10757817,37794624.240830384,38017595.5103885,37340451.740668766,37408779.00849983,37547196.60199825,37550093.226367585,37559994.35365612,37478007.73015643,38731403.78962121,38770697.943371356,37490402.95621872,37663717.30156182,37518380.36252022,38127409.797878705,37838462.82539746,37468528.53780648,37499374.69852299,37522129.58080677,37326042.25710282,37398054.24419377,37336705.46807076,37493642.66198497
759,io.reactivex.rxjava3.internal.operators.flowable.FlowableDoOnEachBenchmark.doOnEachThroughput,408.89209092385266,409.2492118583852,409.5602641547029,409.7755495404947,379.3777934828648,366.15978047493974,366.0136725773709,365.214289664074,364.74601822885677,365.9940145338863,365.40062239706344,364.6263870310342,366.9250115353925,367.4110991612315,366.96187596374426,367.109613811101,365.08820826374244,366.6588807435946,365.8758864841592,364.97049542017976,365.45914057220585,365.82600437249636,367.38880940495227,365.6896932793884,365.4009281015849,365.8871355270782,365.6105958322016,366.19259366838355,365.9321484950939,364.64373869157345
760,io.reactivex.rxjava3.internal.operators.flowable.FlowableOnBackpressureDropBenchmark.backpressureDropThroughput,8.174882143609748,7.121969804379253,6.359162594473184,5.836120073373219,4.9838489453835235,4.648311944228185,4.498178630795341,4.264079178847101,4.027046637481618,3.8811672365950525,3.8013233775153545,3.6734022844411265,3.5391240318532664,3.3375776195395144,3.208457336967528,3.2004621928273,3.1105179315398224,3.0311394433803,2.880883053804948,2.7992411876705607,2.7228535433977568,2.7108159844544026,2.651158698541741,2.5498733446036317,2.550792821482318,2.4897214774227336,2.4412265989266864,2.362265263501993,2.388106075898684,2.3431878124947025
761,io.reactivex.rxjava3.internal.util.VolatileSizeArrayListBenchmark.volatileSize,88761718.08695921,83308165.08392376,85351470.32847247,88314132.96877494,89904945.17566101,85163337.71775666,79879260.98586124,76410334.0271936,76210417.16260107,82861136.25851864,86747396.97925541,86580968.29717816,83424095.92882271,78681583.96612127,82296435.0976952,83846838.66975376,84011885.1070321,76641407.11190464,84717725.79915956,81690677.25861095,76619690.37703694,85090367.32201381,86164009.27820338,87840761.32324144,83493387.70106359,85753361.42002635,89482619.76631261,85054094.70116776,86512441.65164728,81009728.54528454
762,io.reactivex.rxjava3.internal.operators.observable.ObservableDoAfterNextBenchmark.baseline,1700837.1956761938,1661180.524682955,1667777.5273940635,1679537.942376241,1665407.3330042942,1679410.4957784743,1665723.2877828241,1649027.3519044465,1573499.8680273886,1639444.3289005985,1659500.861579362,1654967.5848954292,1674286.2614748362,1656831.9265102656,1653540.3401786094,1641944.9758704125,1638068.12773948,1653850.6930321667,1653813.0347142308,1661651.9558879947,1667303.6218963093,1644933.8798553238,1634016.0846757197,1645811.7474336775,1667130.918846803,1676192.1929972167,1655926.8144499706,1670617.437905405,1654973.1179454345,1689896.6131166928
763,io.reactivex.rxjava3.internal.operators.observable.ObservableDoAfterNextBenchmark.baseline,200353.80733246438,200231.96701838533,202386.3429332606,200459.03437956487,202453.5441228226,199889.7238691856,192334.20538059098,194608.3989946356,200634.2745384832,199527.99303826405,198351.71744696755,196795.0257532356,200008.01303995008,201086.5133415601,207887.9114075473,206203.65732469392,200145.9770897593,200714.29457823114,200583.11335152286,198560.9548483256,198059.57295572216,198071.6440858916,199445.41529030193,208584.4415017586,202492.09782545306,202141.47934456603,203640.36312709574,211515.82101262957,208397.4498887728,201635.89723500493
764,io.reactivex.rxjava3.internal.operators.observable.ObservableDoAfterNextBenchmark.baseline,19926.844172078574,19772.014197754048,19839.597062733304,19738.86400863744,19791.427551289624,19716.89271902179,19806.79968243008,19967.80937943013,19992.494605141223,20062.351604858482,19643.977747042023,19752.625138279876,20084.95769112062,20505.587595632,19970.646808942874,19725.41435284183,19882.306007645842,19820.40982833988,19990.30873991937,19760.58219798788,19674.80745089598,20109.073132601174,20996.115451665406,20058.279501075795,19862.436051647728,19644.88982451461,19803.86377311988,19905.80927430083,19893.015633907387,20336.40525977234
765,io.reactivex.rxjava3.internal.operators.observable.ObservableDoAfterNextBenchmark.baseline,1930.8862011199494,1901.580180537222,1920.56616330937,1923.9191876984398,1920.0335338404395,1910.5837544914953,1942.8561412170236,2000.559482803565,1991.8786906039848,1943.4094911392983,1936.4310397683264,1952.0992545535669,2024.7956191549981,1961.944146404562,1948.8640550389766,1945.1287282144147,1963.7200186908951,1968.5254436342523,1969.706887918009,1956.7910792868379,1997.7338698847893,1950.6208032170962,1946.9318671193103,1941.298934833066,2038.9019308560278,1924.398556172848,1886.8775359872818,1886.660799141583,1894.6097785915622,1914.2599011799662
766,io.reactivex.rxjava3.subjects.MaybeSubjectBenchmark.subscribeAndEmitSuccess,45069864.50514598,45370084.51825923,45469081.21064678,45868168.352895066,45655898.300506726,45249346.15947995,45417769.54287118,45501028.03530939,45432695.93960543,45613726.18238546,45804874.947611846,45263296.12762226,45490534.519617274,45654374.86659376,45341119.34324982,45135979.86165136,45384115.15551628,45444871.66139403,45702969.43975888,45760230.47759224,45418081.19686955,45087712.698919214,45646558.85393654,45800634.336609416,45285540.286008015,45536635.26552303,45267556.848710746,45335441.16146727,45488883.22555312,45523027.11056351
767,io.reactivex.rxjava3.internal.disposables.ArrayCompositeDisposableBenchmark.benchReplaceResource,26861810.008317992,26965836.47128273,26936425.637117457,27082532.63401433,26657550.985690344,26821775.899142966,26888362.64576515,26956123.9506353,26927979.068416778,26886058.134033233,26944545.549252044,26949104.70862158,26870640.54008758,26974306.870561365,26941243.424529247,27001179.59976794,27220942.78284988,26875586.35119853,26961320.49278637,26879002.44719136,26759867.775769725,26881215.140907858,26969707.35670674,26866921.166995674,26853763.394823402,26963443.172682326,26899596.984393265,26926379.31549067,26998736.697087456,27092385.550932802
768,io.reactivex.rxjava3.internal.operators.completable.CompletableFromSupplierBenchmark.errorSubscribeAndAwait,1437403.1173670483,1437950.6241067,1457255.9060532977,1458772.7323988369,1450338.649737472,1446410.4189773847,1389583.012201132,1441096.791897777,1447075.1146033173,1447860.0084258793,1437662.5746401947,1426424.471230836,1437066.3210152432,1449739.624295571,1433174.3398289992,1437489.937625451,1445984.643573128,1434774.609692328,1436673.7175462747,1446030.693658049,1449576.116133767,1452395.9750842534,1458209.1722608064,1457163.371590761,1446509.9243499401,1440219.0020833227,1433280.364935753,1454286.3085678434,1445439.1479516265,1437989.6603584795
769,io.reactivex.rxjava3.subjects.BehaviorSubjectBenchmark.emitOnNext,26113249.678093165,26111045.037082728,25986582.191790048,26105023.932595003,26164521.25735136,26071854.451240167,26263590.800015766,27156613.969087135,27089088.60837305,26391872.373732504,26230493.223092314,26391868.229495127,27413788.49127583,26790683.351511717,26475778.547607224,26262794.54428626,26369400.189682696,26143471.823352978,26256212.91058545,26406732.4247728,26163354.973263547,26306330.06344977,26370536.006661527,26306347.325056974,26675109.63664737,27318237.882953256,26599983.864376962,26185936.677253883,26351258.486311074,26144605.50160199
770,io.reactivex.rxjava3.subjects.BehaviorSubjectBenchmark.emitOnNext,22598200.592445888,22542454.904019814,22505928.130816028,22497662.56309227,22626705.731256824,22645294.175864466,23125511.7356656,22647953.257065605,22622932.87089237,22568607.14903781,22577993.772333745,22966220.092231914,22815163.108515464,22669495.70074426,22717677.731871784,22467766.167779326,22596195.64343624,22630227.534220383,22952840.495863207,22805257.496764906,22516004.560576286,22518378.77913856,22518220.113474797,22547228.63614635,22918452.582406662,22429062.371163666,22580773.935949136,22564503.02958269,22608646.21979372,22566056.507323075
771,io.reactivex.rxjava3.subjects.BehaviorSubjectBenchmark.emitOnNext,8891620.226445787,8839660.275187243,8938750.869856542,8863227.62643105,8996257.271791834,8328716.057535504,8070063.947748311,8020633.988668971,8034297.143667099,8014234.380158867,7992521.343089251,8031318.490926714,8071580.546489082,8088772.5430548545,8061217.268849922,8100739.233724002,8024080.96143879,8130067.815574425,8023817.722199629,8022932.665902662,8041039.374597932,7988117.176314977,7950999.039548408,8045172.1293047415,8003481.257084167,8021027.63539116,8029169.763931253,8038582.104598114,8055581.279885668,8022542.413353136
772,io.reactivex.rxjava3.subjects.BehaviorSubjectBenchmark.emitOnNext,542791.8770874453,513348.23784357915,509238.28693291056,509194.78073574795,512748.4793353484,520835.0213542359,520616.6052868862,521010.53334671387,525770.1392254533,522067.68165523856,509666.013859202,515369.6158845414,509253.66722913325,511650.22740332916,512848.14214076614,510165.2209444808,507647.23018626764,515033.2500771675,511338.59618057834,527322.1293790899,541004.9661093064,544929.9166437244,538401.0483124582,534366.8118215444,541018.708947154,539849.3509613278,539146.8625123953,532632.9247804323,522369.91214022966,523713.3784931689
773,io.reactivex.rxjava3.internal.util.VolatileSizeArrayListBenchmark.arrayListIterate,113255.86083805395,105043.13807835404,108719.43117526235,110506.72692602899,107325.55947864197,109176.58299204362,109863.28937605525,107077.76743803757,110909.17819335689,111928.27752726592,107033.06760675723,109332.12579393975,112935.79819573132,107344.81859999365,109538.03297443624,110265.51469423519,107231.96886140754,109001.81891601629,111659.35275591056,107217.39073056114,109767.42090768412,111811.24700564804,107403.44129171742,109096.62013640392,109576.61005560352,107448.90657250828,109166.76693752302,110338.90929220707,107293.15280144635,109113.18682365298
774,io.reactivex.rxjava3.processors.ReplayProcessorBenchmark.subscribeAndReplaySizeBounded,2325.510454468719,2008.0242929639517,1958.7586770134747,1742.9751619783096,1482.3889429714288,1390.7918248888589,1277.054228962681,1242.3682048307471,1107.4886769078264,1057.1365234876596,1009.6781095702785,974.2167608991734,936.5009002737072,898.3910561678725,871.5239805740023,850.8134106633477,830.1408998149255,805.5395471505324,787.016245433533,764.7868508455219,766.1005604031592,737.2033095437992,719.8194807913293,708.0031033104148,694.0700419254856,681.4434263114562,670.575311243883,656.2085776762679,650.611304637659,634.8890324428006
775,io.reactivex.rxjava3.processors.ReplayProcessorBenchmark.subscribeAndReplaySizeBounded,802.012744767548,722.9609977000961,592.2533574450828,526.9778190165423,487.9818950693669,465.325761119842,437.79657300659017,414.0695278012966,393.4546172103547,373.4058004699296,364.2062514450444,349.5637821527618,336.48844536521085,324.3423475633056,327.7967696086071,305.75453261735146,298.3771675005593,308.20576729872494,309.01099609250014,274.511111083782,268.62869792155976,264.19110548542903,258.55846617128094,252.98387357485095,248.22196166514652,242.92109752707552,260.3419285004907,235.37026990268888,231.61481136665302,227.12345925397273
776,io.reactivex.rxjava3.processors.ReplayProcessorBenchmark.subscribeAndReplaySizeBounded,256.5207909452273,204.83114171305687,183.2898920682927,167.607799258206,155.85666563816253,145.97446862751363,138.13328148214077,130.89953826956517,124.88997193472551,119.61294363838992,115.05221024668671,110.85563215596513,106.9363484911603,104.15658197427486,101.06112867349313,101.45754828980431,107.99410617707066,96.85831584929228,90.62068934309934,88.18571366726773,86.27224641060774,84.85707920976971,82.96582662491068,81.36545974554814,85.24502504879464,88.71261601270254,77.49802337068745,75.56048505973847,74.34813186207421,73.1274678438982
777,io.reactivex.rxjava3.internal.operators.observable.ObservableCollectSingleBenchmark.collect,170756.9490094483,171032.56201299877,170320.14938295152,169931.6889809553,170402.32983965488,171722.80596096884,170641.2559585221,169968.16414308414,169790.30030940892,169394.39863542034,169467.94925560267,169524.59322427114,168964.62932460962,169570.76017639428,169701.07062011896,169597.78914407158,170314.85256689717,169671.11169220752,169389.28284725128,169170.99169279094,169583.8070403709,169750.55694361302,169762.78556627856,169603.96754108986,170016.48812452203,169527.8992896441,170927.90187701874,171504.06317515674,171049.84395872813,171082.63585790654
778,io.reactivex.rxjava3.internal.operators.observable.ObservableCollectSingleBenchmark.collect,17618.474610086734,17187.368574974862,17285.855313375294,17199.483882695225,17294.113286273794,17221.563738805748,17264.3747490255,17275.66963095988,17304.02559301483,17315.00457770183,17287.325687932473,17358.884639585252,17355.63709362837,17315.157063523835,17379.8458565762,17362.306098074485,17416.611748890893,17392.20981973126,17416.584362606423,17369.548392101777,17402.28109436571,17456.567828262232,17413.435678677804,17362.65060951993,17270.407305767854,17335.966776380126,17345.53246388036,17277.72519617062,17390.609777263795,17417.66127855413
779,io.reactivex.rxjava3.internal.operators.observable.ObservableCollectSingleBenchmark.collect,1960.7749442126783,1940.578812893292,1939.7032195882932,1948.4630230754706,1941.6431745256016,1945.470353478147,1949.423422933046,1940.754040477434,1940.3728346327628,1937.379089375646,1941.579537360128,1944.2148191242227,1937.7230412457147,1940.3312958641811,1938.7053458680082,1939.156631693527,1938.239946340402,1941.0208597913618,1937.726191538231,1931.9808858786416,1940.863854223218,1944.6389388882167,1937.807854864185,1937.6917752446955,1933.0752284091805,1907.0782156515431,1895.8340936626296,1929.6714097633312,1948.423188799188,1947.8944338611568
780,io.reactivex.rxjava3.internal.operators.mixed.FlowableSwitchMapSingleBenchmark.switchMapSingleThroughput,25751.66587213531,25955.464760214898,26153.07563054203,25997.86800083151,25908.734280021225,25866.009035777166,25877.430751853826,25844.909792920498,25819.068346401666,25909.74287274964,25867.621307519552,25866.28447985645,25800.67188461407,25685.52088489523,25969.458686657486,26146.599901868456,25802.930579164622,25918.054202080777,25880.231681409903,25815.90082692163,25856.83496858682,25945.509871531547,25904.569575572605,25910.722860470207,25881.4629257983,25866.25301913734,26022.840182333388,26105.269690514375,25920.271351183317,25878.670945493577
781,io.reactivex.rxjava3.internal.operators.mixed.FlowableSwitchMapSingleBenchmark.switchMapSingleThroughput,2625.9199514561997,2610.9063494001534,2606.0790663855996,2599.8440665525764,2604.4522888925503,2612.2196255090753,2609.9858012773966,2607.4069791788766,2598.9494396627524,2606.163692495733,2609.0799288357357,2611.943207778133,2607.3665507259675,2601.5966692651705,2603.5138250353407,2593.380936629998,2605.1991956348515,2603.7123236364982,2594.358199885438,2526.7783787951744,2595.586029984078,2587.822475378189,2598.3831282550536,2609.958584765341,2611.150864183571,2610.2942129889266,2630.469271258892,2621.8102202672058,2610.8659816382965,2608.7054719348075
782,io.reactivex.rxjava3.internal.operators.mixed.FlowableSwitchMapSingleBenchmark.switchMapSingleThroughput,259.9088468485041,260.5440871895754,260.96065783218586,260.3132712036235,259.6531283472284,260.63957508487306,260.5417245627896,260.1358121832353,260.70582137609995,258.7300635860477,259.9573547758211,261.5827078310881,261.50034057774417,260.48552909769774,259.48068910130917,259.3447002599288,260.582543898267,260.9548957729499,259.4735276933631,259.94162802789333,260.0492951436589,260.6943593261824,261.2943198175256,260.3799850023722,260.4789020582342,261.97330308660236,259.89378478877603,256.19853131629935,260.5975461795576,260.2227692350764
783,io.reactivex.rxjava3.processors.BehaviorProcessorBenchmark.offerThroughput,25275514.574411158,25817463.566931866,26821331.7145756,24741032.31591315,25953550.69981202,25503490.925329704,26490396.649188515,26271021.76668637,25158155.688793465,26659184.459079273,25605117.451510936,25345654.141374096,27283537.958185837,24848224.61280151,26103957.93207808,27432937.693763703,26032977.424651567,25915333.095962908,26720159.417139214,25094366.869017087,25756043.481068205,25831757.843447257,26093955.013220735,26255977.598176423,25245476.691242483,26522756.103771035,26259419.911514275,25352386.115039807,28444774.145513754,26257656.895896886
784,io.reactivex.rxjava3.internal.operators.observable.ObservableDoOnEachBenchmark.baseline,418890.4390579699,423539.63200202584,424597.2584489586,423956.74253840797,426106.6306876755,427909.3172757495,429972.00168710545,427062.5610632754,429024.82745414675,432482.5575459716,428975.84033590864,431480.9541681631,429415.5443785156,429048.49610850425,427118.0901888033,418922.5346048801,421553.9957544948,423783.20937517466,424920.2819364275,424312.7068122582,431722.4920052531,427195.9725604796,424655.7380403782,422039.8407045536,427160.1370717453,429817.5582390927,429030.79679389746,429747.6707179474,430064.19402510615,428817.2272270092
785,io.reactivex.rxjava3.internal.disposables.ArrayCompositeDisposableBenchmark.benchSetResource,27008337.61532632,26954409.52589608,26963613.45121734,26708401.789415244,26901371.241949763,27050869.052132986,27021860.03585065,26955792.907970164,26988989.916306984,26918065.731383614,27010675.361712605,27022089.51392753,27010756.788264453,26979532.293793906,27011429.113670353,26847457.513405215,27047036.738579642,27215301.502416637,26998774.628820613,26995245.07634971,26859447.45944543,26783657.09657431,26785644.037110087,26727227.852419157,26736700.22026146,26753720.450352896,26690202.921267726,26719205.647865254,26897598.353789996,26936629.028294943
786,io.reactivex.rxjava3.internal.util.NotificationLiteBenchmark.createSubscription,99721698.43365297,99753424.31719136,99666255.29515493,99760732.97306989,99658807.11280476,99810306.38629533,99539489.78494518,99599490.8403227,99608131.14402124,99469258.25179599,99739048.16132472,99886078.16325897,99794953.72375037,99801959.62225996,99876602.90570989,99812757.86104377,99660088.36316243,99513660.63711919,99575425.30813299,99378215.74780264,99681418.48871326,99826409.67889959,99644544.71648736,99721334.24891628,99533094.50979258,99670704.7904668,99673647.19389686,99904053.33055459,99820969.91191582,99771782.32222918
787,io.reactivex.rxjava3.internal.operators.mixed.ScalarXMapZHelperBenchmark.tryAsSingle,123458994.31146787,123615666.76864061,123655032.74095228,123735266.6055351,123209090.30730881,123284677.1676066,123715264.26684517,123688717.50841546,123305660.95384985,123481672.34328328,123209262.37087762,123377779.84120442,123572596.67287093,123653637.38602023,123691103.19890112,123311164.00828336,121587639.72094369,123693472.81548655,123369186.12496233,123712624.98490128,123754971.94208708,123442028.46490379,123509935.06620517,123725538.32672177,123705764.73574474,123714335.39944564,123236019.21240383,123489767.499585,123496774.88149133,123766802.02081414
788,io.reactivex.rxjava3.internal.operators.completable.CompletableConcatIterableBenchmark.concatAndAwait,3405314.642653173,3403740.1339670457,3397887.0262912535,3400684.519445525,3396770.307646845,3401275.7693496295,3401124.8350608493,3399361.2239518603,3377811.7840456986,3354520.269389637,3396126.09056156,3448824.7514200713,3403340.3359174905,3403178.564061108,3414735.967547166,3387306.8421023735,3383591.336337536,3386586.7096066284,3394591.8593115793,3388395.5408246713,3393509.642986775,3395583.4789143554,3401752.80315778,3400192.8850479433,3406429.4019729556,3403582.6809398383,3358250.0778492545,3410874.2778260265,3409808.4766142047,3404703.824696094
789,io.reactivex.rxjava3.internal.operators.completable.CompletableConcatIterableBenchmark.concatAndAwait,390844.6865619639,393211.58539794915,392553.9086592685,392534.92837334774,392144.433561343,393114.1717967418,393496.7995658968,393453.25358365907,397513.47500152653,404042.51865975186,394613.2850752137,392590.617691918,392792.82120596454,393648.7252577083,392889.0573373531,392922.50054382376,393204.47330380697,392317.0570517924,393646.9337442,393890.7459606347,394237.82988700195,399977.9602491362,402000.50989162095,394537.98260742135,394056.08012438833,394230.0206876194,394079.56692825694,399480.9545387574,394143.2241569295,394334.8743779444
790,io.reactivex.rxjava3.internal.operators.completable.CompletableConcatIterableBenchmark.concatAndAwait,39854.14333376429,39918.756387151,39917.458547420734,39931.683323460304,40008.564038569944,39999.29305249459,39934.64844007625,40932.880723622766,40569.369053928094,39870.23604640712,39884.12278860339,39770.70820231392,39749.92529239929,39742.327505855086,39766.51321237626,39680.120847242506,39695.08482839628,39942.09183665791,39946.17797493021,40164.16847375343,41081.272121694565,40550.96515256864,40077.68857166014,40057.14870547571,40059.719731417106,40091.70169959413,40122.91307028493,40077.51096224079,40039.699364920445,40011.863069935316
791,io.reactivex.rxjava3.internal.operators.completable.CompletableConcatIterableBenchmark.concatAndAwait,3822.833171560393,3827.8649069917024,3834.387924324416,3820.606286522174,3837.9106704627598,3835.3450994828827,3833.505611948755,3834.4182535658238,3837.419555755416,3834.804549534142,3914.5543984437163,3971.8998393510974,3836.1333829435926,3829.0244023725163,3839.4132590855547,3831.2566978880427,3833.188199736683,3835.1446937007004,3832.837736814412,3836.211842604513,3836.0918359465745,3838.452901469501,3837.3837153472323,3936.659545872494,3942.4164159252,3823.2715864740735,3865.0981257335375,3869.36380694159,3863.433172538658,3836.81924573486
792,io.reactivex.rxjava3.internal.operators.observable.BlockingObservableIterableBenchmark.iterate,37187.839274974605,37507.36576656619,37668.522150870456,37555.518303009165,37634.85255964559,37531.20818505883,37319.05422045511,37379.96068056456,37230.84880155625,37410.080675810925,37631.1702488908,37140.88001751501,37166.51560426443,37388.28200844171,37350.76129935227,37391.339381854945,37381.7714109338,37515.78923205634,37459.34825273719,37384.82524994556,37525.493859892566,37347.21155408031,37474.393318675146,37401.8096752218,37329.64588054184,37343.180976311465,37165.670009815745,37429.87325810751,37317.09644114387,37265.32189051308
793,io.reactivex.rxjava3.internal.operators.observable.BlockingObservableIterableBenchmark.iterate,3722.306999494369,3698.7406369090586,3703.272884588748,3713.8494813943685,3707.572016424284,3713.3313032989017,3758.802888938325,3776.0679229460357,3703.9222954141646,3708.040477781645,3699.6123916097313,3707.6994168082792,3724.7127315305806,3716.150655187004,3717.8413522738156,3726.0277861998857,3712.820648485754,3720.8411498496307,3715.5506821715558,3797.952779086364,3761.691214053312,3713.7576886330294,3708.5014142358646,3715.420149238989,3708.845140879988,3727.0617755580533,3713.986378837488,3725.3335974247584,3755.505114558024,3771.2714280728105
794,io.reactivex.rxjava3.internal.operators.observable.BlockingObservableIterableBenchmark.iterate,364.9015292635259,363.09973740996077,360.8715239635246,357.4694260044529,366.30884005548,372.14987422471654,368.2603020460219,371.1366881866451,376.64899214129673,366.48704786939777,365.54206461975315,364.2283225652007,365.83329708318513,363.4444500803851,368.0260910830625,365.6160289495491,364.0756472469777,371.7934843347784,368.749519882379,367.7425985681322,371.43404928201545,368.23630809239364,366.4194534456082,366.22142168059975,366.51865691217574,367.7725150463631,362.67867612260096,367.7313722325841,365.5691811068957,364.9322685709532
795,io.reactivex.rxjava3.internal.operators.observable.BlockingObservableIterableBenchmark.iterate,37516.346656382724,38699.43843244891,38831.03709107504,38706.43639530466,38652.82805893854,38938.15876043157,39598.42895535354,38559.47084574775,38627.64572224852,38631.170376187096,38706.40645724616,38695.039782587795,38570.13987786411,38592.355078049506,38656.1767814221,38569.524985655975,38637.99954627775,39152.62551072065,38998.10916619232,38656.77990247342,38566.65090669944,38639.56034865285,38539.703447296626,38585.42943869079,38629.1923530414,38670.45449937922,38551.59815833154,38558.97015180238,38928.98776062265,39573.52958284226
796,io.reactivex.rxjava3.internal.operators.observable.BlockingObservableIterableBenchmark.iterate,3727.4133796823057,3740.6989747314065,3825.9538503089407,3741.9616468045897,3723.098232100301,3721.7463257704353,3724.720962529092,3728.982719894076,3725.5046084756973,3727.863713030515,3721.568852526866,3720.4629586128503,3723.584176184293,3729.1662069152944,3779.150994833256,3849.570930673638,3767.803469955457,3773.670139719417,3771.536180252089,3773.769652874158,3762.4758231557453,3754.715858122721,3761.2742433283784,3775.16951555895,3753.5068117259802,3747.9143941082602,3740.311341356452,3933.957493396335,3935.1952210957243,3873.687660690231
797,io.reactivex.rxjava3.internal.operators.observable.BlockingObservableIterableBenchmark.iterate,353.66214867134715,354.2276858779448,355.80569948878895,354.91738446074953,353.7579527948126,355.0539555399781,355.5012360318621,356.43976188342236,356.062697706057,355.1063868511063,357.1303443986177,355.58855097678463,351.54507887214453,356.3115398310999,354.34048872612533,357.7355758140457,352.8594751254692,351.74081591064726,351.44289483177005,352.54541771458173,351.45016289769967,351.49251264978864,349.1768257594002,352.86450461746546,351.5127706092479,351.3310112981815,355.77964040834064,352.8303626899223,355.5552863811165,352.22365960518033
798,io.reactivex.rxjava3.internal.util.NotificationLiteBenchmark.acceptFullWithDisposableObserver,96883067.79544172,96662619.76856698,96803579.09789364,96869200.65572484,96853597.33801468,96767224.1161245,96641689.37417571,96715440.29655933,96624242.76516859,96455017.26805577,96525563.97247888,96577806.75198889,96588764.89166524,96569873.97486986,96609130.29718018,96643873.43589713,96521486.26437558,96715977.47771858,96589843.14505044,96585284.16500768,96577274.07108246,96678543.00618547,96449978.6774134,96467766.41454992,96608216.9042959,96839973.87952964,96682457.74150369,96775326.71199164,96923656.04571684,96913230.71744841
799,io.reactivex.rxjava3.internal.operators.flowable.FlowableToListBenchmark.toListThroughput,224841.73854179375,226583.54306781807,228995.4887422731,226246.98499765687,224157.50599962517,223804.45325684312,223261.80346208555,220920.7239712701,221499.76433863433,223186.46683932608,229531.53691848303,225350.63984889459,227741.61897304282,225871.33361040681,227380.7956461315,226803.22128072497,227084.8382622003,226577.75788764915,226154.13634093438,226993.9575124682,227166.0329088285,227180.51803681898,228524.02418128692,227867.1771017295,227096.56627535904,228100.42937761938,228424.22142874627,228094.10246979608,228457.23515280988,226210.6373843483
800,io.reactivex.rxjava3.internal.operators.flowable.FlowableToListBenchmark.toListThroughput,18785.245458074216,23579.046958500985,23729.528403510074,23537.720724878604,23991.056043106917,23740.158309738807,23785.054114903778,23869.071501239305,23771.69372549804,23987.450962379204,24110.35372093758,24172.773145428535,24123.35215374054,24019.885861614195,24048.384096834896,23805.186723786737,24183.949370381037,24210.47182434668,24215.818728146623,24425.669826872567,24232.568140624247,24413.913190240422,24495.559269186022,23976.81154138233,24190.564711659914,24352.517467441616,24209.600515622995,24122.72898207276,24252.158266849056,24040.222682296877
801,io.reactivex.rxjava3.internal.operators.flowable.FlowableToListBenchmark.toListThroughput,1966.5677346459506,1947.3378019384375,1951.3494240047357,1943.6782512769967,1967.9016373480322,1957.0862814281857,1953.54984546266,1949.7538903654347,1961.5314509438444,1970.874575512889,1973.2244438645835,1959.054143191963,1956.3167074819942,1964.2317241530368,1958.016047985486,1967.5921437273032,1969.6854688062283,1954.7060473951806,1966.2381790512884,1958.0926648952188,1958.324244969437,1952.8840279819983,1964.5088884939476,1947.472982651327,1967.374418217244,1956.5114141001366,1929.8224408968579,1921.8515446555816,2146.313025297367,2463.3867447966563
802,io.reactivex.rxjava3.internal.operators.flowable.FlowableToListBenchmark.toListThroughput,175057.83880355497,174912.7296492532,175415.11149933457,176381.94490371255,175533.63156435173,176159.1134220774,173927.18590328927,175978.9908429378,175742.23293854238,175700.62241917744,175360.4037600321,175979.73111624442,175227.96835640827,174460.30208137332,175729.65010141445,175877.02362522454,174720.83101560376,175823.72325860753,179538.40780066935,179288.77649429213,177944.6905472476,175686.40670700456,175203.50309411477,174096.5911238293,173403.27970575282,173845.42907265585,174285.39353787256,174931.47786319294,175248.42945603674,174682.96319664913
803,io.reactivex.rxjava3.internal.operators.flowable.FlowableToListBenchmark.toListThroughput,16880.111430934274,16934.024024459373,16933.82461637845,17110.175353790095,16950.69660373991,16973.41380053351,16837.71860699278,17003.980577356426,16992.226785712344,17030.69439290645,17030.941929463545,16953.763748501224,17071.842255713615,17127.273803590728,17116.800833428922,17090.624341465507,16952.071498442194,16916.115422492327,17090.629263170576,17220.091371586517,17145.07329164351,17148.062155332664,17044.714589893916,17050.322251090547,17041.921110058363,17062.97123933804,17120.410407306394,16985.40851711921,17111.592195086927,17095.558656354126
804,io.reactivex.rxjava3.internal.operators.flowable.FlowableToListBenchmark.toListThroughput,1630.055681033031,1637.416982946469,1667.050059863238,1647.0782209090594,1637.128386298621,1650.2341576818687,1642.4751454248044,1660.2487075753454,1665.2069684941523,1660.3216938355222,1655.4702147664002,1642.3531772670183,1634.934428216541,1648.920527580937,1649.7036554838471,1641.8608096539688,1638.1978269464748,1661.9424843919292,1641.5899439647171,1637.6793980549603,1647.5934793752729,1654.2789692770089,1649.502594142239,1641.1203991569637,1647.907746828517,1645.1910644891639,1646.10151663968,1654.3193352724602,1657.459787446397,1641.0189676817595
805,io.reactivex.rxjava3.internal.operators.observable.ObservableOnErrorReturnBenchmark.onErrorReturnThroughput,9575649.658916371,9971381.28558371,9564571.2723727,9515683.098741474,9899441.291197563,9797838.901530253,9530673.521733474,9706790.047092412,9719483.53995081,9697011.203406883,9562747.204960449,9571049.809962686,9586273.575818589,9742297.132742818,10103527.504592586,9591981.41105706,9626316.808846429,9379649.963951804,9486320.889473477,9415387.119020695,9494295.302017784,9470733.87511554,9420608.672860838,9526486.682286069,9674381.14737477,9457794.64338922,9689249.778821839,9786314.848803813,9529061.321014326,9523146.48405365
806,io.reactivex.rxjava3.internal.operators.maybe.MaybeSwitchIfEmptySingleBenchmark.testSourceEmptySwitches,16807811.14797084,17012160.996025,16710701.058634171,16934157.375294432,16844240.031606823,17014817.520013284,16881375.36423244,16985970.83752038,16854302.892071705,16737068.163559198,16644457.794911984,16809839.590288956,16742121.014402622,16609060.056341972,16828934.13977194,17501569.31106339,17654161.916673966,16934319.704285316,16981859.842548437,17013152.516197074,16753550.834864533,16971214.66807532,16886905.078762364,17081038.97743502,16962317.146821216,16799480.98969791,16691554.155985726,16491041.649275318,16684318.097815856,16896311.033818733
807,io.reactivex.rxjava3.internal.util.AppendOnlyLinkedArrayListBenchmark.benchmarkAcceptObserver,1106710.3432705225,1106189.167284203,1102178.7636061166,1105264.9582305124,1102813.491680315,1106863.0518044678,1109115.9705263977,1105837.6143209485,1102445.0694395849,1100291.9984881908,1101677.2714256945,1101031.5487869554,1108321.4504765691,1106221.2456090103,1109272.5749271726,1106305.5154637427,1104343.0135178037,1108782.606840551,1102878.2706552555,1103787.0054747246,1108539.168580812,1106429.3698021984,1109368.6690374706,1102166.3510472889,1103515.118748306,1104851.5385599048,1105150.6696753886,1101364.2414867764,1100693.651555734,1103109.1742270514
808,io.reactivex.rxjava3.internal.util.AppendOnlyLinkedArrayListBenchmark.benchmarkAcceptObserver,136425.27724334144,136770.3606266303,136587.20606084776,135583.64738625498,135446.29486663392,136731.9587640208,136469.4460705184,136105.86161057348,135954.59572498075,136599.12694048547,136762.48232492135,137029.9409881067,136529.40159163284,136423.5398434001,136266.92449691074,136455.24368455855,137146.92260841845,136015.95581620003,135763.10013117676,136325.00480331946,137330.47299083578,136070.08275157216,135003.97415592725,136006.2818878906,136183.78483949165,136654.34329362947,136027.766859525,135492.87660785683,136197.16151495685,136354.21801390444
809,io.reactivex.rxjava3.internal.util.AppendOnlyLinkedArrayListBenchmark.benchmarkAcceptObserver,13434.406682863259,13356.484466420565,12996.63315703251,13006.622417751212,12949.232447195925,13064.498584544324,13048.868493540325,12980.930395205145,13055.752836154574,13041.582734560408,13096.291438248025,13048.158195869966,12966.347748117634,12944.73627688783,13032.28606508576,12995.30456927128,13006.154612956312,13036.987195575737,13039.299998218896,13032.137259481286,13055.480091616311,13116.101651965653,13008.004887626097,13057.956112209507,13049.892247232729,13039.59737635181,13070.74106861943,12989.740086139826,12970.297580564227,13001.24189162673
810,io.reactivex.rxjava3.internal.util.AppendOnlyLinkedArrayListBenchmark.benchmarkAcceptObserver,1289439.2706150673,1286077.6726969755,1289133.5591258707,1287657.5373914924,1290332.268103816,1293311.196278072,1293580.0437486202,1286115.4746918269,1293161.7761629224,1288585.1422515984,1289151.5583053492,1288584.4643529328,1288415.5601582413,1284657.0185011048,1294817.4317070902,1296979.4594197725,1289469.007018037,1301933.807074522,1287091.6189734635,1284175.1700617773,1288595.7323122516,1288331.0888818891,1281775.7432305026,1275885.030799834,1286643.113022866,1287084.4392035378,1282935.261927931,1285362.0539618502,1284785.669657315,1282302.561060529
811,io.reactivex.rxjava3.internal.util.AppendOnlyLinkedArrayListBenchmark.benchmarkAcceptObserver,133347.4122377932,133419.58616063796,133069.74918160195,132584.22199641427,132915.55646300697,132578.1773362212,132581.76013470572,132771.3448409519,132713.47816666184,133473.06383973593,133133.2046257355,132940.23863483395,133690.5784625523,132856.71127350233,133416.25495428103,133568.49291642412,133030.78839339755,133015.5137645023,133236.3248001922,133724.6816493474,133795.09510217787,133087.81543106207,132641.5179106113,132905.20230297578,132846.97406759762,132826.9360314182,131915.0767415574,132425.6513877375,132282.59854170607,133376.7698460669
812,io.reactivex.rxjava3.internal.util.AppendOnlyLinkedArrayListBenchmark.benchmarkAcceptObserver,12542.575038049927,12569.610014815731,12467.744797324785,12516.723594594718,12523.653494347249,12451.808934668163,12627.49615360058,12615.339359908401,12619.041571173628,12632.044436366567,12648.018893174456,12586.45586842115,12598.777351651908,12633.723577005845,12680.998378662063,12609.651359958098,12623.45121614684,12661.668524261326,12684.558285789795,12678.641762465271,12634.798999181134,12600.232892938162,12603.509962638178,12668.437753593102,12693.172430543873,12681.329347897436,12582.078362759928,12633.59844122253,12622.992495853943,12586.576911268105
813,io.reactivex.rxjava3.internal.util.AppendOnlyLinkedArrayListBenchmark.benchmarkAcceptObserver,1423162.635026334,1424523.791375763,1433914.394484783,1434785.3243180488,1434315.5203649204,1428474.1695824044,1425646.1511691352,1429383.912369023,1432649.4815514777,1430644.5426797655,1428787.003281572,1425906.2952241353,1429244.7809454286,1426600.7631842734,1434201.786710156,1432351.7198661426,1427839.5937853623,1430171.1971484018,1438934.2724484021,1436208.9549140625,1426980.8514033703,1432661.6416019544,1423826.914103495,1427138.8290912106,1429852.8616870577,1424958.2813177886,1429930.94863936,1430476.2005937425,1431820.2319500358,1438977.1537552995
814,io.reactivex.rxjava3.internal.util.AppendOnlyLinkedArrayListBenchmark.benchmarkAcceptObserver,137162.3134098376,136501.35783498024,136862.1807049842,136950.39368528308,136764.5902766316,137540.1824893617,137144.4771389835,137523.23420206783,137850.17286565073,137366.8809922862,137310.16173914095,136698.33757813962,137731.04904712705,138220.1433588228,138010.2096436442,137368.18897821227,137833.59619934185,137434.56067311176,137755.6680833848,136949.74768916136,136781.48731019505,136482.76564251885,137453.60300844436,137853.20279124498,137222.09633965255,137807.4804654386,136958.85830882896,137995.52731173253,137561.6231317849,138377.82387625184
815,io.reactivex.rxjava3.internal.util.AppendOnlyLinkedArrayListBenchmark.benchmarkAcceptObserver,13550.789616369886,13631.601152352949,13243.410923123334,13220.712038233236,13155.751532335333,13197.504274050605,13221.003109923506,13346.937477001331,13388.916118440518,13449.5509329439,13345.22524294852,13409.30150948437,13454.470616870509,13438.71972004971,13378.749571202226,13333.187768867496,13281.41395760912,13397.740826726142,13410.571612700403,13373.462400184975,13355.392929015365,13276.411284094429,13333.159730940597,13401.043218364379,13347.827359200935,13303.665505938185,13296.864810775469,13314.430854380518,13332.209435678025,13354.043351407045
816,io.reactivex.rxjava3.internal.operators.completable.CompletableConcatArrayBenchmark.concatArray,18808334.699529205,18719599.57947069,18762505.964174174,18727267.796355914,18748172.68172007,18132260.389459457,18743440.820356146,18800126.239101607,18783233.33664359,18457207.7111323,18670042.482582428,18419554.136443533,18795974.283564657,18678610.312031157,18739019.2482953,18669041.038255777,18808390.403466847,18285870.9772303,17922495.20707626,18763895.421678685,18672815.087238275,18798566.678660266,18619916.93450795,18738997.202373873,18744608.54795582,18732586.240445744,18719036.545876462,18794866.111727595,18762249.97650138,18780762.820411775
817,io.reactivex.rxjava3.internal.operators.completable.CompletableConcatArrayBenchmark.concatArray,4216477.282006854,4214318.540007545,4192176.5486056064,3997343.240778433,4084057.8492374048,4208504.758822083,4217646.912242735,4213261.877307822,4204487.820175891,4102227.880361679,4209080.860921503,4214073.372616592,4218432.588569438,4124796.9800378336,4216778.677009058,4154261.1679246994,4020630.0112576187,4139683.5837360388,4157079.16912802,4190012.8125285115,4204725.965230645,4055117.6138021005,4197174.175452736,4216222.529441531,4205144.807229711,4206378.099406459,4185941.353323679,4202033.596107519,4142895.1481361436,4058204.181081739
818,io.reactivex.rxjava3.internal.operators.completable.CompletableConcatArrayBenchmark.concatArray,481510.8622351327,471405.87962939293,457716.71877611027,479097.2716254341,482464.8654611025,482964.72720643156,484630.35807056294,485243.1946064043,474720.31785661104,484461.04497715423,482684.88736302673,483696.6753778919,484664.7491909596,485347.40555454296,466139.1834910314,475426.3565760485,482907.464926222,485169.29634800926,485112.0806288555,484869.4811889252,484915.55835187464,483787.7453657681,485107.19588673447,484232.67083289847,483787.63353012665,484962.8420874627,483777.7225511017,474320.5861129077,464192.0553043915,484952.8676166925
819,io.reactivex.rxjava3.internal.operators.completable.CompletableConcatArrayBenchmark.concatArray,47562.57702600251,47838.832422502936,48517.20574856932,48857.104309917704,49276.24540860541,49034.66554467363,49092.782067989065,49211.04502437942,49147.969683633215,49029.212885364315,49065.78948826399,48975.77039968422,48965.40447904424,46372.9947343685,47583.46753587601,49214.27160999621,49138.768388896904,49219.659990588785,49338.42931981715,49242.97328400703,49331.55986362291,49337.86774346601,49215.11643906365,49223.334782484846,49332.549021938066,49336.62164541686,49314.374598213246,49153.50387948762,49251.58519059239,49145.79464349815
820,io.reactivex.rxjava3.internal.operators.flowable.FlowableTakeWhileBenchmark.takeWhileThroughput,119.0631209951017,119.82928066179251,117.68943464693476,115.2815678056298,119.3275880865118,119.70659184129488,117.67977884714412,118.05426304876289,117.71820463141665,119.32699835447472,119.09646478490276,118.92029640650036,119.35354800372548,118.83047300113287,120.88049959307078,119.83100413233723,116.52305551966856,115.73805214985417,113.97535818563419,118.24465221568896,118.43894194062155,119.65575684895643,119.73733986073725,120.54995495187663,120.09776207954233,118.7471573776593,117.84718119639486,120.71715379352125,120.31959724969765,119.82228150922202
821,io.reactivex.rxjava3.internal.operators.mixed.MaybeFlatMapObservableBenchmark.flatMapObservable,5623378.19412252,5574819.727557448,5514139.349123425,5575590.939093481,5552292.008829959,5598320.261727613,5596861.331148746,5608886.579324142,5588832.3797424035,5607090.561316892,5631604.496065095,5592530.051644827,5573248.936283247,5593463.531116789,5597258.535946759,5664480.400878914,5625865.2203620905,5564123.290618663,5588972.840984746,5559208.612645593,5606404.073420654,5579888.786987627,5573389.772639727,5575841.565533532,5589648.262861217,5585034.026441591,5577128.383838501,5581248.846525302,5673703.560375367,5636516.501439654
822,io.reactivex.rxjava3.internal.operators.mixed.MaybeFlatMapObservableBenchmark.flatMapObservable,377503.288331772,381403.48711411085,383307.89220215526,384223.7727892247,383108.77131029667,383025.48384693207,383553.245550548,384346.0068252347,383650.5847424306,382343.19655763055,381686.17609007435,385103.59956487606,384773.6103817721,385760.0399481823,386117.410587011,384497.20831346046,384572.3861286299,385522.64955315687,384542.0832449236,381848.9287267219,382850.9608418465,382161.0716245367,384218.90323324705,383660.6817139571,385817.52670555835,383719.45645046845,383690.42966415436,356691.18911175453,351433.1367015092,351521.0308846149
823,io.reactivex.rxjava3.internal.operators.mixed.MaybeFlatMapObservableBenchmark.flatMapObservable,37854.130126978554,38435.0603328455,38781.76234335253,38731.90777980555,38292.677715545804,38529.43347029397,38774.84275842839,38706.19150428694,38631.2724003809,38913.23108234146,38761.61712958696,38822.289489925075,38729.44784557532,38691.643843418424,38539.54275729334,38744.897287277294,38737.379692882205,38764.70075025971,38934.10897032731,38956.36515717981,38690.576386967245,37763.0806536627,34725.256636431186,34784.789767594404,34820.34558092042,35169.594552662486,35158.197544686474,35051.470580728484,34945.61615360032,35057.88145222384
824,io.reactivex.rxjava3.internal.disposables.DisposableHelperBenchmark.benchmarkIsDisposed,47045098.15117234,46901638.13498685,46958909.85471635,46959739.47358884,47022580.1381891,46971334.51941947,47041049.0715893,46903749.54251705,46968312.055267476,46953721.56633989,47031922.598452136,46936417.4465884,46977983.13756069,46861487.06291345,46986016.751397185,47070209.9438782,47030783.447102934,47018169.66602485,46848128.13933279,46932276.30957939,47027857.69278264,46894409.68219302,47015340.84691033,47036392.64233609,46909118.210730135,47011169.25713971,47023842.88356627,47038480.77757632,46116260.482228994,46916566.064595275
825,io.reactivex.rxjava3.internal.operators.flowable.FlowableFromSupplierBenchmark.benchmarkSubscribe,38256219.14880692,38304583.83782384,38625519.64083233,38463874.26783193,38161935.592235185,38262170.26693983,38262998.76337656,38618259.81187101,38296621.850138605,38231493.106718555,38280326.57960308,38330751.44854259,38371991.678519696,38266060.244975254,38312373.44436458,38864685.16322719,38506518.53346974,38321130.51457171,38396944.822209395,38316324.78870988,38091929.75420989,38193399.18063618,38232042.58503356,38401891.68550689,38307800.4974874,38121545.68828429,38441976.92302365,38593052.38468899,38767468.12188751,38421722.4773044
826,io.reactivex.rxjava3.internal.disposables.DisposableHelperBenchmark.benchmarkTrySet,30713774.41189556,30652782.37366294,30660685.378305446,30344944.326542143,30920298.071080998,30703475.32000078,30800123.990132116,30625755.219323974,30798580.671026323,30987364.42093507,30887166.14123421,30601130.574726447,30997844.112777106,30774639.727050614,30871771.97308598,30617135.932693288,30633369.04306024,30648095.5590051,30557262.472887732,30656411.51244339,30595581.301232483,30677453.08380576,30799998.726688888,30657533.77561768,30572534.279957686,30655497.89306474,30514864.840886354,30520390.479270726,30854806.787755378,30687769.166318476
827,io.reactivex.rxjava3.internal.schedulers.SingleSchedulerBenchmark.schedulePeriodicallyDirect_instant,3092881.706603914,3126889.4389061807,3108956.3402366308,3148992.0793323307,3137638.8017357276,3102443.518303786,3095077.4096941883,3114779.563777206,3098676.213811312,3099314.824584051,3144468.1297304267,3165893.7544996045,3146870.712200659,3103385.4009226253,3106626.8181739794,3109010.4840607867,3127271.1977869296,3111292.391205703,3138237.1190326815,3112834.6145042563,3106726.1611728286,3114766.30503481,3128398.8511288646,3135783.193310197,3244099.952651071,3203115.9741578843,3137139.4173192284,3133175.2463612156,3141376.618396406,3134402.7586689717
828,io.reactivex.rxjava3.internal.schedulers.SingleSchedulerBenchmark.schedulePeriodicallyDirect_instant,123590140.18068574,123594958.65447523,123621241.0187263,123617727.35257694,122984920.32395636,123401182.95684673,123609929.7221961,123635368.93887438,123593267.66029258,123388725.20724154,123164170.00842611,123645268.30238496,123639581.06421034,123569161.15678564,123336901.66990374,123309761.08980875,123583078.91929923,123626887.1339397,123126741.21425483,123322633.34439398,123607879.59599546,123371074.4361259,123638249.68736772,123642073.83578722,123348329.12776658,123420272.50317976,123582594.7109092,123425779.541975,123635814.21397312,123627594.20138006
829,io.reactivex.rxjava3.internal.schedulers.SingleSchedulerBenchmark.schedulePeriodicallyDirect_instant,3197503.2269993327,3229141.7562402366,3220514.9502304858,3195668.6161516295,3184197.06505173,3192665.148741933,3206715.982997282,3237837.781050687,3262311.6342647728,3230385.0732736913,3168843.7952810708,3249096.8328648233,3159301.5899819746,3210177.327588984,3260206.688740908,3193202.2719903276,3183201.10706891,3222977.4138566884,3240927.258889195,3234234.048727601,3187377.9184845556,3266454.6129312157,3216712.238586645,3157164.8091994473,3193388.1125081754,3209579.695604218,3166887.1776508447,3184774.8233324117,3202721.42624182,3185042.8796032313
830,io.reactivex.rxjava3.internal.schedulers.SingleSchedulerBenchmark.schedulePeriodicallyDirect_instant,123256605.81490809,123370271.7132572,123631203.25728132,123631099.91051798,123347370.41161804,123406338.7327222,123177521.01287793,123623879.72403222,123625870.07627404,123642749.23066884,123576166.27820727,123321370.86176392,123631801.52822645,123624928.96549058,123366551.00264767,123609223.78803633,123597294.7352816,123274867.21805008,123403947.84276673,123585838.22718148,123590084.6464026,123637256.7667728,123297391.78208387,123395116.2121094,123331494.52167052,123633524.0124869,123640665.10315551,123484391.47555459,122862688.62089048,123357843.48113257
831,io.reactivex.rxjava3.internal.operators.flowable.FlowableSingleSingleBenchmark.emptyWithDefault,33817209.54366248,33742266.28474906,33961445.865555346,34340239.94805736,34490377.55496389,32731321.608220067,32638363.526178103,32746299.997737575,33841512.788812235,33312697.235746946,33260562.786935005,33534242.280691437,33580381.639943406,33453296.151808854,32855714.346624702,33179521.332667876,33916422.61022522,34233551.706975766,33729248.63696111,33496967.302952737,32852799.706072237,33162727.66710927,33531996.23015249,33049267.185848728,33012818.825536307,33377043.83727242,33733184.60872295,33605988.35148341,33743735.30077465,33931632.249285504
832,io.reactivex.rxjava3.internal.operators.maybe.MaybeFromSupplierBenchmark.subscribeAndConsume,101838845.45423006,101814679.945987,101821598.41940062,101530642.48198377,102021409.26344867,101869924.57179697,101573364.7291458,101893394.07348347,101896354.8535116,101487487.61410478,101737795.15940551,101537587.9211548,101520430.91986194,101180950.93767126,101781794.7248428,101968015.41781409,101681161.19846271,101713973.32263586,101940999.88091868,102332681.4236972,102205726.73557702,101795214.07870269,102186952.87066205,101648648.9096441,101643712.97276193,101560745.09652317,101676324.29578769,101855276.70167619,101624787.59264188,101745644.43673593
833,io.reactivex.rxjava3.internal.operators.parallel.ParallelFilterTryBenchmark.filterAndConsume,3.576135899780043,8.392648422686495,4.649856803800346,3.291642614119766,5.620859671253117,7.198751255655686,7.436587219166824,5.609973523128889,4.987632006814661,3.4233808271593467,5.964802013488112,5.855137479845059,8.946494496602181,10.644610074641719,3.89778422202341,3.0303168021746183,3.843177478878514,4.899821367784041,6.073891575678202,3.554339813368725,5.8505192449915056,9.997016930136114,8.737433958396673,3.471991756713843,7.91771904781962,10.69126216798668,8.48573870912499,4.808373261191373,2.9813247492275083,5.885602434212186
834,io.reactivex.rxjava3.internal.queue.MpscLinkedQueueBenchmark.highContentionPoll,297193423.69064796,300218243.2626944,304199290.32996297,298601436.4340166,296179954.8549006,296784909.92353505,296365155.709041,296161260.94851357,297300380.2210525,296925187.62392676,297666160.44198096,310111412.5596882,309692242.36084473,296632454.25238395,299795330.38395137,301321479.30063134,294938529.0638549,294793848.0621194,295749515.14674973,296814888.95048606,296815438.28889227,297573385.3922593,296425403.74435514,298435740.6586431,312952663.19864005,304139000.2329498,294135957.6780509,303943437.2236432,301263123.3049639,297939882.1142799
835,io.reactivex.rxjava3.processors.ReplayProcessorBenchmark.emitTimeAndSizeBounded,10266314.184185782,8942604.451959511,8917790.328096611,8954041.739307186,8974752.868143842,9089092.337614184,8985167.315369006,8900399.445275996,8962153.92583076,8965216.781556284,8986349.998213207,8940973.851391668,8991230.673137825,8934138.006166106,8887226.414281307,9009594.958792401,9095060.3913144,9065977.691751545,9118640.69193715,8896110.533339024,8925646.976084445,8821844.397439541,9040309.318427121,8969997.051958298,8858131.928698769,8980896.247445306,8990132.581321824,8894961.725690834,9028484.262714854,8931412.425043829
836,io.reactivex.rxjava3.processors.ReplayProcessorBenchmark.emitTimeAndSizeBounded,1060896.1538013595,946338.2517289608,939428.9060254379,943510.8744556446,948139.5452111508,936259.5111199191,945653.7309452478,955397.7338529578,939174.667917129,945660.9375836513,934348.6998123387,949144.8245598491,945750.1977197886,955286.3707465013,945818.319187928,938527.5485263369,942819.9035963401,944274.8816792803,942090.5999203982,940191.8154182382,947836.5815342795,947632.3526220839,946534.1183778538,950206.852731019,945306.9156142802,941872.5045715165,946914.2661274954,947365.5150868896,959251.8187588311,963197.5135169524
837,io.reactivex.rxjava3.processors.ReplayProcessorBenchmark.emitTimeAndSizeBounded,106108.92746272264,94719.41269168313,95883.04428485614,95101.90137932826,94925.05305172801,95665.03517600443,95279.58912584711,94605.16360128195,94572.05606646671,95610.44044410906,94997.53416591886,94174.78178412982,95051.26935897034,93909.86101678555,96140.71601010737,98270.70900402169,96105.18662279438,96013.99931707069,95523.40258067736,96422.02866590534,95613.2512545461,95956.39002465089,95797.1606897414,95316.75958141964,95190.25361890174,94484.72843991197,94868.98847246307,94290.82112249185,95951.44911271738,94503.05033884714
838,io.reactivex.rxjava3.subjects.SerializedSubjectBenchmark.onError,8202.444118599657,8307.323109758734,7996.037937103085,8088.3991257537045,7854.688099442048,8076.462646819195,8452.40131599524,8763.235043748055,8668.061974311035,8415.875777868088,8453.072497807922,8478.207854543556,8510.296511815839,8422.422554133815,8351.582606180884,8504.711650667581,8349.936765306118,8556.066343830003,8628.246098690895,8301.489974523085,8255.801889774088,8289.443212982742,8375.637540749527,8449.91755605218,8222.243255363834,8345.098407582867,8503.217036903457,8567.286043586051,8654.039624225481,8283.590500906428
839,io.reactivex.rxjava3.internal.operators.flowable.FlowableRangeLongBenchmark.fastPathConditional,263816.3827814401,264369.6889234827,263780.06343461596,264458.828657082,262623.79360310355,261016.11007691151,263883.5728121646,262820.6333056827,264732.758500124,264564.64208404487,252220.74371486632,260675.303499132,263323.1551753608,258037.0133281441,262895.90389656584,263531.48528954096,263875.8714828848,263672.1199419937,264705.5555472449,263953.7510519418,264656.7056013991,264968.53166705836,264875.7721209452,265674.6038918208,265476.79964598693,264601.4399188827,265396.15879413043,264711.81395243655,264020.28548243706,264651.34146168653
840,io.reactivex.rxjava3.internal.operators.flowable.FlowableRangeLongBenchmark.fastPathConditional,244.28377779621727,243.96221879098692,243.9299328343029,243.93493938051301,243.56011946404257,243.39217671708442,243.97845011543666,236.59124934261325,241.05687558079268,241.65653332752507,242.06984661438423,242.86656886419945,243.121754995273,242.77977616449962,240.9245501404816,241.6410914534286,242.070337100756,241.8370746046759,241.9863176096297,242.4216524818791,237.00969055945092,233.84810700212216,234.20910536154136,234.9522807218808,234.48006343837162,235.47281944878014,234.646474816294,234.96198268127822,235.0911657640959,233.94231193135855
841,io.reactivex.rxjava3.internal.operators.flowable.FlowableRangeLongBenchmark.fastPathConditional,24.01708852354425,23.900864496160978,23.682249106355265,23.97680871948778,24.09390158283643,24.07157126722161,24.03753674046148,24.051033337350884,24.089308323959894,24.100840260178327,24.07011352945371,23.950070234778465,23.978888554896276,24.112321543972826,24.092724725215128,24.014601830812534,24.03249526353885,24.0672136203455,24.031163112476065,24.068046281801706,24.03457824392246,24.049345879292197,24.01284984842023,23.996103536703814,23.993059023961898,24.038310073994314,23.989487854401176,23.921109758808694,23.94068580177319,23.979336574046087
842,io.reactivex.rxjava3.internal.operators.maybe.MaybeFlatMapBiSelectorBenchmark.flatMapBiSelectorThroughput,15271150.060442334,15357388.266858382,15529736.413098065,15734929.75135155,15830816.80649235,15630742.243322436,15767712.844297286,15595027.970136989,15788914.985017879,15926989.745213304,15558591.650645483,16019467.43542974,15783388.36305026,15750922.91908702,15797496.744963365,15820951.703515315,15652824.629181102,15833494.45588444,15644646.132817006,15834571.529660705,15771537.392614726,15612059.772898734,15812222.233166222,15444463.410755279,15614160.45366877,15725044.882827142,15819326.93410289,15750067.41092013,15529702.353020681,15717207.575084552
843,io.reactivex.rxjava3.internal.operators.flowable.FlowableMapNotificationBenchmark.mapNotificationThroughput,392842.53549919114,393456.8216663414,395759.7650308092,396358.1037193707,399857.1776514803,395863.1195053378,401161.69216708717,400328.1917808938,398617.8231593822,404561.7420857205,404189.5133206159,397587.3038546235,393669.5832729197,391937.3542527556,394147.0839432405,397552.15459399484,393025.84645435953,394483.462054244,390335.94231932063,395856.15303570114,393678.6621156776,392438.3612763478,392441.3136930053,393896.9182083785,391580.8597195724,391980.04933253495,396164.0610628067,394430.68818335957,391119.1196403886,393092.0532252096
844,io.reactivex.rxjava3.internal.operators.flowable.FlowableMapNotificationBenchmark.mapNotificationThroughput,37594.20814725708,37496.05954142267,37528.75132364167,37608.62185640553,37549.3626371186,37553.45965866793,37512.05908502197,37655.958687201775,37901.51471544133,37952.30732174783,38311.33786260683,38056.06024545816,38053.733010913544,37952.051351923335,37782.69200647609,38035.18378193923,37879.65335547463,37659.00248834209,37571.451005957904,37795.359433868216,37738.162208003705,37881.43711972584,37953.79386638472,37827.84551505869,38230.23364851474,38467.441184279865,38393.96723140493,38280.8984552366,37741.4113165978,37840.25412195964
845,io.reactivex.rxjava3.internal.operators.flowable.FlowableMapNotificationBenchmark.mapNotificationThroughput,3699.8735919842884,3739.6691888635532,3721.2132536514864,3744.974045635328,3736.7381891755135,3728.1654799826297,3739.645313340256,3727.888966067776,3715.0740363718046,3811.8271274756657,3805.5424253843144,3846.1555496259907,3819.45773248843,3776.6016402823816,3838.572329477373,3830.096127954572,3839.33053977311,3827.00010820073,3774.4121655005206,3814.9368610254432,3844.4093180415107,3834.131350703579,3825.087322689544,3783.152751591823,3801.452358971714,3785.9762001019444,3803.0794494069532,3784.2911909070694,3818.1211983162684,3798.655716436452
846,io.reactivex.rxjava3.internal.jdk8.ObservableCollectWithCollectorBenchmark.collect,161906.15945077938,162244.1862627414,160197.42865382627,161986.58727527107,162925.3640140394,162955.02715233827,163456.00149165725,163367.16604715123,163248.9438165228,163314.10392638927,163120.32417496826,163396.81446168723,163080.34531918852,162900.04294113888,162181.10147333943,162600.1274877159,162194.2402306499,162278.25786337367,162886.0224782711,163125.24722503137,163276.8238686759,164166.13614978286,163391.83289667647,163342.83495138044,161977.58115570556,162505.762174734,163298.21307618188,163853.97705879924,162674.45361450402,161637.91551772947
847,io.reactivex.rxjava3.internal.jdk8.ObservableCollectWithCollectorBenchmark.collect,16353.818485675865,16251.409261273353,16284.295590225654,16326.87295595985,16292.8861694228,15909.565939312477,15926.107580561724,15849.106855281385,15864.266119049333,15874.632924236463,15898.502583635658,15908.797088125775,15861.755835595768,15900.639398187337,15951.216000051338,15892.208043596564,15900.227824207625,15862.252649966396,15860.16870511749,15851.085571853502,15833.48102599241,15899.947264491619,15872.522950631783,15844.341556697927,15899.021908071238,15901.188625949173,15812.173007539534,15849.623348978821,15921.079092943106,15916.297417748927
848,io.reactivex.rxjava3.internal.jdk8.ObservableCollectWithCollectorBenchmark.collect,1665.8654230617979,1725.3555589944488,1732.729981756023,1734.6776673998768,1732.3556849500965,1741.4588016238429,1733.0316737513865,1737.6181705703443,1736.8190182478415,1716.8506580286607,1740.932785570319,1740.8733149080008,1743.5412986938918,1744.8552293616199,1739.138368243391,1750.4389878052864,1743.3140773864257,1743.4987685130352,1744.5069081443853,1742.2686461481378,1744.5210774174957,1747.771627420303,1743.5605948331324,1743.492453655309,1745.5735930282688,1749.3753313073214,1744.7236497316717,1745.537540775022,1760.8455175010586,1763.884821848903
849,io.reactivex.rxjava3.internal.operators.single.SingleFlatMapBiSelectorBenchmark.flatMapBiSelector,12925110.10068437,13105395.899197951,13020105.165696098,12706075.831087785,12256196.305048794,12383686.386998419,12856236.274612768,13128445.776450684,13092555.41559793,12812819.993772564,13136474.819763549,12976711.73588538,12699846.14823715,12279107.359627848,11919618.270549728,12208895.444734653,11566326.788348164,12638324.875565268,13100140.940878209,12876286.102880422,12707829.584266925,12653370.152580833,12415937.537413765,12969100.43805097,12285893.410846937,12830317.674114512,12326903.9002395,12706774.74266405,12746660.65190337,13160637.594162617
850,io.reactivex.rxjava3.internal.operators.completable.CompletableMergeDelayErrorIterableBenchmark.mergeAndAwait,6144640.570388145,6132346.378431287,6144744.091292151,6139720.666746005,6142161.374700125,6140870.967190505,6150317.51780184,6219067.283398577,6341466.915444095,6171343.007116109,6138133.347989092,6138972.866800674,6143246.268027865,6145208.776441784,6163056.38353754,6155073.179710377,6150922.0047644125,6156445.130799202,6146153.882375767,6137648.686433293,6272275.134496502,6340256.704661137,6028775.852789817,6077890.650002791,6203355.102289703,6047863.536451448,6026521.620937284,6040118.906477708,6016829.553791464,5993556.62161574
851,io.reactivex.rxjava3.internal.operators.completable.CompletableMergeDelayErrorIterableBenchmark.mergeAndAwait,1848559.4785379309,1850511.8788614762,1844304.033647288,1846572.4104599967,1847916.00003079,1847629.2650896295,1915475.9344396412,1916797.2987676486,1850583.9504559722,1871584.1636299058,1873218.3639278186,1846860.306230942,1846954.4962515095,1846152.0899754402,1848878.8868526823,1840791.2091282997,1842140.2023034855,1839050.7110936018,1842213.0317258833,1874582.9463971225,1856837.3313039946,1834892.5097553437,1830810.5641150514,1836563.3778940926,1834180.5255816174,1835649.2907537606,1835308.5954609357,1834058.9397454662,1832336.696620622,1840648.7456678655
852,io.reactivex.rxjava3.internal.operators.completable.CompletableMergeDelayErrorIterableBenchmark.mergeAndAwait,245265.77951788297,245272.20039450543,245053.82530051246,246152.550706409,246836.0230897581,245027.9264529198,244304.92339461893,246433.2906433148,256868.6839376381,248857.2687768558,244585.5065723243,244030.5021478674,243803.95064495836,244248.52562309112,244140.51685300466,243733.3585256267,242640.3252715667,249301.26263337734,254032.2186099242,242996.5875962215,242677.92369420675,242794.826141272,242671.5188730869,243045.75105069473,243215.67563492677,243078.51356791987,243560.37224315718,243211.21252537373,243332.29974937442,242810.87739093832
853,io.reactivex.rxjava3.internal.operators.completable.CompletableMergeDelayErrorIterableBenchmark.mergeAndAwait,25028.682193856755,24953.985795155328,25037.92623375969,26270.494332887803,26180.622323292104,25211.278377578998,25927.281980514126,26313.45613004186,25148.636411393025,25162.533225613213,25150.7226450983,25138.264152583735,25115.004642136024,25155.874655617972,25144.692371002344,25169.177852200213,26298.684216763926,25772.339289464097,25124.234274042647,25104.30980213395,25118.388504667095,25114.525701997714,25132.96512502801,25162.85826046929,25109.408389930388,25107.234756591854,25123.275035936033,25066.116820439947,25388.38298849908,26312.687944128353
854,io.reactivex.rxjava3.internal.subscriptions.DeferredScalarSubscriptionBenchmark.requestAfterComplete,21115323.438811395,21238726.325652882,21106324.236140028,21157805.27418445,21279924.90231694,21045025.610258467,21134258.530581646,21141907.410551738,21101190.516214263,21101161.763849527,21095603.286579233,21085756.950749204,21113196.198161736,21143880.513476536,21183652.83531446,21107773.422530442,21198241.665161688,21119820.627216607,21131142.22760897,21132788.815952323,21076284.168674268,21201042.773573063,20949317.91668243,21019795.502218176,21103032.35528221,21085377.877328254,21096949.261354305,21218028.369192023,21124319.678214774,21071235.68968915
855,io.reactivex.rxjava3.internal.subscriptions.ScalarSubscriptionBenchmark.isCancelled,101728011.93299529,101831595.05965096,101954438.3724514,101833033.70853098,101781497.8958253,101916971.2531514,101735369.20235632,101714873.6200236,102018450.60653324,101825235.73035629,101812477.88511127,101913001.58532229,101700915.88684754,101823044.29813336,101709520.44114345,101757648.52042475,101879549.87993899,101799343.59631218,101646595.58105205,101972482.64440517,101805245.26987623,101957558.5336508,101699846.93392065,101831804.98722379,101648424.34352301,102009203.04720157,102048689.76446505,101846761.69641034,101857291.90043227,102146523.38260187
856,io.reactivex.rxjava3.internal.observers.DisposableLambdaObserverBenchmark.benchmarkDispose,95791199.5393734,95733515.32193951,95804590.00267623,95784831.66644628,95818860.59383133,95748356.42625917,95765570.79447804,95929235.26191896,96352968.08318488,96244314.1196246,95907075.24122065,95843766.9654055,96334834.70260182,96014620.557936,96282976.28196982,96047057.596935,96185041.53314656,96086671.37464435,95847549.76459092,95969061.12465431,96037225.17521329,96132269.13093977,96055611.70634136,95927472.1452692,96072859.40359645,95827264.07379054,95669425.57262847,95912573.68161264,96303534.17240222,96487943.28708008
857,io.reactivex.rxjava3.internal.schedulers.TrampolineSchedulerBenchmark.workerScheduleNoDelay,7268622.00355498,7348704.335394883,7285064.142973309,7283459.074711774,7281441.715053002,7280594.914690554,7281719.939004494,7289018.146936681,7291293.770823852,7442129.082286605,7391304.66955332,7283335.965259286,7288088.580115757,7317414.751662815,7469047.761614915,7351494.211505731,7286046.394433269,7281765.290834112,7288907.841445211,7283549.517868979,7290619.4926633425,7318269.590429165,7452095.342749627,7346899.089767085,7281246.8082492445,7244884.389041817,7285335.742990219,7286976.38768519,7289906.814027821,7288998.585366415
858,io.reactivex.rxjava3.internal.operators.completable.CompletableDetachBenchmark.subscribeAndAwait,32429835.413301226,32413534.26290403,32504015.38428405,32955095.9937583,33125540.156172946,32523895.94971066,32540357.958744902,33324665.05179897,33412569.107769594,32546039.20128517,32709342.77799751,32436658.97758928,32155169.732217513,32389213.977971997,32536256.52708682,32645881.58666654,33413539.661352847,33575651.288235806,32656619.023087006,32341481.133167394,33242194.52818851,32621216.692491263,32505780.937572565,32522443.98387832,32445243.315547723,32296524.941680238,32436652.8510131,32397782.974326123,32822684.45738232,32888764.95467608
859,io.reactivex.rxjava3.internal.operators.flowable.FlowableConcatWithMaybeBenchmark.concatWithMaybe,1113211.7174455132,1124799.7734029242,1102715.012733043,1103305.5251195522,1105045.2968275303,1105749.7228871775,1111599.2614910447,1103430.5877016776,1104104.111055742,1104479.7114273587,1105967.8500491397,1105373.9776793164,1097476.0971581922,1125890.4168106786,1118574.3085472584,1103899.500707227,1103288.9034853345,1103615.5785880047,1125158.7357837963,1103344.9555575217,1102466.2406280674,1104816.50678229,1104318.6259932,1102571.5363046697,1103672.9768562936,1102288.108867396,1110135.9515375409,1108759.9998348132,1104197.9047413857,1102349.6854533069
860,io.reactivex.rxjava3.internal.operators.flowable.FlowableConcatWithMaybeBenchmark.concatWithMaybe,413115.9443927857,409716.01240826666,409772.11676464893,411806.34888790414,414317.2636541347,413338.3474441097,408989.35765730456,407863.49908415903,409830.4974368772,409180.21022614365,410141.5147367505,412106.75726964796,422522.494712469,413776.8815379112,409750.79148155457,409090.7864573074,409352.5571035097,409570.71783263696,409668.56451169023,409634.7701093599,409273.4503969733,410271.2796353782,409858.9337184789,409943.0283165936,416289.2397288609,422454.56157023815,410885.0370812285,409361.1004388343,409775.64032984735,409538.0943180601
861,io.reactivex.rxjava3.internal.operators.flowable.FlowableConcatWithMaybeBenchmark.concatWithMaybe,12668.13390502118,12662.04686442228,12530.50533626248,12568.390269682846,12560.081887094613,12582.57982991174,12621.500475910252,12645.588486275667,12646.532117017177,12640.98079564139,13090.530940095354,13133.042625061076,12637.002321303735,12623.4333088319,12633.437142474992,12623.76718814394,12635.077386649227,12643.037005157392,12638.504077738493,12613.221385843852,12624.124214006777,12603.40669462985,12625.56507927761,13201.268350026721,13012.807828111687,12630.085215557923,12622.769557669057,12644.889715458534,12653.398396098013,12643.504007962274
862,io.reactivex.rxjava3.internal.operators.flowable.FlowableConcatWithMaybeBenchmark.concatWithMaybe,153.9053119115208,155.3730172041285,153.8232618406662,152.17637761753713,151.85630339135878,153.31702524029416,152.39502011561476,152.10507609533624,154.50628043408642,158.85081795478166,154.23847575161744,151.86577146363683,152.8063210442029,152.4208645789423,152.80429254063415,152.98504311129014,152.14251383774945,151.27570433226487,152.25819851361626,151.52433314661846,152.14425490107658,155.38517953548777,159.26545180970845,152.87733214595008,152.52460566565088,152.07222046117732,153.01217892588835,153.163804049756,152.23201505900585,151.58403521727956
863,io.reactivex.rxjava3.internal.operators.parallel.ParallelFromPublisherBenchmark.parallelFromPublisherThroughput,110.46022814204746,116.68129228436538,107.77246097309964,106.37376625605759,109.9802560144995,111.85004432332639,113.44274021870423,108.04885457706645,110.88576061044566,111.99869028731578,111.12755457157442,111.455838712829,110.29313285563211,114.95915535697912,110.89541420217968,111.19373246678363,107.80973220972912,108.36339399331547,113.68909738130787,112.55342649693203,109.36360802481403,109.43042536018194,110.58936366663949,110.73803522468357,111.8409752186332,111.18928666602488,118.91724584536794,113.5109167615695,109.7200494036666,112.14897822629077
864,io.reactivex.rxjava3.internal.operators.flowable.FlowableAnySingleBenchmark.anySingleThroughput,21885833.53042642,21844792.18527143,21849751.568375885,21843707.229177285,21843505.30641667,21843921.63754223,22279877.95454102,22220040.237087548,21859721.224959224,21842156.548635114,21840408.563411623,21870209.122760363,21877410.744520094,21874201.944766354,21846979.417767882,21863506.499990676,21863635.521083854,21847052.013611343,21856982.541448567,22352915.624211147,22111303.879706528,21870257.91654197,22052685.118064407,21985908.90406657,21881810.52700147,21844526.95190321,21841974.36410024,21774279.7954124,21839332.185053874,21851594.45232117
865,io.reactivex.rxjava3.internal.operators.flowable.FlowableAnySingleBenchmark.anySingleThroughput,19801226.355081692,19834205.417419136,19844909.373974767,19837224.66029215,19945719.839839462,20477606.05015627,19993999.724174146,19858831.18880321,19890856.510656603,19841306.84886847,19842034.607003856,19824428.45620162,19852587.662155572,19838962.001122538,19834868.665606737,19801671.36064108,19777417.795716617,20027004.556865852,20061881.627129506,19856076.885656543,20075294.63440843,20438760.37000498,19893263.255299453,19748869.29157643,19813824.123249408,19813889.57962419,19772296.761369105,19770499.806473494,19819923.249991573,19800036.750183847
866,io.reactivex.rxjava3.internal.operators.flowable.FlowableAnySingleBenchmark.anySingleThroughput,19787654.798429385,19802118.99809344,19822782.394451175,20279732.107336603,20164958.245020974,19804329.8691779,19748756.238126073,19822562.800341293,19776102.02831565,19818545.152935497,19811322.323594354,19795713.26540841,19816926.340353686,19830470.154315453,19816155.531538382,19800695.44615382,20368534.224264678,19815956.19473329,19690450.207642067,19906299.849471487,20257096.07388245,19770418.943082,19759932.2742377,19793455.44945133,19853761.443995275,19828863.133936904,19849030.629358754,19793632.790172774,19976966.991212882,20494635.464461893
867,io.reactivex.rxjava3.internal.operators.flowable.FlowableAnySingleBenchmark.anySingleThroughput,19701053.06348222,19679645.937403627,20209626.16113205,19807872.415962093,19645071.590234198,19730778.788955893,19715446.801027864,19737816.872959036,19713812.066445947,19772012.549372494,19680307.409722395,19656861.60173038,19644464.345707376,19637726.038068317,19840001.462662384,20318805.3187315,19728532.880553827,19733310.206730064,19668641.49689655,19687755.817705538,19704004.691611014,19697221.76676058,19701225.750791382,19693661.41349177,19696949.12366301,19742479.642737623,19758324.95132109,20130607.158938497,20213552.64680876,19701091.53098844
868,io.reactivex.rxjava3.internal.operators.single.SingleFlatMapBenchmark.flatMapSingle,13690637.760048267,13504886.192416182,13443534.46323203,13242770.81841667,12284545.31852367,12732146.221522726,13136337.701958695,13508626.350720348,13233601.852695206,12483084.429971477,13303989.938529117,13211358.121724708,12351714.06065456,12782726.745547868,12836545.51078662,12997782.505922893,13339741.06231548,14088383.158232067,13621513.361102663,13075125.833933368,13781799.321155485,13696063.752165822,13237599.099560522,13525171.218390038,12827863.037550194,12756163.208989749,13555620.723416455,13074199.246143756,13223831.335253928,13449769.713533362
869,io.reactivex.rxjava3.internal.util.NotificationLiteBenchmark.createNext,102325192.44823867,102261588.5844318,102064842.02318199,102085373.28020245,102138848.04697743,101762883.02429785,102237230.63022557,102271893.59817202,102428295.75779729,101880454.08328861,102146350.437624,101598298.28132933,102006646.84639214,101733429.01056656,101636143.72002167,102030560.4586281,101643315.74565873,101992134.0637226,101940996.27062413,102013163.981969,102060033.33852759,101892613.67503698,102315069.04869328,102006947.14307176,102223546.8562308,102797911.65131065,102292582.90893547,102069058.32541747,101942399.2488665,102025957.89774074
870,io.reactivex.rxjava3.internal.schedulers.SchedulerWhenBenchmark.scheduleDelayed,457126.8012406011,464866.154554268,481158.56172252964,467208.4599719589,419068.91052241216,436534.9185601753,475538.51982110937,480407.7658649987,440856.5930893646,433598.7736242374,475218.0168379918,200109.04045925886,483216.6701438775,408806.7061883415,377413.3760215745,418984.44513110165,479387.69033188425,375988.1015167874,427605.3160792262,402144.05872026377,397747.38669794286,454198.20381145057,407400.61538606643,394768.32023137546,415232.64158602053,419711.78437409183,370167.4216050329,37910.457375115955,387002.7480461101,326316.9769523436
871,io.reactivex.rxjava3.internal.subscribers.BoundedSubscriberBenchmark.fullLifecycle,24884836.168075543,24979859.06357399,25003596.430178814,24828779.995371826,24905768.95647239,25030941.410851933,24805312.81820405,24798482.361102477,24785753.093370385,24848985.582748655,24859035.906537563,24826255.674224414,24835783.65705144,24788128.778235592,24787787.28047643,24932856.20482674,24804764.774358023,24811911.6774084,24785697.51342484,24794725.946892932,24817535.609885007,24789248.39087045,24803331.024325963,24874171.45830743,24848222.873859286,24897636.780168924,24901574.997436903,25038393.73703398,24978755.5590303,24806100.744859137
872,io.reactivex.rxjava3.internal.subscribers.BoundedSubscriberBenchmark.fullLifecycle,24823815.88442617,24935058.267816626,24841225.98643694,24824437.324559294,24841088.27068252,24849917.73937011,24875007.937147554,24838943.11027093,24775529.918447804,24839972.35561628,24822393.647272144,24826842.10048047,24967839.550344266,25006198.551580656,24776017.439110152,24876674.356082402,25010437.557560198,24808462.99402467,24847693.70448378,24852437.421327826,24829517.042035483,24842080.525056444,24835540.381945178,24820523.22388139,24851714.419547252,24948158.511173185,25016511.24555292,24790843.740145724,24813565.9886192,24798573.12097778
873,io.reactivex.rxjava3.internal.subscribers.BoundedSubscriberBenchmark.fullLifecycle,25317499.412989184,25476324.12392368,25538853.561844263,25381439.262502912,25303254.98089545,25321593.872010943,25283573.080108654,25323970.86545701,25303243.42831153,25302626.184309997,25336710.3736769,25525321.845071543,25469999.99703979,25323692.645602584,25343044.767695624,25336736.480324343,25291115.214586556,25327232.553427555,25285814.33361232,25295907.65452375,25312831.811268207,25346151.656301126,25302404.073605232,25334083.532185737,25519486.02777771,25355566.14487029,25317861.50981103,25324272.966696996,25344807.064944647,25336482.239584494
874,io.reactivex.rxjava3.internal.subscribers.BoundedSubscriberBenchmark.fullLifecycle,8935838.642511936,8924300.135036243,8914554.476806076,8918002.785524622,8952953.85146167,8929203.517708907,8938795.092528392,8928454.143621117,8914038.470080495,8935854.79435978,8917494.634178929,8929843.726642158,8944961.977235647,8922640.904751759,8915083.728047688,8955324.364677694,8923405.603697857,8934576.603567986,8931470.503826758,8939281.847112693,8928242.14057818,8930569.351366969,8923298.470790742,8932918.567980837,8917002.781952051,8925748.189393774,8926524.185686009,8920593.943370316,8944069.10563643,8919098.50619695
875,io.reactivex.rxjava3.internal.subscribers.BoundedSubscriberBenchmark.fullLifecycle,8910964.239601355,8913882.583854979,8918675.43014423,8933557.443877412,8918557.660572635,8909796.158947274,8923918.831872344,8901335.391600346,8972262.272556195,8968950.306051293,8950068.92913114,8944784.302293569,8945594.634060515,8934595.625428328,8920116.066656817,8909353.372942565,8929191.943583004,8921085.40441667,8933061.275305444,8921953.758338265,8943195.985260384,8960411.965767454,8958727.189152965,8949922.529546643,8930553.440381777,8912320.790744917,8943012.064121528,8925784.062198246,8943816.672824945,8930358.476263814
876,io.reactivex.rxjava3.internal.subscribers.BoundedSubscriberBenchmark.fullLifecycle,8767871.602118364,8765451.299618892,8765605.05429342,8770494.35791486,8769117.064481007,8759268.527401038,8774068.071884578,8792445.193029707,8774796.6147787,8778011.118702153,8791589.599448107,8780187.433711037,8771059.68701933,8798365.163149469,8802722.590061227,8803296.533544987,8783126.313943092,8803087.24844242,8786770.489546172,8791330.613785693,8774349.058928696,8780751.546611892,8773902.463899523,8769707.437139604,8792835.719602678,8763952.06961911,8779018.157763015,8776322.25633303,8775714.957582872,8768752.672278268
877,io.reactivex.rxjava3.internal.subscribers.BoundedSubscriberBenchmark.fullLifecycle,320468.94945280725,327612.3845894794,328440.00350024283,326524.6630644104,327965.18487640284,338442.2054828453,370653.9011274335,384940.55076350155,390889.9988597971,394402.70208103966,398136.55504756235,398269.4177468249,399996.80968248367,400093.1055750769,398211.4424932289,398713.2330117977,399683.2933067385,399568.5739370597,401116.6347288124,400086.37028977246,398869.6089539607,399934.8678129544,399975.54196179454,400060.3948518939,399822.4028816043,400009.8675527038,399317.3104560072,399285.2339917963,399511.44485091866,398380.3869367903
878,io.reactivex.rxjava3.internal.subscribers.BoundedSubscriberBenchmark.fullLifecycle,358048.31212402345,373540.6504359135,384895.0904020945,388273.9110885263,393067.43546928535,396127.5826181552,395755.3090112305,397056.4929316535,397457.30357237894,395756.58228017384,395510.27149755677,396258.4557620553,396974.657807845,397833.9205453839,396925.51398480625,396792.1483828921,397179.0277057402,398283.5935705276,397999.9379897235,397531.49899717397,396392.7772267742,395808.28118874977,395815.9052822404,395529.08202018123,396631.8854577241,396616.6676403809,392917.24130242795,396218.7850300146,396622.24123914854,383141.99347452674
879,io.reactivex.rxjava3.internal.subscribers.BoundedSubscriberBenchmark.fullLifecycle,394422.43924592686,394238.4154585034,395060.7855831451,396012.3591832098,395857.5342419947,394407.1212848332,392691.3975172565,396291.4479016258,396506.6432567238,395654.5147393141,395132.9428319041,395886.0045735859,397190.8104491401,396246.5932081342,397013.0639829727,395940.8707767765,396538.2969233014,395648.26962127665,396376.45690645324,395794.0156214023,396759.67436405836,396920.31071231165,397167.7717113206,393718.5445127471,348615.7129974681,344579.2313962833,344278.8845572927,342925.4003530705,328862.0709774259,333390.4926076708
880,io.reactivex.rxjava3.internal.operators.flowable.FlowableOnBackpressureBufferBenchmark.backpressureBufferThroughput,9.066003625095945,9.799098788447363,10.673190058331759,9.568502953124675,9.782148950600652,10.674777831259169,9.396220536038708,9.313745515662049,10.284477117077214,9.603563930208177,9.426181093939874,10.325422143197825,9.739259066173759,9.43451689803821,10.078784188420224,10.09628783819065,10.000802094330371,9.949858692057106,10.207213040859353,10.677102396662676,10.447497121845137,10.285536796354073,10.346944058479393,9.526328539110692,10.012607374575698,10.626504815724283,9.534159716796557,9.763466882898818,10.657744184094431,9.986239880179182
881,io.reactivex.rxjava3.internal.operators.flowable.FlowableOnBackpressureBufferBenchmark.backpressureBufferThroughput,8.672758947692875,10.620629212805335,11.421887992397592,10.06176468217802,9.959266401233627,10.844375256205709,10.19512903260694,9.845721553155915,10.690431134844292,10.421657426687815,10.162933094999126,10.218995488722252,10.47408941375537,10.740952636590773,10.841667539182716,10.50849480018517,10.358951288889584,9.675993729108095,10.95898352741836,10.500040207517602,9.69755311031362,9.818173084389437,10.642672072318467,10.116680848934983,9.87206635741665,10.805842926742674,10.330517157972853,9.811562073367917,10.233156165181176,10.433283013546127
882,io.reactivex.rxjava3.internal.operators.flowable.FlowableOnBackpressureBufferBenchmark.backpressureBufferThroughput,2519.976834304242,2354.978522446258,2611.614812192025,2970.582212960649,3258.8542405820263,2826.8219382886305,2729.268666695983,2657.3493316583044,2531.7876893479465,2746.007046597957,2580.63755424969,2745.2525707837017,3019.3478127088106,2457.5903386568193,3007.5002923476004,3284.6098896489198,2703.625102456314,2536.6899116040645,3304.6231501157645,3050.758943034894,2729.433339614929,2813.915928256627,2506.6840665617124,2782.6132935351216,2674.207004425078,3385.3507530337324,2951.38018201627,2622.2661519194244,2408.6447499494884,2838.881331092681
883,io.reactivex.rxjava3.internal.operators.flowable.FlowableOnBackpressureBufferBenchmark.backpressureBufferThroughput,3503.104613467007,3646.907370550902,2769.8478909413257,3465.5247237622366,2985.3211847086986,3016.1575228371694,2858.171022879031,3416.09293053931,3647.3709881002987,2905.9358447244567,3605.593692857939,2730.2196494634763,3469.3781571622917,3272.483722784835,3338.3096488941155,3146.976375648348,3464.670972698752,3177.831343187603,3541.2036966071514,4037.275575494387,3298.726182635758,3250.9742643388554,3528.0263084921826,3027.1311790554655,2853.7045175046833,3303.4918304827115,3147.5107901905726,3497.0221871351887,3187.6016008015254,2863.322550033302
884,io.reactivex.rxjava3.internal.operators.flowable.FlowableOnBackpressureBufferBenchmark.backpressureBufferThroughput,9.262880814085547,10.347451018605053,10.402686972434232,10.295780215979729,10.167517457260058,10.003501035295834,10.46193127237973,11.076535520873778,10.319140828259592,10.1972623884302,10.25414225048583,10.915148917773056,10.135694559480738,9.930883789747284,11.10801415562373,10.329261221169922,10.149472902118369,10.727601973690348,10.266115023135567,9.755100237596002,10.15486486489281,10.454788607871542,9.838851826928874,10.309560728127723,10.312888895817483,9.865181959675523,10.276178980269089,10.288443134649146,10.326054356494698,9.816579335497368
885,io.reactivex.rxjava3.internal.operators.flowable.FlowableOnBackpressureBufferBenchmark.backpressureBufferThroughput,8.123872959307935,9.870451092132438,11.103701816513059,9.853810231235206,9.668118361299184,10.34502533833859,9.70554612713218,9.677406376897547,10.176511075783917,10.345091243342688,10.555754181795885,9.908438861121937,10.304342387023322,11.449313998084238,10.22722649133412,9.725776309957565,10.447657436174936,9.80074761572925,10.446799748258718,10.990004997085336,10.333138496996966,10.161518782130075,10.987090964680595,10.062689816577391,9.787791317324123,10.05871887790887,9.884436408265852,10.194083015033131,9.764249405886256,10.777225238039831
886,io.reactivex.rxjava3.internal.operators.flowable.FlowableOnBackpressureBufferBenchmark.backpressureBufferThroughput,2324.4553112524563,2583.97616010405,2827.031450905957,2827.708248373766,2712.0452981320277,2686.1396278645125,2114.0874118869106,1921.4680849972501,2095.542956297934,1669.6486354252663,2175.8087323927684,2943.6881271296656,2929.4842847980512,2897.927124551992,2649.236175218487,2650.254215813416,2799.374490136378,2847.2061163597873,2858.9615536896613,2580.817117429572,2756.4482996292777,2849.4923714824977,2794.6609940779076,2595.4990012097924,2706.0050966361455,2799.638822854266,2682.605546997764,2810.1479328462087,2301.124258839689,2237.5737196033315
887,io.reactivex.rxjava3.internal.operators.flowable.FlowableOnBackpressureBufferBenchmark.backpressureBufferThroughput,3398.437154236952,3627.725029325952,3663.4281408050338,3156.105996501595,2785.7264568887003,3127.334515724392,2817.4772565397307,2357.0977417720583,2499.753751757668,2443.5216513144956,2372.1233018001813,4021.856872694155,4149.595067898788,3968.2330783786515,3705.8797122541623,3241.5500207052514,2733.0923017832856,3520.006710426425,3178.810404491903,2725.6067755195413,2816.8385078315073,2499.339979296947,2426.0063582043686,2496.6356983407604,2756.389122956997,2365.219661998674,2226.904049727502,2123.889873750974,2493.479027452878,2439.2382157158822
888,io.reactivex.rxjava3.internal.schedulers.IoSchedulerBenchmark.scheduleNoop,1191221.8273342832,1152819.9817746193,1126868.0674393144,1087826.6505400587,1141488.0482571293,1087366.1158308114,1092422.0695795158,1138959.1345012195,1064845.3318305316,1157872.858677399,1042370.0059213255,1126767.8372917927,1035567.3819308367,1092482.8467163092,1096516.431429852,1083955.9823106197,1124040.1326537693,1163870.6560111458,1152541.0796088404,1117768.6973817977,1119815.364154705,1145188.3708994046,1139166.2641775995,1023926.55314882,1202614.431214578,1053805.4227205082,1075011.0763403242,1170480.2090561674,1072717.8015294783,1125910.6033985054
889,io.reactivex.rxjava3.processors.PublishProcessorBenchmark.offer,101285742.48740944,102237314.30890684,101982065.70061636,101018492.44333231,103010560.10850582,101739252.41444369,103696749.52851962,102072301.24126671,102058028.4319196,103265198.40885901,102379236.86799619,102090374.24173002,101627959.88070105,100097432.94601472,98718792.45906702,99142535.37965931,98921226.62705618,97820476.67930728,100203526.58799765,98759054.51240261,100307579.10097793,101131189.57556656,99700055.68982051,100603055.76137091,100123116.74596906,100434183.26459561,100542900.91637397,99503933.15342416,100214564.15187182,100579164.371961
890,io.reactivex.rxjava3.processors.PublishProcessorBenchmark.offer,13614973.048426388,13702016.04668992,13470139.321887542,13727207.280998483,13510635.322022907,13585148.237687953,13722021.725255147,14009058.230164662,13752629.545321984,12993128.509593345,13179393.052673414,13602766.365530802,14051993.810897952,13480260.746802438,13336031.64681554,13357282.949274438,13298830.22784871,13159512.148206515,13345897.478510309,13476679.646918867,14110894.568540605,13877318.36127468,13620690.463992052,13355745.689156376,13299766.333901342,13599800.54898147,13462545.427759405,13219852.35264336,13244760.855434792,13482576.421465091
891,io.reactivex.rxjava3.processors.PublishProcessorBenchmark.offer,1398836.2124068297,1420233.0135402083,1422206.0806881278,1372030.3637234988,1376027.7302568385,1448812.5478175795,1569820.5599037171,1456217.7783428738,1401500.508593119,1425674.8723520583,1462599.216596499,1428680.616814094,1412065.4406783292,1412744.9793725344,1402025.3066142865,1398351.831527783,1402267.4402940478,1406528.708794786,1504970.424879451,1537019.9580130423,1421001.380225191,1404071.389455916,1389565.3894044764,1423043.4306871658,1455779.718094208,1417666.2560816878,1410736.1972698225,1414854.652058555,1392192.27653573,1399339.1950442642
892,io.reactivex.rxjava3.processors.PublishProcessorBenchmark.offer,146677.3677355649,147689.10258454763,146408.96633458138,148045.02211865352,155906.4077241071,151530.21792690575,147489.7294426776,148995.74410471256,149566.6834176023,151759.03954752203,151189.76176478167,149786.5148770445,147307.7949613682,149381.544274377,149402.86988128262,150630.14806821774,148371.98645269958,155729.0971567563,151456.92969743858,149102.92319081063,149842.27666150907,148977.0884119047,150134.3460248148,148973.2790894703,150973.89395099672,148942.66499903047,146274.7409881928,143960.6805924769,145840.4003854943,147968.60249502858
893,io.reactivex.rxjava3.internal.subscribers.ForEachWhileSubscriberBenchmark.onNextStop,101948269.32747029,102073219.37722857,102082687.55255586,102180151.30472183,101605862.16830409,101844329.84558691,101913720.22621463,102052252.9842012,102237114.4649634,101784838.01825052,101777566.90660217,102080234.75831282,102087370.60790451,102012824.90589945,102155679.34428765,101991520.11541535,101526965.08140235,101911546.22017924,102116329.66363609,101849274.24756894,101971405.26049839,101926241.08685543,101878195.95818509,102285678.00279054,102537805.5212999,101978498.22041906,101602078.21019006,101891937.0623327,102202708.98888631,101829607.06207265
894,io.reactivex.rxjava3.operators.SpscArrayQueueBenchmark.singleThreadOfferPoll,94993121.58684832,95600087.07914081,95661118.4472582,95356747.78532079,95606511.13198574,94930777.33838454,94312429.63340451,94913257.04881598,96545209.26175152,94701253.31326103,95306205.30694227,95220047.08613178,95718614.26067421,95750789.5213915,95458786.61941572,94952477.36717553,95397350.2395603,94413332.50820927,94536735.63042273,94110381.54991418,92368810.91218182,96188988.89434232,96053439.68020819,95710802.26113617,96043445.39421797,95733459.73610313,95865342.48148091,96003838.1635028,96323131.65036139,96021413.32170534
895,io.reactivex.rxjava3.internal.jdk8.FlowableFromStreamBenchmark.regularSubscriber,10330787.93627127,10159527.529006822,10099748.975332286,10088511.212755404,10023052.867994536,10047528.891074453,9997098.627782095,10142859.817378363,10218526.212492393,10366438.160906615,10153080.213411132,10123485.534226187,10199270.082776893,10081063.287734294,10042767.425539214,9937305.554569144,9937161.897560837,10065705.679438772,10049697.306277547,10103093.457091365,10125846.462865854,10300664.727280285,10258962.141509283,10055289.514405496,10058718.032541007,10082006.112723084,10050327.739432171,10069970.051044954,10086668.934314555,9979273.902276495
896,io.reactivex.rxjava3.internal.jdk8.FlowableFromStreamBenchmark.regularSubscriber,10078671.990824703,10154294.517411698,10114679.532827528,10131760.86062404,10166922.390169086,10153174.539542116,10245495.768909087,10475662.884024194,10235845.61100109,10154081.404720789,10107598.834291589,10200957.958413338,10127468.55306068,10108043.226602206,10154229.23689718,10135407.737317864,10101658.741654603,10154879.370419834,10105594.862376975,10322079.551730385,10501880.713181993,10176045.255620817,10210757.310579438,10135786.59035434,10145644.820665382,10151153.271923969,10114247.547974821,10142032.131191198,10127139.752048612,10124412.250060204
897,io.reactivex.rxjava3.internal.jdk8.FlowableFromStreamBenchmark.regularSubscriber,9856949.34102549,9900548.790968632,9810501.485519012,9853243.393974014,9821194.340104919,10021692.104239462,10134092.094178097,9826507.518582242,9865786.13998151,9895232.672197014,9887775.585033583,9837471.269838318,9860049.445319526,9791300.984551666,9892323.9319596,9830011.65838916,9854574.04544462,9839045.426578969,10096711.942207968,9998518.693010356,9897861.73953831,9857175.776127828,9870742.73316516,9849164.653975254,9834162.038279211,9816686.65089886,9822173.163834946,9829191.675401079,9851540.802668272,9902816.3576657
898,io.reactivex.rxjava3.internal.operators.observable.ObservableRepeatWhenBenchmark.repeatWhen,744783.0510830684,750574.6734524193,734571.7268481283,740690.6108140075,737433.965407909,763089.5718033244,748955.3203985633,761218.7813367328,753012.463204625,761771.1379301125,792781.9297068475,766440.7578228215,747069.0797284868,754200.360819377,746868.6065294769,749326.7364734095,746972.2915406768,746601.8313810148,765186.3846205884,756252.2261395325,727578.9091391063,728869.2190983024,744252.7067923913,760694.3067927256,732054.0884252143,737973.9113730356,752733.9701608178,751131.9035844185,746078.0499535888,735486.944844484
899,io.reactivex.rxjava3.internal.operators.observable.ObservableRepeatWhenBenchmark.repeatWhen,84190.59382037622,83927.79865860593,83500.55876958834,83066.41056075066,86157.57471945946,86318.77702647154,84544.30085866967,84700.50991548893,85249.45637447415,83481.28126511304,84605.07449375364,83688.82576874831,84882.66317762782,83971.31179769103,81559.32004230273,80994.31981696293,80987.39115316878,84719.17825832975,84491.58653955882,82464.74185058981,82343.04959219582,84614.62827629245,83427.68670516966,82811.53740118664,84287.33518666608,84512.52771828616,83445.36303385218,83392.9330934389,83624.09258065007,85241.79013558863
900,io.reactivex.rxjava3.internal.operators.observable.ObservableRepeatWhenBenchmark.repeatWhen,8381.813629717037,8263.704730393149,8466.936747484062,8631.379196682657,8422.054506472885,8282.448413782988,8367.590130332646,8416.802002903718,8307.517996941971,8150.335266805974,8191.890670549175,8146.185194118329,8154.332747259958,8213.707205979228,8300.371105782428,8371.227494755556,8661.428440998607,8430.391494341939,8314.479106198476,8501.139701664471,8679.863710361813,8268.0640386147,8345.703837082767,8366.271992110063,8512.336267604205,8421.75644344356,8504.579930756901,8436.64720472384,8481.65973277484,8626.814796422379
901,io.reactivex.rxjava3.internal.util.VolatileSizeArrayListBenchmark.arrayListRemove,3666284.541750928,3665133.6237086216,3666710.626305092,3662283.671045301,3662821.1014134237,3650687.467645181,3665508.979010737,3663384.4595481125,3666305.8848455907,3657560.2665728037,3669368.0663037924,3666683.6694883853,3669765.8829123634,3660963.4330098927,3662144.015483743,3661771.2469195174,3660778.605237701,3663441.611699718,3654806.9024525774,3658438.442714554,3664143.9501411547,3663115.7654194566,3666783.364780459,3661558.8482535137,3650319.2053136285,3660950.7413208513,3660551.050213171,3664872.4255517013,3664051.2673470792,3660927.918380104
902,io.reactivex.rxjava3.internal.schedulers.SingleSchedulerBenchmark.workerSchedule_noDelay,2297396.415161243,2110597.474000115,1941118.5716806264,1969190.2391499644,1937683.4356930167,2022316.7681688643,1932414.137462443,1918860.507919355,1971196.799702678,1932773.8158545005,1924918.5630723252,1990404.535491021,1980452.4532752507,1985226.2369339406,1946748.0006594784,1939401.89087637,1934230.6364585126,1977760.4058200747,2002117.5011874833,1986008.3140439992,1963527.6332344813,2020598.6361047204,2035032.333715664,2013323.0827077348,1948516.4851211663,1960285.276140068,1940438.467874897,1971896.8164968214,1924819.6095717293,1944464.9497957502
903,io.reactivex.rxjava3.internal.schedulers.SingleSchedulerBenchmark.workerSchedule_noDelay,2188762.3721928475,2002094.7544389067,1916995.3050591578,1929475.8516489693,1872596.3365057572,1935664.9548601555,1955964.164491365,1892263.6029227392,1979747.7858379625,1944229.5879845645,1965120.3524705467,2021316.197352715,1945674.4804854312,1952095.5828564707,1954500.9397540262,1871518.132746469,1971097.8828762078,1965304.0969794714,2036687.2700858798,1958377.3082247379,1937598.6607353,1925233.5105630837,1882533.4005612906,1921686.3344327915,1938057.8673791545,1949446.6590798795,1886904.3830187265,2001245.9481772177,2024677.9472131748,1931129.9274068098
904,io.reactivex.rxjava3.internal.schedulers.SingleSchedulerBenchmark.workerSchedule_noDelay,2214364.2571918513,2032094.1504240322,1964393.4743000302,2067496.9229580327,2119114.589240921,2099646.610532401,2075434.3029698927,1929515.6416258672,1949811.1663703844,1930167.8459995221,2015698.6758776824,1932505.5340128466,1970233.898014941,1967609.4356138927,1993557.7230930577,1919050.5127481574,1957818.8257338349,2049517.727834392,1913987.2726149256,2031367.559893571,2051213.1960886298,1946354.6225196542,1916419.2882985268,1962027.595786302,1947711.3024979131,2108466.5533950636,2088995.02827977,2048063.5489780544,2094916.5479564923,2025364.909337059
905,io.reactivex.rxjava3.internal.schedulers.SingleSchedulerBenchmark.workerSchedule_noDelay,2118529.55248118,2020300.5199910891,1878740.9472064842,1881077.759159808,1987694.0994083844,1992986.809831899,2006925.260562298,1985631.2319582442,1926185.353017077,1952335.1662404868,1898939.9924430517,1890910.51386571,1919641.0394910406,1945052.0556821493,1960836.4454488917,1881896.174520612,1895399.8012367105,1952398.4642085002,1932876.140230122,1967271.493342898,2039717.3007200856,2035252.1084058527,1947507.500021467,2017143.1513421761,2060683.0591391884,2001462.8352957533,1946146.094593423,1940870.450932541,1997030.0636487615,1982991.0965771219
906,io.reactivex.rxjava3.internal.operators.single.SingleTimeoutBenchmark.timeoutSuccess,1848015.2959109244,1644434.3484794088,1664590.7619635211,1424702.5616356793,1703334.855928735,1645308.451708178,1424842.2874919632,1687419.1770721495,1723030.2514445868,1599019.7497849625,1563993.0358265664,1791529.8555655102,1749092.387812645,2020454.7302387634,1636609.9452323187,1836932.0978079995,1644315.7983464126,1424412.3731032552,1686423.208161119,1756174.4875992434,1501060.5858804313,2022541.278170682,1432104.1914008113,1682362.949421131,1710937.4988593992,1706443.7696779931,1724706.0866484973,1605385.0883101246,1475526.686833741,1743380.2974225997
907,io.reactivex.rxjava3.subscribers.SerializedSubscriberBenchmark.onNextSingleThread,19160118.71409518,18455751.88393278,17729626.213470258,18397237.950081393,19386120.340221833,19587114.311833676,16627466.386527738,16670435.666514257,18402799.262576014,17887521.001071185,17910408.643482298,17933301.351516135,18054625.82879573,18880737.655275278,15697388.734027,17486887.28007549,17543772.795781605,18189748.104433406,18409814.733908698,18863544.944339056,18264178.715255156,17951984.352365676,18667680.631800555,18942295.344179135,17937848.64763498,19563086.1175868,18292224.45750987,17378915.322590977,17082514.65654676,18608833.13367619
908,io.reactivex.rxjava3.internal.operators.single.SingleFromPublisherBenchmark.singleFromPublisherThroughput,20523780.246022604,20506933.0252163,20558917.28989514,20529120.944116127,20954438.1175819,20705061.771438193,20551621.34293991,20693608.36086397,20544877.99754925,20509496.387074877,20530196.922882292,20576117.091335785,20555059.324206166,20575913.428437516,20586888.67319818,20579010.412769124,20748192.837782476,21067431.552385863,20587458.35020856,20498313.181673624,20590796.605496913,20613326.70862832,20554136.00127931,20516346.89398979,20556657.874477603,20538402.82580457,20548434.442938823,20569018.917505473,20563680.637985323,20626435.844788488
909,io.reactivex.rxjava3.internal.operators.observable.ObservableDelaySubscriptionOtherBenchmark.subscribeAndConsume,26861169.696005005,26680642.169853613,26592254.381156314,26635342.2947894,26751026.647811648,26560432.83642549,26611729.233794127,26614972.08158853,26522101.857711546,26479070.41812131,26102741.8790799,26543574.528718166,26590757.192823704,26763434.621090163,26537501.9114004,26493136.721603572,26683586.350161355,26650465.273644008,26622017.231318552,26624707.119657923,26522576.281756785,26540151.34196925,26562326.724391088,26554976.00413271,26466087.72212374,26569275.274415333,26644808.630341776,26542905.946813248,26599657.95828489,26789077.160217557
910,io.reactivex.rxjava3.internal.operators.observable.ObservableDelaySubscriptionOtherBenchmark.subscribeAndConsume,26111959.168447413,26541643.584560394,26564994.70660448,26728704.219192468,26555822.76393372,26112496.358278498,26523439.85890674,26536908.100182828,26537067.34365856,26524917.25386292,25614237.580251962,26518365.891381703,26564258.06242348,26615307.37421301,26664495.207111653,26080894.218338188,26706740.884930085,26600150.7639407,26542001.630583737,26591118.460257098,26643072.9647098,26579166.265434068,26339939.39967092,26643750.14290896,27133735.646615054,26859065.383167624,26585848.067079514,26623847.873917066,26616684.019975554,26733066.12955925
911,io.reactivex.rxjava3.internal.operators.observable.ObservableDelaySubscriptionOtherBenchmark.subscribeAndConsume,358055.1691144586,362613.63171808905,364013.0646849447,363960.7745710923,365131.48770507495,364997.0664266151,364217.5386228977,363737.6004369787,365539.55080261175,363719.9510870238,362941.53758036013,363628.487522085,362953.1621970901,355595.2185692179,354406.0652201454,357533.17816546396,358541.74503656314,360557.9063543373,361849.36986057076,363684.15140261507,365154.16190469207,363283.47400103154,360916.9012008887,362682.335665122,362308.15436438704,362564.5734618092,363863.60841920716,362012.2382361249,362736.79618457763,364416.0516103667
912,io.reactivex.rxjava3.internal.operators.flowable.FlowableMergeWithSingleBenchmark.mergeWithSingle,7232229.590263217,7243185.607002175,7082574.209898983,7077944.480124756,7081293.93290372,7105299.214500214,7115930.174261436,7094319.094999073,7093476.105097843,7093355.723653639,7085222.27220379,7088272.977759297,7088585.512604287,7245054.815278968,7130177.645948413,7075142.395244999,7057910.798064578,7124396.588057119,7110922.622198483,7117014.272517682,7078326.154266882,7111277.039867614,7084706.533893048,7081812.1506968355,7105543.089974983,7163377.7531300485,7252116.81888918,7086147.699513516,7051230.110527313,7052468.990716809
913,io.reactivex.rxjava3.internal.operators.flowable.FlowableMergeWithSingleBenchmark.mergeWithSingle,579051.1854514594,582021.9946323168,582364.0934524512,582994.506382115,580403.5301360023,581967.442444295,582647.7873121535,581625.493669968,580910.2335892844,581527.9544006134,580249.8651263734,574759.5335961302,568140.7933258901,582207.8351137686,579496.9296370158,580916.1823053826,582631.3858693655,581847.1531936046,583127.600336721,580815.1255018179,584457.2587744308,585537.3350197641,585763.9686295647,583924.4065932591,577686.9451156054,578407.3593822197,584428.6285895054,585041.967714117,584826.6183912667,585914.652862152
914,io.reactivex.rxjava3.internal.operators.flowable.FlowableMergeWithSingleBenchmark.mergeWithSingle,61741.9213625751,61807.574547159624,61313.93571343485,61333.84765967017,61378.91337720409,61543.972612932186,61482.39889197854,61588.77522867241,61616.01426700375,61668.27062401045,61552.86585117659,61618.11553317265,61663.472719107696,61756.4986765341,61399.99858386922,61040.936782669436,61632.8279827771,61405.75009331658,61831.428555161205,61807.391666264295,61959.496757498,61641.166853338946,61545.73658732999,61489.100721901945,61602.07711812704,61745.81682665797,61641.91835241724,61623.58666953437,61474.54672236089,61624.07520750336
915,io.reactivex.rxjava3.internal.operators.flowable.FlowableMergeWithSingleBenchmark.mergeWithSingle,6197.02585852017,6156.908859278156,6187.161008490924,6183.764516063464,6213.102405521679,6197.04004131536,6192.196302457512,6210.327781700254,6187.3820537795245,6158.4234422389145,6205.734998155036,6219.49601557937,6205.911390053514,6159.428830005165,6238.678446035535,6220.477560751106,6211.652849357208,6191.51067871955,6193.29130167635,6211.247041577385,6217.101728273892,6196.822907291937,6186.726204108564,6231.258679617404,6210.219468566093,6215.277523710089,6211.951379123544,6214.571245212441,6201.144167691129,6235.587509650649
916,io.reactivex.rxjava3.internal.jdk8.CompletableFromCompletionStageBenchmark.subscribeAndComplete,55245029.87853062,53472035.19295922,53616512.11812127,53423745.126745865,52728688.57484596,53513894.44996045,53459652.04716766,52843698.54044106,53929084.80218038,54699473.44589634,53339514.20179107,53562234.8729886,52513960.156732954,53919044.3490331,53900177.015831724,52441765.07976932,53133787.07325196,54053269.05355926,52908995.257212356,52824400.93467591,53851655.546887055,54524307.17125983,55738857.259693556,54108768.10775485,53888249.08343256,52609000.67464042,54168657.60905105,53211922.97168178,52838165.951967224,53563031.93275371
917,io.reactivex.rxjava3.internal.operators.single.SingleCacheBenchmark.hotSubscribe,60397478.418798305,60322267.50044749,60483052.12645558,61958719.39033904,63020206.953965664,60443420.36709945,60418413.60906613,62407437.78724696,63637636.15354426,60665256.576771304,60567572.2881633,60524072.52777799,60144213.56276402,60609021.99114513,60613541.7254085,60819115.83239552,65627603.81033274,62276924.33927624,60580495.68769059,60769780.81401348,62324943.853778414,62556344.441303104,60695222.82985782,60469282.06122302,60477711.56398057,60149412.10731606,60161122.655795366,60685963.59611068,61774663.64345988,66000132.600779675
918,io.reactivex.rxjava3.internal.operators.observable.ObservableToListBenchmark.collectToList,213380.18362064948,214948.43900907267,213811.7353287242,212335.0974775266,212577.7851520565,210953.43858494735,212174.82528490198,213557.20468330325,212908.08727093658,215203.0916680204,217011.25739960308,215565.19457211925,216788.47558691076,218282.90005021467,217331.71754501192,216299.9631485174,215587.78401888488,217130.6627111799,216909.0986522634,216739.21653074608,216901.45399841538,213885.6843384786,213535.6304709637,213996.13509192527,215838.2760752532,214978.20492719914,215704.56551371355,214941.8382661163,215943.0730321903,217098.21646887483
919,io.reactivex.rxjava3.internal.operators.observable.ObservableToListBenchmark.collectToList,21669.27321895573,21896.889494007297,21805.24562465631,22244.173953515983,22306.334936623865,22221.427976001043,22297.58450474047,22318.54012197208,22304.428675304254,22245.676204300435,22234.025443140115,22411.957037167318,22488.4635431938,22498.126532735492,22383.057762800418,22470.194556440354,22150.902976530087,22327.346076688107,22158.257388161892,22490.71465565743,22312.207124908684,22353.799086851657,22415.174381881992,22489.64605795034,22359.344245151977,22471.93876269193,22500.03178721938,22464.772749464697,22501.956719278667,22449.212996975213
920,io.reactivex.rxjava3.internal.operators.observable.ObservableToListBenchmark.collectToList,2455.653082522073,2449.5002872444006,2456.6522977170425,2467.5884111881905,2441.097675096475,2465.154269664089,2461.740123942076,2476.807507474134,2471.807713662084,2464.408886884392,2461.1430841232564,2408.628806214674,2449.080333598529,2444.3468778472798,2472.573490963103,2460.5392861635196,2442.9100517080497,2465.700737901441,2462.556094713255,2481.0993386101904,2459.2478882183464,2453.4184490510925,2465.1961636261417,2466.3044577494343,2442.8945901979355,2455.3545363994713,2470.2797232491343,2449.893473731975,2411.546197648073,2454.295192686631
921,io.reactivex.rxjava3.internal.operators.observable.ObservableRangeLongBenchmark.rangeLongThroughput,330892.3240195464,330739.4698343063,331328.96452454873,329379.43828397215,330545.5762769024,331393.1967920714,332475.61057035264,332295.2544447776,334742.1782046356,324236.5670944077,280907.966215995,260846.92504836695,260867.93972137067,260306.6820620089,254742.39299484255,251927.28487822157,245696.59344646122,248094.50797308658,252425.5163253788,250930.07060976874,249905.008955727,247550.00805375812,248352.06729364567,250422.70274092833,250880.40837745808,247675.05073342653,250417.61576780648,251264.68295460584,252345.57762295302,247783.3730292941
922,io.reactivex.rxjava3.internal.operators.observable.ObservableRangeLongBenchmark.rangeLongThroughput,30234.725970000454,30647.94698597525,31002.27229295755,30884.279688036855,29162.86527826163,23601.019023644283,23852.156894454653,23404.80696336985,23719.260283121737,22587.506152693084,22449.674954513986,22749.39486609656,22459.323210754366,22601.96957466523,22907.13559923816,22568.527065081096,22478.403265828503,22974.868659117717,22203.8540368893,23249.30110488124,22568.867456989577,22766.990801220876,23057.319033286723,22451.830524520075,23094.943233640442,22055.617574245247,21548.382535310135,21691.179307482467,21822.124213846826,21727.151831120762
923,io.reactivex.rxjava3.internal.operators.observable.ObservableRangeLongBenchmark.rangeLongThroughput,211.22806808133709,216.04729924916316,211.59968091167363,210.20537868462108,206.39486408695294,199.123298150792,204.1318230697162,207.57143245270072,203.4475447026813,202.38912869048437,206.17332639960154,201.66641229410524,207.90602717603147,206.2567585145981,201.62780112795184,207.6624940396122,202.68084516159192,207.09506559694884,206.57315458550949,203.39835012112192,199.03445420651053,197.1494833284572,196.6512480575274,196.6968138914295,214.64065441168162,219.1606285995832,221.12165327185897,220.68322027146132,219.77445317081666,219.78218947654526
924,io.reactivex.rxjava3.internal.util.NotificationLiteBenchmark.isSubscription,104119986.25178272,105770324.0498009,105780728.10254572,106197137.57311758,105755984.30266668,104299520.27351008,105725998.55619755,104455011.44350192,106497991.7968445,105453910.63970643,106099656.33977729,106879944.88476527,107018605.43003725,106681538.98189218,106946504.6114367,105591287.0244671,107101688.46103339,106676393.91892166,106177021.99201743,105821848.72289082,104814209.75826114,104920803.77490781,105188382.09635565,105816806.77545324,106086099.60055837,104968701.00277813,106075635.51078787,105890184.63088493,106458471.63073102,106000440.81945518
925,io.reactivex.rxjava3.subjects.AsyncSubjectBenchmark.onError,6453.370475549641,6918.927150616031,5328.504168588195,6161.3784588081035,5950.257437623071,5992.822604794847,6098.418802812865,6019.743214527684,7504.221356586965,6046.776580284273,6918.304311020096,7583.610059567206,6185.6136709597295,5724.084160171486,5852.271873142138,5530.457173892656,6242.49209438727,6529.856977112136,6375.410351047452,6568.923301180752,6380.77976048454,5619.452011861478,5355.29186539603,6765.1523625231275,5708.615972174939,6055.264043208189,5460.447251335582,5860.552341709378,8365.112814554348,7276.84160080722
926,io.reactivex.rxjava3.subjects.AsyncSubjectBenchmark.onError,8419.35381195764,8819.63658441129,8423.400254709903,8098.066928869068,6515.769620706752,5935.7621599460135,5504.196127115297,5813.380369226586,6987.605646963588,5454.964119835952,7243.937722484694,6608.7392884361325,6616.280190748438,7805.820573574459,6053.638503034258,5969.557578179209,6736.045922730609,6310.54165898473,7624.954158331477,6842.641364755165,6036.629184164019,6198.960212651855,5990.386067253656,6652.44064948531,6385.877104802364,6638.11820155318,6967.488079507458,6993.1066322008855,7895.487793435005,6508.639408359498
927,io.reactivex.rxjava3.subjects.AsyncSubjectBenchmark.onError,9100.797034024547,7442.317286794922,6101.379539494803,6708.912596286696,6367.9853651038575,6822.298109817182,6594.354515338649,6173.873023273297,5863.128539752623,6190.813472560731,5836.907774733738,6190.808371508407,5871.1038910774505,7343.097507153772,6991.899630889972,7058.66609868214,5879.514128711431,6740.51712949748,6631.382126836593,5927.545979423461,7732.311142080518,8737.929065036707,6763.209003773372,6310.877967283501,5992.892098143687,7617.5127474458695,5674.394465595655,5656.066465547406,7049.443840590104,6362.034730980908
928,io.reactivex.rxjava3.subjects.AsyncSubjectBenchmark.onError,9051.888534822316,9788.792433820638,9743.245465321254,9250.65299520071,9452.562634060798,7132.595209031997,6882.321264822932,6558.729615981943,6272.553356752875,5972.220894396447,7169.577597237759,7660.502469222094,7621.751076949223,6208.816597654399,7725.810377403946,7633.470451303606,6706.337958814737,6118.641616077523,7107.317696700969,6312.271022556224,7730.71950449909,6519.288868257007,6632.32462717012,6463.282201782975,8118.29369755118,5563.204970720943,7566.087951129742,7130.332253246382,5511.291591277353,7591.362319118009
929,io.reactivex.rxjava3.internal.operators.observable.ObservableAllBenchmark.earlyFalse,20830581.914519273,21046883.70747973,20689066.930890936,20732356.472558104,21017048.72751319,20724007.88254315,20646615.51979905,20734745.079499874,20724700.600582175,20886304.873964135,20829359.80120304,20798867.22609997,20844911.482843835,20788141.34653578,21069763.736281805,20863430.603582904,20656088.744164683,20982050.28073455,20725070.88998259,20738264.67721453,20727294.36121319,20814091.447715607,20786535.638751667,20834082.206349254,20792761.70404226,20823523.458483323,20857671.00462817,21319229.31747937,21019673.00500475,20956654.823317092
930,io.reactivex.rxjava3.internal.operators.observable.ObservableAllBenchmark.earlyFalse,21714463.099735793,21391180.475912537,21269722.22730412,21330369.448986635,21237907.066830855,21296679.299944043,21274741.06895128,21310478.280311234,21119411.79049102,21107770.749149345,21077651.576357163,21206366.98782014,21365375.92370647,21132819.121516384,21129723.045666628,21578834.305276163,21421944.042699337,21284052.312269792,21421874.006541256,21608743.94309033,21798823.34064896,21974240.59275765,21979777.285052616,21973010.783652484,22201052.701457858,22390228.44089139,22098269.288538236,21979235.83388543,22195131.875329796,21984247.631849628
931,io.reactivex.rxjava3.internal.operators.observable.ObservableAllBenchmark.earlyFalse,362194.3047755344,363169.90569247125,359870.43296700384,358432.6506156461,356647.211336674,356731.0242407495,355087.82531115133,355994.92345393717,356119.1345014982,358854.57573687885,357350.8085673014,357678.068877831,358485.4627167229,367388.30985451274,382991.88474400947,391102.72465121635,402757.48014326015,408125.22503416275,412082.52022484946,413804.6571988686,415258.9138502908,411729.94619409525,412534.6360848432,415390.97046314063,407984.8370105346,408908.68988668424,413390.3366576953,414355.0476755647,416291.16824103013,415514.11471719545
932,io.reactivex.rxjava3.internal.operators.observable.ObservableAllBenchmark.earlyFalse,3448.9850499244335,3448.9132370922525,3418.7076321233008,3467.611734981646,3461.2142455256235,3474.0197914197715,3464.950102794103,3481.7175874413297,3607.4517430915366,3751.1484142869886,3858.66561575507,3956.9517124814743,3989.1732757519867,4021.4193392187717,4009.3624392036427,4019.68780105516,4033.2479968777343,4034.8927000984263,4026.631132401854,4007.770166404267,4008.1441650253073,4021.8697339486685,4046.510863635743,4050.111729495487,4026.048475651168,4037.0833640738538,4016.71377299325,4049.5542129235787,4049.9699063541984,4041.033845382043
933,io.reactivex.rxjava3.internal.operators.maybe.MaybeOnErrorReturnBenchmark.errorBaselineThroughput,35287114.370030135,35324044.366491,35220271.96396801,35150603.28927373,35293521.78343569,35198967.487684764,36461222.98981001,35702866.891292274,35132698.75698876,35221632.74160491,35199761.65190433,35301419.98501608,35169485.606153764,35114201.64635615,35304100.83117006,35246582.38704003,35714520.706894726,36172230.31196047,35221211.16363379,36758786.48756333,36833876.42831417,35457843.649908066,35394924.66398329,35329192.5484223,35356707.44378663,35306672.712668665,35300274.41265762,35278894.69070267,35734806.26231859,35766510.16811405
934,io.reactivex.rxjava3.internal.queue.MpscLinkedQueueBenchmark.singleThreadOfferAndPoll,47745842.586048305,47686753.213923484,48163253.51469346,47842328.90960876,47830526.57432293,47847013.867557645,47919092.99105126,47852862.208451696,47845301.77002016,48026749.07553574,48577053.63501555,47862608.17826711,47987255.71162384,47526683.72099004,47694847.05880369,47352607.23691404,47635541.943919025,47474137.67976318,47446663.533537365,47907848.50287191,48117124.820996925,48263208.93046178,48887976.024553604,48058221.26210147,48020306.32901065,47589540.75090302,47818702.91285367,47707985.43594885,47659215.7853134,47488792.76779381
935,io.reactivex.rxjava3.internal.operators.observable.ObservableAnySingleBenchmark.anySingleThroughput,26094669.696737196,26149060.485002577,26254480.148393013,26259354.96874853,26236048.218019642,26300500.551371176,26238568.120135028,26665828.39556889,26940495.93377873,26350357.86138288,26232806.28069393,26269880.94185948,26299645.110168587,26327790.086523548,26304554.752032734,26359352.514456496,26243072.70352809,26259519.57671534,26270535.652697247,26351140.81766738,27177305.701532047,26824510.52610713,26226082.73782131,26273798.69711806,26314919.612412672,26346949.544771235,26334391.24595284,26218333.754278444,26217715.953312743,26245257.219916422
936,io.reactivex.rxjava3.internal.operators.observable.ObservableAnySingleBenchmark.anySingleThroughput,26563752.27535609,26620637.902027976,26693435.277082447,26811598.231742244,26862752.145276424,27007674.781303387,26973269.107754637,26746089.627748564,26766170.90174155,26869849.91232671,26994980.805569634,26778418.637425255,26718834.987906914,26825639.242769253,26717715.48635208,26797157.247815195,26361500.880216308,26684412.31886978,26738358.84203024,27271593.227294434,26881542.65873343,26865061.708674375,26725021.448337696,26750944.28492358,26818904.395695206,26844420.40841711,26528162.408416897,26344485.890629236,26854230.008702293,26824135.836961344
937,io.reactivex.rxjava3.internal.operators.observable.ObservableAnySingleBenchmark.anySingleThroughput,26502895.191158175,26595817.307061456,26693982.70995578,26940607.836466767,27398321.44488229,27218208.26014632,26887880.31664479,26711793.02371209,27461067.472837634,27334101.894614007,26992763.29316289,26948823.969899993,26952845.634544782,26963051.152437683,26964033.918566186,26977035.959558964,26934097.46074327,27291598.000086952,26904928.99760127,26875730.319111932,26929536.750490375,26855624.90371897,26932364.180532,26995020.376608156,26893980.355024107,26991402.992421303,26625698.357685454,26858068.736299355,26987520.220308598,26946697.302348323
938,io.reactivex.rxjava3.internal.operators.observable.ObservableAnySingleBenchmark.anySingleThroughput,26577184.763280552,26634618.188515365,26756182.022544686,27527709.11977089,27275956.722667623,26334453.890464745,26648717.81600988,26735925.986052833,26702116.25588021,26857749.97789697,26901724.66542098,26840133.595809776,26804805.81672367,26812069.121065207,26806473.03722754,27038335.7550814,27628450.526383404,27046105.46040886,26800071.968558475,26696194.705257714,26798350.295779064,26569413.60118748,26840613.198668998,26874245.128689438,26873638.340664696,26739058.31819361,26852954.550996024,26853847.37630516,26814720.058929294,27155818.75245806
939,io.reactivex.rxjava3.internal.operators.observable.ObservableAnySingleBenchmark.anySingleThroughput,25972799.926207356,26416534.83747781,26908621.689774673,26194372.767561268,26192326.70765894,26311540.494630866,26546138.726522785,26144307.0468028,26115416.203805394,26079789.23975449,26110234.171014264,26029256.337842375,26064332.867510334,26159870.620081246,26541094.208141297,26779002.19555675,25806708.67453423,26188517.7086403,26171454.964125656,26027446.30699865,26020641.706823844,26207241.004472233,26121693.00716192,26111191.58429765,26158486.750247814,26128721.761417083,26055102.029837,26569220.798409503,26729090.36852781,26011347.27494976
940,io.reactivex.rxjava3.internal.operators.maybe.MaybeUnsubscribeOnBenchmark.dispose,1769424.6260941406,2065637.929367993,1764747.4366443881,1883447.5907426113,2034543.6952103742,1720731.715949798,1689535.627569525,1899984.8041495536,1949471.2450033873,1657351.9829674168,1699051.307139041,1979457.8649810096,1944219.2140733716,1792883.7889735806,1989245.8458574146,1690455.2412259334,1625266.4384447907,1653174.0338923428,1777200.5241725468,1647978.131536288,1714315.15698314,2001885.666405938,1578380.235517693,1726066.9827056176,1631119.360105882,1867070.4609753755,1913776.448085759,1697922.0361611934,1530450.5453199414,1744532.3695009083
941,io.reactivex.rxjava3.internal.operators.mixed.CompletableAndThenPublisherBenchmark.subscribeAndConsume,6742422.1768370345,6814167.854157485,6728892.948749711,6772869.240087254,6803117.867352902,6748691.972645865,6754745.031598412,6742206.333587683,6758446.899587405,6769865.036799071,6800939.74706329,6828307.835361955,6836116.190047897,6979174.900306653,7016224.929590534,6842167.092543263,6825116.62243904,6857801.756998293,6828817.039121852,6837668.83307131,6831810.995873444,6829066.176678579,6834138.196617168,6826228.944847024,6833365.902710083,6831672.963464135,6987307.94309981,6956009.924313357,6824604.963522204,6843528.390070993
942,io.reactivex.rxjava3.internal.operators.mixed.CompletableAndThenPublisherBenchmark.subscribeAndConsume,2935907.6207712344,2891186.6412201966,2932240.2499750284,2910694.459850686,2892338.1771935187,2906209.556908029,2909043.3424510034,2903357.5016719396,2908938.3497297387,2909793.19321793,2905941.2777309357,2924057.026223986,2980588.992771419,2937597.3507374907,2902241.1585135963,2912868.0061750333,2909854.6077956585,2905126.9058717773,2905575.4143744013,2899780.5243753055,2902512.369926036,2903566.0694459244,2903361.781831599,2903740.4246005868,2935419.8258583327,2989569.7218150804,2924347.516381706,2901405.7366786827,2902320.0605480024,2903746.893522749
943,io.reactivex.rxjava3.internal.operators.mixed.CompletableAndThenPublisherBenchmark.subscribeAndConsume,442277.03956008697,448140.2662924313,440047.78497651755,440457.54894100846,440817.5377015489,440038.5490596653,439383.42729999154,439472.8774141024,439528.460180278,440584.46989836503,445585.65819437953,446448.4572107851,439518.0505223347,439821.07908596273,438944.0733532425,439132.67365030036,439216.2544410832,439546.65118817025,439859.1455242627,439491.27296215104,439199.7228198545,439766.2352315805,439454.7607375747,446801.70970982366,444461.07288710907,439240.93591328844,439446.1593648221,439739.49833038816,439626.7122318857,439663.1861110211
944,io.reactivex.rxjava3.internal.operators.mixed.CompletableAndThenPublisherBenchmark.subscribeAndConsume,53558.191729774844,53494.51574170619,53528.736757289706,53532.967567353335,53517.68466440836,53542.542958096536,53540.49283512669,53519.44475680425,53562.19842921116,54072.810623763035,53937.42060289575,53589.503265042884,59029.964915323915,56826.23463619479,53597.26571745967,53657.533470501425,53549.78124113426,53586.326363832406,53601.80897245644,53518.076774393034,53580.887827601895,55824.165326435395,58958.33473720439,54357.49123870686,53421.998852551944,53412.15740498291,53410.777353926795,53354.598989690865,53328.50257289601,53328.478431853386
945,io.reactivex.rxjava3.internal.operators.observable.ObservableDoAfterNextBenchmark.doAfterNext,1553000.7551261196,1573507.465378265,1618556.5086600021,1571868.7693717545,1552186.7818413035,1574584.3828541823,1551069.8165219354,1553363.8604649561,1555420.7250783253,1552539.5258094815,1554555.445693734,1554447.573875643,1553722.265106792,1553889.4055221896,1586791.8341995203,1622225.688677105,1556731.2612371915,1557753.229235024,1596664.1828370532,1558911.4183346082,1557180.3372717553,1553767.1875217245,1553791.539752668,1553473.2710418697,1551476.0827303317,1554867.8288298503,1554820.9957605004,1589448.2786840035,1596192.8712068682,1553152.8200135522
946,io.reactivex.rxjava3.internal.operators.observable.ObservableDoAfterNextBenchmark.doAfterNext,186618.6247345418,186791.49463608325,181684.2558170116,181587.4534091297,181332.8913370981,181274.83782058637,181643.88819763635,181670.10233567713,181133.71901971276,181450.79227954577,181381.65422438557,181339.55118833517,181671.72018456546,181619.2676028076,183418.6828838474,181784.83603331185,181534.88466451596,181377.7095229657,181459.17541580892,181653.54312205483,181465.33359370325,181404.84758122498,181502.96042655892,181729.25513215206,181555.73810657073,182920.28857895907,181259.4062023293,183877.80706794313,181396.117431717,181563.68785849292
947,io.reactivex.rxjava3.internal.operators.observable.ObservableDoAfterNextBenchmark.doAfterNext,18635.39168490923,18430.45744443373,18451.817164712473,18431.064531319713,18465.132231110798,18456.369272036496,18462.21820527192,18460.34604529607,18478.92690462735,18475.486894574307,18468.21737235241,18452.401966632482,18459.669463944378,18466.266497698794,18638.327489682713,19103.02505801314,18649.513727003527,18464.05255944845,18461.390905168704,18468.848019849644,18468.20756614975,18469.58761216571,18474.756094672146,18474.49044938538,18889.244807992578,18782.287118292425,18457.134858717767,18471.46293415486,18517.019820072845,18503.314174660118
948,io.reactivex.rxjava3.internal.operators.observable.ObservableDoAfterNextBenchmark.doAfterNext,1809.9955357374604,1832.9636203734774,1812.864532598097,1815.022684700219,1814.7809323493134,1815.8593661233103,1812.8410265318603,1818.000666849441,1818.04087072216,1816.5560464181476,1865.850650925835,1849.6155795971677,1816.111663508688,1815.6447727315046,1821.2339198064406,1817.3838777872882,1814.165217317747,1818.8026780974533,1818.007213530799,1814.878156340096,1817.0707718121446,1815.543643134318,1826.88453176317,1867.5121180616927,1841.937761860486,1817.6297288303103,1818.2479253836152,1821.5101358146449,1819.1665342989786,1815.03242255083
949,io.reactivex.rxjava3.internal.operators.flowable.FlowableThrottleLatestBenchmark.throttleLatestThroughput,167061.2679452831,229151.73506144638,143773.08963506436,112855.20167359189,170754.78900713133,163250.90583443022,158130.16490809774,120240.49535028203,205129.66367228277,188455.8409903303,201430.05599560752,123269.54410087288,96629.25718380268,144765.0780973557,152276.58885787748,127998.80179592688,143392.9258542242,59966.68092746066,42103.621693316985,28888.50356352697,20062.226988294195,15728.7144461555,12700.911779983908,8982.492225556703,8735.019398925373,6918.294467391492,5789.515377028872,6111.952856182681,1898.5339789549982,2912.181728905711
950,io.reactivex.rxjava3.internal.operators.flowable.FlowableThrottleLatestBenchmark.throttleLatestThroughput,222898.1987005473,129752.00078898162,185491.04394603707,133491.95231187172,114909.48061845449,159087.24231442212,163508.71984895805,71332.60154605652,72219.76919877781,135511.33668307538,158020.82090552867,155157.7314567285,112763.52373585041,88550.84566452533,118666.80476808846,97039.96847535601,149560.8131959564,118701.9131179579,186693.78004686916,148828.37070741464,70833.80155901104,34215.50590946593,32533.765731612028,37372.52291943404,12793.76879490844,10474.272151019115,3490.9012955479056,3932.8176200799235,3314.6442703835596,3723.9162529075593
951,io.reactivex.rxjava3.internal.operators.flowable.BlockingFlowableMostRecentBenchmark.iterateAll,24257186.634589184,24624566.29566243,24316142.47040358,24539123.629525084,25577946.246103298,25087009.653458297,24330518.959662218,24336082.6209565,24444588.28346909,25890648.65337608,24573115.778513562,24635260.30919658,24628998.998030305,24630207.35779698,24571155.277195223,24562738.843315545,24882263.058403265,25663350.823882617,25317963.351132967,24618582.29451368,24509569.10579218,24586211.273385145,24642214.081790168,24631336.235331263,24619439.13380156,24549531.68951916,24612607.836305127,24619548.714314654,24636461.873694014,24857247.514986373
952,io.reactivex.rxjava3.internal.operators.flowable.BlockingFlowableMostRecentBenchmark.iterateAll,24623487.831205122,24436866.18286854,24681854.69017271,25478501.702372976,24889732.249724176,24349299.82046966,24630436.15334231,24629770.874838512,25673181.681876417,24333825.62151508,24367634.526813988,24572782.991263375,24031992.911753636,24426402.842088096,24566282.385516588,24368480.550916694,24578042.65882577,24539596.41609757,24580906.392195225,24477136.88606884,23843814.019237615,24519427.028950147,24628420.570580944,24627099.101137713,24607906.68073211,23993814.994257618,24581353.20179984,24588488.792378455,25498461.489998545,25036763.423662424
953,io.reactivex.rxjava3.internal.operators.flowable.BlockingFlowableMostRecentBenchmark.iterateAll,24578970.867561325,25628125.625204038,25779154.99476794,24432939.72848248,24379939.054579798,24366306.125191797,24584461.306413062,24250659.038200695,24607107.25043994,24560097.51991584,24558854.922752112,24597455.805218086,24624129.714220103,24634912.012554478,25355903.233167414,24636272.365751542,24565956.86649282,24625869.965587225,24581984.315972712,24682961.652770292,24613244.828055575,24530468.338516667,24607576.415878914,24625555.88155602,24643396.426795255,24620835.840369433,24781118.0659225,25252291.200082943,24621864.124138594,24569556.725349076
954,io.reactivex.rxjava3.internal.operators.flowable.FlowableReduceSeedSingleBenchmark.reduceWithSeed,21696.685854187555,21982.991919637116,21891.85374455074,21884.371830990964,21873.89189051072,21902.722217088576,22020.479800127836,21809.743366206727,21776.50565479661,21905.483118496293,21867.438175621704,21871.195079626053,21783.232878799172,21869.55854109129,22016.35408694422,22042.653304096388,22118.816607375054,22263.516338544443,21940.548861366853,21899.816117840484,21838.587665929244,21873.713933829436,21752.994272062824,21921.409952450507,21786.907822310866,21792.407367284784,21796.398051928776,21780.510539786737,21901.74598181228,21788.802011019536
955,io.reactivex.rxjava3.internal.operators.flowable.FlowableReduceSeedSingleBenchmark.reduceWithSeed,1926.6637894620837,2084.0283717883344,2089.341259951515,2096.0147368327307,2102.260649645344,2091.078988441699,2089.6133839109357,2092.005349780431,2098.0297563560343,2096.077000876972,2097.3041354608954,2096.3557228029995,2094.002756315338,2099.8101981561886,2094.4541391733405,2088.7739236431485,2089.9946916533677,2097.0268956393475,2096.8707446935555,2093.414710554735,2105.4627448604683,2087.113984632586,2104.3347545497095,2099.231555296868,2104.3451320036106,2085.690120676011,2099.2069552988064,1981.513492862692,1931.4594076893006,1925.8641899831866
956,io.reactivex.rxjava3.internal.operators.flowable.FlowableReduceSeedSingleBenchmark.reduceWithSeed,199.91496836726964,202.1045394591093,202.163296051975,202.10808952293598,202.65934565005057,201.5257952938164,202.29348857509706,202.7637054633279,202.9498103089608,202.79260866335,201.13149289374655,200.05529408892622,201.70646303894623,203.43372513764646,202.44052544429638,201.04062829161418,199.9448320217279,200.54998848798166,201.23770112378264,200.98624567641895,200.74261444426583,200.79646928519256,203.05888622893693,201.93003063859365,202.1247420592074,225.77773965175427,227.7500381838422,226.87952855849215,226.62876463311608,226.66462814951313
957,io.reactivex.rxjava3.internal.schedulers.ScheduledRunnableBenchmark.setFuture,31258396.861774832,32008346.326461677,31801954.670252483,31692146.691613786,31806233.494036652,31265983.54475855,31982639.494541667,31885147.130205587,31628987.099427547,31814746.68648516,31868941.719897147,31883496.456289332,31897056.197155997,31861748.921362992,31763136.71145237,31804787.916097,31864806.280500207,31882609.527233172,32015234.465053506,31871465.788490806,31878314.970129393,31876636.586113714,31875828.501599357,31879699.894850794,31793509.026272908,31841525.1039256,31877671.0972464,31878486.803132046,31882881.545828655,31892154.28160551
958,io.reactivex.rxjava3.internal.util.VolatileSizeArrayListBenchmark.arrayListGet,81273617.06200749,83802072.82059412,79384607.28564382,82563050.94379827,81017697.66087964,80600403.57144089,82699247.43771914,78179192.49238257,83154986.83647974,80004704.8594017,79125556.43974027,85114101.56176879,78098865.75275096,82658552.57681702,82095306.20298915,80834643.67802718,82788962.80944616,79161160.6920456,83265865.89879858,81768458.86502568,78852048.60735367,85879510.77473953,78538607.7330296,80780230.59120837,82995094.4354731,79508047.29815944,82780246.84479672,80486136.07035664,82742917.17650601,81718095.68569137
959,io.reactivex.rxjava3.internal.operators.observable.ObservableTakeUntilPredicateBenchmark.takeUntilPredicate,24631.914939514998,23579.112802475647,23392.791083949574,23649.4903298339,23682.545489103697,23647.95019567704,23590.028694345776,23614.814182105845,23655.69248182117,23637.77934507462,23652.225247709786,23644.299549265015,24706.360214166227,24549.973958388382,23644.430411775975,23651.06925947143,23819.95930597792,24134.852677373423,23512.552672442536,23639.706293433384,23652.36046567724,23643.50809463923,23552.616560396316,23488.30540066338,23605.151291761133,23638.436128342622,23654.820144880814,23652.68256899356,23608.137779483688,23608.627063901728
960,io.reactivex.rxjava3.internal.operators.observable.ObservableTakeUntilPredicateBenchmark.takeUntilPredicate,225.07539971115338,225.0527202428009,225.5507802097398,225.85543806489042,225.64984672209974,225.19752438567835,224.51113777403165,222.21059109765022,221.13883319477492,228.47427224601384,231.37127793636023,238.78478112770657,229.95079719797275,227.03331055336193,231.51256996251237,235.97303890044043,231.1214659372302,229.40480167170432,228.0728812290024,227.5209573545415,229.11006046063085,229.80692173972042,230.23529625677745,228.8107702896197,234.24065434088158,228.95081403871842,228.72009714823204,227.87780667886923,229.56519571410084,228.7747636955745
961,io.reactivex.rxjava3.internal.subscribers.BlockingSubscriberBenchmark.request,92645274.77081716,100036252.42958565,98930581.62310132,93942850.00982647,100694404.88480903,98832737.17470078,95342708.35233574,99994298.58176062,99071935.29003954,95574457.52641897,98699447.29932322,95922979.60644826,96612621.43169522,98815986.31135732,98660331.52341408,97375492.72264844,98566397.24668774,98526385.36588652,93412966.00636771,98382980.1995828,98769113.95216304,98287579.28279917,96861452.08481465,98796803.73231268,99247440.58568642,97091383.98730361,99102162.80982658,99087390.42870763,96199665.11947533,98892905.4203702
962,io.reactivex.rxjava3.internal.operators.maybe.MaybeCacheBenchmark.subscribeAndConsume,110170448.61629975,109875366.82610106,110906631.81953663,110209334.99794677,108337030.741616,105724055.05572961,105551283.36924738,109080674.55304599,109751788.70934534,109802021.9882805,109949878.20121622,111117051.75392817,111062916.60416792,108813687.27171673,107928884.82619123,111564806.6825841,110409090.32238549,110590128.80008373,108955159.05543184,110259321.29141328,110161823.53405298,109971049.90367644,112166344.13286552,109465063.62136915,107801748.70896745,108190160.89159887,109019937.73916712,108156001.3304094,107067850.08027211,108009281.40109606
963,io.reactivex.rxjava3.internal.operators.flowable.FlowableOnBackpressureReduceWithBenchmark.reduceWith,41204.165235840104,40770.230408919335,40850.496293231445,40614.62940570979,40856.68681696249,41166.462787399025,43995.703181982055,45559.95964721286,41003.19375420121,41173.60773963598,42272.19130879287,41032.427555311224,41016.6010524894,40837.693446236466,40729.995927000404,40405.26810899304,40365.355970745484,40333.59182405074,40122.44449294945,41625.6501634165,42009.50308116536,40283.324925298846,40469.858284431524,40425.49123981595,40482.83255607475,40373.65081875346,40481.88067599931,40929.67244607421,41204.51013506607,41299.391925576594
964,io.reactivex.rxjava3.internal.operators.flowable.FlowableOnBackpressureReduceWithBenchmark.reduceWith,4130.939117001606,4134.560599572281,4129.962090966995,4102.362111408211,4152.505357714294,4147.366037774832,4130.348908319488,4121.7750994634725,4146.595006212338,4107.955363382913,4129.867431255457,4153.336417287273,4150.264129118059,4128.259637916536,4157.295762412439,4133.965975224583,4133.839755835705,4115.410911851256,4125.0874522788945,4214.293549543703,4172.304747998317,4347.344207473647,4267.4065744417585,4111.428611984499,4128.782834820295,4137.851286966374,4152.810381785223,4160.389267336723,4106.517818097843,4105.920623268793
965,io.reactivex.rxjava3.internal.operators.flowable.FlowableOnBackpressureReduceWithBenchmark.reduceWith,398.1225498438207,396.8308932926396,397.59270364882593,403.2587934008599,407.1961329397647,394.6664965490871,395.9490453173581,393.6986028534897,394.79180930290676,394.6219009180734,395.4617998226875,398.4375305194161,399.9611393757371,401.2993429848294,402.7016403681594,398.37330143109347,406.7728771437282,403.27262724405557,399.39481102167724,397.87651186276616,407.9080444737182,401.8198834336111,401.4050514818704,400.1169878213319,397.5484795437764,395.8875346855964,397.8116175019668,395.6547259685626,395.56074798515687,401.21666458406605
966,io.reactivex.rxjava3.internal.operators.single.SingleDoOnDisposeBenchmark.successPath,46909312.38463764,46801141.100423485,46108355.282205224,46468188.047095895,47402328.5502929,46528884.82482339,46428456.52790874,46327599.613112785,46163046.89135072,46347326.32496453,46434077.16672319,46578270.67096366,46292169.444579154,44910431.54842515,45198669.21565816,45261962.26719141,46406923.84357324,46348891.95670621,45716484.9672239,46333360.08882088,46295155.166607805,45379522.07815141,46037897.19307277,46203930.256296836,46453107.224959604,46621034.49700451,46537524.95917575,46012642.04444697,46228279.52250326,46151683.073522314
967,io.reactivex.rxjava3.subjects.MaybeSubjectBenchmark.subscribeAndEmitError,1259613.314773696,1274854.8639381097,1267900.530696774,1288383.5381326885,1275844.3627931818,1283024.9429979897,1280408.7466188003,1284030.407818519,1262090.4530531554,1284551.6879189785,1268569.4290375486,1296491.4866277233,1285052.6468266393,1285754.8244133834,1264265.8128798644,1273373.3330599302,1281230.0409895934,1297214.5113044607,1268020.4686862843,1292322.8227832478,1281151.9392735972,1292373.6416516765,1271851.2587829619,1299228.5796634173,1287145.7453662697,1300771.3968214649,1278855.7580447402,1309476.0062251664,1266506.4398027344,1300613.997169366
968,io.reactivex.rxjava3.internal.operators.observable.ObservableAnyBenchmark.anyNeverMatches,27131983.818402536,27214881.09609178,27073715.47103719,27172467.305120725,27090138.84704156,27143787.54457636,27641808.350991823,27758776.166528583,27160513.455684744,27114094.076774195,26780191.996729676,27105126.576883174,27139184.335207053,27224215.079003077,27179613.16681924,27213155.421158176,27112575.98827278,27162250.5086029,27155544.456085995,27534543.069552034,27171771.48625965,27093622.247632965,27105050.263315003,27254983.727176756,27494978.881708883,27178346.897685446,27033749.644463446,27024747.510496754,27081336.42914249,27098224.446323212
969,io.reactivex.rxjava3.internal.operators.observable.ObservableAnyBenchmark.anyNeverMatches,353628.9179551182,354073.1742833965,357603.6589917434,355282.2981791626,354636.79636271315,353090.85579310585,355656.5199382067,354417.5769615958,354849.5106825431,355458.35149284836,354494.23446496896,353690.0551823122,354005.6240951578,353606.1531330516,354873.6460707637,353720.918710817,354046.87403381785,355308.806123813,354380.1293768542,353945.65422868845,351712.7933360738,349446.96458645293,352483.38461038907,353761.2559999647,354198.1808594383,355125.5266714505,353954.0698983215,354895.6755378756,354201.8294486692,353896.27312642743
970,io.reactivex.rxjava3.internal.operators.observable.ObservableAnyBenchmark.anyNeverMatches,3253.360363325687,3255.2079786019344,3275.097003354623,3275.423047331905,3218.099334448771,3227.1423869106784,3271.2797754169655,3245.0083546518936,3240.3479123861116,3258.07872936809,3257.1842056438545,3249.6604527282757,3238.7647134598615,3265.9971167973395,3241.384192107031,3200.7004112408076,3206.7518968124955,3243.6834327153842,3261.7796733066275,3265.5786587135594,3260.2751430274507,3263.489658750654,3265.435820856923,3266.8564738917107,3259.7924848702055,3266.5873777487923,3278.2107576472536,3274.6456702398973,3261.239452869675,3267.268429193288
971,io.reactivex.rxjava3.internal.operators.single.SingleDelayWithSingleBenchmark.delayWithSingleThroughput,19829119.852806386,19652749.461162407,19793843.017288644,19790322.97115583,19850097.271397665,19682238.36139817,19708426.093535878,19724812.367384996,20037562.466042154,19578857.22204375,19688203.092657916,19496752.187313866,19735546.07904332,19658534.586673636,20156531.138218377,19700892.783672616,19493634.970549304,19350867.721161276,19624281.403572433,19806595.597648967,20133900.671875656,20417920.203630727,20244980.092609618,20058670.006563973,19829555.79384945,19928646.03611002,19709418.56478353,19768161.905185953,19517118.512589484,19383293.82505447
972,io.reactivex.rxjava3.subjects.CompletableSubjectBenchmark.complete,17646921.272908166,18025077.983643804,17784513.44838645,18078367.504320946,17980544.59493765,17454825.749203585,17543062.76785779,17859769.970006168,17609953.22518713,17479572.532487985,17461702.994901557,17157323.203279912,17475156.986592848,17556851.531496726,17597444.099297393,17679210.30162037,17601433.93305495,17683255.027640875,17834523.47892484,17570475.384397864,17563911.117346324,17567055.374051895,17484021.309741784,17216606.965474848,17429619.52721518,17289138.618138194,17167682.487842463,17619881.900685843,17743532.800946195,17903735.817628123
973,io.reactivex.rxjava3.internal.operators.observable.ObservableCollectBenchmark.collectToList,15743825.725919185,15790745.939567871,15795981.975996898,15726539.954887908,15633835.501315651,15680698.044338088,15712675.092313353,15718515.552611047,15747460.33699363,15723024.684054647,15653790.713978233,15627729.904937299,15608622.379002547,15600244.267378118,15565134.63376848,15549782.611775752,15718032.220888183,15710383.936427224,15626390.593119854,15644608.732863264,15771817.892991144,15810171.38168191,15615419.200384501,15629308.629477499,15578864.492730599,15528359.293562947,15453315.201355927,15589892.801393015,15661916.935282234,15869445.128860353
974,io.reactivex.rxjava3.internal.operators.observable.ObservableCollectBenchmark.collectToList,168819.5848726408,169328.4769567136,169546.3668374902,170092.23426895222,169659.9010434769,169778.6354929435,170585.5764842332,170122.55675867395,169792.07412513872,170110.28934585192,169905.00272879336,169715.00776783613,169738.36204187563,169503.80022900284,170324.43779051228,170408.96287188097,170148.165736177,169872.34776035044,170375.52566398488,170667.02437357142,170245.36711282475,170125.29721590018,169707.7323484032,169088.756603125,169633.05286110652,170070.55507226876,170404.73141088517,170359.53688940796,170730.98773687167,170547.26013160596
975,io.reactivex.rxjava3.internal.operators.observable.ObservableCollectBenchmark.collectToList,1972.6758222914195,1982.1994926992725,1974.6565262691643,1986.5752999994895,1982.9987343640512,1990.576721775305,1979.9824830419998,1987.1778051831054,1989.1134183345202,1979.4301398776006,1987.7712870357136,1991.3836090228829,1991.0034947868453,1986.5373056634514,1977.1555059167476,1977.4247809731883,1973.7261330936105,1984.1464003770939,1972.6636707074626,1973.2861597851254,1974.876777563464,1972.4141555199417,1971.3950320923168,1967.4919876663087,1973.622057296894,1972.5255977311176,1976.8189253632556,1970.8960372049335,1979.1461903960246,1971.6638392020714
976,io.reactivex.rxjava3.internal.operators.maybe.MaybeDoOnLifecycleBenchmark.baseline,28106304.093601424,26754022.16072493,28026379.49929385,29542328.379209623,27318575.65987056,27686498.068045307,29565972.308200452,27448682.875451032,27027949.96864176,28940888.666445278,28308168.6978279,26765366.57636596,28241228.786055956,27951205.390838902,27678843.255201288,27262840.57255817,27831241.866406072,27805738.921700355,27803808.595323045,27445362.411702055,28214866.438696604,27016946.988398448,28429170.230532818,28985381.32994123,27504462.079831216,28476704.66516723,28847864.16217967,26199648.716020934,27453015.064277355,29830667.008010976
977,io.reactivex.rxjava3.internal.subscriptions.SubscriptionHelperBenchmark.benchmarkValidateZero,7205.102355265437,7554.349351630197,8786.450119355468,9400.130201360935,8120.728072437046,7931.03900276129,7730.297252999995,8723.663616411048,8579.977123676901,8728.451239580812,7285.328808482785,9066.226042952505,8705.73818097869,8925.116555687628,7856.588840648572,8530.20587801477,9120.994252816017,9398.914643631493,8538.976827179991,8245.845675154049,8106.787195031116,7870.725191463657,7955.3701582806225,8413.14502871072,7716.334932456461,8513.375000281038,8556.08508580278,8065.128112532156,8183.671392455031,9754.370983841702
978,io.reactivex.rxjava3.internal.operators.observable.ObservableDetachBenchmark.detachThroughput,5626889.849686819,5570130.0156668015,5580902.356020341,5569559.230659754,5581117.428783747,5569206.899746153,5564731.135718545,5567712.953765933,5578273.6011873875,5572884.702914845,5584864.723688155,5584386.535273854,5758075.757276367,5671131.452120917,5580336.029399884,5573986.970834067,5586670.632945768,5591074.2801083615,5555299.676676649,5569498.685760353,5566877.064765989,5559164.132577347,5562021.616575882,5545629.963724573,5645863.802214155,5718160.237608955,5629280.196766765,5557404.060739566,5571289.493379971,5552620.346497618
979,io.reactivex.rxjava3.internal.operators.observable.ObservableDetachBenchmark.detachThroughput,191412.3364862383,191438.77406102014,191477.69673024368,191347.9070682678,195166.04673715562,195354.5656066726,190610.78949604076,190565.09119508008,189441.46389236706,191399.52839914575,195288.39311553535,199541.97643558716,190315.09039904297,190712.50280443754,190104.14747234894,190056.87183610047,190316.85554507776,189517.2674816932,189585.8432650632,190848.9136372952,191013.42037239418,190963.13120400682,190879.16148352562,194529.94257600655,190689.49996701462,191115.05772644898,190353.8192115302,190768.89006451072,190368.31880481113,193960.56808549515
980,io.reactivex.rxjava3.internal.operators.observable.ObservableDetachBenchmark.detachThroughput,1899.861218937679,1908.7034600130455,1904.9683375212621,1905.916368389755,1901.824720226485,1909.7776617748384,1908.5498131786173,1905.3739246143546,1911.0518889368607,1988.8792312753185,1945.9680608262177,1903.2314427884676,1901.3580254762783,1896.1513471261721,1896.0509411816463,1900.1889594481395,1902.3341678225888,1900.5685272312423,1900.9732266930753,1900.02860303059,1904.3130381146304,1921.4504824550722,1963.4810362542696,1912.1721862414768,1895.0393173982022,1901.5277270660672,1897.3038943795832,1899.2896599693024,1910.1157959373659,1904.9005447427896
981,io.reactivex.rxjava3.internal.operators.observable.ObservableDetachBenchmark.detachThroughput,16.614882979439145,15.682514258010228,19.359912318182715,15.546290986289566,18.244156649402786,17.721433996740103,17.549369946030072,17.739233148541803,17.4900267786302,17.615591643152364,17.467863844550862,18.54321374162851,18.323267830296462,18.709035250301852,18.409296342744852,18.502824606633382,18.479604721644048,18.347006658922467,18.277400204740744,17.864485408763713,18.631942356230006,18.3582978872606,18.4328064893483,18.44833357756338,18.426281831714626,18.394997918310697,18.42571626713546,18.46680672599162,17.368252146379454,18.473125008972833
982,io.reactivex.rxjava3.internal.operators.observable.ObservableCacheBenchmark.replayThroughput,93715.93628957061,93851.5095928373,93793.88075762092,93844.4644296415,93716.1028158644,94162.41937984066,94499.83889129895,95026.27145418695,94746.63942463463,94435.54519202665,94819.45975269578,94747.43859774494,94854.85186232154,94925.87928087928,95072.2845097606,94789.4414147904,94795.90889091711,94779.49856098466,94637.1222102211,94690.79332575234,94728.32676578168,94848.93124224276,94640.05931570343,94731.23127318089,94588.44686864212,94195.59890244713,94387.74267900015,94566.06134591353,94323.18242907732,94444.90717014864
983,io.reactivex.rxjava3.internal.operators.observable.ObservableCacheBenchmark.replayThroughput,9821.897590214474,9849.852167177401,9847.889158102966,9844.757650653033,9854.323904691222,9860.13963815377,9854.220816905787,9839.888377970052,9814.911683332904,9869.945820696728,9861.095451575322,9858.327346608487,9882.28835665086,9833.456501333725,9811.310784851297,9837.05105903254,9828.25855052395,9856.836252627834,9815.20501746961,9898.138030547747,9855.82844752827,9873.174286688056,9850.218818546376,9868.78802401156,9817.035623505524,9849.637972361907,9861.332200444718,9843.079081521133,9855.904624615925,9852.438893752562
984,io.reactivex.rxjava3.internal.operators.observable.ObservableCacheBenchmark.replayThroughput,1101.6452107532962,1101.74610591513,1091.85659555474,1102.9105098412315,1104.6454033023128,1101.8723194431122,1107.9429121335095,1101.5138986120007,1103.1664959349973,1103.9194867361543,1104.1488602262016,1102.5577861231418,1101.6449695707215,1103.4673607188504,1100.6202749989227,1103.2167800727216,1100.116431586923,1099.0958969043572,1099.9775642541604,1098.5362496266114,1102.2190348272825,1104.3045487501608,1101.2273315514083,1103.346996217106,1107.001044471471,1104.1158781064903,1106.743814262106,1107.2247201437306,1102.0124491758702,1096.771310020605
985,io.reactivex.rxjava3.internal.operators.maybe.MaybeEqualSingleBenchmark.firstValueSecondEmpty,8245174.224629255,8419317.340585161,8250082.919370435,8280865.406034858,8354528.61026242,8406916.879276142,8367109.818321995,8310972.137340649,8830054.641034381,7527560.919112583,8325003.8106301315,8474084.89213098,8260662.167556636,7662541.830924791,8363137.4083587695,8089429.713440575,8125834.006429622,8054259.822875632,8162799.41761569,8049450.903865982,7681943.232068341,7925832.788854446,8246253.142630716,7676281.174960417,7728194.094459406,8490623.556806128,7793949.319794111,8100068.82499384,8550004.719214236,7937618.378981882
986,io.reactivex.rxjava3.internal.operators.flowable.FlowableWithLatestFromBenchmark.throughput,14358.495198384311,14310.844113120984,14306.26329897142,14369.518627998601,14355.13188775422,14533.205353397687,14573.65402103558,14335.515772374507,14394.464528074326,14392.881071623706,14418.947950300702,14421.247066690648,14462.902453721494,14435.806147232386,14378.362492163822,14393.688994019047,14411.075486274329,14358.862289905323,14626.563013316756,14717.601621799506,14488.999576273502,14424.7208301815,14386.264660468145,14395.327680388042,14424.57066929238,14427.452828813544,14408.805870213506,14397.534935640018,14381.46345500166,14369.633821434061
987,io.reactivex.rxjava3.internal.operators.flowable.FlowableWithLatestFromBenchmark.throughput,1431.9542853121109,1422.8713980373027,1429.4968942860437,1439.7421666535693,1448.1824040047184,1466.3523473606272,1447.7834839799707,1434.313276620793,1439.8727987572122,1437.7348903126358,1444.231661534905,1433.805289241721,1432.1155416497847,1433.9815432885102,1439.8515397874355,1438.5490537124856,1442.728422244525,1450.9841906348677,1471.8662883070388,1449.7704375498365,1445.862453256276,1435.9404095202322,1439.823319280491,1437.2960569474849,1444.387530577859,1439.4225252741978,1438.2299946725323,1439.7658451215445,1443.612659956369,1439.694961750589
988,io.reactivex.rxjava3.internal.operators.flowable.FlowableWithLatestFromBenchmark.throughput,143.19914588869435,142.47022546390406,144.20198663854822,144.90040980344168,143.07740854040458,143.01423576613823,142.24905981627876,142.23952491441656,142.49636512200374,142.70705153543625,142.87125456924127,142.57547439621155,142.8178234410503,143.09065061607708,143.66729470425472,145.5471076148547,145.35744378580873,142.17263304411352,142.8581194586528,143.41346060157213,142.63060712372638,142.53477774568552,142.989230194171,143.32428290583928,143.10840074665734,142.1960043107743,141.8902150001675,142.3235564882798,144.75363828236897,144.195310141016
989,io.reactivex.rxjava3.internal.schedulers.ScheduledRunnableBenchmark.run,22710678.01227785,22842365.233111653,22675459.99258543,22652177.962789264,22538844.08082656,22745987.94372402,23190978.335897658,22282370.28901743,21968526.368780192,22168334.20282175,22657792.697668996,22765795.71333391,22631266.36569081,23057958.54617025,23121914.075636618,22511978.895568155,22442452.20314253,22581328.934155177,22576974.878910467,22602373.174880546,22368066.549074512,22697501.96124189,22624078.24469439,22474405.537683677,22614219.200400792,22634120.324829042,22404053.657151178,22990742.855597965,22927319.638287276,23033772.851788536
990,io.reactivex.rxjava3.internal.util.NotificationLiteBenchmark.isError,123580361.18718947,123749847.63473766,123907246.57228595,123806452.50777505,123353214.55031882,123589876.54880913,123756790.35543975,123753551.66196847,123855854.64931454,123004299.58742,123293429.02733591,123845402.59604308,123835934.9816701,123888749.37172271,123311713.271059,123425921.5487004,123834701.92707616,123838059.74562347,123857104.40128426,123869062.7930567,123012471.31884868,123525007.99661411,123845685.76415195,123107341.39715175,123815181.17750974,123552223.38702308,122646863.20750982,123427993.263761,123868389.36792396,123869059.13672699
991,io.reactivex.rxjava3.internal.operators.maybe.MaybeContainsBenchmark.containsSuccess,97475503.5238158,92473946.15929279,101167225.41740257,98181852.46054819,94996244.01604533,102035768.52060917,92932088.5887815,84203452.16124974,86650518.20322786,79511084.51333652,93693367.65148368,94872605.4714418,88551286.59500788,97828255.10191827,95762331.92630991,100110253.13385667,99501733.59597433,94503960.528762,98502536.47088888,84062156.82955761,83754247.94883738,99311609.55288032,89685004.83599705,94618053.07257362,96424945.8168832,94844983.4916306,97562778.46168166,95407121.38053215,96287470.83499594,98223897.97396494
992,io.reactivex.rxjava3.internal.operators.maybe.MaybeContainsBenchmark.containsSuccess,92682714.36897065,96631746.76191495,94522316.42702436,92430368.24764961,94480120.29306817,93800604.9866219,94057107.23902088,93531428.94668397,94000120.31540035,93809885.91488469,93403894.22648837,97080209.07876043,94950377.15513955,92105789.56608123,92389884.07407235,96819182.44870502,89980561.71651635,93106513.00193779,97241194.86411293,94467528.64042746,92452091.74856465,94616695.5911838,95040103.09500135,93855146.48232,94990401.05315746,95289892.34344164,95007669.91914855,91407563.89790423,93254543.15060073,93371694.79804838
993,io.reactivex.rxjava3.internal.observers.DisposableLambdaObserverBenchmark.benchmarkOnNext,102873019.81534591,102701285.8655868,102547541.22447185,102173468.5696426,101367711.06879617,102186307.73437187,102188953.30409007,102879075.61807576,102554458.1431055,102741121.660266,102682700.42273925,102655103.59011753,102195908.65877461,102213204.98438054,102313381.3510015,102429347.68864806,102476288.24549578,102384990.16797234,102382085.42056492,102595186.43336736,102337386.50023013,103434382.01467517,102321638.37057115,102543696.68108213,102740508.16691662,102595976.1814097,102635054.72095631,102324974.3360091,102039878.19085209,102367338.25724797
994,io.reactivex.rxjava3.internal.jdk8.FlowableFlatMapStreamBenchmark.flatMapStreamThroughput,1915.3245665375841,1928.4977728959914,1925.931552392628,1865.3625366028289,1948.672050185986,1919.7102850026286,1918.5166354892383,1924.7929942878434,1926.6152125565177,1923.2092263695567,1883.9106517695186,1930.13130773246,1922.4405794035965,1921.7619052305133,1916.4910547190177,1910.637359118602,1956.172963326046,1913.3423956986528,1916.7526718189918,1922.6610166254989,1912.284813129029,1914.6246780389888,1921.4226849037357,1918.5296666966203,1919.053990820901,1909.9662680857393,1911.7682630982204,1914.5925861852154,1936.153314347176,1983.8465177303092
995,io.reactivex.rxjava3.internal.jdk8.FlowableFlatMapStreamBenchmark.flatMapStreamThroughput,184.07730954069035,185.73922695457568,186.62841461485158,185.6237992161095,183.8758710995727,182.15735718843786,186.1209092545073,186.01095982344603,187.01292260488898,185.70622704818925,181.19636783517765,184.14227944131787,186.3103808817541,188.06013393728313,187.77868666879377,186.6739651461958,185.36545548984353,187.92489788173543,187.17192370807078,187.59923737716827,187.20403017934493,186.45844338453,187.1808965837305,187.76470697604123,187.0480218982691,186.96781797736284,187.03141666190467,192.91891039439392,188.39314705274796,186.2228768508484
996,io.reactivex.rxjava3.internal.jdk8.FlowableFlatMapStreamBenchmark.flatMapStreamThroughput,1969.5842916610648,1981.505499450568,1921.6905636203742,1920.453899729073,1912.9436132355193,1971.9897476802737,1944.3797895122605,1917.5338110973798,1919.2895979867803,1917.5477501982114,1886.6769386477645,1912.0470147353387,1921.8813065323898,1978.6492863926362,1968.6628861673728,1925.7974869878633,1919.0117761007202,1927.6946859325578,1928.8085175344218,1928.981483706738,1924.7854961299547,1923.0231984433276,1924.9659237055128,1928.1387929518505,1929.3983441379573,1936.2355180666373,1964.6616125778344,1922.103626973561,1930.0273967388966,1928.6605345306568
997,io.reactivex.rxjava3.internal.jdk8.FlowableFlatMapStreamBenchmark.flatMapStreamThroughput,185.6272097010648,187.03093363108235,187.55072561270782,187.96379798454439,187.3923774053774,188.41819776689863,187.28681387292684,188.3069031127716,187.67189810002108,187.1594806223267,187.37365278729854,189.29562699673698,194.20557548730534,189.50099120887148,187.22829309353975,185.61996891482258,187.12446129965596,187.04426571385414,187.56509749755983,187.57011742637636,187.64031827838235,187.0034808907509,187.57571161849884,186.92678395647957,187.39861871787522,187.88356479722387,187.52374444604044,186.405144833832,187.09042454100367,187.53586598498683
998,io.reactivex.rxjava3.internal.jdk8.FlowableFlatMapStreamBenchmark.flatMapStreamThroughput,199.6270818387212,204.09270160905024,212.11266062231226,209.9562352526303,204.35359728392257,203.3886160574062,203.8636485294595,204.40120462703305,204.56268670660936,206.49822686107686,208.42556933491122,209.8031446466221,204.11166500744295,204.03799634982195,205.8432898566858,203.63778966715682,204.63898613261415,203.71697661553895,204.38794761880274,204.78350656296476,203.01745581006367,204.15752559644895,212.33679849742347,210.87823806183016,207.14414811612062,203.35439392718467,203.67893132763848,203.0724367932984,202.5389908759178,203.26684150451473
999,io.reactivex.rxjava3.internal.jdk8.FlowableFlatMapStreamBenchmark.flatMapStreamThroughput,20.17293589352789,20.954732058112626,19.9260903449534,20.26772612286547,19.88419421428567,20.282251070371895,19.88241160037237,20.26420372318075,19.890840440132543,20.254921477885762,19.87346088504087,20.35859266419703,19.921068987101116,20.242921672760875,19.917434060188064,20.318095792551652,19.98672498857737,20.198986273475892,19.974133402129322,20.313595267039094,20.847063606511508,20.62319551274384,19.950709378395548,20.199028550037003,19.90705117213106,20.41207520282065,20.533440559872535,20.265074762825744,19.88266771956186,20.276955735240517
1000,io.reactivex.rxjava3.internal.jdk8.FlowableFlatMapStreamBenchmark.flatMapStreamThroughput,201.52378217320324,205.75493537846253,204.9456393988233,205.7220444198993,210.04668338307766,214.6517016412312,210.27562905538974,205.52723966644757,205.41685953789093,205.48298774773872,211.67227290000346,207.6799728460033,204.78548229244709,205.9147177427555,205.11680784366993,205.60202438547802,204.78569300098863,208.12061734139593,206.02524840016318,205.41615367763205,205.973200620894,205.36842985157216,204.47645358081678,205.9976752575204,205.21190440752525,204.0947808675555,205.0006621571145,204.27742498966833,204.2969329435619,204.0956117294003
1001,io.reactivex.rxjava3.internal.jdk8.FlowableFlatMapStreamBenchmark.flatMapStreamThroughput,19.88561614622148,20.356358943107267,20.114511222750735,21.105948294492453,20.098690523511156,20.38780017221536,19.913805899012754,20.318631221049294,20.709191570841103,20.739799225549035,19.969844456499086,20.246900988364715,20.036864166182042,20.371323202186687,20.05604526231486,20.743433002740073,20.052273469617006,20.277790590337315,20.124580757186948,20.34505153143849,20.55600575437777,20.432219632521626,19.990577980814347,20.35548309701475,20.04193961012766,20.32864920598329,19.93799989830623,20.715679617407204,20.617837131429873,20.883191164976555
1002,io.reactivex.rxjava3.internal.util.HalfSerializerBenchmark.onCompleteSubscriber,36547889.39583724,42095471.07656005,30378840.301242936,35333478.89911484,39959005.83263062,37638450.589315526,36426619.33977674,41373748.009158194,42271848.04794207,37620194.398697756,41146356.783276856,33441239.67305123,42239610.2483332,35264809.23472568,45305391.29335144,37185583.64813955,35128368.04963067,42847559.93196559,37311927.96153285,35658905.44916952,40744718.34625577,35282643.73706248,40047518.100657694,41694860.09571054,34928023.83238412,39731022.61083599,39564802.94773309,34625485.346068785,44395783.10395359,42109478.12498187
1003,io.reactivex.rxjava3.internal.operators.single.SingleOnErrorReturnBenchmark.errorWithSupplier,31121587.249251463,30432509.4592072,30124658.114095174,29218486.664790057,29285305.883270793,30527116.14656765,29409992.839818213,29716618.833663702,31161149.015784312,29017606.582916763,28221673.59679911,29983862.54343025,30498750.445444867,30468622.780829176,29423666.3962207,30185900.296669614,31378235.81947382,30315586.869313948,29244587.4931097,29479379.683630995,30507607.222311668,30250843.603667036,29731137.74281171,30604364.016611874,31191461.75202188,29249042.095354423,29512074.58490496,30314790.005339865,29460361.48130161,29567026.75373092
1004,io.reactivex.rxjava3.internal.operators.maybe.MaybeFilterSingleBenchmark.filterSingle,19822569.74123619,20105736.294814084,20728288.023160636,20284629.039934963,19815483.242586028,20069144.45644876,19990265.056981217,19765173.39247953,20027462.068618726,19967287.23454841,19756413.330148213,20169877.496387616,21258961.664608583,20362350.618608806,20024432.919222668,20807008.481095344,19676566.287497405,20359189.40033986,19427494.3817844,19462348.981037777,18653059.3207923,20433904.62644408,21124266.977224607,20764676.797394004,18753918.718271233,20025429.031882472,21149920.02663875,20493504.328063037,20973934.36074549,22160271.08657698
1005,io.reactivex.rxjava3.internal.operators.flowable.FlowableBufferExactBoundaryBenchmark.bufferExactBoundary,42144.09844029532,42151.42416862048,42124.76014193474,42203.63758217157,42149.04797945329,42091.96693685547,41877.81992445037,42249.477033101386,42203.29909092253,42188.08980766969,41997.5922780347,42065.83016034867,41993.59695193224,42219.666645683494,42137.65221643146,42087.54116164825,41896.52277050364,42099.586843168436,42084.042041958,42122.555449083426,42261.82807950736,42225.045687499434,42051.1049942138,42153.27879732015,42268.60223840907,42204.00484787482,42149.07218573637,42129.25507051184,42048.64014621772,42032.720270902704
1006,io.reactivex.rxjava3.internal.operators.flowable.FlowableBufferExactBoundaryBenchmark.bufferExactBoundary,4180.303064053464,4187.203535266743,4188.468759753326,4188.744164072691,4193.834055418917,4183.89538885891,4159.303046385033,4173.744950793547,4183.753844658796,4188.145990962837,4182.4980040420605,4161.220112448965,4199.658550961172,4193.901348827056,4194.86902136315,4187.115530463807,4193.368994413828,4190.824148827891,4193.9101705030935,4204.233618662121,4189.718534708838,4199.495367639148,4195.110338755349,4194.357202175695,4201.578636283303,4198.177765893661,4197.678386475063,4204.737321650042,4193.166738098972,4209.141032171283
1007,io.reactivex.rxjava3.internal.operators.flowable.FlowableBufferExactBoundaryBenchmark.bufferExactBoundary,423.2037201938618,423.7876582273316,423.9118615174889,424.1783686208732,424.0826993673663,424.3055929228734,423.8863166570768,426.0944113213529,425.43165054250085,424.62018955442903,424.6102311613566,426.06490385176414,426.55540854911123,424.1097127080706,424.41233025190706,423.9641627023665,422.6524072790345,425.5678894298381,423.1454856193937,423.50037500908263,424.5036779408178,422.57064160617773,423.8943625575901,423.96819136247484,423.87015627889724,423.2451520060357,423.7057058804552,422.9362626593447,423.16284509498894,421.2607901010055
1008,io.reactivex.rxjava3.internal.operators.flowable.FlowableBufferExactBoundaryBenchmark.bufferExactBoundary,16.946726220612703,16.53871407826447,14.784489672706242,16.193735850699486,16.48675041825389,16.703158138129265,15.750196400316701,16.95668498285701,19.976358459196145,13.419861777513356,16.80316206331835,16.105942270616655,17.180392254143836,17.487889165551397,16.074952459355114,16.32793918219926,14.791356410159414,19.57214559684271,14.579999721696966,14.136998255551795,15.528527687260048,16.460949357231833,15.834282437748545,16.27368381306776,15.664443681081295,16.670758913038906,16.502360910263626,16.27274088024235,16.184310728494346,15.72269954474609
1009,io.reactivex.rxjava3.internal.util.HalfSerializerBenchmark.onErrorObserver,9996.794500578448,9888.704853524385,9511.17170259547,9986.920970786534,10143.128456008606,10708.494495372332,10790.60451313137,10960.163251818869,10570.980250844732,10567.250321209121,10768.946827923251,10899.878656495825,10451.673774670182,10784.640540049457,10818.197121731671,10652.942622252609,10725.036884272835,10600.183289649478,10851.499719202435,10464.852366071667,10388.602638132046,10697.277662192491,10770.905803056012,10653.346310224075,10641.71461445735,10766.841750755912,10570.121148810074,10811.150266736076,10853.279671544484,10716.278875988632
1010,io.reactivex.rxjava3.internal.subscribers.StrictSubscriberBenchmark.onNext,60106741.76680616,59969889.67631305,59499797.34149687,60121882.59215174,60131079.8909622,60126824.15967244,59989301.52183616,59940640.38502189,60025927.01507428,60180914.19618921,60118483.627033286,60121105.68858276,59900595.55938922,60310442.572012685,69925497.0393442,60121632.501971655,59446388.11633091,59940532.29281428,59936936.67683276,59950295.56951812,60129077.139604166,60054082.86181709,60127427.10438834,59940793.49152995,60033069.04752657,60089996.23621471,58280430.28009407,60008040.61173929,60020353.9722681,59887934.49469118
1011,io.reactivex.rxjava3.internal.operators.flowable.FlowableOnBackpressureBufferStrategyBenchmark.backpressureBufferThroughput,7795.6687904255305,8083.0641589977995,7795.058208862263,7777.08678336155,7807.684241243981,7789.138162305064,7785.320684058392,7792.7964209862985,7809.6822240303045,7809.715262790694,7784.741328615133,7792.954123213031,7749.366047611743,8084.97202814651,7955.512510059921,7774.165521072968,7775.66224855891,7761.252195589703,7779.15867621001,7805.511773044108,7792.571242227483,7809.103842861201,7767.023277041946,7786.947617390352,7781.428851700553,7884.978453731448,8195.8418455888,7949.583980353499,7873.62268293132,7846.015882073927
1012,io.reactivex.rxjava3.internal.operators.flowable.FlowableOnBackpressureBufferStrategyBenchmark.backpressureBufferThroughput,3658.778574379457,3674.713787567228,3619.4296032305383,3633.0136876459956,3654.494945144086,3635.3579812390813,3652.7244421208106,3676.2712858294517,3687.3911158546034,3636.553634860643,3664.6518397519644,3686.738868285959,3619.9625875017114,3655.257843757919,3676.4096127331104,3658.5106851713904,3690.759809042387,3710.2810180340443,3706.1484605051205,3711.284341906497,3702.1339153875665,3691.943897296515,3735.335558510852,3695.8623618229576,3680.613189637448,3695.823417252947,3728.981521921825,3714.2967870464954,3752.0101296795474,3731.1352235958216
1013,io.reactivex.rxjava3.internal.operators.flowable.FlowableOnBackpressureBufferStrategyBenchmark.backpressureBufferThroughput,3772.5962869261434,3739.219034190957,3735.0541124862293,3668.886378257752,3744.832889126608,3744.5900984448735,3752.8403648215894,3767.2842762640585,3700.550172222715,3763.386150321635,3760.308738684259,3769.480531657413,3772.3737142883274,3826.90789998495,3824.4694084121547,3836.952818836683,3793.317434254198,3831.8169916447187,3732.434629464502,3810.916705006518,3748.792136973589,3767.5842172028597,3762.2734410398866,3770.857829788504,3711.966410415952,3752.892551431213,3770.3504440255033,3756.6860537464886,3826.226241398333,3816.356638597865
1014,io.reactivex.rxjava3.internal.operators.flowable.FlowableOnBackpressureBufferStrategyBenchmark.backpressureBufferThroughput,7746.836766826532,7710.016456330715,7767.634310070872,7766.745623981254,7792.003698823061,7755.342284931499,7752.751884474119,7771.966437271373,7983.807662089613,8182.0432082313155,7818.924850919449,7783.475502719773,7808.290702680859,7806.65563144702,7809.318285560262,7825.575243426937,7728.823054825211,7788.891344783766,7805.875384115784,7817.672989098465,7815.938361092412,7800.06147320336,7806.824385929372,7786.076275482829,7983.082304773655,8168.3868727129475,7787.504847079308,7768.8000622175905,7766.254004705324,7797.001430229829
1015,io.reactivex.rxjava3.internal.operators.flowable.FlowableOnBackpressureBufferStrategyBenchmark.backpressureBufferThroughput,76.90437947859208,77.55403020256198,77.40260545267456,77.73151263475661,77.29991905984937,77.10383317287976,77.61545685792295,80.8796476872961,78.62723824912018,77.54388207789712,77.32385845367682,79.89163666175637,77.35851672272247,78.03199222388875,77.35239814221833,77.4981471857231,77.72444763519466,77.6430068493107,77.31212227285614,77.92482981292096,77.3468705720435,76.98808655553405,77.71891764334843,80.92118583999691,78.76099951070178,77.5320623705125,77.52227610554895,77.9084066700647,77.56892929200272,77.5311405068332
1016,io.reactivex.rxjava3.internal.operators.flowable.FlowableOnBackpressureBufferStrategyBenchmark.backpressureBufferThroughput,170.50515397445494,172.03617147816172,171.4799402671163,170.86348076232483,171.48755625423706,175.26496310656094,174.4203384240949,171.98958981410775,172.16394742402838,171.51672264761422,170.66305072315254,172.5843285736185,171.26914625503053,172.25230116354567,171.65033624953617,172.01523907462933,171.89438972442127,171.67081674544937,174.96952294358752,173.93943741880065,172.3079943806917,175.59068336745307,172.43747292389043,171.96639054469915,169.95885279178026,169.84380111018342,170.9785905738241,171.50611726423654,171.16531286530827,170.02929696264417
1017,io.reactivex.rxjava3.internal.operators.flowable.FlowableOnBackpressureBufferStrategyBenchmark.backpressureBufferThroughput,7698.640012145935,7729.45984988677,7731.386970595714,7906.443868644724,7749.289529637344,7742.30004640571,7743.020360806971,7784.6243918730925,7764.976013989093,7710.757735702702,7714.971332012417,7744.305630068597,7731.304865702863,7727.096895550332,7760.025418407702,7759.375122002675,8020.507813517515,8035.884058264807,7697.818815889615,7713.512953365099,7710.144089194514,7715.016690262759,7730.949070245289,7714.009405482195,7697.699374048646,7710.120151928742,7725.09498967177,7728.019345257164,7708.210740885819,8000.804095809387
1018,io.reactivex.rxjava3.internal.operators.flowable.FlowableOnBackpressureBufferStrategyBenchmark.backpressureBufferThroughput,78.63654753910568,78.86876568638601,82.14837047206397,80.20499882804158,78.50575079517854,78.29630103298392,79.30990822995993,78.2038562768975,78.28387663215739,78.47512267337962,78.85233418000911,78.41741218654649,78.6383639470344,77.97130359736663,79.14870870271801,81.431562337504,79.15347973404617,78.32383992377041,78.55790291066367,79.07012051753118,77.97118302722971,78.09128660458752,77.7862963079997,77.65061571363344,77.75005425707792,77.95660413104818,78.18414229856721,79.3182228331391,78.83493737898931,78.31856768592394
1019,io.reactivex.rxjava3.internal.operators.flowable.FlowableOnBackpressureBufferStrategyBenchmark.backpressureBufferThroughput,5.785496676447669,5.730194425783377,5.7963170815673335,5.574875306578188,5.932112254823452,5.7770634070243325,5.1477380663055605,4.446743260509022,4.6487699023381115,5.170397458440115,4.77074461090129,3.9756438777399103,4.704093230220513,4.893336698154759,4.179276309493064,4.365898271074073,4.525261933994299,4.3929074902522895,4.437312838637245,4.33920705207097,4.514349483264219,4.611978396877029,4.183184703525861,4.8733815881088,4.412596005226356,4.643080129765212,4.371771771151059,5.195764881819102,5.660323062108589,5.132714358150695
1020,io.reactivex.rxjava3.processors.PublishProcessorBenchmark.addRemoveSubscriber,59084.18153557372,48053.835877083715,42840.521919705396,37916.71847374658,34522.18769652966,20212.615712680097,3157.669592412171,2988.5602493572333,3085.728206558112,2905.862218404915,3010.2077046200093,2852.660149023839,2967.0040365048453,2751.6458357561546,2942.6247989222325,2863.3610820820095,2814.0863216277658,2775.5007791962144,2937.5645665626625,2898.88223720884,2855.6816208098667,2772.9615811422964,2972.941551653568,2621.023857109132,2822.1968838239773,2714.17191152092,2840.0703951978885,2797.4839568342354,2630.6905878325792,2746.2852115955384
1021,io.reactivex.rxjava3.processors.PublishProcessorBenchmark.addRemoveSubscriber,59477.320405180995,48243.938147702574,42884.590422046414,38489.747477884506,34478.27382086415,21588.908685930106,2828.007261097142,3130.506840980271,2996.213333872465,2975.1400983004914,3029.561666591063,2961.4606609176076,2956.372558264243,2938.8014073932904,2830.610573458479,2794.7964958995994,2670.592338992348,3016.33231000139,2867.2250863940044,2801.6046954423164,3128.4915740586853,3723.5696482107614,3285.46337704338,2309.4458305715484,3714.2531951758187,3150.692317270296,2908.9005294374524,2814.3531885325347,2509.2953977144193,2933.138532079024
1022,io.reactivex.rxjava3.processors.PublishProcessorBenchmark.addRemoveSubscriber,58573.92367584394,47744.97920553564,42411.93533037565,37658.23692717709,34341.74940170939,23515.83589063824,2876.3397837214998,2893.8502303877262,3187.689153332769,2862.294084624492,2978.366104361511,2940.815774481774,3089.7570528954498,2815.562787683753,2937.7794049520066,2853.6183619722033,2883.5192024349903,2887.799541264948,2907.0805098782325,2780.3654897430442,2849.235900746001,2742.3680484333454,2818.9029130329936,2835.4691267716853,2734.8416985969156,2695.1624906878715,2889.8091042926358,2664.375732364942,2600.1550118435775,2900.5931942593706
1023,io.reactivex.rxjava3.processors.PublishProcessorBenchmark.addRemoveSubscriber,58200.6410561854,47745.26654617968,42499.64762229967,37914.9648689015,34045.9313944238,24553.21298488072,3064.730985040682,3170.353779216309,2872.7849471021586,3106.869414399472,3110.148528689726,2873.969839266399,2996.6227534450836,2882.932369681489,2913.955189177047,3015.8370318899624,2853.861450473209,2765.6841086648924,2956.54360086527,2827.207518443789,2896.34805134057,2853.2454365172853,2913.9508947091026,2613.651450032733,2846.4174045548602,2762.393306971028,2971.380313078829,2682.019742708336,2611.7143388301897,2758.0242859204377
1024,io.reactivex.rxjava3.internal.subscriptions.SubscriptionArbiterBenchmark.cancel,101665490.60387821,101548012.33685984,101636020.82295771,101891568.75880899,101761148.20195837,101717944.76309487,101757260.58671819,101530008.65230632,101841214.09566516,101628496.66914755,101591372.35875723,101256371.8103899,101346031.48283425,101330352.5496446,101668305.05348548,101738788.67209701,101721228.7113609,101723069.61053619,101685323.04821363,101876475.21366256,101838958.6250586,101682649.98136115,101617552.21036506,101726203.69802542,101524484.3065139,101086360.88443233,101639526.5838826,101504473.22992581,101576235.02125157,101174293.33138865
1025,io.reactivex.rxjava3.processors.AsyncProcessorBenchmark.addRemoveSubscriber,13178024.38190804,13161424.777484445,13269639.487780308,13175305.122547314,13189762.87299336,13103072.882845264,13132893.063851045,13097512.649595644,13116687.310150735,13160584.59353369,13284465.949949404,13776136.18032311,13329610.28261014,13145644.868204905,13133656.271065215,13265883.921244033,13172483.972034069,13142169.34005632,13214475.726185985,13196297.24303623,13193949.353959778,13116890.81436085,13147970.31653176,13456617.472960303,13390327.785893481,13161779.655025082,13132847.987367919,13076857.59903684,13120365.000572393,13140140.283453302
1026,io.reactivex.rxjava3.internal.subscribers.BoundedSubscriberBenchmark.onNext,101415215.63406987,102077438.14162198,101749434.18215363,100246192.0857688,100866037.34745881,100637031.37295884,100655233.47658044,102568449.39282516,100928212.84852956,99847192.26181826,100526648.47044188,101149836.65133719,101919464.38845447,99836533.37435374,100658624.86793914,100498574.57675031,99566275.38825169,101214677.45506702,101216795.92264558,99227463.76776807,99076126.0340602,100237578.61967222,100965204.96447909,100547655.99815147,99333987.83771959,98437522.48834413,98096328.37281303,100924178.28373484,100620137.02199903,100919789.86703874
1027,io.reactivex.rxjava3.internal.subscribers.BoundedSubscriberBenchmark.onNext,101537863.99017051,102959740.10101178,102335499.02449968,102486830.40690275,101969835.86824578,101942785.22531909,102004620.78735438,101839586.8299194,102415304.26114118,103132327.00703393,102357498.70970996,104208413.03782266,101382835.6141833,102112986.93276113,98388418.07167803,97313311.11651582,100417859.71427706,102508899.5045523,100887195.9372625,98710168.36615999,100476827.26969163,101714590.02802143,102465072.73436978,101717417.7927161,100395621.66579205,99753698.34954639,99925630.38658634,100827663.0744539,102529280.9810276,103094874.2478499
1028,io.reactivex.rxjava3.internal.subscribers.BoundedSubscriberBenchmark.onNext,99686596.95416097,102321034.53679886,100641134.64372557,101185814.50885673,100101888.03226565,100843198.2746099,100760974.5640998,102008426.58330972,101207999.08557697,99621964.27772957,99329264.52964066,98917190.67577538,98672680.92258635,98501006.00626653,98175505.5535862,102326604.49303398,101167815.4316347,101245209.36738648,101525971.1922776,99908620.48279193,100343467.07754792,103166617.252148,102036448.70028128,101566377.7226356,101262157.60949498,102600117.4886569,101672447.34820691,101294221.9266731,102689495.56636365,102397338.05505146
1029,io.reactivex.rxjava3.internal.subscribers.BoundedSubscriberBenchmark.onNext,103184862.41221413,104959932.27304585,103760561.28797477,102171044.07538424,97946847.69163793,100886266.20717154,100800058.4681856,101623302.65970497,101933306.47401568,101521430.20146282,101779617.42165235,102130198.3954624,102527621.8037987,102765946.89216706,103466641.46674013,103537570.31548382,103694103.40054472,103321656.31131287,103818859.19944577,103498871.35158226,103273095.99049437,104469703.94901723,104048459.78486592,104900649.16188486,103825442.10143976,103939471.72944617,104014187.35270204,102875617.51588444,104086276.6387722,101404977.47320732
1030,io.reactivex.rxjava3.internal.subscribers.BoundedSubscriberBenchmark.onNext,99853993.61088178,100003568.20242037,104244966.81639165,102546412.75858638,103037202.60984698,101451519.58923008,101468562.81966887,103567609.69051966,103607065.94767009,102360874.96472166,104286620.40412194,102736987.08139916,103424458.57577391,103156198.38391349,103505818.54142874,102883893.82256947,103084077.35343853,104888028.35056806,103457087.3040013,101988969.39049903,101959038.6887956,102639367.76126097,103221387.27203095,102732959.47413774,100090377.88729075,100040363.78908288,99803591.17693958,100416726.69069299,101150785.70664974,102341947.01131748
1031,io.reactivex.rxjava3.internal.subscribers.BoundedSubscriberBenchmark.onNext,104345576.87868363,102160817.50364847,102013564.3078686,101331032.9143672,103795977.68235557,103163363.32151742,104276942.26495473,102793505.59478588,102768240.73271185,103446243.80646177,104095493.23027863,103571669.29728968,105039225.10767716,104399683.8613039,103118305.50032616,102302954.22570501,102445266.65648341,103671192.1261066,102586488.57473089,100679548.0949061,100160742.83004452,99336622.55383317,100324103.84918168,100946860.57502203,102533738.53981455,102562303.81819992,104053960.0610953,103623635.02056561,102360032.0124012,103301295.90445325
1032,io.reactivex.rxjava3.internal.subscribers.BoundedSubscriberBenchmark.onNext,103619635.18054503,104378154.23721406,104835815.38542967,104554098.26151457,105353476.79523236,105165279.37598659,106433640.92745152,106907806.26641321,105355487.20847683,103578829.3959255,104733179.28572349,103869401.32543948,104232614.30496345,102582710.48799534,101496073.43346348,100937402.23596881,101273068.73535696,101543518.12927604,102290630.76209286,103555396.582772,105913866.59627904,104388839.66171002,105089928.94223554,106199794.23260577,104577136.996453,105520663.70797083,105641933.79198112,106470168.5525639,104701869.2448585,105349264.39212038
1033,io.reactivex.rxjava3.internal.subscribers.BoundedSubscriberBenchmark.onNext,104767737.04783547,104347104.37908737,103141258.43480046,102747465.05110002,103687290.19094022,104149567.16750333,105657851.14218652,104083898.0103547,101953762.83632274,101573034.45840953,101590562.77062,101086585.38990541,102210609.64513652,103217083.34571086,105436987.11194886,104758835.83768119,105543663.55558428,104459588.69346127,104743089.61029714,105883144.03254549,105816797.67318462,105610024.75646123,105959884.70177613,105060892.93752085,106345238.82391432,105736071.96686265,105115664.56419215,103637898.73951812,106325842.07139562,106787646.5863263
1034,io.reactivex.rxjava3.internal.subscribers.BoundedSubscriberBenchmark.onNext,105718238.94349334,106762736.34130259,102148829.78037743,101070550.95840982,100833464.24416225,101582439.21135163,103047665.1599177,102480267.55982329,103897155.03627363,107230730.7862882,105148933.05297549,105140140.82216607,106729643.1018908,106203717.1105088,106981700.01039927,105802460.19299608,105321862.79236044,105839872.04541731,104975833.82708125,105987407.60432306,107216338.35670036,103590963.60327412,104786281.69474052,106330218.02364054,106039117.49681287,105648614.07999964,104252822.9775196,106236023.62079608,104636696.15442559,105965730.79900195
1035,io.reactivex.rxjava3.internal.operators.single.SingleDoOnEventBenchmark.doOnEventThroughput,41704673.04988588,40730283.913952634,40804724.0869885,40641649.57469325,40843846.55223981,40738402.13088339,40410769.736035846,40813307.38276918,40860104.25297319,40828163.57275601,40851101.09663989,40972396.54889201,42375383.67267119,40860200.94274155,40849308.65666889,40779736.14094855,40884527.28726769,40695400.16265247,40757792.67237589,40859766.44961935,40831063.75978099,40879125.18981769,40833243.04016132,40770746.578680165,41506802.61208991,42051462.72097549,40850185.83396231,40846743.632339135,40681948.69371956,40794113.48735979
1036,io.reactivex.rxjava3.internal.operators.flowable.FlowableDelaySubscriptionOtherBenchmark.delaySubscriptionOther,186882.91622374806,186900.55033203826,187140.80568785517,186755.41740780356,187875.29214419954,186865.70637147318,187485.10764949798,186828.0368079623,186870.72919441102,186966.14596584573,186515.60342130886,185146.27272304895,183795.11364420393,185611.20728828915,184907.7313502021,184702.43601890703,184978.03772705025,185681.49267249205,186301.39522276266,187319.65998186567,186303.34278884906,185283.5642939308,186679.83038776848,191461.64850653755,194933.50629632882,198003.2065495425,198361.59304812545,200025.31538501216,200703.09036005748,201145.11740100692
1037,io.reactivex.rxjava3.internal.operators.flowable.FlowableDelaySubscriptionOtherBenchmark.delaySubscriptionOther,17843.600811804703,17857.276202378485,17871.392381218553,17854.96465406733,18143.476849080384,18147.62905477168,18398.86225396618,18971.062205418395,19154.915304360093,19302.52278210067,19312.393790102735,19371.930289690426,19338.670311915153,19373.79217344377,19401.35110828687,19364.612942539963,19353.82523484989,19358.027882253027,19362.877247987803,19292.885360821198,19375.765941356804,19403.817219826138,19387.77027790127,19378.49479533854,19403.057922128985,19396.688006351313,19353.471814226814,19380.23791426251,19395.164632408636,19446.962561999197
1038,io.reactivex.rxjava3.internal.operators.flowable.FlowableDelaySubscriptionOtherBenchmark.delaySubscriptionOther,1821.3502434321665,1840.9100649360616,1904.526245433513,1915.1876384976347,1914.6977828865063,1926.5059323487637,1932.195319787266,1928.7356660726962,1931.289263048176,1928.7207081798026,1934.397650662545,1923.854857210382,1930.9499713883738,1930.9012153169285,1930.3772295648102,1933.7238160290256,1931.546896716157,1937.361500167858,1935.8292163164676,1933.2910304839559,1934.302752904081,1931.7762591766589,1934.826325627149,1930.623249589302,1933.0803967006357,1930.5004119471712,1933.4353379258635,1933.8409307287275,1932.312246200488,1935.3921046342225
1039,io.reactivex.rxjava3.internal.operators.mixed.MaybeFlatMapPublisherBenchmark.flatMapPublisherThroughput,3614996.274137299,3615319.0834401986,3608815.8086330914,3624761.667389607,3617430.437048152,3622812.428904742,3608048.5464240285,3652254.0897471695,3633965.6768151,3619247.7578424118,3605009.3845242374,3611775.184273182,3611686.4590172865,3614430.2555805705,3613373.6556395283,3606031.885775102,3592608.4883550294,3597553.567937084,3612211.1892873007,3631051.415535408,3634587.639835387,3608790.9985404266,3606158.0702197286,3613388.431159622,3608698.853203942,3599343.852454619,3604623.483673333,3592840.657538787,3598927.093263069,3604530.5937392195
1040,io.reactivex.rxjava3.internal.operators.mixed.MaybeFlatMapPublisherBenchmark.flatMapPublisherThroughput,1352902.0013972945,1353029.1822139171,1351281.289945278,1351882.4256854602,1358992.3754225331,1398079.975952702,1414411.0053182163,1355841.244308764,1358565.7959822633,1350937.6861827709,1345195.8737800296,1351356.8848316513,1347783.3367248909,1350620.0427859002,1356176.6033101685,1353817.3745855445,1355167.826574644,1361517.6714439364,1407727.6064156035,1402476.614931333,1352053.4575436558,1378068.3167218792,1358975.1503229586,1354764.2697311302,1359912.887123403,1354925.3577772602,1358427.7488408834,1354710.6844669534,1351553.8120031946,1354527.2865793132
1041,io.reactivex.rxjava3.internal.operators.mixed.MaybeFlatMapPublisherBenchmark.flatMapPublisherThroughput,181777.26711731256,181071.87065474273,181344.5517013699,181721.3455711759,188058.061690586,184194.9164103008,180722.47315227173,183569.92703377648,182532.25671677696,181763.79270209177,181456.49788283103,180842.45736847355,182375.37044022125,182394.94727038848,181660.3178068698,181032.58950302194,183161.9198119075,187918.66206728446,183343.15511307903,181921.75694327115,181561.36430732638,181690.29835334525,181421.5660482699,181753.09480944287,182663.54847251595,181147.72403861544,180874.32029282796,181363.6603940275,182579.12028984682,181817.3716391636
1042,io.reactivex.rxjava3.internal.operators.mixed.MaybeFlatMapPublisherBenchmark.flatMapPublisherThroughput,18393.012240063672,18469.24008311678,18496.642623881045,19129.19232724156,19372.368751364236,18619.004460450506,18717.705988831873,18625.96126739204,18612.872543858528,18537.360018296542,18580.58137950152,18573.108750803483,18618.54600326842,18658.95300882877,18635.6373435618,18694.168195846825,19544.582529152074,19142.42559292226,18723.693348335994,18957.617932779845,18584.731833653866,18610.486799928785,18597.757855752814,18652.12585304641,18635.232317768034,18588.95972463589,18635.540240861854,18645.048282155487,19501.52915566802,18829.83691863321
1043,io.reactivex.rxjava3.internal.operators.maybe.MaybeDelayOtherPublisherBenchmark.subscribeWithObserver,18656619.57288772,18337763.751951903,18543126.10129529,18333032.104532514,18244249.17931914,18244856.19040589,18281318.902827427,18341112.819957852,18345015.129768617,18277281.164039318,18310503.58426347,18400973.35942614,18479758.268390425,18254623.456797365,18445532.31585615,18633070.754286885,18348413.725299407,18330381.206486095,18255530.5597112,18257658.812425606,18264438.79661517,18270161.16037395,18295557.882750005,18253957.78109766,18264976.344768267,18281484.96048499,18279682.33662151,18519212.42257814,18333337.261505168,18226635.36990332
1044,io.reactivex.rxjava3.subjects.UnicastSubjectBenchmark.onNextThenComplete,93142355.71315081,91380600.1819417,94264269.9113065,90061901.737239,91982431.69758655,88758377.06902564,92237469.2344258,94609188.47757325,90368837.65217865,92328657.33984774,92250797.0262475,95980023.16963337,92647339.41021919,95040669.43907058,91864879.88587359,95538006.62547532,90828034.27994815,92818486.255395,91395483.64400803,93120546.08766218,91421333.35239205,90980658.73851177,89817566.1986444,89626345.42664818,89118477.09659454,91711897.53298716,93237251.16383345,89722169.2850027,95588265.95420565,90012444.0469025
1045,io.reactivex.rxjava3.processors.SerializedProcessorBenchmark.onNextMultiThread,23889792.130612478,19399883.970473092,16499631.2350553,22505139.103013158,20693598.08671245,21164834.621658944,20756548.64455205,15934295.070302509,23437791.975862965,23996926.749872506,21761079.136218242,22180902.33795056,20095669.949214727,24667713.57136336,28453207.830547526,26366746.518235076,19087746.879113663,19119191.774524946,23973982.384646133,22861272.64906121,25561878.51190021,17609042.50326046,24361270.475054212,24768736.600493863,28529770.50664757,24671666.824479517,15318625.557968605,23251548.289745588,22153619.368913054,24070630.18367537
1046,io.reactivex.rxjava3.internal.util.NotificationLiteBenchmark.createError,97211996.00671352,96376835.7535273,95943120.38543427,96038833.18210374,96877888.88696694,96965770.62162948,96559188.95909451,98257863.98055363,98701863.39678662,98659931.53224109,98673456.11315356,99045048.06220594,98318379.17382288,99163888.443187,99283805.45483685,98875085.07772689,98493915.4672391,97668311.1743944,98757977.2444736,98219981.18825343,98939690.0521728,97116337.98686838,98397069.92868857,98927202.85648213,98347198.26984727,98970070.98184448,98321026.07793938,94927643.70696652,97119747.10841416,98442975.81485796
1047,io.reactivex.rxjava3.internal.operators.single.SingleFromCallableBenchmark.subscribe,102631586.46037775,102318725.0819447,103752055.7502824,104219853.33621353,103170751.98606683,102045413.24635984,102032063.14393096,102167507.7719579,101834501.29880022,102283149.59601855,102336385.4885178,101743299.33814636,101817890.65279584,102453077.40910934,101885421.51192538,102600530.7700623,102537675.71418865,102721416.85541573,102434909.8391787,103752808.2415255,102739867.1964608,102077045.54145794,101937116.7197312,101973040.35260917,101995697.32439724,102431523.89984445,101838141.79134169,102538313.79431291,101300479.22450015,101747773.97540262
1048,io.reactivex.rxjava3.internal.subscribers.BoundedSubscriberBenchmark.request,79522678.54035862,79644716.60741462,79515220.82093208,79623890.37598127,79591288.45306295,83113331.45622246,86889741.8851069,80408533.7965522,79822329.78957354,79450487.83300889,79579300.23563789,79398873.75505562,79352122.30967164,79545124.45349444,79268390.83720693,79356637.07264775,79229171.52667663,79519193.30141729,79531344.74733618,79321039.74093829,81531575.42057796,86666362.15238856,81709273.69735822,79705861.40278837,79442611.61172055,79349658.25126234,79571671.422743,79582584.33224714,79376476.51716636,79589456.87513867
1049,io.reactivex.rxjava3.internal.subscribers.BoundedSubscriberBenchmark.request,78971161.12409814,79194182.18170582,78987763.30372328,79210114.84448688,86006773.65964916,83741152.80369453,78838970.14684802,78869337.36004576,78756412.42083874,78295928.11003438,78796781.3179956,79097443.0194856,79271571.94767644,79261431.25628093,78987173.71457359,79141858.08481193,80297396.82678321,86274927.13426273,81973490.56312947,79186295.6480558,78875583.96555325,79005827.3038194,79109341.20237975,79073928.50957726,79227308.24462317,79574881.10083866,79085974.73374969,79086222.4679024,79842697.50819606,82250432.45293121
1050,io.reactivex.rxjava3.internal.subscribers.BoundedSubscriberBenchmark.request,79965746.91444333,80176975.33956882,83338264.47930284,87104946.09561594,79483725.40388605,86866313.11812523,83620686.93192326,79450577.99060416,79681916.57928213,79448569.20680545,79520673.5633425,79500440.815363,79844260.76408167,79885706.0194502,79604888.95199867,84616221.5728086,79903978.56035285,81709862.0614064,86749936.36764014,79548826.61951059,79664738.77789956,79440258.70892704,79583005.170524,79546920.26232588,79100089.81812543,79455891.84866951,79623693.64264153,79296276.53370734,85433488.45946929,84826572.15408793
1051,io.reactivex.rxjava3.internal.subscribers.BoundedSubscriberBenchmark.request,79321067.43167202,86057963.19038227,84423041.84042023,79063149.50895487,79193299.531078,79364297.97991319,79502954.70235187,79411790.91446419,79647332.01050656,79318807.3447454,79450205.86188036,79733178.44405386,79792895.84876089,79301173.15898693,83555149.91254209,82959006.34862639,79557970.86657526,79424150.42268105,79528355.90996651,79460209.91372928,79463141.59866187,79270137.55493732,79461990.40346284,79632955.00789225,79536954.95757382,79511363.68282767,79150525.28798223,79675605.496332,79564531.63545167,86516991.21536018
1052,io.reactivex.rxjava3.internal.subscribers.BoundedSubscriberBenchmark.request,82050553.09366506,81025132.67137983,79300633.22772484,79409760.680985,79459306.84844294,79488725.52082436,79227851.92011839,79517669.19071653,79432576.36128232,79263574.2669798,79461090.02475731,79131650.84532233,79451632.50087129,79115164.73160022,79196998.28591269,79322144.69479173,79642867.64767754,79552951.99092333,79386352.6491201,79452085.39340846,79537498.08586991,79981957.36479017,79842723.78947814,79601620.8092269,80300352.79859513,85029276.63570529,86266382.03520902,82194128.97668752,84288825.43760721,79551597.2324013
1053,io.reactivex.rxjava3.internal.subscribers.BoundedSubscriberBenchmark.request,82267324.3617662,82505090.57512465,80692858.62610443,79100104.76100348,79426816.2501931,79253198.46628596,79215048.4889398,79059451.83721168,78900520.3821547,78867127.6215968,79048414.0860587,86425911.78233959,83029003.3395479,78831896.60792863,78766074.90913017,79278865.39701739,79677724.44682,79166424.40071142,79296752.08517468,78986955.17729552,79436515.03254807,79186783.84052986,79197672.85865378,79408605.65974471,79316376.69956508,79126687.41131525,84917544.51992226,78660087.78386809,78924694.17249696,78902356.42845193
1054,io.reactivex.rxjava3.internal.subscribers.BoundedSubscriberBenchmark.request,79387594.48843272,79082034.23373945,78996090.32013553,78955552.2778425,79082756.3129834,79170024.69137402,79453282.05109924,79548676.83768976,79561380.39571804,79379287.76822169,86841478.64551492,80647262.441871,86788025.58422586,83546475.99688658,79765788.01302828,79272079.60689665,79570357.12089536,79524247.56098117,79497790.0746867,79383384.7528265,79672110.53685714,79629767.93321879,84157585.40504406,86142895.26761463,79498619.92395984,79590941.62718424,79493966.55979106,79542584.67051582,79459781.88436131,79464526.74780029
1055,io.reactivex.rxjava3.internal.subscribers.BoundedSubscriberBenchmark.request,79330064.58097556,79114836.57959214,79337312.18501809,79308861.30746171,79451474.77779669,79473520.8239723,79379530.92812212,79673425.64601655,79444364.0784856,79441216.64912407,83128965.32615186,79011490.88257469,79655953.44247699,79369003.43365845,79295453.35327654,79651921.18179876,79308962.53096095,79277087.76581761,79350768.45724674,79422153.25817771,79467949.76251467,79465960.14485152,79533446.33344735,84742328.5111519,86482688.86669709,79468949.2658861,79698839.47793417,79596856.55895002,79438587.40715358,79494549.05694751
1056,io.reactivex.rxjava3.internal.subscribers.BoundedSubscriberBenchmark.request,79672637.60085079,79781829.04862525,79949914.736893,79694853.42169484,79574994.35499497,79837792.34575115,81953087.2782275,87065416.76839136,81251552.56774533,79639156.49526437,79613639.57661659,79494717.67312948,79719623.5689828,79597811.69376592,79286482.19475003,79557154.29749721,79639361.46278319,79672221.9759707,79795151.9783177,79880116.0734819,79692011.36899033,80527746.47963914,87034588.7005981,83081251.38460763,79780959.62526594,79714598.30956553,79467442.27720165,79789048.63293092,79428289.43807212,79627085.91951454
1057,io.reactivex.rxjava3.internal.operators.completable.CompletableTimeoutBenchmark.timeoutWithFallback,934.3798782374504,937.2763879492768,937.3577936789635,937.3171196891531,937.8897716909128,937.0426600588816,937.8814545977832,938.4896099335546,938.3087010644907,939.6848804340859,938.2677973910753,937.7359982466776,937.8240454525921,937.9756548418786,937.6427946633023,937.9997199126843,938.791067354005,939.2692888818293,938.772439683076,939.440570655699,938.6595387986823,939.1387684272464,938.3006563717864,939.1131447453072,938.5992931897514,938.3087151287596,938.3146591293657,938.8648964025427,938.5247095010403,934.4817793913114
1058,io.reactivex.rxjava3.internal.operators.flowable.BlockingFlowableNextBenchmark.iterateAndSum,974212.0798509992,992948.1647031321,983265.9827081152,971605.4899900334,975502.5838866417,993762.3431850366,976048.6909049802,971158.178551224,970614.2881036791,969772.3620369544,971013.6430937767,971648.5808415032,972178.5274932212,982692.0341037645,1005293.657806038,980153.7836139727,970830.4622045478,972466.995381438,971428.9458695044,971572.2041791044,971841.2795049162,971904.433666463,970706.1023832089,969773.8633347456,969970.9107421782,969098.5818966513,987713.2893778589,991461.1465591508,967775.6159791095,970947.5561168398
1059,io.reactivex.rxjava3.internal.operators.flowable.BlockingFlowableNextBenchmark.iterateAndSum,117559.16040026216,109689.279194588,110163.36405816926,109818.14901509834,109621.60019569153,109971.46683671347,110506.47550647019,110468.49844085281,110200.82746606965,110625.72641756276,110094.26803821344,110276.59997545241,113701.2810501989,115778.80454192498,110351.1628648891,110439.96276557258,110183.7441528821,111489.49766892023,109947.00176032528,110324.78603447262,110340.47657642353,110227.44442657345,110336.83940123535,110345.12098013074,110395.31305658887,117906.86234983218,114833.2329602075,110413.22518007709,110313.25313112525,110468.99752191622
1060,io.reactivex.rxjava3.internal.operators.flowable.BlockingFlowableNextBenchmark.iterateAndSum,11150.797821336084,11192.052928481193,11609.78068278379,11217.589918565347,11180.489946048661,11156.91823636472,11185.046172817521,11193.907687293966,11213.66618258974,11163.512115941676,11302.823251768436,11216.430888617268,11210.656412277014,11184.37577265721,11197.099361312872,11936.173813857125,11260.131404723572,11185.605987029106,11192.724656181776,11190.021410247631,11192.001942034816,11167.83603383135,11185.281770686941,11565.50117993411,11940.61435140759,11271.52927958807,11166.87691368816,11189.436265011533,11198.299389596988,11206.344159914384
1061,io.reactivex.rxjava3.internal.operators.single.SingleTimeoutBenchmark.baseline,36396430.16109249,36791136.546699844,36442728.85468108,36306878.95199075,36542073.68600502,36471978.07171061,36354122.6355817,36301061.81125172,36461997.43109594,36439887.238163106,37541018.840857066,36462025.23229032,36369011.56218927,36341752.68968156,36363875.66040612,36458094.67463778,36257655.97738292,36328054.40947293,36306626.02755629,36250786.24056539,36418086.0743319,36484820.47992679,37900528.8118785,37320786.39079312,36402137.27692441,36492840.42540748,36699849.851147816,36500090.15442458,36454969.404097125,36723530.07844884
1062,io.reactivex.rxjava3.internal.subscriptions.SubscriptionHelperBenchmark.benchmarkReplace,92036303.0915341,94479011.2049488,99377912.11401843,94736820.42569111,93931587.12885356,94787615.11709689,94588537.75487065,92780834.55875741,92402778.94333573,93956309.09836501,94477404.7019194,95828981.62507103,94877125.88279518,94807609.1742502,97694113.11302395,101094982.8645837,96341948.87561744,94876394.09411934,97531820.57799417,94090139.50528483,93543168.97475782,95416208.07578756,95482480.88585295,96362867.71687138,95656633.39852156,95786950.38086683,95195085.76608385,99537064.19591713,100768796.71352538,95741668.30280164
1063,io.reactivex.rxjava3.internal.operators.maybe.MaybeDoAfterSuccessBenchmark.testDoAfterSuccess,34365549.33995761,34434824.73523262,34372717.85537778,34460628.99259558,33725008.419818975,34293885.02159754,33831569.234044075,34554312.71867394,33870998.6776309,34289408.43801767,34267481.388164565,32319091.118199345,33171214.6275489,33121106.468537685,33398250.773144938,33718092.051682115,33456291.166468777,33835363.254727155,33970184.07136126,33546376.437162187,33924806.108797505,33674639.66704128,34014071.88567339,34311807.22621023,33921659.622292526,33967185.270251535,33646012.66091553,33956843.54754903,33799739.10901637,33833101.594185725
1064,io.reactivex.rxjava3.internal.operators.maybe.MaybeToObservableBenchmark.emptyThroughput,22585568.64017253,22605562.297257233,22536680.756676465,22578155.13624109,22584487.083475128,22620000.327687822,22595987.119261824,22496212.796646282,22543801.49179676,22646051.853559706,22941366.797571037,22741143.833979826,22685149.93420374,22682920.904288404,22714936.932430387,22659995.151488315,22720737.7831018,22799461.26501714,22810558.51305008,22744834.60802762,22710649.37873714,22758177.424159046,22991641.042004302,23022094.16407685,22655260.595223464,22811581.807134762,22790430.640716374,22731585.95963836,22762284.000581272,22723847.041102763
1065,io.reactivex.rxjava3.internal.util.VolatileSizeArrayListBenchmark.volatileGet,104874937.90874943,104260383.79133272,106128387.71047999,104696209.42869249,105189629.79995237,105028150.97486323,106378172.71845722,105022013.05473521,104673584.26420414,105194192.76811673,104311101.12348062,104716924.11996521,106751285.63145164,105501299.302942,106502400.27555801,104672226.5314022,105565396.14201933,104260638.67170149,103859187.87270062,105096186.61724828,104536501.53770095,103683124.81863205,106900944.58987302,104860006.43435986,102679057.56857511,101280007.61181282,102862200.00416489,101183574.60052356,104888422.22799212,104443315.30419193
1066,io.reactivex.rxjava3.internal.subscriptions.ScalarSubscriptionBenchmark.isEmpty,100891126.45808078,100713099.10824618,101407575.79240979,101097265.30187733,100983123.28149496,101147241.2873893,101242092.01051976,101436733.03085843,100853787.97708714,100961011.83890629,100737880.45362666,101015204.29839124,100449806.0559297,100575016.06063177,100494736.60094176,100553443.45659113,100478601.85111216,100194222.95806257,100285645.58804327,100069045.99961877,99986024.85014738,100506677.99149343,100872277.47676961,100998875.82035698,100323135.21010144,100931305.16375437,100719295.20348053,100909413.31018853,100834151.69674538,100868503.57363357
1067,io.reactivex.rxjava3.internal.operators.maybe.MaybeOnErrorReturnBenchmark.onErrorReturnThroughput,30199072.854908373,30318413.73049164,30621396.801790103,29905108.451269872,30129655.49571235,30021224.78528283,30106965.412432283,30019784.756467916,30074734.006487083,30083045.2900769,30081483.81997017,30098880.41726999,30176963.001200035,30406203.994617082,30656461.944031287,31168051.243098885,30467831.16252995,30627104.81583739,30504367.32768532,30504475.29269052,30462016.68464107,30358543.720595,30387039.935538393,30524816.23184224,30494838.580530588,30503201.723272692,30560329.057671532,31027655.46529757,30873852.833368663,30575453.376752317
1068,io.reactivex.rxjava3.internal.operators.observable.ObservableSingleMaybeBenchmark.singleElementThroughput,21532647.50030616,21022505.45183096,20931229.109222937,21427044.184016187,21065981.949671615,21083396.094059233,21074862.180773884,21112385.668029558,21092751.402440157,21168288.87734304,21186598.049863305,21156877.195317842,21244613.765704762,21436211.890110675,21100939.073335584,21248080.892427653,21433764.382359087,20996894.347302377,21031279.34677397,20995451.368388753,20974591.287117865,20988782.807841938,20899435.748551186,20856707.25088375,21009358.311109237,21277910.102367163,21017207.144965623,20919699.415006615,21303338.415923256,21089328.54173125
1069,io.reactivex.rxjava3.internal.jdk8.FlowableMapOptionalBenchmark.mapOptionalThroughput,60416.74548872534,60420.196687571675,60836.127123248036,60776.6868392989,60492.87204224017,60621.44595786035,60912.78417565004,60891.290973731484,60722.84675561009,60857.87377530016,60924.55325432419,60889.40371006947,60835.76968146568,60769.97617748336,60899.959341494774,60979.657776752676,60533.76358010453,60053.793323364334,60783.81651084658,60752.07976902966,60759.38673877637,60709.30839210313,60712.790235837834,60834.356138882205,60850.59997272652,60842.8532076321,60544.10575656319,60928.91056487,60856.07843056587,60795.89949896649
1070,io.reactivex.rxjava3.internal.jdk8.FlowableMapOptionalBenchmark.mapOptionalThroughput,6003.182522623164,6014.961583047264,6004.8615443046765,5998.796376855784,6008.310444235247,6020.088402304491,6018.83761800386,6010.438727200338,6022.016482259112,6023.730324146007,6030.776680339527,6016.789446030616,5938.77605388795,5991.4038959935115,5992.978263467839,6008.915848909111,6022.9396313632005,6017.439830508738,6029.671853198405,5994.221716246584,6014.522456069305,6022.124979218394,6015.392637836143,6011.001308198651,6001.957916058782,6000.927112244383,5975.492907720865,6009.028075762913,6020.830549998952,6032.259582362082
1071,io.reactivex.rxjava3.internal.jdk8.FlowableMapOptionalBenchmark.mapOptionalThroughput,579.2623071348146,579.2788019465282,576.4503787747542,580.3899492224226,579.2697574827037,578.350555702238,574.3095082525375,573.5029060331435,576.1094062954336,576.685585828436,577.9045405721793,576.8916805105006,578.7884991066564,577.1744471870827,577.5955040925289,577.0386801027281,576.7929780411145,577.0931304626932,577.5165193404707,576.847087066772,577.0263557327071,577.4280828907324,576.996601179559,577.8476706862921,577.3207913261375,577.8292082365632,577.5471210454092,576.5190533926835,575.3092934425508,577.5118748356396
1072,io.reactivex.rxjava3.internal.operators.observable.ObservableCountBenchmark.countItems,411777.64089388074,409624.84741158003,410618.6819098913,411560.035992631,407859.2174797204,408052.5838998761,402617.71684330277,405611.9534833218,409943.4068346035,411337.0508171916,410809.276315247,400975.6479784301,399507.53709341143,400642.0468674725,400889.0809484774,400597.73877058976,400712.03487734037,400699.1348290736,399747.6916439769,399747.7608947704,400657.26098539366,403032.8238494433,401172.9731967337,401451.3842054747,402904.2455464787,401214.7003621457,401834.1702873647,401532.2476088468,401467.3647982722,402903.94586659205
1073,io.reactivex.rxjava3.internal.operators.observable.ObservableCountBenchmark.countItems,36330.50762651804,36526.51979931165,36477.79035570439,36491.97049906069,36488.18610406403,36642.806672552,36640.589866813556,36538.8134385724,36631.34349306192,36758.260737651566,36714.399078540475,36733.71946458445,36684.20779302827,36688.131326719005,36562.25938051767,36504.7297650919,36480.317235926545,36658.10496281867,36670.70181044684,36530.09308131296,36494.67257927427,36527.01373404717,36439.72861338645,36699.65932474521,36608.057137191616,36385.46593422501,36545.83795199064,35957.098516716236,36647.70025266284,36778.05042751601
1074,io.reactivex.rxjava3.internal.operators.observable.ObservableCountBenchmark.countItems,3635.0389538612226,3652.678535067486,3643.420750751942,3655.732235892382,3654.27107524008,3661.0515203994555,3667.619253442442,3674.004054654868,3700.060894944376,3667.926023924343,3672.9512255070686,3673.3860302589023,3696.817081379849,3670.065229692472,3687.364456924298,3686.624731095372,3675.994769822234,3687.5144723444555,3684.60133718912,3687.068650146042,3687.8243784274505,3693.3978727316044,3708.773182336561,3693.8420697823067,3688.996718318506,3688.773435535589,3688.4896421306667,3713.8366518103303,3714.603258084417,3689.4154490162578
1075,io.reactivex.rxjava3.internal.operators.observable.ObservableScanSeedBenchmark.scanSeedThroughput,23089.853681124147,23498.79310198628,22750.858885170896,22746.527713845077,23277.51096090134,23174.47704475101,22763.764074801282,22771.67751205681,22791.50209689919,22699.57412625126,22766.53470029362,22757.779409259165,22873.247863467164,23089.205876346583,23191.039364724173,22683.901444225692,22765.152061546556,22805.05064707574,22840.7262590326,22706.524643561286,22721.3220530877,22711.573752414333,22785.543639192758,22749.00049935011,22756.455564873722,22873.11197430071,23292.232073001196,22669.857393847637,22746.31997955263,23029.986289093515
1076,io.reactivex.rxjava3.internal.operators.observable.ObservableScanSeedBenchmark.scanSeedThroughput,2281.902060541668,2250.034525935163,2260.7473230539445,2341.3264191198305,2272.94895885309,2254.119489082816,2260.4232869046955,2255.889305767655,2259.090295965079,2253.253447561247,2253.648964489576,2249.123359188289,2299.519255605865,2261.7262180413063,2260.707778651824,2248.09146081321,2303.1594504427635,2258.6880390427996,2260.67378702621,2257.339116569503,2248.518751264067,2247.286360732431,2225.0403223086655,2260.989021368985,2314.516556138495,2270.7350574457023,2253.2802977663328,2257.5623241346575,2257.9898566257802,2258.374385127832
1077,io.reactivex.rxjava3.internal.operators.observable.ObservableScanSeedBenchmark.scanSeedThroughput,217.16521971854976,218.31483678656198,217.21690763360266,218.03143568279478,219.08556424055544,211.9669954670038,217.57574014368848,217.87271527377362,217.59647582185093,217.1246385701435,221.00584339449935,220.3516046062176,218.11543981353032,218.24851101298728,218.66573618504924,217.24428663819464,216.63810042065668,213.4815351146345,217.87063930791092,218.23983812607102,217.79530660565382,215.89208483015307,217.90257140227462,224.09557267822794,217.71035900921558,217.04167138263537,216.80388440945643,218.55698520953726,216.86207441949676,216.57987986509684
1078,io.reactivex.rxjava3.internal.disposables.ListCompositeDisposableBenchmark.addAllVarargs,1790785.5379852478,1785194.0005615647,1797071.3299566666,1782629.5149925968,1749823.595366674,1758438.7507515666,1770184.9802727783,1769367.8859105834,1770450.4573794475,1750097.9897464279,1757298.1171012274,1795924.831318158,1773761.6396174862,1767327.6564147566,1774985.77271191,1760877.3118115414,1782577.1610111813,1767729.0985782614,1779024.9646062576,1763878.75206569,1775237.0614810367,1756508.255939119,1755602.7392614642,1768969.9163468576,1767950.1372534868,1775666.4276880785,1777687.1956234935,1783254.475500565,1773995.4893881301,1762059.8240119403
1079,io.reactivex.rxjava3.internal.operators.observable.ObservableBufferExactBoundaryBenchmark.bufferExactBoundary,35155.93205407062,35329.953223141936,35432.18360705751,35654.73790202168,35433.53404902726,35441.81552535019,35551.141724916495,35427.81797187126,35433.21496041908,35360.99076196266,35475.277452144954,35464.39706978542,35664.33960342356,35571.70986904215,35555.932881011,35531.64351102065,35434.74214523949,35497.55344235572,35520.45284294441,35326.64970094157,35585.73826172598,35831.8919704046,35618.21381446142,35599.272298833814,35497.16258643742,35532.6322321253,35700.360463742654,35812.4972923374,35637.38238911304,35790.305899744526
1080,io.reactivex.rxjava3.internal.operators.observable.ObservableBufferExactBoundaryBenchmark.bufferExactBoundary,5368.452825814182,5294.111526321318,5348.267239253817,5296.6947726670305,5451.697468952356,5444.795226696319,5344.016379410203,5372.481936939303,5369.8322893979375,5368.393317871148,5276.7147882889785,5320.683206521884,5309.2445635187905,5324.1666667574855,5303.42611625996,5330.651018269787,5379.805751353736,5438.434750845736,5338.963829916781,5341.752383068283,5361.678492310887,5304.952605553422,5340.745860608223,5365.515772932525,5309.503869339441,5339.206856891256,5327.696113541379,5318.762942735642,5294.9532720373745,5324.614987739466
1081,io.reactivex.rxjava3.internal.operators.observable.ObservableBufferExactBoundaryBenchmark.bufferExactBoundary,583.4754969549978,588.3776746986043,591.5134801625663,581.7611201576465,592.6626842552681,583.8991448524071,585.5234699673966,580.5588240606551,582.1227154544107,578.3756712249449,577.9994035046155,578.7104231423368,576.6718264436638,580.5124403726047,578.2926411157767,592.6114673288981,576.4366830158896,575.2256392975366,575.7420278453254,581.6630362048331,583.9083876935129,587.354004571612,585.7139156521806,583.9897603235424,585.4969521431607,585.0607966376105,579.0682415598944,584.299613492198,583.36776060525,586.1970261411977
1082,io.reactivex.rxjava3.internal.operators.observable.ObservableBufferExactBoundaryBenchmark.bufferExactBoundary,36384.38945644089,36502.1911984775,36584.28931359579,36413.775967797126,36502.85004629201,36818.222821202646,36757.545015107804,36529.251040765914,36591.89035092511,36012.020958996196,35992.49290176751,36044.648443225495,35889.81861285673,36547.68936331174,36366.30107605962,36586.61701129313,36748.48265486118,36549.942132509175,36444.108639887854,36537.80463235863,36475.00579952592,36526.79154160067,35796.78405483923,36096.166683895935,36350.87320815425,36346.22735189895,36436.865402219206,36501.65721293711,36226.73115874117,36191.69441390743
1083,io.reactivex.rxjava3.internal.operators.observable.ObservableBufferExactBoundaryBenchmark.bufferExactBoundary,4517.813482070393,4492.031143251917,4496.182872717078,4510.889807983771,4493.331392288827,4504.105750340222,4451.788820493723,4486.2316555439975,4482.171815667104,4494.156199702725,4508.236687905187,4533.213342422263,4539.892708715615,4543.295575650882,4523.251569225601,4514.724592770392,4533.930508447097,4527.54868941909,4510.857786186575,4506.975035865276,4509.174595590277,4537.920741772064,4532.4717086950495,4547.105934389862,4547.1709325125585,4588.178931615651,4541.565385817274,4530.897316274121,4535.234615665322,4519.0309796679985
1084,io.reactivex.rxjava3.internal.operators.observable.ObservableBufferExactBoundaryBenchmark.bufferExactBoundary,656.6375610185451,667.7567522413206,668.1576242841295,676.6122774835723,674.3982283912225,671.201808152149,671.6627413460017,671.9064148588192,676.3104804995058,678.5465938089237,666.9675987140545,673.2322943642322,678.6553157157352,668.6939280900103,669.361117571556,682.5986040342851,692.9707527160549,673.3351959609719,666.4202783341959,666.634718172812,666.0219234945808,673.8321477381663,678.0496997847576,673.1332056978896,675.1793485345682,676.5357996967887,677.9435849245805,675.9412052820821,676.154372804855,677.4750029410209
1085,io.reactivex.rxjava3.internal.operators.observable.ObservableBufferExactBoundaryBenchmark.bufferExactBoundary,35919.78763532773,35924.848716373184,35929.388194377825,35993.37580287683,36285.73235643814,36649.21724601806,36281.76315060611,36274.03307937424,36213.28906070916,36498.63472166371,36541.796206402556,36495.17385874936,36315.399234350465,36443.55931321323,36209.25605360069,36371.492328899985,36433.0326301176,36665.135445914486,36558.68103590559,36708.14257120582,36753.40194864349,36162.74678001034,36076.24658366635,36354.94341627949,36838.318159569186,36033.624956871645,36031.682393438234,35978.725489628254,35864.54303880359,35990.93416447565
1086,io.reactivex.rxjava3.internal.operators.observable.ObservableBufferExactBoundaryBenchmark.bufferExactBoundary,3986.19280392959,3942.92793510613,3942.6644634834997,3933.1730031780057,3952.720001173277,3950.981101238707,3931.755134221996,3948.204728914274,3962.074094980596,4001.4806758334485,3980.725262284573,3970.700879161371,3970.9604243722038,3979.608549784609,4000.1669092388142,3972.3513070868503,3969.375081434054,3966.12286416573,3987.5392876857795,3954.0547436729776,3930.6764306469054,3933.4583313201106,3920.272534627112,3925.48206797047,3952.6027989921263,3945.495690686312,3942.270975539848,3952.5611589922005,3950.151870792126,3973.049539277867
1087,io.reactivex.rxjava3.internal.operators.observable.ObservableBufferExactBoundaryBenchmark.bufferExactBoundary,494.9099283726759,496.0358006503379,500.8971996803238,498.2871523929353,503.648470994942,498.98383342278095,512.6505374069615,517.436264056472,512.1031460787251,502.6138638833884,515.4488619742715,511.0477090994347,515.6984102870928,514.5811114212208,515.656418643914,514.7088431045945,511.5962421065746,511.7040774383848,515.454680390882,525.3960934429178,514.7669763146959,518.2995818659567,513.7249177731796,516.3537368265253,517.1227157920947,515.3589578762717,515.7710518089573,514.6412806174537,506.26461470235716,508.33366809452303
1088,io.reactivex.rxjava3.internal.schedulers.TrampolineSchedulerBenchmark.scheduleBatchOfTasks,743618.7968456827,755759.928900524,759464.3895076842,749605.493687029,740502.7481618586,742448.3391476182,739479.4629543939,737110.4744058544,739618.0068072698,738247.8868887047,739572.22201349,763711.9425669884,763546.4185801657,742165.6088635806,760462.0004818286,773849.5080921546,739591.4167208996,738835.2127097655,740627.3242132146,741322.062275989,741191.6974626323,739720.5125212093,738817.2499155708,740436.0314274678,774441.3541887499,762398.1657981935,740711.6120308501,739439.2298034021,741158.9091249211,742424.5722877339
1089,io.reactivex.rxjava3.internal.util.NotificationLiteBenchmark.acceptNextSubscriber,123852483.01546119,123922252.07723475,123863376.23671976,124096736.17720197,124071418.29734921,123973212.12177601,123561250.5688226,123845837.443688,123785354.73247759,124089037.27667914,124090571.71031672,124081561.97073641,123794478.88941193,124007832.1984534,124090434.16988835,124094596.3070738,124088575.90738395,123564516.51915151,123533733.9860129,124060645.77204034,124094682.91176468,124098518.28613585,123834381.10985501,123798659.14142357,123932519.621362,121810196.73287955,124087104.13744652,124088800.01542585,123373021.60531606,123805340.68221067
1090,io.reactivex.rxjava3.internal.operators.completable.CompletableAndThenCompletableBenchmark.subscribeAndAwait,19594147.647929836,19671391.88636925,19357203.213438246,19365476.629868206,19142543.090874415,19222588.08817238,19386538.86128125,19357246.937613517,19340225.08695537,19352428.672744498,19350960.531526208,19331179.049360123,19380553.849263284,19764452.41419066,19565923.76269794,19264277.092338067,19337081.08758407,19255581.6721645,19359382.46420328,19375412.432985988,19254462.94643335,19320664.55934676,19201380.78416398,19318010.430309705,19218341.32414073,19479541.241581667,19643477.563326832,19481407.885991193,19204498.208774667,19321274.352961145
1091,io.reactivex.rxjava3.internal.operators.completable.CompletableFromPublisherBenchmark.subscribeAndAwait,31840027.495879628,31038093.60705649,30919213.484432466,30868500.50538243,31070520.15514633,30919337.108877786,30855265.20951744,30916802.10511601,30899829.98540882,30921035.37762188,30772559.91474692,30853464.13145681,31302516.60108652,31051554.47443777,30783444.324570786,30775787.945797097,32008116.277303923,30960485.9753325,30860974.9811875,30745428.616271034,30755122.789056044,30841026.66754622,30833728.538484357,30784386.883501906,30774928.579362113,31266174.27026237,31922631.610916115,31278458.597517435,30800743.461783662,30689344.514534343
1092,io.reactivex.rxjava3.internal.subscriptions.ArrayCompositeSubscriptionBenchmark.setResource,81061849.85066496,79023072.38984917,77261788.38995777,80089121.10269614,78480815.77036136,79273977.32385316,79025858.0356676,75423214.81463712,78658358.38048252,76395873.81047522,77009997.31430274,78493193.59518287,78437488.54031776,78891699.5516731,78443606.78039625,79542518.05284871,79838226.44548517,77002463.93915813,80465439.93836729,79801227.2833524,76735248.49747431,79602346.89773066,78573759.24185413,77328095.28738207,78505992.65875068,78009111.85267721,80121849.7396836,77097600.28175919,77445136.4301751,78710713.39643535
1093,io.reactivex.rxjava3.internal.subscriptions.ArrayCompositeSubscriptionBenchmark.setResource,81187433.62915891,78931978.65286905,80657570.01501843,77925656.44671841,79843259.30841823,78425878.18350258,80264370.39266117,80231638.6478608,80007112.97909486,80789788.27311617,80371700.34254616,78869068.60380045,78513866.29800157,79006425.95280655,79015239.17676039,80019039.18922319,79344704.14913206,80898995.32301995,80436619.75165603,80157926.64398044,79450884.4454175,79060296.32370672,78706939.5667256,79225994.45353204,80160769.75904706,79583185.7544127,80405995.07328741,80485549.71756738,81621036.25474837,80778405.6242313
1094,io.reactivex.rxjava3.internal.subscriptions.ArrayCompositeSubscriptionBenchmark.setResource,78050302.43179205,79129690.98392448,78269702.39980304,78788199.39805609,78594119.90024516,79055306.27189115,77407357.14271888,75925184.33177935,77353336.36246607,77343105.55882719,79144487.37567727,79323260.51613986,78068117.55020934,79421871.78192997,80185730.98135099,77804009.35349412,76214192.82290636,76816359.58374918,77626233.67987175,77857087.05745214,77703944.77085435,77230480.18916675,77892944.7417517,77700210.7786624,77006222.58578071,77534479.6973416,78832066.0015061,76497487.21880177,75020103.71603757,76176428.63657022
1095,io.reactivex.rxjava3.internal.subscriptions.ArrayCompositeSubscriptionBenchmark.setResource,79528180.3825686,78076754.81037225,78694517.20668034,80119268.99218339,79893160.1433644,79300510.82609594,79422863.24369198,78804449.26142688,77891060.39101788,80212663.02891184,79512911.0026151,79831018.27782914,80513652.50373794,81394615.6536008,79436351.78046088,78804642.52315089,79036448.32483424,76921645.9790594,78936089.62406553,79908318.53076056,81224119.59584829,79278937.83689223,77960679.54531537,77101971.57255736,78115592.61813585,77999227.10369845,80069393.33883113,81274159.06811441,80081783.35331759,78446198.75733094
1096,io.reactivex.rxjava3.internal.operators.flowable.FlowableTimeIntervalBenchmark.timeIntervalThroughput,5422.220295565939,5310.402919537339,5484.840890250614,5224.480488109223,5319.192823127476,5246.5143249224275,5368.644756776444,5160.971681553422,5477.270022315046,5450.599555351868,5221.4245468006975,5363.298131989957,5226.522517368445,5312.910631530267,5168.276275936528,5281.613274994392,5425.57617569146,5259.740826270786,5322.776917096628,5264.323460734767,5283.9442890668215,5534.223221962789,5536.02998789758,5423.279267878416,5533.684972848181,5536.634903221212,5653.498031563276,5158.768376458665,5326.763539639712,5374.457169077009
1097,io.reactivex.rxjava3.internal.operators.flowable.FlowableTimeIntervalBenchmark.timeIntervalThroughput,547.0082663889217,558.6867856621014,548.0099170589685,566.5934493693068,566.6188745797725,566.1849320616876,564.521799229091,581.5141356354504,564.5379161185124,582.5101142365181,564.7501900951639,559.8093541254058,561.1707159452441,553.4148915909825,555.6491125862437,551.8866066183712,549.0566027942386,553.8416954281957,558.2370434767543,560.8474360370594,543.9366705413222,548.692827489158,547.6100835493801,557.7885129127447,535.567709025712,562.88144928644,539.2471586595369,568.9942537270316,524.12543120236,527.8502557444986
1098,io.reactivex.rxjava3.internal.operators.flowable.FlowableTimeIntervalBenchmark.timeIntervalThroughput,56.463728455175996,55.489471668430305,59.706379251965544,55.842310974527734,57.93657281549386,55.36504772188311,58.11185684995453,56.93912234162688,56.4163108117959,57.06950107447209,54.613964848603295,53.74136586115621,55.47191491419727,52.70827660832968,56.30854208338178,55.35040099650648,53.77843119633971,56.24503787404185,52.8296819130135,54.9473956162802,55.168058071095864,52.744276338417656,55.96446103558347,55.81921607213852,56.62868469513766,57.93356335375213,57.685632798989396,54.3202092524286,59.646652989105924,57.979284836822586
1099,io.reactivex.rxjava3.internal.operators.single.SingleFlatMapIterableObservableBenchmark.flatMapIterable,16549844.615273388,16588154.300756492,16406126.522807185,16419693.45375335,16490116.515562749,16519156.73123988,16468916.216653913,16378964.959027372,16300513.121970242,16263356.250238739,16287691.27354221,16425358.080053527,16719965.032243337,16548300.62806622,16405138.111880548,16411073.005472742,16485465.75665634,16436460.367101843,16557352.581662795,16564952.074106561,16366701.741156694,16330001.404776048,16374680.81354079,16451196.730687052,16285825.36730073,16684538.887507593,16641716.581261668,16457521.388176447,16410024.244877957,16597959.156054182
1100,io.reactivex.rxjava3.internal.operators.single.SingleFlatMapIterableObservableBenchmark.flatMapIterable,2445698.5046049263,2460916.4773295936,2457467.7958407803,2442355.7194313123,2460714.0331505723,2476645.0255263,2447482.3458553823,2462240.0112000513,2465989.75488913,2470496.2713447213,2461687.8686977006,2449985.644588802,2451259.8739014133,2444508.417680887,2456457.632144756,2460402.2670692774,2448398.1099424586,2448851.6345147034,2443811.975982711,2440703.6207449236,2472918.4415744883,2476003.4086545114,2489496.287614096,2477810.8235459733,2481339.861889547,2497236.337516683,2465297.1919098203,2481162.6316198735,2470639.6643565143,2462452.5477076275
1101,io.reactivex.rxjava3.internal.operators.single.SingleFlatMapIterableObservableBenchmark.flatMapIterable,185391.01205482066,184844.31611478128,186557.3619159483,185650.8789048716,184628.0891099072,185664.02980099322,186919.38183890242,188115.50005951503,187224.23419049243,187594.16769139675,187517.0320546059,187172.3928775135,187158.88722371552,186282.08211788276,188212.32510572355,187372.3325245034,186910.81226325125,188030.6084352005,185757.84947064563,187120.46190869514,187382.2680355853,187001.63718453914,185856.94105717883,185374.4227486946,186372.30364696772,186766.3446091033,186394.9118178029,186789.7266670299,185275.74047431833,184962.62990078298
1102,io.reactivex.rxjava3.internal.operators.single.SingleFlatMapIterableObservableBenchmark.flatMapIterable,17772.794080376058,17578.280193800678,17641.792860323534,17484.490581412596,17591.782648640714,17492.983465237852,17640.221918551277,17586.61273281441,17572.279677111477,17556.264721238687,17591.39112677032,17514.07690181395,17640.318030956383,17610.905306126173,17734.22927039591,17642.848433639887,17642.471121095117,17690.502826108575,17728.955374491423,17591.28568825334,17638.575896659255,17614.920117322206,17666.443365702435,17629.42903568182,17593.081799467804,17616.786837591215,17650.52995796192,17650.390955059756,17662.133960222836,17686.668918983825
1103,io.reactivex.rxjava3.internal.operators.observable.ObservableRetryBiPredicateBenchmark.retryThroughput,3410282.5925103594,3425541.3852990516,3487225.4590667477,3285084.5532968054,3444493.213629757,3531194.9803005517,3361678.587167996,3405164.41639081,3631210.3319404167,3412338.1878097025,3496720.796188224,3589215.6698551322,3278209.472080706,3353060.3334520473,3610727.1457916703,3514836.48208989,3259894.17329595,3568685.881525624,3493270.9439837667,3255367.044437899,3482575.929563439,3410756.1418747706,3521352.8043019464,3322341.8511930336,3122795.778647845,3512997.2988211755,3316699.1722927284,3390672.580217892,3558268.474466419,3452297.624478402
1104,io.reactivex.rxjava3.internal.operators.observable.ObservableRetryBiPredicateBenchmark.retryThroughput,457167.19366930035,470138.13035177,474188.96033662296,496331.23322521587,472367.2492756822,487102.23836275376,479803.3260266921,471382.1147717674,472705.5412121327,506271.71838802577,490051.2201076436,486203.678635266,487013.2008021645,481219.7567675466,478950.755675078,491056.4337911117,490186.43616726453,497554.6805123867,482097.59830172145,471824.24413049396,488181.4755099802,483966.60145546007,483741.4529686351,435116.3973211613,483196.18825965206,480156.9830151655,477776.1268679036,468911.9676464971,483708.3278367974,486905.50388644834
1105,io.reactivex.rxjava3.internal.operators.observable.ObservableRetryBiPredicateBenchmark.retryThroughput,109811.54330850518,109609.59758529047,109945.88907542426,109398.7891637338,107766.35718119684,113314.3772353619,107387.30566137744,108221.0218205895,111732.02637931747,111706.2631258451,111252.55992764492,110168.88162534942,111373.82613085669,113298.36389994128,114881.62771641731,109565.99126334272,112052.93231826881,112425.4901748488,110469.17282884938,111920.61612741642,111450.01514925637,110675.97106220157,115148.22954536598,110542.07795653732,108574.78122161388,111861.6454129928,112200.55614247451,109370.60094824125,110485.61521484148,111331.4253740438
1106,io.reactivex.rxjava3.internal.operators.observable.ObservableRetryBiPredicateBenchmark.retryThroughput,55796.50451892768,55623.50153903076,55199.0388272024,56581.837080071105,55728.40880078304,55398.936851146405,56234.40653824089,57143.612009809614,56166.579128847654,56289.296091553624,56740.78555264647,56035.3435742932,56772.08891538381,56197.42948873763,55287.08376892961,56290.07939896183,54965.30135164909,55262.057329173986,57140.34224373917,55652.46859488897,54844.59752696274,57518.97762421845,55479.372311256724,55455.499292755725,56445.35779751654,56021.5538926486,55687.72091178973,56063.0597521443,55223.411608051785,55718.22679930017
1107,io.reactivex.rxjava3.internal.operators.flowable.FlowableSingleMaybeBenchmark.empty,31711835.30210773,31856068.477561627,31668290.600574136,31900887.82034247,32476821.75631948,31974231.43053079,31717892.522256855,31667198.69400144,31813385.520481467,31785888.431691147,31745477.838700324,31783017.8493881,31673934.607470743,31585691.92138733,31621891.84848539,31613884.920333087,32096895.334945317,32412597.613710474,31703983.066092655,31647641.9104791,31556803.94455442,31611476.469807163,31884165.004566617,31650384.52115418,31630431.488793552,31617467.766427334,31622774.18708539,31624772.27575401,31497795.80134441,32299770.866333313
1108,io.reactivex.rxjava3.internal.operators.flowable.FlowableDoAfterNextBenchmark.doAfterNextConsume,321776.01737590495,322897.42443690787,322250.9570489236,322305.62502344593,322641.835168983,322374.3091007873,322428.81244606903,322721.14487026865,322075.192446734,322371.8346669195,322645.54045009793,322938.5518538352,322549.35229180584,322353.53083941474,323323.7931126515,322878.1670206458,323005.52133091143,322681.0498300006,322724.28162401955,322069.5224069165,315640.32877331675,321556.94959585165,321653.87186566024,323071.4576367604,323300.1275764827,322662.3156436257,322678.5004995609,322677.4317366729,322553.08799072163,322740.39100949396
1109,io.reactivex.rxjava3.internal.operators.flowable.FlowableDoAfterNextBenchmark.doAfterNextConsume,31164.45682959117,31059.41559709156,31217.54373280241,31182.88982266281,31151.49143269791,31275.819606236153,31088.94456454647,30846.97159281407,31009.11973101599,31092.12338867318,30665.65371647054,30964.891642668543,31072.412199736595,31018.39200655838,30203.95446738765,30465.156340133763,30346.375773550022,30345.49849917672,30414.46675139749,30564.397349872466,30525.59799921576,30719.42248685624,30770.059997796863,30809.733622136675,30797.206677256356,30819.985390015012,30595.776451946356,30330.523846363707,30396.593032898287,30424.993936725496
1110,io.reactivex.rxjava3.internal.operators.flowable.FlowableDoAfterNextBenchmark.doAfterNextConsume,3132.777682431766,3136.855751688259,3133.340156163194,3133.173562809338,3122.667698194229,3126.991670266006,3132.1093596467094,3137.1251812719506,3091.589993335084,3074.4685381450904,3131.263539016857,3127.585651197758,3120.888111829734,3111.536399745656,3115.215563799311,3108.5885347871813,3119.4972399883227,3114.7316720959125,3117.9483066823113,3125.7373786711814,3124.253709516408,3134.4405525124253,3125.8294393915367,3122.8247904694276,3107.6863753986813,3121.1288180397933,3127.465478620118,3125.8511652987713,3123.668260183432,3114.9258645395016
1111,io.reactivex.rxjava3.internal.schedulers.SchedulerWhenBenchmark.scheduleImmediate,500765.9877441961,500738.8530033722,476932.3494965665,521005.5211163726,406365.3458639143,504175.2625872655,458308.3106741329,464274.44792318676,439002.5149688313,433125.0615466308,463842.6619271292,359562.713438613,394738.7923377517,444952.59295944654,522770.561659942,428637.666263037,454193.01399397216,455936.8543655881,500435.94067505177,431730.64992785145,445879.84329379996,437859.1158385396,395270.0664679596,444648.2987528924,437165.55393027404,289841.33329077665,63503.56461412451,420499.54506772914,370033.9755441198,368520.9539529262
1112,io.reactivex.rxjava3.internal.operators.single.SingleDoFinallyBenchmark.baseline,45612698.57217872,45613202.81625138,45644531.065513484,45544674.968928196,45313696.581656985,45526908.84584513,45624156.25242071,45620413.288353026,45629024.945117384,45493553.61848135,44731246.07984604,46939564.05009463,46806259.36551344,45650991.03940486,45416669.86193776,45485724.3252482,45853511.42189385,45607194.90837701,45621638.5689364,45577245.40125549,45310903.627957635,45599130.68051016,45631453.16684909,45930015.5452397,47335982.42295207,46349517.12681014,45456776.43961215,45649358.28011383,46187011.93317686,46802794.3543046
1113,io.reactivex.rxjava3.internal.operators.flowable.FlowableIgnoreElementsCompletableBenchmark.ignoreElementsThroughput,17064622.83845168,17348921.091147874,15809764.86558084,17808295.030689057,18715858.114957746,16983863.49105176,16702177.324878866,18088426.964096546,17884418.169556025,17579654.57027394,17558875.810130015,16586498.308069456,17570973.334447484,17092177.48431227,17205340.44250867,17200757.042873133,16690837.199366197,17609120.91118443,18362097.448101025,17772539.262698293,17602293.01564277,18450024.698088843,17087259.075249318,17192858.865379,17532485.83186303,17530066.914019324,17433452.43156348,17258453.73990014,17556299.677083645,18155064.101665694
1114,io.reactivex.rxjava3.internal.operators.flowable.FlowableIgnoreElementsCompletableBenchmark.ignoreElementsThroughput,16095001.624660548,16653769.736570148,16703591.548455223,17007468.67834305,16386198.90200973,16737845.060017413,17584307.341538325,15629312.937961362,15886105.870421585,17000076.809965704,16334566.194516543,16298786.076900955,16732412.148314936,16130424.906099856,16563051.024898196,16821207.31903571,16503606.469344603,16416118.433791673,16171779.957423015,15362731.621838193,16568886.137148008,16561419.570756175,16780440.661477078,16779841.37942989,16482568.872543143,16351466.615706345,16760181.611076538,16992213.253563907,16191234.613421453,16397242.850016437
1115,io.reactivex.rxjava3.internal.operators.flowable.FlowableIgnoreElementsCompletableBenchmark.ignoreElementsThroughput,12269167.35515453,12408450.59237031,12501397.25101027,11423822.646545548,12526261.744553475,12293481.122828586,12467139.983992444,12565980.918213097,12459097.118132306,12466805.62217567,12542924.140505891,12609616.191354934,12908314.572353832,12232701.201801414,12541712.812327482,12655281.08793907,12386825.48328557,12372552.6771964,12486414.332255526,12526709.38189994,12405609.158865195,12434149.133790238,12071291.446099345,11651580.074030066,12453471.144182166,12427491.392335422,12263992.299947232,12741364.791760528,12525380.673019815,12446045.333902333
1116,io.reactivex.rxjava3.internal.operators.flowable.FlowableIgnoreElementsCompletableBenchmark.ignoreElementsThroughput,385695.67736808525,359259.47532702156,373170.2534198571,370782.62938118476,339501.20452474,356367.3012181017,354122.4129684394,354156.99672562734,366217.57370841503,366983.3598474804,349075.9616394891,377128.7168317913,372975.2365212128,372746.46699979116,381823.78698434954,388695.7127576077,385670.33053597563,376467.16382410855,386472.87030083436,381943.12061448925,370459.973258896,387482.7108929472,375285.338882661,375534.00520950725,367273.5135957636,368694.2361454714,367514.082264976,368210.85831170215,352637.7298584191,374874.2603239605
1117,io.reactivex.rxjava3.internal.operators.flowable.FlowableIgnoreElementsCompletableBenchmark.ignoreElementsThroughput,34983.39805236954,33141.12229029328,33596.41606336828,32897.31867114439,32792.74512002249,35033.73979957943,34930.1389272334,34130.992189375545,34700.498604555614,36155.51700915884,35661.973363110825,35024.24865352558,33224.19911551115,32771.67763506439,33680.20740367917,32835.71536644455,35969.08317710894,35840.171276774716,35566.75850303354,35043.81304555401,35356.32948726034,35807.57711810234,35725.37741384781,36005.72423973647,34681.845308263124,35992.76045793166,34813.01408081889,35591.249792946,36021.017843811176,35561.32649129224
1118,io.reactivex.rxjava3.internal.operators.flowable.FlowableIgnoreElementsCompletableBenchmark.ignoreElementsThroughput,3472.713195562605,3510.523618434455,3418.8538542542924,3333.6207508926277,3507.229988014359,3510.1957404417544,3304.3237965696226,3226.7197230609486,3509.7001628053913,3477.3458273926803,3298.3423197751995,3254.244442542308,3167.842221977719,3161.648823018632,3302.614032216956,4084.690373943552,3393.0113892192394,3487.53014992068,3494.2338101586756,3421.0100965184715,3322.6194246771383,3347.659103862664,3284.2120880761,3236.495423586957,3377.8167787969237,3500.6546679314138,3505.6807643051625,3435.4268397237615,3482.9367109019095,3260.917414005573
1119,io.reactivex.rxjava3.internal.operators.observable.ObservableSingleSingleBenchmark.emptySourceWithDefault,37380255.87071161,38456218.16433445,38125785.640412875,37566894.14588517,37579155.96624965,37999115.4974821,37718044.550929576,37487000.689030014,37571186.97302293,37605325.26592431,37554791.066010885,37469424.50264328,37514912.7765716,37589255.19771195,38289528.38551937,37704100.94764286,37522412.32209004,37597449.387995236,38514740.403638825,37893864.07147512,36657334.86706455,37466174.463198625,37508915.22839418,37519343.60530258,37612765.0108704,37545683.574175335,37795153.12341428,38018215.46808594,37476675.817266524,37594009.11997182
1120,io.reactivex.rxjava3.internal.operators.observable.ObservableLastMaybeBenchmark.lastElementThroughput,20825002.32753931,20622072.00647773,20772765.23110367,20813968.285987318,20653651.219264075,20788039.60788018,20815298.28434243,20791116.585257515,20908161.257456873,21043953.02770912,20792846.644858558,20645834.425440893,20799167.998641998,20628132.115253028,20765926.787084606,20638240.406641413,20775099.471357413,20646476.433342047,20793040.036591187,20791131.83823119,20696479.42192651,21057154.913192045,20751050.277408328,20802969.191421136,20658433.503192488,20798408.134178665,20650475.271387212,20807224.341978326,20712599.610959888,20809729.885446582
1121,io.reactivex.rxjava3.internal.operators.observable.ObservableLastMaybeBenchmark.lastElementThroughput,18854435.315929256,18828344.41290484,18839954.43535384,18848854.390210964,18815369.219306156,18826490.954337846,18917353.874719713,19094257.70023028,18829041.53499886,18889413.541322157,18933832.00918765,18835479.111071367,18858765.57170822,18825868.876294717,18803061.981695883,18845193.453671318,18815821.001135286,18816733.53659447,18848250.474941175,18941420.551957037,19089811.3564066,18827006.241918147,18817773.880967606,18888899.143375754,18842938.335852012,18875312.18006476,18841528.60841201,18882050.419107918,18815290.492961355,18825710.08573063
1122,io.reactivex.rxjava3.internal.operators.observable.ObservableLastMaybeBenchmark.lastElementThroughput,4691661.530137612,4698586.245481771,4698887.019475619,4686425.148346425,4677349.882013191,4718172.830418445,4725707.152400204,4694813.325975309,4710848.311628345,4733159.821568143,4703940.280976397,4691568.1296112295,4698842.648608758,4694523.217904153,4678823.118267421,4687228.9466988845,4691175.848727245,4699972.374961819,4735776.557078987,4709277.900045626,4703401.759968369,4717558.196944286,4697980.798768664,4692078.40238841,4695463.138894691,4696377.1610605605,4702630.548509736,4699101.270643979,4695299.228061661,4696231.451300761
1123,io.reactivex.rxjava3.internal.operators.observable.ObservableLastMaybeBenchmark.lastElementThroughput,379255.43021963915,376787.8546253278,381720.0244223299,378356.1548460049,378133.8974317695,378461.92730758525,374786.8486667842,376468.1418605784,380205.2116402299,376669.4555545841,379058.903429661,373298.6010309945,380314.7778272168,379996.2259161218,380604.5307060142,379171.35854066745,381128.44979714375,375398.51398775785,378025.9494101485,379350.48617280193,379700.98682536784,380572.4119633,380482.21251807903,378839.28545250464,378057.98432960984,378007.5630971338,380188.1706552924,380530.6535792718,380935.81217615464,380358.99030973885
1124,io.reactivex.rxjava3.internal.operators.observable.ObservableLastMaybeBenchmark.lastElementThroughput,36661.32003167087,36142.833923820115,36637.56122073734,36530.734371531595,36599.25593418708,36154.45570248885,36578.31581002923,36684.848514718644,36788.38714159166,36776.552851396715,36796.103160882056,36711.517089964655,36549.929446496855,36753.950123414725,36742.97097635484,36902.20201401127,36844.21763521684,36880.37125216439,36804.8450027154,36630.44283987488,36843.638590710434,36619.816754436964,36814.47922237692,36886.84274677564,36961.09188363151,37065.64407059723,37011.377521834314,37004.7883914203,36714.79564366955,36745.45666321705
1125,io.reactivex.rxjava3.internal.util.VolatileSizeArrayListBenchmark.arrayListSize,123099475.53322175,123068699.12224224,123513876.91851884,122984281.26249388,122806249.69998802,123589169.2759798,123092611.05601119,123128663.4754559,123139518.43104437,122952249.99482086,122712244.58267643,122957369.02402021,123045958.4695675,123085148.86863065,122841919.13757081,122687447.46504928,122821715.1853545,122807222.45508157,123026275.16950609,123007741.44068377,122559683.52654412,122911408.63783543,123255606.08418332,123261301.6933832,122686972.69119817,123407420.32737672,122492590.23676182,122620765.93295676,121179561.79585448,122956808.42664452
1126,io.reactivex.rxjava3.internal.subscriptions.DeferredScalarSubscriptionBenchmark.completeBeforeRequest,28540554.04173718,28530852.962842446,28595936.91075211,28385177.20331695,28574430.028457984,28553070.585614033,28568297.956743576,28517514.624636047,28571369.685608797,28593847.233632565,28639340.464930687,28608014.570283514,28523410.842692245,28725969.37899249,28728792.5668284,28640811.788647544,28591332.30560281,28489237.680639792,28592167.428720295,28800591.9138335,28662850.005519703,28686548.19651209,28491857.060004577,28803282.01130618,28901562.259967487,28557912.45946162,28725423.261865143,28767263.036280718,28845480.66358835,28950278.05532216
1127,io.reactivex.rxjava3.operators.SpscArrayQueueBenchmark.spsc,10715489.045025747,10183789.474197935,16158849.117836187,13438601.581952162,15093895.838645807,12574772.413271315,15213547.88124239,11467482.946897514,11047885.464435492,12289878.440494556,10885321.779293032,9903803.324239366,10008911.518676896,10239388.727099929,11220741.84756883,9989762.859137535,10306302.886449683,11982757.838766962,10151221.206409043,12600380.43401406,10384193.099920198,16561104.530015606,10413249.589015845,11639451.739420366,11129287.435888369,11187338.641747732,10971288.184520664,11065992.809970725,11523937.102666095,14238897.87881453
1128,io.reactivex.rxjava3.internal.operators.observable.ObservableDebounceTimedBenchmark.debounceThroughput,1600.6242214515298,1567.8289576998598,1543.5007253638673,1545.9323484544993,1562.8439719092205,1587.0386227875513,1623.809384264,1560.772871649399,1599.3235996693154,1563.0430144100833,1571.2988848662737,1568.6225799955175,1554.2470621074797,1578.3975808872906,1582.2477377178272,1579.321446119996,1556.106090188173,1588.8173988051726,1610.258464705194,1594.2941023717633,1558.786316895321,1552.1237640502432,1590.054076829694,1557.651931693368,1566.35553084861,1569.1667206888123,1525.8296685824369,1547.832733455659,1526.6650069508548,1532.4512322786236
1129,io.reactivex.rxjava3.internal.operators.observable.ObservableDebounceTimedBenchmark.debounceThroughput,1624.1736415654289,1667.4410754189607,1665.8986950344563,1704.4678157183662,1678.8388633670552,1682.4649357712663,1665.3898694328245,1630.894481127071,1662.4376920877153,1685.2964729873515,1689.3270666989429,1620.114110263709,1604.8468767449492,1598.582403917207,1616.7552652884722,1642.663083230977,1608.6823041943999,1672.7715445718432,1646.3427733794958,1608.9087491313842,1625.5817670718043,1647.855860400035,1636.6307908232675,1605.2373966594942,1654.780622423324,1645.3788727662884,1650.904275617387,1648.0329243917693,1658.0355008527279,1665.0995757581143
1130,io.reactivex.rxjava3.internal.operators.observable.ObservableDebounceTimedBenchmark.debounceThroughput,1690.5664609933442,1578.458942157643,1600.3172614477003,1572.113417642914,1570.273026399698,1604.468279212269,1549.485533615187,1581.9465903192176,1592.137475444053,1568.8630931621751,1597.2623682657113,1577.0526628883504,1540.9649507521951,1519.2818202907304,1602.6027340134708,1569.39608853815,1535.5685559095518,1633.6239708007772,1590.6919879476059,1619.4015566323528,1613.6725229118729,1579.6139739370492,1616.1168729347849,1650.5023256842387,1566.3386745818661,1590.559962043141,1568.9837108111144,1621.602152884607,1629.302243167852,1630.4800154658676
1131,io.reactivex.rxjava3.internal.operators.observable.ObservableDebounceTimedBenchmark.debounceThroughput,168.71822958989995,163.47518449889066,165.76730530554846,155.67178891682184,158.3764155117499,161.18542832268022,160.7470973954033,162.6466410640764,167.5474387859274,161.25941532880537,162.88942463165134,160.79226057992952,156.63509911386197,161.68275789529918,169.46177026844737,159.57123496393413,168.22871223398425,166.94742708657844,162.9764952039087,159.54939326427095,159.5424801891042,160.65457258711612,157.6141617928444,160.8118891669637,162.5503062033914,164.07330756004188,171.86967071308925,163.4717576891468,162.99284102843635,166.1482554234698
1132,io.reactivex.rxjava3.internal.operators.observable.ObservableDebounceTimedBenchmark.debounceThroughput,164.88077240514303,156.90113925947196,154.70481516800905,156.71936420171764,153.82408846449698,154.8569720874394,156.71724917187163,155.41501013111596,153.08863381678236,158.26915986740366,154.76598377274667,155.98135726416115,160.71463990682065,158.66937839486732,157.93849678455746,156.15720131411516,157.1169927594384,156.30285410256042,154.69709967549917,159.4198121588038,155.47601334055554,156.9870816900348,156.08339123215248,152.2236772086299,154.7517080030876,155.44040986128707,153.57305462230562,154.35495465771425,154.7286668813848,153.61824989277622
1133,io.reactivex.rxjava3.internal.operators.observable.ObservableDebounceTimedBenchmark.debounceThroughput,169.13193995868264,160.1916862074986,163.5645062308702,159.99764947453156,161.97442067553808,158.19858825788648,161.53986757962804,158.25889874036378,159.88664868019148,163.70763094033578,165.01834563126093,165.50589654487825,165.93027377593552,166.5875443995333,162.88697403181513,163.7545097193174,161.57705605963537,162.5359292028353,158.48753657301754,156.41872346586126,162.47115541429952,161.8464486673662,165.89983349623114,163.5778574042205,158.63369180373985,158.61822639082848,160.79878444108965,161.78646532480872,159.13952415848033,160.27860539084705
1134,io.reactivex.rxjava3.internal.operators.observable.ObservableDebounceTimedBenchmark.debounceThroughput,16.705525586268482,16.131571603133334,16.10876062078304,16.64633212749719,16.613926262678845,16.079961083543033,16.203155468261638,16.515980238757887,16.41916887975171,16.086356360354113,15.78218529453023,16.41015081501989,16.038744292669453,16.03537656107763,16.458023096169217,16.56723145908234,16.58800957779964,16.698041484455143,16.610495783600054,16.843045069613737,16.821006342648378,16.70119315789802,16.663085785867644,16.464934607458932,16.87349902347751,16.746002792177283,16.847286107199963,16.60666014461906,16.664471220609652,16.592463105733497
1135,io.reactivex.rxjava3.internal.operators.observable.ObservableDebounceTimedBenchmark.debounceThroughput,15.454908499127297,15.262199396483798,15.35582480774421,15.219080707086517,15.17932060512578,15.389711894878571,15.261463605703018,15.60762730855781,15.523490485864674,15.198127838379795,15.183404153601648,15.477895436622196,15.004876781893124,15.326086754013323,15.272868636316707,14.979547869051114,15.256550055063464,15.311780571803018,15.490752734644301,15.326488189718084,15.516821328255732,15.166251735871116,15.516139868811484,15.443495672000877,15.56807059128327,15.453560956469296,15.770006596692323,15.476408897374707,15.658630119423968,15.979443755922393
1136,io.reactivex.rxjava3.internal.operators.observable.ObservableDebounceTimedBenchmark.debounceThroughput,16.22346187221302,15.880987293625044,15.906581901114723,15.809691283842106,16.120865678348864,15.691033046325705,16.31136620335181,15.801045543530345,15.233509124886723,15.727181077393075,15.558817500541588,15.870994478289576,15.913766941198276,15.961396198112942,15.645279781394608,15.612401965593211,15.617522577264094,15.82627499520392,16.14871303477418,15.73840925570812,15.689221237802581,15.96673775660395,15.719783169485247,15.877656732510049,16.251765669496216,16.4496628434528,16.27157139328687,15.47059597372035,15.814633783347404,15.85253988011816
1137,io.reactivex.rxjava3.subjects.CompletableSubjectBenchmark.addAndRemove,21655003.799749687,22283782.412978455,21692565.358577598,21887523.795067962,21874035.55607757,20926658.547618363,21010838.69502869,21379269.25786521,21300465.98510721,21578530.439299908,21620320.750480585,21964465.530756257,22252458.709170483,21018850.186265152,21787203.179911606,22074703.439258892,21850965.658866305,21722123.77615555,22071041.049554408,21726442.446005277,21348567.635788925,21530659.583739303,21802255.169423185,21688792.189631302,21559735.278541826,21753587.99942333,21878104.974762484,22273531.35422397,21794377.013760075,21815449.02324477
1138,io.reactivex.rxjava3.internal.operators.observable.ObservableAmbBenchmark.ambThroughput,17422526.26104365,17414694.39493475,17461918.72442198,17606542.514428627,17660459.725399245,17590578.20574471,17555381.67577015,17860796.65888411,17691186.3547305,17773873.59916503,18183710.209201127,17963427.54009825,17581839.220624354,17568327.233644966,17545139.584015112,17618576.577924058,17611410.64193823,17581688.98854397,17641848.110802222,17609110.260171797,17792899.0496855,17663560.018723253,17616314.480046455,17855680.757458594,17826037.218819745,17596641.32521984,17559363.90789489,17593554.487956367,17608294.529847372,17531163.305927545
1139,io.reactivex.rxjava3.internal.operators.observable.ObservableAmbBenchmark.ambThroughput,12916403.076973984,12854063.497162914,12906574.41034503,12903516.814707939,12895081.97032772,13120694.420388335,13232401.03507572,13114029.743208917,12916811.540799983,12931140.392115816,12939998.05385534,12898709.133778198,12916827.634169739,12911317.117880281,12927620.403415382,12946754.05106343,12865585.951369464,12899483.005575987,13387166.489733592,13315198.108662289,12916873.206888977,12918109.527955072,12942607.798498945,12944092.080157733,12890424.216768153,12802918.00399091,12742108.287826793,12744511.372170735,12800589.541406438,12788938.898395441
1140,io.reactivex.rxjava3.internal.operators.observable.ObservableAmbBenchmark.ambThroughput,8374290.476685286,8340882.239528287,8375084.053167538,8392006.746385014,8371149.064292082,8360647.506357482,8378013.56351345,8505669.17855219,8532495.545359092,8387732.611896463,8378990.554321973,8378992.573493799,8366019.050557483,8373120.863516066,8396738.708241291,8386620.440379515,8370273.203161812,8510266.368007014,8495992.942080712,8390554.684702434,8339025.6505482085,8351826.351133317,8241081.119596661,8275764.0981010785,8230534.924765956,8206373.318991767,8206244.2546123,8167686.654695345,8205272.634065117,8347297.285204117
1141,io.reactivex.rxjava3.internal.operators.observable.ObservableAmbBenchmark.ambThroughput,4887758.624918585,4894866.985259875,5024617.883735215,4994156.540624851,4891561.789601505,4996765.131335667,5080277.31969995,4897782.55119456,4874608.746532251,4874457.862698216,4868417.836619229,4884843.273295549,4909335.753023819,4896144.07935301,4844822.523157787,4836837.4618806355,5026512.969211468,4956965.3870509695,4842170.419343742,4973827.555989008,4774565.653963842,4793295.495019497,4789724.880228904,4793365.7182605965,4786483.739162635,4793477.653322451,4780740.033277455,4771122.357672526,4914507.421339311,4965393.764608003
1142,io.reactivex.rxjava3.internal.operators.single.SingleResumeNextBenchmark.errorResumePath,18551384.163624007,18557781.47645548,18579105.082460925,18873150.778721716,18708183.079703987,18608000.321186196,18638419.958529808,18609810.96971733,18499444.57885592,18553996.5059609,18580584.08650694,18744588.80233537,18731895.063555274,18638757.226338033,18612067.25674079,18601495.978024356,18651350.217262764,18825835.093240824,18605163.381646607,18549368.168758117,18573479.81265713,18644967.18164413,18608629.666732054,18657093.795023195,19020568.377459597,18841460.95829582,18578532.31750286,18558176.531544372,18663267.68541022,18618858.719991375
1143,io.reactivex.rxjava3.internal.operators.maybe.MaybeDelayOtherPublisherBenchmark.subscribeAndBlock,23997488.170127645,23904756.067180693,23854965.58660315,23942779.968817238,23886318.53385408,23881387.346518356,23885774.589563824,23797602.695158686,24298185.01690628,24308173.958941065,24042014.802205663,23905924.28598325,23974316.74454496,24208246.54493701,24025669.96740486,24033978.235216644,24007917.909118854,23970316.878517877,24020354.63418204,23928976.758101095,24010321.702546563,24291109.303300276,24132026.895899422,23964662.491149887,23947415.96943466,24001621.190431792,24151477.569431704,23892555.388686113,23986961.731995847,24033049.894637305
1144,io.reactivex.rxjava3.internal.operators.maybe.MaybeSwitchIfEmptyBenchmark.switchIfEmpty_EmptySwitches,21782418.665733986,21578699.443888728,21821328.731541388,21865485.305188406,22369749.78455326,23010576.471363988,22357502.674092997,22515641.91028433,22629157.49653227,22285956.982810684,22301251.380248435,22367065.03595793,22384791.44897127,22275003.97076064,22543712.188852772,22305466.03709863,22525899.851710554,22918977.229346823,22746848.154769573,22151337.54268538,22292375.566754322,21753926.898842182,22215037.720170707,22466935.255478803,22404784.813151587,22314221.883473273,21987401.325691335,22259177.672056247,22110023.753272783,22272719.203444045
1145,io.reactivex.rxjava3.internal.schedulers.TrampolineSchedulerBenchmark.workerScheduleWithDelay,4844563.998207789,4590234.951953025,4635870.645752304,4958570.232607175,4807336.735374572,4873773.244807917,4830605.373336259,5120950.1704600025,4832518.209049007,4887251.982388181,4752236.938509168,5041888.22190427,4709620.810943057,4865581.386887993,4797562.328277119,5114335.211913347,4846669.504749936,4951548.709103706,4783763.504988914,5012570.136141101,4853768.608947649,4843690.121797894,4987025.395199719,4728033.733712463,4878075.701575438,4543238.837997097,5229873.832399154,4882156.457558572,5111663.013597537,4822929.732702167
1146,io.reactivex.rxjava3.internal.operators.flowable.FlowableRepeatUntilBenchmark.repeatUntilThroughput,1239357.3659332115,1242512.7228847984,1241704.8895935286,1237144.0762604808,1240979.764909426,1241031.8351714239,1246383.7157687342,1240609.0337249786,1273497.262211272,1286713.7167688534,1246862.5794288213,1259900.5969930538,1260185.4774142876,1240428.773874863,1244097.2135575002,1247256.1888760596,1248295.682877569,1239920.0808531833,1237908.157888879,1241857.178258808,1237143.8585225665,1284553.187129258,1283820.2416715708,1237948.185372596,1243513.133928945,1244640.7322789102,1240057.3109924707,1245681.5219288443,1240812.1142951928,1245135.1149136429
1147,io.reactivex.rxjava3.internal.operators.flowable.FlowableRepeatUntilBenchmark.repeatUntilThroughput,1246681.3399968336,1246061.8778193388,1235259.5941700812,1241837.2128622117,1240441.042904453,1242506.018768195,1241872.0452371158,1289635.752558162,1269446.2657601172,1244734.338176394,1242034.2816925102,1236837.1616628796,1245466.6786798744,1239436.2735916306,1244497.9347253083,1239652.27575775,1242994.7137499498,1239781.4495816517,1235114.7253122583,1244261.0654382322,1272247.3428646792,1274484.8969289444,1238894.9500946864,1244243.1239950624,1244211.7692987225,1251297.5420664079,1237192.555876957,1237118.7139421883,1231963.5504175914,1237334.8589829546
1148,io.reactivex.rxjava3.internal.operators.flowable.FlowableRepeatUntilBenchmark.repeatUntilThroughput,1280745.22363357,1272703.257082717,1268574.6408297468,1272766.7210078342,1276666.4847852022,1301598.9907062734,1307857.6030151255,1282512.8375025245,1294180.2788469659,1319764.750499989,1288551.3304843516,1272820.436718424,1270223.0367802584,1275442.0986422289,1274045.7394141932,1277012.7616652478,1274734.6735046054,1275019.6322514452,1308537.8784727573,1314445.6079748678,1277545.24727789,1272554.8931967719,1278165.4134981371,1274135.2436531354,1276900.0847477014,1275999.9259349066,1278371.6004141113,1275258.972441734,1281513.8094021876,1283537.7434093915
1149,io.reactivex.rxjava3.internal.operators.flowable.FlowableRepeatUntilBenchmark.repeatUntilThroughput,178925.6908698417,180227.99784316059,180045.205691928,180180.74340699185,182413.65359647182,180526.10513493267,179381.886557271,183708.85982610207,184827.90971273606,179898.79973043958,179111.5395751337,179216.8514573214,179063.3464886204,179636.41499609093,179264.8722494145,178622.34542452122,179587.1314474214,183940.8290554136,181586.1583783108,179457.2123898558,178968.09740146578,178285.13905568366,179466.75266165228,179587.1987614759,179564.99426665483,179213.24429831744,178969.884192037,178491.7061153543,179220.53381990714,179696.38173043923
1150,io.reactivex.rxjava3.internal.operators.flowable.FlowableRepeatUntilBenchmark.repeatUntilThroughput,179131.0704097028,178639.08521669038,179292.48737968842,179738.64749698152,181216.1108220447,180727.33983607235,181942.45402526465,179976.81719544757,179903.46255821572,180682.2391840748,178923.95897235314,178831.87502004177,178823.40916409632,179057.28305906648,179137.78750152944,178669.5141312381,183734.49254179184,181922.3357397585,181614.61881866198,184791.6378087019,179851.51434896083,178289.7210897556,178485.34524560903,178477.58123226857,178833.7226811457,178694.05883602533,178808.66455174555,178619.6855238778,179185.4747134841,179023.52717450587
1151,io.reactivex.rxjava3.internal.operators.flowable.FlowableRepeatUntilBenchmark.repeatUntilThroughput,179169.4514538371,185439.91945550972,184090.40596945983,178588.54507443376,179017.25658935684,178877.87779841758,178755.60382228298,179892.50176557605,180105.57509381967,179185.53193985356,178757.3776604991,179301.46005075925,179048.23873364893,178555.35140598498,184483.7769704875,181109.54070620477,178863.963357935,178416.46234262967,178851.5059709104,178590.782929693,178473.98935298657,178844.78505879396,178762.70630708273,178744.17385431673,179385.2270201913,178645.74853152107,178172.7264659329,183200.94062422006,180410.4536111359,178568.74689463864
1152,io.reactivex.rxjava3.internal.operators.flowable.FlowableRepeatUntilBenchmark.repeatUntilThroughput,19179.779556920694,19257.225435878518,18401.583259343926,19260.291548695965,18583.89344064897,18313.90563425492,18372.461936245818,18375.276252994223,18299.031628064862,18316.572479607228,18280.417494496538,18312.039201778392,18857.129875105133,19248.4668403677,18362.023140368932,18353.21272743818,18294.962017035003,18335.788151089517,18356.804861862664,18248.56303515236,18274.181262362825,18260.01012485113,18302.480326755987,18359.818912849336,18270.85615305054,18231.048995560195,19143.55066092301,18885.812157958513,18477.700481802814,18369.709968747735
1153,io.reactivex.rxjava3.internal.operators.flowable.FlowableRepeatUntilBenchmark.repeatUntilThroughput,18485.725538624192,18994.497326322016,19207.955471381465,18464.863007595446,18446.681412765935,18338.95678844309,18395.762486617226,18428.161039540515,18368.3162866559,18347.1288599746,18556.026829172944,19442.24718420511,18847.31780248482,18490.024192994784,18332.476222908826,18355.756158895405,18479.70054441712,18380.113435228453,18366.204100545303,18355.993247194365,18372.11808321565,18340.018075432243,18328.988478112857,18677.99971697631,19247.39424600829,18505.790831627062,18460.926570963606,18452.59108931256,18400.70541837029,18385.217240639828
1154,io.reactivex.rxjava3.internal.operators.flowable.FlowableRepeatUntilBenchmark.repeatUntilThroughput,18527.36641965055,18597.08749411919,18623.432521554958,18342.399625632665,18373.19145096382,18332.1349432163,18366.39241307076,18384.43136953774,18388.175235176175,18449.791981420225,18823.924306845485,18366.541494573376,18670.64331603009,18743.40379106881,18358.06410589188,18335.077090455063,18325.762937930635,18461.510765311094,18292.051465671248,18279.159983197773,18391.457802697412,18365.017287924922,18357.813259161863,18348.005574793857,18337.052616176585,18377.96725013038,18324.410687212276,18366.172475366777,18345.302325722776,18288.016342464987
1155,io.reactivex.rxjava3.internal.operators.maybe.MaybeTakeUntilPublisherBenchmark.takeUntilPublisher_earlyTermination,12604425.904767487,12803099.747916687,13074402.348389838,12668561.342811009,12560597.908567758,12588594.375106307,12602175.530971846,12567662.369175307,12650141.41395403,12586615.182968054,12572604.702237755,12587820.07478535,12606177.175666053,12570285.657349944,12908546.450207248,13006722.594306407,12574097.622721668,12586593.089975236,12633006.07608421,12606667.046452198,12560771.943551647,12529772.625146106,12542403.94988585,12544578.714385126,12514235.964131486,12545644.424764222,12562368.052836096,12807785.270406261,12873160.336060511,12600417.470720084
1156,io.reactivex.rxjava3.internal.operators.observable.ObservableMergeWithMaybeBenchmark.mergeWithMaybe,25007.164235564083,25020.483858760093,25144.338471772764,25072.59375810444,25260.730951398462,24990.449574678205,25100.370685969905,25034.98581021664,25084.33274473979,25137.37318461961,25488.221967123794,25397.47300233321,25063.091796442986,24968.165563907853,24814.090605356098,24957.430951273524,24951.081525737955,25192.124521905716,25167.78114952671,25281.234689510904,25147.188874310083,25356.46433645039,25118.84495381603,25150.985861948073,25362.148618033043,25222.90002932972,25228.35798213129,25197.36845315709,25175.06109231985,25207.109374732452
1157,io.reactivex.rxjava3.internal.operators.observable.ObservableMergeWithMaybeBenchmark.mergeWithMaybe,2518.0893178896495,2499.5703788424253,2509.905262151523,2501.4115854485203,2511.081569404909,2509.3905894765644,2508.830671491489,2504.745460252093,2541.8608483697167,2531.418054834792,2521.4327910864813,2501.779040373375,2514.2754187579217,2508.1489098304273,2517.2198154076323,2514.486197433875,2525.57581691367,2510.776387744131,2501.7167306145925,2506.598761216496,2521.998753884714,2554.8467679553983,2509.5405156792817,2512.7346024585536,2527.068317925479,2547.1270969967322,2520.728411679469,2524.6622986462708,2532.6847162104177,2519.997595356519
1158,io.reactivex.rxjava3.internal.operators.observable.ObservableMergeWithMaybeBenchmark.mergeWithMaybe,245.07865058575197,247.73387906469725,244.6358910342255,244.11594606301415,250.49363038259878,251.63855292518065,251.29025830733934,253.6742264848636,253.1095804914878,251.40658291855803,253.70817141470573,254.89476338330527,253.1657310676235,254.19930776843253,251.510356368587,252.87647843808327,252.32234393662566,251.1988642733152,251.90219796403167,254.80123007002484,258.4758378822619,254.71441877852504,250.51625586560235,251.79192544760824,251.6610812270623,253.39293665932072,252.42013994966734,251.00399781338464,252.86545307393934,252.89660802684378
1159,io.reactivex.rxjava3.internal.operators.single.SingleUsingBenchmark.subscribeSingleUsing,20125129.82662288,20708417.035699982,20110241.05581277,20286451.24633008,20230636.640204437,20411154.617023382,20159349.18662374,19939822.90431179,20015198.002432138,20114121.593226813,20050827.641991477,20062691.677518953,20108581.329728875,20412396.607389327,20786481.673566855,20083286.41600823,20131348.403938953,19971452.58647804,20056195.52118618,20107876.231377315,20218306.80684668,20176243.232174847,20034791.329033855,20070027.65571957,19877002.639715474,19981713.039081372,20595161.58931122,20684992.65212006,19927939.474284682,20142813.994820938
1160,io.reactivex.rxjava3.internal.operators.single.SingleUsingBenchmark.subscribeSingleUsing,21010289.704567745,20263771.434654314,20297286.11785894,20257568.723154545,20590635.225323286,20344320.739180643,20201311.021604482,20234636.07681385,20142945.849879246,20367705.194941446,20252055.896455936,19995567.057223596,20347744.10110781,20219179.336757876,20073384.830872234,20301456.66939524,20030997.25608357,20009831.190504555,20385674.65891282,20290770.720364574,19920975.889507852,19915125.72839495,20144208.955025725,20032462.83618271,20505846.98707185,21033540.71861084,20522964.040357713,20330544.13129992,20477708.559108995,20380635.40152522
1161,io.reactivex.rxjava3.internal.operators.observable.ObservableTimeoutBenchmark.timeoutWithoutFallback,2801.0330133779566,2834.506027800029,2815.0892538793173,2819.733450596915,2827.1033926403343,2817.740004312062,2824.8545199922205,2902.9951050204363,2898.709088454592,2815.378634673813,2820.274430817458,2818.0763191248802,2912.8098721612146,2895.360385937143,2827.8723017704688,2829.214273441194,2827.3525489123485,2825.897843792947,2830.662802954924,2828.848051255775,2915.9653163629337,2861.2995481480143,2847.748945300731,2848.458841243964,2849.4718959756315,2917.870174407638,2855.1748401953096,2849.391184832493,2846.8494642940273,2849.048836498788
1162,io.reactivex.rxjava3.internal.operators.observable.ObservableTakeLastOneBenchmark.takeLastOne,5666604.061393704,5644552.614647015,5652503.455971259,5663433.0792256305,5758161.117011404,5765283.736135931,5625418.9065623665,5682645.487724431,5718629.768192106,5741816.640555231,5681026.26693007,5667177.926349622,5693567.0133160055,5660976.907939079,5676453.712974487,5661316.839982467,5679834.569890184,5749368.666738882,5736338.01225775,5677596.880742986,5683557.857528772,5692323.358645816,5843128.0213347515,5720072.036678127,5694896.409953351,5662444.443024917,5692444.903676271,5685873.855788164,5670246.2265569605,5698369.700414082
1163,io.reactivex.rxjava3.internal.operators.observable.ObservableTakeLastOneBenchmark.takeLastOne,5705767.297318198,5718267.253014405,5801462.49481985,5861802.746034817,5712600.696537791,5698636.329414149,5714159.325456079,5769812.0614941325,5754261.032917333,5695042.057775186,5692871.406782627,5712647.159868013,5712094.574171142,5714752.492442389,5717978.217267456,5829674.744770641,5817197.310269197,5712273.639412786,5724128.403453759,5731116.07975709,5736273.402277868,5804576.3883890435,5722244.283376916,5705565.057317717,5711853.857871792,5710173.208520328,5703223.497209892,5688269.396602454,5883199.0313453935,5838878.404306161
1164,io.reactivex.rxjava3.internal.operators.observable.ObservableTakeLastOneBenchmark.takeLastOne,335646.877898902,337338.50456445885,337597.66713199404,336387.08728764637,336613.18518829264,335274.91266884847,334153.772156209,336107.4966443395,337272.4018259604,336751.1907969159,335722.51221433876,336864.8255200079,337283.92899231473,336745.23130112514,336152.1046801502,335945.88927123055,336516.83970790193,335576.1150521389,336559.66745575314,336896.04686895973,337097.9733146439,335360.3842790664,336185.2254292406,338603.90670024545,335499.69230853353,335808.6549718133,336434.4214639583,337789.0595898943,335215.03728805186,327549.866271979
1165,io.reactivex.rxjava3.internal.operators.observable.ObservableTakeLastOneBenchmark.takeLastOne,3709.448219577338,3746.470736079114,3748.1224296068217,3744.820997556317,3747.833536225655,3738.7226540760753,3763.7332566966315,3770.8941547719696,3772.4000186390354,3764.707892549909,3753.129990689988,3749.758335574789,3742.8290125993885,3766.605158081094,3761.6139693855425,3740.4904540079665,3716.987860488601,3703.3723709674305,3684.224010317827,3659.058568139121,3663.563889354611,3657.2038267269218,3667.2216028770167,3663.1256705124592,3668.7897726489064,3661.08341481735,3668.771556601485,3663.6458060507625,3666.4512972311127,3656.0248942883945
1166,io.reactivex.rxjava3.internal.operators.flowable.FlowableOnBackpressureLatestBenchmark.onBackpressureLatestThroughput,3344.6391602595563,3246.875479078502,3142.373674648664,2881.901220403598,2965.3963164794764,2721.8165495645594,3222.041944542034,3226.5216100939147,3271.9298759988974,3436.7079799450635,3182.914207730445,2964.6359575275956,3275.5269320228426,3106.5678670899842,2919.5685228071516,2769.8665644481243,3310.4213251106853,2920.765281460451,3043.0376910618425,3252.9168684565097,3208.881406160991,3004.872304946529,3167.802930979664,3486.643696394022,3064.237283761936,2926.856076351687,2733.3233931272653,3012.047581518581,3315.3765169229805,2938.061136687649
1167,io.reactivex.rxjava3.internal.operators.flowable.FlowableOnBackpressureLatestBenchmark.onBackpressureLatestThroughput,325.372199871675,311.6150936595419,349.1468359643363,325.6856168771729,352.49173370936285,315.9266838422608,312.82660709387324,341.65830374130826,290.8818461112027,350.2198834584968,355.65141253582,348.3728271861993,350.87418369071327,348.80504518653424,331.67540917756247,327.1624768186808,308.8917992183272,320.7780321874014,330.7892138355813,349.38088065857164,320.25774407094843,314.1593128204855,345.6390639879571,314.77905972576906,354.4590692303833,337.76798581946866,353.2677564858533,352.90203917704304,330.46263701918156,298.7729493565002
1168,io.reactivex.rxjava3.internal.operators.flowable.FlowableOnBackpressureLatestBenchmark.onBackpressureLatestThroughput,30.86717444303741,34.721296286542184,32.95897562666207,30.58529523589362,35.31964246012274,31.603497120922892,30.908060666385346,37.88373402471972,39.52059674488645,30.529123320219192,30.851254762951683,27.907928367456428,33.80741998750929,31.944273598039505,32.389768247704204,30.452161712908083,35.60897453895312,34.483916838629504,34.437840751241936,35.74933971515716,31.92939210859646,28.882997497659893,29.686413919454424,32.84803875958823,34.09375555420763,29.40350955526683,26.735479433836417,31.13763449414694,36.2941672586466,32.05894244465835
1169,io.reactivex.rxjava3.internal.operators.flowable.FlowableOnBackpressureLatestBenchmark.onBackpressureLatestThroughput,2.7035804115585123,2.4144160008524884,2.872319218037978,2.210851749443452,3.420919924417477,3.2047855755447094,2.4151539491461045,2.8123211434060824,2.826296443764594,3.787473546142464,3.902714921586276,3.6909058839816296,2.6804900683165513,2.418901911031201,2.9698180509787977,3.960905141408656,3.3724493418419343,3.7299093769841543,3.404468751814183,2.7160816781567045,2.336531171943138,3.449660579616386,3.324059672216204,2.770275814440728,2.750063011964621,2.934657339338293,2.635236706772867,2.5582972955586922,3.0820115514887063,3.4983480677981675
1170,io.reactivex.rxjava3.internal.util.ExceptionHelperBenchmark.wrapOrThrow_runtime,101627591.04490794,100952640.02991533,101973086.63375247,101975953.88864122,101564995.94003609,101371478.90275712,101830491.94607924,102142306.3342237,102638733.9261556,102003543.42821358,101403108.24718246,102172101.03922497,102351611.1174433,101931035.39458504,101941249.4257232,101985387.55017458,101577129.71778212,102141923.59410736,101661292.46621737,101689621.51583126,101858667.04851848,101597922.54617764,101709805.14554216,101925688.02813074,101469612.61361448,101295920.57872579,101454260.57920277,101613288.812621,101509460.14767598,101411989.57113744
1171,io.reactivex.rxjava3.internal.operators.observable.ObservableSwitchIfEmptyBenchmark.switchIfEmpty_NonEmpty,312879.7781254611,313209.38497261284,312508.4155284739,311862.1381495799,313055.89475466165,315406.43773921765,314133.47127625486,314386.26383879996,312281.8412691756,312604.70284597704,313022.5269992654,313499.8477499591,313103.1720912818,313420.00880755874,313595.6889170965,312937.86628249683,311111.00498255185,307473.98708539666,313266.2673354571,312031.87862313003,312362.1376999529,313571.15529269463,313906.16845880385,313167.81874687545,313845.3057684838,312939.44910791697,312110.1292041998,312689.1256102786,313493.43787225056,313077.4791534394
1172,io.reactivex.rxjava3.internal.schedulers.ComputationSchedulerBenchmark.schedulePeriodicallyDirect,2888553.3369829897,2904838.0437988015,3054974.690538879,2908401.4762012023,2895218.7793702,2848042.2815701244,2993869.8468225114,3165536.7387448787,2881680.1395871635,2947726.7225146857,2996110.0300985305,2934351.4589027357,2992517.0496294964,2822533.48206679,2908373.3515884024,2997766.4400291014,2930370.671671164,2947880.111779493,2950160.01586873,3000967.4331466397,2968136.5533478735,2973550.76945791,2825159.5570116383,2981791.2750948626,2839402.7247142293,2932328.581954753,2850226.943767716,2920384.307750618,2888539.037855852,3056969.0411817534
1173,io.reactivex.rxjava3.internal.operators.single.SingleZipIterableBenchmark.zipAndBlock,10778786.202767719,10771725.935777593,10958424.90712335,10940562.320174174,10729226.827320937,10859638.482219053,10806816.843755921,10765093.06784651,10760430.002900677,10784017.599766029,10788732.485602643,10771830.615981977,10798406.244408308,10781170.435375217,10828386.997206332,11075452.97193307,10886917.75182077,10775835.652277423,10813488.852994896,10791587.186283078,10792598.724109663,10768229.629119128,10767907.175811589,10770719.876659106,10779715.449302422,10777348.589325683,10802537.043191163,10827082.067446059,10933466.05225648,10808119.140424443
1174,io.reactivex.rxjava3.internal.operators.single.SingleZipIterableBenchmark.zipAndBlock,7250312.481738416,7287563.535806302,7212172.167983504,7217705.684382818,7282039.4701459715,7254586.607869338,7213789.937277813,7213239.957939718,7221571.665013884,7207116.517694862,7205639.264325483,7217872.128510004,7208666.406459788,7209490.582091621,7223623.29312225,7207694.119110606,7214202.496305808,7216481.45417523,7194975.418066386,7195300.9709274545,7236677.914589758,7205541.549622291,7200720.184515408,7213145.247054494,7223786.880421017,7196874.284609856,7268239.013444051,7263838.002477053,7242024.7249140795,7228576.180266324
1175,io.reactivex.rxjava3.internal.operators.single.SingleZipIterableBenchmark.zipAndBlock,4290519.352866131,4240496.071515665,4251333.099644265,4233971.959373769,4231426.376934691,4224420.222143632,4227384.177176463,4228491.550235764,4240246.7537877755,4238512.511804827,4225472.979557906,4246432.492926408,4296158.626484082,4271994.455654403,4231345.832752485,4226083.072807771,4230882.43042292,4236424.619517813,4238184.157739296,4232311.223361074,4244016.981207635,4238667.2155976,4248130.905621388,4240128.608105051,4263582.461088467,4324416.862796491,4257778.40177632,4244511.6481916355,4240020.99756459,4243074.096374153
1176,io.reactivex.rxjava3.internal.util.NotificationLiteBenchmark.acceptCompleteSubscriber,96759647.85205723,96980076.94497566,97843107.17574394,95356324.78869215,98722468.92495263,97815333.6207823,97260076.53180175,98866403.10996976,98981950.64570071,96644686.59090972,98305658.03097522,98042271.68462425,97372442.00093412,99425019.42374474,97530525.02205041,97210410.67065145,99536257.14452562,96323502.30433398,94928776.25524879,98746415.77033101,97658326.28236279,97746037.01596586,98425992.5956865,95870848.17787063,98312260.55165242,99949656.82657285,97904022.98867168,98572509.59718059,99635676.25799109,97684283.79145788
1177,io.reactivex.rxjava3.internal.operators.flowable.FlowableElementAtSingleBenchmark.elementAtMiddle,837.2416148239099,843.5539396429181,838.2093179885508,841.9349984084479,734.9469958723,644.3603222442175,644.6501747808036,639.6611510191483,637.3310929753543,641.9589082102855,651.128108208959,639.6843656609268,638.0146864850296,642.7891612983592,650.7681046428235,658.0688687445142,658.0997705576157,653.7720904728566,649.3126739648505,644.9715477251436,654.8944500065979,647.0733650583019,649.7740527690825,649.6734715145229,656.0428249897832,653.5414557084313,646.9474206422822,650.1388027368978,656.851749873757,649.4998227844729
1178,io.reactivex.rxjava3.internal.operators.flowable.FlowableOnErrorCompleteBenchmark.subscribeAndConsume,20850.75756590892,22175.097584403804,21633.468069225615,21140.79338921731,20632.74550844034,20623.565981586602,21092.494945023198,20766.903507494804,20807.493620691836,20741.918827481117,21254.432315581267,21107.500860858858,20714.939353675214,21265.7227381609,22270.128841504607,20944.52881440702,20805.298688310362,20930.75235971334,21337.14085224326,21053.354569549574,20869.779848321166,20929.705874426374,20839.29999242452,20945.2165562889,20771.41738251384,20772.348246801408,20845.73879111166,21237.107115405695,20490.24162991453,20492.404830223204
1179,io.reactivex.rxjava3.internal.operators.flowable.FlowableOnErrorCompleteBenchmark.subscribeAndConsume,2150.8700982004193,2067.3358270188537,2084.5886939739694,2064.235927200019,2104.991591148311,2089.0821450469166,2071.2508803378537,2062.3180862755007,2057.9676513971913,2079.8294810203397,2084.889698910479,2105.301439929217,2074.60620862251,2071.750963103729,2104.53630330722,2044.8536048407223,2061.4328173746276,2045.135956645085,2075.9051364924367,2091.101058656995,2097.760597267358,2094.845051172782,2086.5244727265676,2077.1761400134674,2078.1004443482534,2181.0965309272838,2105.003255698388,2063.275633443713,2058.154816666381,2095.800227722637
1180,io.reactivex.rxjava3.internal.operators.flowable.FlowableOnErrorCompleteBenchmark.subscribeAndConsume,202.2290661961991,204.13245076113935,202.03491054772465,202.68433637426568,203.398093784173,201.75278807196688,204.31891047174213,204.52994192439147,205.8161830970818,205.9577034962215,211.76959848869706,209.22153937581052,207.28689618007303,206.53403546457784,207.83372802956688,211.96804942000676,213.92854893429868,206.82245243841444,209.96195627668436,208.6441456321591,207.2461010654005,211.17015640075584,203.95448490528509,210.82632211914353,205.6613333691144,204.43895164295978,203.46015388373627,201.8069434056604,198.12347953669993,201.52716467308696
1181,io.reactivex.rxjava3.internal.operators.maybe.MaybePeekBenchmark.peekOperator,16157441.555926299,15943237.03299654,16014944.125994923,16085671.189669974,16071076.819950832,16088945.13468091,16188118.75683272,16324738.725776212,16357658.498074263,16415252.11049256,16503061.477850566,16443769.030942392,16693523.426252179,16687366.10632601,16483208.812728757,16470137.46199133,16529704.19440958,16475536.06407919,16492959.567132914,16473004.096223634,16485560.151493099,16507720.408418609,16469602.867307665,16503202.090757128,16527291.761007011,16639207.55128343,16545435.375548301,16489507.626264298,16452052.158346288,16555835.064693175
1182,io.reactivex.rxjava3.internal.operators.maybe.MaybeDoOnTerminateBenchmark.maybeDoOnTerminate,39724679.77013523,38847115.20699963,39947691.28772825,39064525.0472252,39270884.74079436,39390843.27460489,39555761.06136635,39518480.02311663,40311221.341148145,39962751.66858165,40192477.37038364,40638867.0141467,40936727.738029815,39786006.88409133,39608159.04092292,38877839.798000395,38750770.10490877,39216028.53713728,39440429.04751553,39466442.53893946,39425255.45188329,39132576.09238488,38751341.04752988,39237013.28332096,39472284.24066529,39333474.90220609,39457697.211378194,39495484.03762002,40269490.50522046,38496013.73354525
1183,io.reactivex.rxjava3.internal.operators.observable.ObservableMapNotificationBenchmark.mapNotificationThroughput,18550.381956924342,18522.307395359567,18782.808005438357,19333.262010722527,18820.135921997335,18529.24433556996,18517.139749623613,18888.107442482804,18720.85387875305,18636.653893125953,18602.292052571356,18534.71474727528,18562.3385681898,18526.129398188536,18525.01735897921,18907.97966346498,19125.967292196186,18636.797386101473,18538.14995367158,18532.05631062855,18576.10678648128,18568.39298066507,18512.95646167017,18638.292806932055,18626.72857676081,18609.184525176093,18632.41561117092,18576.63123665722,19148.40061069059,18681.600561682793
1184,io.reactivex.rxjava3.internal.operators.flowable.FlowableSingleSingleBenchmark.singleElement,22259365.474815585,22054161.311179996,22216663.3127985,22173222.9343558,22191468.06077455,22170448.408265747,22154309.209466666,22153591.616616633,22173138.351268962,22184737.857553836,22163442.546490863,22410269.835158676,22620104.273438696,22175666.500664737,22147261.0350951,22132753.954030085,22317944.53963463,22176173.580069464,22132695.47160944,22167481.249009367,22150917.587877586,22169897.312702548,22173539.45559624,22174542.794462178,22604016.57887098,22541548.52348655,22166607.833719835,22184752.013423488,22167445.5523541,22274472.096489668
1185,io.reactivex.rxjava3.internal.operators.maybe.MaybeUsingBenchmark.subscribeAndConsume,12324413.600251049,12411321.874371687,12401205.63640731,12361914.049467145,12357659.538777241,12221431.518914487,12396874.314778669,12403226.757018125,12372101.658016363,12376484.38408456,12617966.363698667,12869760.833109725,12393153.735466963,12564714.122620812,12494663.226120563,12125250.19772097,12040487.283882093,12325291.160345806,12484851.75783237,12398090.26729079,12451945.57858686,12619462.687941706,12402824.033718353,12653463.898834422,12689447.004247475,12531870.951698529,12592773.298079368,12765139.245759916,12702725.547988806,12728011.698446259
1186,io.reactivex.rxjava3.internal.operators.maybe.MaybeUsingBenchmark.subscribeAndConsume,12443027.42111536,12580733.452418722,12883048.163208844,12902235.192125,12635186.554695496,12690105.18865557,12400753.535589585,12426318.449246593,12760909.539666759,12284375.210933296,12286904.387907851,12574790.889406463,12524494.46515809,12335691.631306306,12712813.539597284,12860607.339749003,12576233.454249427,12349244.968885826,12570592.360117797,12348078.648958538,12493044.172802621,12767204.140001288,12557717.307678122,12301486.57835783,12530093.51853627,12540397.807206452,12639767.12977562,12758670.293579532,12889145.556511184,12711014.832993709
1187,io.reactivex.rxjava3.internal.operators.flowable.FlowableSingleBenchmark.runSingle,1068738.907754736,1066417.8278070197,1069534.6210873297,1057811.3795737491,1061370.8485063422,1065957.0579122023,1066038.852733637,1063941.5884237406,1066059.8815329024,1056230.7508241136,1054984.9622467018,1051854.1826192727,1058719.341353028,1063351.3979690657,1062113.2268828177,1057261.041282189,1065985.291844309,1055966.0433027714,1057421.9841927965,1056055.7911029991,1064464.228551314,1058338.3780435103,1073560.5490612665,1078100.117761476,1074025.0551067055,1069473.5061864615,1070736.7061043594,1071301.7495381297,1063451.1616830325,1066613.9934324487
1188,io.reactivex.rxjava3.internal.operators.flowable.FlowableSingleBenchmark.runSingle,16581443.46430369,16845906.120204877,15783193.06197098,15877849.094618907,15916792.097056044,15917083.182118084,15825501.321810504,15881006.761565313,15966368.832160506,15955255.141589863,15764323.586581847,15787371.365880365,15827035.073076192,16929202.15457226,16620187.610434126,16083727.370324634,15988394.742548032,16018992.460307742,15951722.497910237,16031162.684266903,16158917.743049594,16009810.801970208,16097621.877903827,16055539.981241206,15971216.006072346,16095653.881589679,16542636.974632869,16240541.187238283,16023158.573434489,15926755.302569684
1189,io.reactivex.rxjava3.internal.operators.flowable.FlowableSingleBenchmark.runSingle,1015160.6904519808,1018587.782512318,1015214.2899765938,1010317.8479855346,1013091.495815061,1015700.0790424937,1021708.1893305263,1016708.0572668109,1021301.3596464525,1023171.5419146826,1026085.2462194506,1025822.9926031375,1023352.7417733775,1021396.8237455408,1028623.3438004105,1026379.4873462889,1028121.3840647226,1022615.517561894,1021684.1450478812,1029272.9971322285,1025329.3783869259,1021510.7511236087,1020592.5862664052,1015166.6650520817,1021888.0697903949,1026142.7528678203,1029752.3544631972,1026947.6749762642,1025263.2949764781,1031480.164891911
1190,io.reactivex.rxjava3.internal.subscribers.BlockingSubscriberBenchmark.onComplete,21631883.237098493,18797842.10190473,17558721.63440421,19196270.5215714,18954359.742164392,17091986.6101491,19627061.196634717,18943389.92646332,17577863.917457853,19746848.121211935,19693338.839103155,17610746.39717185,19587020.794799123,19151389.323107168,17813879.068657197,20145019.362627137,18981274.88801314,17451493.534579232,19075409.775025982,18761973.64057586,17403396.994635213,18985687.05342346,19263034.543397292,19018689.092688203,19008644.164550144,18877398.74138729,18157265.8917433,18450249.548182454,18180821.76577565,18193549.69893043
1191,io.reactivex.rxjava3.observers.SerializedObserverBenchmark.onNextMultiThread,4610893.553736706,4485630.541694079,4494744.942893883,4470996.236298267,4446773.909606756,4447462.639222137,4466034.0129380105,4507785.860234965,4564403.770195647,4686839.616607453,4756368.660941258,4613555.2630992485,4570139.836278764,4654536.216650866,4603975.143409031,4568414.821385862,4602390.735051263,4585206.293692153,4602298.924692338,4636752.265351018,4602393.641845221,4585329.340750499,4742409.38944617,4683740.9301551385,4586785.106562084,4613827.404891508,4723790.050558554,4672316.8686965285,4692464.20025551,4693707.245476041
1192,io.reactivex.rxjava3.internal.operators.observable.ObservableSkipUntilBenchmark.skipUntilThroughput,11973.346351076001,11895.567298739508,11844.737422059234,11895.009687246076,11959.788987646478,11971.755727540214,11934.042436302996,12086.892756015299,11944.298977148732,12232.614631927705,12216.414939060487,12051.688378598692,11962.42032503589,11861.550186293834,11937.541299975548,11912.753174425168,11922.261427826808,12059.121517115722,11910.058850968233,12052.242022446966,11978.950033050653,11958.00650490356,12414.625291297618,12224.507277640834,11889.67865765492,12135.756703861445,12039.963419349411,11971.770678727855,11927.00191269894,12031.52445384098
1193,io.reactivex.rxjava3.internal.operators.observable.ObservableSkipUntilBenchmark.skipUntilThroughput,1166.2498272923417,1164.9274424942441,1165.4104235283787,1165.5184077938995,1169.2737255030572,1158.571662153642,1165.1997769144082,1167.4076363519775,1191.8113171995062,1176.3616602850245,1167.6932119624212,1191.6139349592822,1179.8056199452803,1162.2318321683829,1163.3089502777948,1158.5936012810723,1164.5060433200626,1161.0684933249013,1163.7365079436079,1161.3646545611584,1173.0348269443903,1193.3948163612802,1164.7682379103253,1170.1685998904522,1172.8364315399117,1168.0844985891322,1176.8891040934996,1170.3778248075766,1178.653051687705,1174.6681491998422
1194,io.reactivex.rxjava3.internal.operators.observable.ObservableSkipUntilBenchmark.skipUntilThroughput,112.88532905773879,115.0286843311517,116.35717721127976,116.00872597012973,116.33195178468542,115.79835973719781,117.95507527616509,116.55018679184649,115.70849154744731,118.38889546383894,120.49431788131794,116.67880134511111,116.8138246961035,116.29810754341861,115.98065048415712,115.98919143120729,115.80596282446699,115.7984753343832,116.72965447043543,117.41612623804957,116.47240609023022,116.90703061915636,117.43214582026441,118.6919015796419,115.13855154920003,115.24088386690134,115.43318060382475,115.60760570518391,116.40712408256411,116.0207470719492
1195,io.reactivex.rxjava3.internal.operators.observable.ObservableAllBenchmark.predicateThrows,1050922.6368373986,1050824.262460899,1045206.5214991187,1053498.495971885,1048216.3196945604,1053632.6501115134,1051319.0719529663,1048063.477924387,1049830.2590904227,1048694.8413311378,1049097.465393843,1046677.101609565,1051276.1211782813,1050320.2462348102,1055382.9509213911,1053255.513377938,1052668.5205122293,1052948.8951466486,1053260.4221680488,1054504.049049534,1049575.5511015607,1050493.4763068887,1052794.4954666337,1051909.3956579138,1050872.174227626,1053277.7281141584,1050985.2339713033,1051707.6793060533,1052837.2883014644,1051633.4983185579
1196,io.reactivex.rxjava3.internal.operators.observable.ObservableAllBenchmark.predicateThrows,1048350.9783214737,1047277.6344704352,1040148.1631294632,1043579.7908731875,1042318.4622630131,1046980.610495472,1047324.8515480759,1044516.2407476946,1044801.5693136723,1046179.587781338,1051083.5452472765,1049013.6458269642,1045034.2372056361,1047675.2821365006,1047893.6904831546,1046626.6684131676,1051448.0036474266,1048232.3666077735,1048181.1127188745,1046328.2294356696,1047167.6522083426,1049078.4834479429,1047529.9249409613,1052345.5878738447,1049607.3465557464,1042071.896016179,1046934.325005266,1042465.2608505264,1048413.331348932,1050005.8415040537
1197,io.reactivex.rxjava3.internal.operators.observable.ObservableAllBenchmark.predicateThrows,1037685.2431484772,1036188.1830578058,1035348.6191704174,1035877.2648834372,1035462.3640583412,1033820.549698062,1035809.3669728872,1037560.0780249211,1040328.0700655924,1040855.6178920344,1040483.9887575331,1038818.1434960131,1035356.0653504469,1038200.0043303705,1037732.0618840103,1037053.29246166,1033789.2972089597,1039751.076763226,1036916.1949006774,1036825.6334508475,1036949.3904502155,1041058.4619986617,1040324.9652733443,1040821.1189816238,1037924.9192569734,1039383.2307206456,1039079.3168281631,1039634.9400227538,1037348.5931045951,1037694.7888219389
1198,io.reactivex.rxjava3.internal.operators.observable.ObservableAllBenchmark.predicateThrows,1045270.8519457808,1043260.009490236,1048682.6619998557,1044287.8149380304,1043359.1479734706,1041391.594783445,1037760.9077133907,1048874.7386350045,1045212.8711143794,1044583.5383023537,1044986.648937761,1046545.9837863821,1047932.599879802,1046251.6360421618,1050412.144227289,1046469.5262402291,1046362.826089459,1047587.4053173985,1047203.874448543,1048446.1671945879,1047505.0180817059,1048236.5117236772,1047552.7893954101,1050819.8399665577,1045971.0738120116,1048842.9947433125,1048025.1515636691,1049592.6848763113,1046727.2224880329,1048691.8539603215
1199,io.reactivex.rxjava3.internal.operators.maybe.MaybeTakeUntilMaybeBenchmark.takeUntilOtherCompletesFirst,14459513.924143462,14820132.81662011,14346060.265736852,14291520.074833976,14299270.897152098,14323498.898332618,14352913.621597167,14326855.75531358,14365765.413523387,14300561.592219763,14340934.382663462,14766135.216541372,14991297.165429365,14326129.191984277,14307179.407987125,14292991.883975884,14281254.144444598,14253539.42380985,14280468.441347746,14244821.64935303,14283936.409937058,14293880.779371545,14337926.984479005,14342532.060526006,14427317.607055979,14722862.15040522,14332613.206896272,14528955.752302544,14315991.5238133,14342580.186708432
1200,io.reactivex.rxjava3.subjects.PublishSubjectBenchmark.emitOnNext,72235474.9095479,73511998.91468343,76635538.8122513,72669612.0748515,70870645.64898399,71699410.90307401,72797662.04080005,70872222.93056034,72848801.66787638,71484933.50606638,70754892.99506466,70870833.18965617,71492549.58968222,71770490.02388076,72547003.53119998,76067125.62959594,73265995.34874065,72765518.19447628,72271216.39804415,73116814.77307615,74057270.58080423,71512484.00849293,72337795.03158996,71793733.21168011,72684139.26283044,72192986.14280333,72628595.99671125,71663366.26392235,74368690.4813581,71933548.16724214
1201,io.reactivex.rxjava3.subjects.PublishSubjectBenchmark.emitOnNext,61099431.58354001,63728792.34629259,59354072.29968129,60144584.73055938,60475117.53407065,60174105.12781763,61805600.31517438,60462377.645467155,60715690.278805725,61014762.02487483,60708453.44656413,61154267.21974914,60587153.11504459,61836346.45191561,60845151.73007336,60928427.64991837,61538530.242706545,60454665.19008851,61155714.29526529,61267719.361954026,61136996.04656047,61490610.86218571,60633788.60255668,60018600.46759371,60925201.247325264,60157119.725820966,64556166.75463242,63335148.88496712,60891488.93261493,60149392.638720274
1202,io.reactivex.rxjava3.subjects.PublishSubjectBenchmark.emitOnNext,18842081.164313383,18807587.332127105,18803501.35765288,18720047.828675,18830298.269222125,18937885.689678576,18921532.057154324,19028539.567445967,18811147.975090314,18815431.548449665,18822764.989068124,18913572.07656716,19166244.92482479,19328234.769863464,19093464.334539518,18971848.31945773,19004645.782850515,19271748.543493506,18992316.000005588,19130459.021149125,18940760.078700174,19027829.005772527,19051370.812579025,18703033.374756712,18797677.754763883,19097137.08614851,18626501.69105279,18744171.648552634,18779774.08724166,18877434.15715797
1203,io.reactivex.rxjava3.internal.disposables.DisposableHelperBenchmark.benchmarkSetOnce,28646918.81955365,28594951.543142073,28490834.114670016,28594764.16192168,28533001.900945347,28256711.860459697,28647418.49722724,28536969.270184457,28648376.65760476,28839991.528423645,28614115.369308054,28558776.279010866,28658244.891990893,28573725.36838117,28667077.352804527,28552146.22131817,28643695.423453916,28490036.49192876,28532585.372148376,28507306.49384413,28799315.194407437,28899925.642781086,28625816.338882044,28608167.16806698,28618855.387156524,28660229.285401747,28580102.663865972,28682697.74036627,28546642.293111693,28610269.718521718
1204,io.reactivex.rxjava3.internal.operators.mixed.FlowableConcatMapMaybeBenchmark.concatMapMaybeThroughput,12490.147884640866,12524.051265544482,12658.878992970778,12535.142007135039,12529.978318097921,12499.545640366106,12697.152109576427,12803.868970234515,13447.772877277175,13592.308586711779,12809.166840552023,12802.079773703786,12807.2119466345,12820.964501981032,12816.386980800144,12696.543896863188,12793.429529764644,12775.842687514309,12836.472793485867,12831.093855320843,12828.446988207608,13619.32399123437,13387.114260262944,12806.34694393013,12834.035522230504,13404.31517141316,13417.417509526675,12742.057661125671,12809.203701318946,12819.737012329282
1205,io.reactivex.rxjava3.internal.operators.mixed.FlowableConcatMapMaybeBenchmark.concatMapMaybeThroughput,12276.126737724511,12534.23746712945,12614.52123751889,12541.09237606256,12547.870453249669,12521.110562911164,12761.510340848221,13661.440683160425,13025.145928156346,12801.058443748287,12839.97132569724,12798.457414726261,12749.62279849493,12838.191656100566,12835.668801237922,12833.820674550574,12821.966805914779,12777.412507350324,12836.56725938191,13124.104017418731,13169.589339437905,12853.262107075694,12766.392983546419,13125.331973103897,13646.501506946453,12835.849753831859,12835.002514944548,12832.539440159493,12789.182911892942,12805.518486893856
1206,io.reactivex.rxjava3.internal.operators.mixed.FlowableConcatMapMaybeBenchmark.concatMapMaybeThroughput,12525.108951224101,12511.391345833808,12647.130433899887,12543.949820521026,12520.22223127477,12723.669854829706,13362.888834127789,12856.476263289751,12809.493693208135,12819.048080884126,12826.738387665666,12828.432162278768,12794.049790167433,12821.2717517645,12838.868407816271,12635.176843498999,12829.622347236587,12798.337622036372,13443.37274567106,13569.198765951269,12839.98697638751,12832.077177395353,12841.44659982985,12805.359091777456,12803.692154061231,12782.363778076773,12753.413620471181,12808.30688272148,12803.266961753372,12793.289959311009
1207,io.reactivex.rxjava3.internal.operators.mixed.FlowableConcatMapMaybeBenchmark.concatMapMaybeThroughput,1277.778663179964,1274.1117580842986,1245.9250650828856,1248.135164648145,1305.0777641877812,1250.9668074008318,1250.1180791986678,1247.8608847249882,1270.842801828785,1307.9829726077169,1231.421735435835,1246.9517238473616,1249.465628539986,1246.5546309614501,1247.5161845307666,1250.648810310172,1264.2817210972296,1318.9089860476,1250.6621998917958,1248.0544277874944,1261.5193270753625,1335.4761220977757,1288.3842476700481,1249.7948674190259,1245.479311182729,1240.0311215236954,1250.6497005227818,1248.1317346625185,1250.7239389614685,1247.3868370211676
1208,io.reactivex.rxjava3.internal.operators.mixed.FlowableConcatMapMaybeBenchmark.concatMapMaybeThroughput,1277.2804542743281,1279.0013876915252,1278.9357079019637,1337.6025421054337,1246.9586732956495,1250.495041348838,1249.6690776308908,1251.905722735738,1246.8158355002656,1247.2863277090114,1252.036153795977,1252.2422306589613,1252.1889209224398,1249.902978781078,1246.4630436641983,1300.6782642245614,1296.2333233574004,1255.3486962233792,1252.619600721794,1296.216110714613,1336.6487233689038,1253.9746813319355,1251.2813578341618,1253.386365849621,1248.9753418784983,1250.7815747628176,1245.6341161541598,1250.69147317394,1319.410181427776,1322.6673108139782
1209,io.reactivex.rxjava3.internal.operators.mixed.FlowableConcatMapMaybeBenchmark.concatMapMaybeThroughput,1272.24375286842,1326.498084960605,1289.223300741675,1248.8313990193126,1247.7143719782523,1249.3539266013524,1251.3260458023392,1249.8645480526761,1250.6432990221126,1248.1288135768962,1245.0280078792766,1249.452316321116,1248.9066617117303,1250.354955632294,1318.860719312811,1301.3092533365457,1248.207656502767,1250.5389763009969,1250.0296070161917,1251.4977113935322,1245.244961905533,1247.1651115065692,1247.046627864811,1250.0635011773945,1251.7218398693005,1247.6156844645575,1266.9123398013844,1334.9805100939345,1284.727499019638,1242.7137570413445
1210,io.reactivex.rxjava3.internal.operators.mixed.FlowableConcatMapMaybeBenchmark.concatMapMaybeThroughput,131.58688927728466,127.48435434317722,123.71383061044048,125.82981065122104,124.76279137430424,125.05392404604183,125.7120412326875,123.43502591319778,127.80446670640274,126.39489732135354,126.90415994794076,127.68218830799758,131.8329104869299,136.01817538003633,127.46666126154912,126.64192110784487,127.27015719291231,127.87287071003314,127.71538919263816,125.60960760055043,127.53361505369409,127.45114731059803,127.68989844175947,126.25167438425092,127.3114112790606,126.78198873493913,127.33000922759582,127.50439183149928,126.26525754201795,126.14416156458395
1211,io.reactivex.rxjava3.internal.operators.mixed.FlowableConcatMapMaybeBenchmark.concatMapMaybeThroughput,123.16178576476572,123.82354525683175,127.8421728290604,126.77868232748223,126.3113243866883,126.98874447962179,126.55269065618737,126.91258806658102,126.64870827207903,126.55264450105801,127.78254184259548,135.24862746734283,130.4818651253902,126.6322974180902,127.18607790905023,131.01782890715023,128.45783382110483,126.5467775250715,126.65800855790665,126.72566756971244,126.13694704231654,126.51372186405928,126.5176107438508,128.8261985143651,131.2889157316813,127.0987758801134,126.36949054742877,129.80557474384275,135.1332794694731,127.9849649662406
1212,io.reactivex.rxjava3.internal.operators.mixed.FlowableConcatMapMaybeBenchmark.concatMapMaybeThroughput,128.1546591885542,122.7457263360999,123.45381415397422,125.93244668728578,125.66513370928305,125.41123338755027,125.66410111436232,125.75383071443878,126.6500019596844,132.66753251017883,132.16742176780005,125.40288450938645,125.3476843830862,130.25930067689245,130.20994905077524,125.39730905794295,125.8440766721217,125.71421588445732,125.44418366722583,126.71358965344709,125.79808149938533,125.7560971813217,130.92844498624612,129.16978446093853,125.45049384348565,125.64876696537075,125.81274747798038,125.20328977446955,126.29097983313142,126.09244696502783
1213,io.reactivex.rxjava3.internal.operators.flowable.FlowableSkipLastTimedBenchmark.skipLastTimedThroughput,11938.16447174495,11918.039322604323,11919.795242455255,11982.270171906099,11964.50795961016,11941.87142149944,11877.776753380633,11924.887121834241,11938.483469574205,11911.842335690764,11959.781537456964,11938.378225385266,11894.000285488004,12003.65784700881,11969.646177259001,11902.143414640592,11917.305900352445,11946.38925279584,11904.476548261697,11889.637435660235,11936.063544198576,11950.283186163644,11931.747822724745,11946.366854503078,11966.38063757384,11870.552433612931,11973.036948773026,11981.383881296671,11910.902485441351,11976.930212238794
1214,io.reactivex.rxjava3.internal.operators.flowable.FlowableSkipLastTimedBenchmark.skipLastTimedThroughput,991.6021890338034,993.8254226386084,993.6628094685722,993.563378573286,994.4916176605735,993.5529141048407,994.4526184729508,992.5486365224441,993.5654005838691,993.5112431374498,994.4971981285813,992.522817857199,995.5031364205873,994.4797061183936,994.68252320034,994.5341721281852,993.5417884625789,991.495291219948,993.513142793558,993.5330464229125,993.4959101101692,993.5236630279505,993.4510894629901,993.4744649232236,996.4632650269259,994.4482602162668,994.4191130583642,995.5193353903321,995.4501203216852,994.4680640049041
1215,io.reactivex.rxjava3.internal.operators.flowable.FlowableSkipLastTimedBenchmark.skipLastTimedThroughput,83.18769791801692,82.0974837252792,82.95722045464152,81.99012371566758,82.75685580601485,82.99205434071742,82.95127375818426,82.95622507845702,83.22253664390088,82.78289234479315,83.55920954408278,83.96727618915628,83.48988896792974,83.0530555544924,83.25080222108303,83.18212893593808,82.97384962965532,82.95016934476952,83.22656636385837,83.14022852285466,83.11985425329365,83.38184311945047,83.10877614102331,84.27626952917262,84.13202612396015,83.23127972906126,83.0454802329315,83.06552497163574,83.46595668112676,83.13929430341611
1216,io.reactivex.rxjava3.subjects.SingleSubjectBenchmark.disposeObservers,150969319.17478478,148879659.01455873,151055279.24421126,153786150.15500662,153173776.31139132,159382564.5673708,157554135.5903371,154153492.56769633,156826918.7468232,155721936.1429346,154789687.6063455,154829220.6552335,153837549.32535982,155266485.38780838,153424774.20454395,153938923.0675396,156459959.37133792,153797405.8089953,152727144.10441506,156044892.99241263,156644346.10314184,159330047.99896097,154637514.0202925,155245679.91407353,155905571.79701245,154254997.68361926,156966488.01536965,155158366.29346836,153831131.75791427,152012950.26687932
1217,io.reactivex.rxjava3.subjects.SingleSubjectBenchmark.disposeObservers,27079856.602662757,27245084.951829467,27555451.068109863,27143236.66591294,27260085.99567944,27875670.480415124,27938877.594277285,27545106.369169842,27380614.63732384,26945018.96922022,27003770.61304177,27870394.017787676,28210045.648249395,27276341.86529751,27539407.75376361,27351510.783463374,27296847.716575995,27354511.354383502,27232576.30945514,26679803.764952894,27354547.425342407,27753774.57758815,27493797.55833459,27145371.197046317,27460778.33093229,27149848.472546626,27427201.54873094,27194877.31314324,27569711.327565443,27194148.336918607
1218,io.reactivex.rxjava3.subjects.SingleSubjectBenchmark.disposeObservers,3084599.7981233327,3035252.289388285,3020274.2276802813,2989693.049593495,3022483.6555932392,3003644.542825399,2947615.348853821,3019977.1482382454,2980464.7203895375,3159661.792109853,3174155.1321341367,3000124.7551127113,3009716.4557894226,3040370.8916675067,2935892.1569393715,2947636.4317232994,2976324.6590609956,2968759.8586819614,2881630.7835878325,2905878.647576507,2963886.0973780877,2886006.22614954,3163598.780933921,3049876.98023717,2980015.3804025156,3035565.607639572,2982682.672887466,2942830.5213416526,2886169.4631910804,2945745.767136892
1219,io.reactivex.rxjava3.subjects.SingleSubjectBenchmark.disposeObservers,327159.0374690278,323485.84491144575,331499.2594426086,326754.97928005585,326603.99034936726,331153.8183296289,329831.1817712016,330023.22725504055,327391.2421328619,327631.5915593056,328735.13770082383,321666.7896153631,320314.17362723243,315729.1600406689,313550.4606112667,316465.19893358165,314986.03266580997,321442.6781724315,321585.6426742808,325215.4037764209,320391.0163447487,332766.7517408646,321124.3045847418,316862.8651093832,324081.3096756747,322772.95530781045,317278.15221887355,320206.0201084854,315491.03196142695,318308.43428078276
1220,io.reactivex.rxjava3.internal.operators.observable.ObservableMergeWithSingleBenchmark.mergeWithSingle,3547867.430004306,3441300.2191985943,3458452.2519200915,3466868.0921677765,3472332.385665066,3442990.4379591625,3459825.959254173,3467588.529386798,3475710.8216524366,3465777.5723756114,3434040.3643564507,3493867.6492501893,3491445.0024302383,3553192.5542219183,3442317.1965822172,3471675.682783079,3423142.875433636,3452174.245006562,3448520.659358203,3447552.861427278,3433412.7090495434,3410349.243725021,3412285.559761893,3449066.9508423842,3436231.827183681,3519014.7899703705,3518791.7598392055,3432716.625660842,3469101.179660193,3540472.8700110707
1221,io.reactivex.rxjava3.internal.operators.observable.ObservableMergeWithSingleBenchmark.mergeWithSingle,16019.258356395874,16081.629491371486,16112.670382440041,15986.973588334708,15991.057231229875,16172.052770525124,16177.579350581726,16089.067509923249,15984.536720172238,16122.0320009546,16016.270522942763,16685.355724934732,16578.15257550658,16042.70396820807,16019.232502551571,15986.549108762536,16094.580671795176,15973.790532572008,16088.114107996644,16060.572632667845,16073.524434383398,16121.746276279078,16061.270409973362,16185.431664042617,16356.224721394688,16264.930938619267,16132.190067265483,16386.50011342754,16051.489185683376,16074.888729620214
1222,io.reactivex.rxjava3.internal.operators.mixed.ObservableSwitchMapCompletableBenchmark.switchMapCompletableThroughput,39653986.35652202,40548661.039109975,40469133.922491714,40096933.024380274,40142238.495594144,39904830.4576974,39522854.22614258,39613676.326251335,39886877.293959945,39228889.493858226,41093860.989101775,40774474.925764136,39780841.39520265,39670229.74904319,40199434.876331024,39944977.3450729,40137872.4445891,40108071.32851201,40403260.586612634,39920619.81269455,39388050.72343663,40016229.58574737,40560032.26694041,39754373.984058134,39609033.762562335,39961053.97087594,39838311.56653065,39981887.756086856,40232347.4798007,40356035.29034549
1223,io.reactivex.rxjava3.internal.operators.mixed.ObservableSwitchMapCompletableBenchmark.switchMapCompletableThroughput,3567843.4386636857,3500472.7489236356,3509372.8555055414,3508166.0447057807,3431553.768115674,3479205.6602638923,3554554.362374432,3596786.508085342,3603770.579630182,3644345.432143889,3532765.8197085354,3549112.3650763896,3559468.2923847837,3548104.031996788,3544121.980708924,3497523.3566999193,3472957.389883799,3530763.1754627023,3462538.5011624293,3548840.3299222793,3538980.4145997996,3630488.308125356,3599123.3103031972,3543103.965340455,3557330.61517635,3622234.608378056,3653197.5085388105,3585025.3467338034,3586437.3077867115,3554455.069527311
1224,io.reactivex.rxjava3.internal.operators.mixed.ObservableSwitchMapCompletableBenchmark.switchMapCompletableThroughput,42590.28589144128,41780.501586124796,42799.28143765315,42698.96022797095,43018.800949886165,42813.53248486877,42453.55204328208,42881.974313697385,42810.93593569321,41467.49470383335,41643.4504630323,41900.19855272477,41874.56562212756,42405.910363954994,42461.89433704819,42329.79190873487,43065.83955909268,42359.87300420491,42789.92395864473,43493.631467311185,43767.63391881057,43871.01786354191,43237.90733484374,44093.40408902107,43359.09723851717,42822.285808163564,42542.136356632625,42516.188852871055,42281.27836348047,42699.52863668156
1225,io.reactivex.rxjava3.internal.operators.mixed.ObservableSwitchMapCompletableBenchmark.switchMapCompletableThroughput,39371154.550817505,39330988.35039227,39502603.32026483,39139180.39311235,39254874.61219405,39296286.94867586,41423079.374205284,39825921.16443327,40683641.30209184,41486366.527284496,39194453.831844,39203278.56405798,39640641.07093944,39636916.17114754,39739972.94518909,40264959.55961758,40584999.63681981,39887913.63831477,40408812.15714832,40495335.35754319,39119113.76071483,40071183.45905539,40422906.446515724,38844565.60791411,38855784.0470308,39632593.890275285,39490998.93797261,40131951.41012012,40374930.74113335,39516137.9357829
1226,io.reactivex.rxjava3.internal.operators.mixed.ObservableSwitchMapCompletableBenchmark.switchMapCompletableThroughput,3429105.675436407,3465609.1934209233,3492583.896675627,3547765.6955235475,3529312.841744468,3527374.600828906,3498056.644974496,3531089.76609305,3552266.59451954,3556008.5382172656,3556706.8749802643,3519623.690314513,3569695.735701723,3561460.9079147563,3539678.5136994696,3538082.228074909,3526560.21027253,3612778.0294624623,3602693.6080805683,3581294.030842126,3701587.2632899,3682991.9163056095,3544227.251877759,3612151.9081851146,3577147.909757825,3596892.29668703,3591854.621067887,3587378.001919468,3559794.1605775724,3462019.355011835
1227,io.reactivex.rxjava3.internal.operators.mixed.ObservableSwitchMapCompletableBenchmark.switchMapCompletableThroughput,41839.612840889364,41948.6737507307,42215.28143162751,43256.67141459417,42827.13976035737,43347.40379394457,44004.596640491225,43077.28945532077,43109.7973480143,43440.034783225696,42896.89250620996,42652.14356378754,42641.810264666776,43712.38197801857,42640.93992626236,43926.64140291651,42975.9316044353,42269.94126478114,42948.11668213537,42647.77872797712,42968.05127905551,43051.82382417312,42098.45520575989,41153.32954520043,41465.18177745531,42038.33767003702,42338.477127316204,43121.17205039561,43697.375754099085,44229.65098382409
1228,io.reactivex.rxjava3.internal.jdk8.ObservableFromCompletionStageBenchmark.subscribeAndConsume,13646088.618710425,13924795.032752763,14032334.791381788,14064576.070668535,14108810.832106277,14108527.677656531,14128917.989238996,14083766.77735618,14099805.887012303,14220190.24106221,14420490.393846722,14189215.643807147,14130273.751159726,14163250.189335173,14138156.800003981,14141213.66083101,14102583.575046705,14169460.823438836,14131562.574436309,14146433.042740831,14145587.333845984,14105797.626428103,14215385.958240077,14315429.191845391,14104547.924858384,14114461.8979353,14117106.520253275,13872824.211788151,12574355.249643838,12805787.580899915
1229,io.reactivex.rxjava3.disposables.CompositeDisposableBenchmark.add,42505462.64019581,42388258.22510771,43041535.42628622,42616053.99382397,42151394.3451023,42421454.15128451,42937603.505198434,42288419.35553377,42227874.48624684,42843682.28003339,42371547.29334255,42952722.45920865,42525902.677252375,42517790.025433436,42178025.1856423,42115103.66211117,42096257.25891406,40412381.74639037,42629938.48843558,42563379.09321529,42105838.430940606,41956785.11143896,41569684.59648865,42004514.71203432,41995118.01943289,41877390.01369409,42189069.393496,42681043.237139635,42876366.402515806,42937741.03779177
1230,io.reactivex.rxjava3.disposables.CompositeDisposableBenchmark.add,42866997.434780225,43152429.26646012,43012523.64585968,42881761.4783574,43639807.21660685,44119396.01797058,43267273.14428793,43091324.170788854,42938477.647397876,43192070.089424014,41923136.31461319,41939197.362523004,41608879.91443652,42135595.15310255,42086320.966705784,42289287.91103332,43082024.38765919,42582921.09400696,43206272.26758278,42524718.38157932,42260453.77313419,43761295.104092136,43730241.49992733,43835055.34265042,42956887.590485334,43084832.18870251,43049541.245112866,43461768.37675333,43054941.21602553,43619919.12657197
1231,io.reactivex.rxjava3.disposables.CompositeDisposableBenchmark.add,42895639.316538006,43076128.477666296,43251793.08972124,44645245.95285126,43595560.3328337,42387769.60127812,42038422.506799646,42487989.12538419,42650609.73331398,41156542.381878495,42468683.34188542,42811644.823651806,42873855.854379036,41936899.71839044,42155524.28212787,43270335.55624113,42801387.87853075,43233874.47702962,43544137.13557836,43623528.449736185,42335620.85929493,43219789.48684037,43101979.55283358,43461632.892094284,43278379.114217706,42971080.96998997,42651600.797920175,43038138.837674655,44316248.190769866,44740873.05597315
1232,io.reactivex.rxjava3.disposables.CompositeDisposableBenchmark.add,41354365.74650996,42574219.25906555,42877694.888610095,43408264.72480845,42187876.680229254,43274754.924290635,43002479.212703444,42227204.41370628,42303739.93591317,42273877.76354538,42410839.93361747,42735609.519762285,43552332.3999191,43131705.55633821,44424621.58124124,42729093.12229306,43126706.139134675,42310090.04084861,42634455.7008827,42231708.02138145,42142585.05157807,41882518.36448586,42323323.49608878,42394028.399153806,42012270.14457591,41123176.70724809,40964039.91696423,42058691.132378735,41568097.6779511,41735533.40833356
1233,io.reactivex.rxjava3.disposables.CompositeDisposableBenchmark.add,43960294.921967134,43158647.31643515,41935228.851574585,41716854.355323434,42801905.74087943,42176907.827001505,42476608.32676713,43314206.30258308,43108582.55269225,42453906.01920843,42837562.640116215,43285392.039107196,43810811.2346218,44456802.8919015,42894184.00931904,42866824.7695709,43028220.15362389,43912326.23288968,43257709.50070434,41899228.987284705,41650823.74873866,41327483.58252095,41540806.31298999,41664168.8198547,41843936.812172875,42975068.65523774,44131108.262728445,43140193.754655235,42733936.30663104,42117670.21775637
1234,io.reactivex.rxjava3.disposables.CompositeDisposableBenchmark.add,41955026.148415074,42941936.60354447,43380435.29464654,44542115.43607962,42718150.02075422,42998006.03778778,43325354.25959871,43761821.477348626,43391596.02215143,42883968.4854901,42683277.557085335,43961454.46260209,45117097.38823924,43253640.658295155,41692666.69504732,42198868.053686224,42692553.59832193,41936033.64108352,42229040.48995529,42706116.331635624,42465198.2370167,43662633.61353242,43583983.201411046,43587781.055862814,44765616.44038689,44070427.08455791,43014984.64525368,43866407.14853526,42945610.53055267,43225549.25473773
1235,io.reactivex.rxjava3.disposables.CompositeDisposableBenchmark.add,42808197.42045045,44165697.3979844,43699626.75089262,43109556.734074615,42009372.27052456,42668906.37009996,42731657.483204074,42901828.416502506,41594369.72361345,41867685.178872615,43274547.15798266,42118411.274490416,41357400.87302782,41798136.54426636,42207970.60704265,42801055.89524965,43065191.10150845,42497200.67810375,42497633.8623077,42546841.26459817,42764953.49939536,42896392.2192959,43275378.28785506,45185903.90854837,42883421.671294205,42892318.759366624,43123409.83909868,42709792.986406304,42848653.47515428,43225839.64689547
1236,io.reactivex.rxjava3.disposables.CompositeDisposableBenchmark.add,42992929.15853757,43485768.05509761,42818794.6163568,41698300.24960468,41533058.716284595,41750919.18825616,41334654.10460698,41802900.23885615,43029812.08584251,44105736.525867105,43350356.71090095,43259617.293703265,43538061.28701831,44618874.80854656,43184971.02282091,42538431.5427334,43215484.18387329,43245971.20780881,42862706.431512386,43361841.31191104,43352023.15650547,44673783.74950437,44191408.52926009,43506259.96175498,43838583.96188962,43214367.1340195,43796059.533644915,44234809.81083198,43386946.310341775,42716452.9267367
1237,io.reactivex.rxjava3.disposables.CompositeDisposableBenchmark.add,41889451.79199947,41955835.51193631,42063655.34902837,42641780.860873826,43053149.24093542,44143472.92818343,44226983.299154066,44893119.011251375,43851428.30369761,43355123.6601061,43322042.30558481,43452447.51879633,42924938.127517626,43384614.22429862,43082986.71926821,43112811.49983199,43249856.30976439,43211796.73644556,43260748.21031676,43637702.41767308,44730129.947208144,44426951.62805367,43239299.36298847,43184953.450351685,42285134.5695528,41095773.83402551,42717740.65421794,43262674.0769377,42800122.50777243,42207506.43995284
1238,io.reactivex.rxjava3.internal.operators.maybe.MaybeFromRunnableBenchmark.directRun,100527891.0636695,100853083.82397938,100584388.57466057,100611487.77307907,101130395.30665351,100712823.6749265,100827605.69514528,100904678.5618564,101152525.47033465,101036273.56465657,100822069.59939705,101183635.58118907,100988448.2247198,101449093.92584902,100927673.87949917,101022390.79720435,101079692.47783089,100954138.0563149,100986543.4365156,100923352.36268905,100961366.16710621,101077829.13110045,100870511.2947881,101133040.51645088,100914212.51951878,100943518.80055681,100614436.00396505,100878150.01594837,101193785.53450204,101224200.24872328
1239,io.reactivex.rxjava3.internal.operators.maybe.MaybeAmbBenchmark.testMaybeAmb,9685567.937264733,9678302.341913462,9712066.79913121,9696346.780243015,9669661.352609243,9685772.635936925,9703533.958041519,9709828.86087215,9700912.998734672,9693130.426878529,9679037.357243389,9683603.94677552,9651666.999205314,9706536.97911793,9704830.918530677,9671117.484668113,9682716.468855599,9705324.431082018,9702441.400286607,9695714.825516602,9679537.246322637,9673678.745065827,9697231.812276645,9527642.08022203,9696567.350024944,9698303.628395135,9674457.747526124,9682021.218667,9707040.558292776,9705793.37177389
1240,io.reactivex.rxjava3.internal.operators.maybe.MaybeAmbBenchmark.testMaybeAmb,9700226.08939277,9725625.990213899,9725830.632708866,9812426.202967193,9709951.95091199,9669236.68081165,9713894.240221042,9701964.63695813,9727858.617697986,9735494.382886263,9815753.593718924,9702359.724780379,9805639.758351935,9728214.098010298,9735137.954052828,9681625.709961316,9779642.265701538,9717276.22567569,9542742.826247856,9725735.049917744,9812047.893357836,9702878.789001621,9686949.11817803,9614619.17831742,9797538.649076628,9660420.840697272,9707492.085674457,9679347.824842297,9774572.306263696,9689289.18374049
1241,io.reactivex.rxjava3.internal.operators.maybe.MaybeAmbBenchmark.testMaybeAmb,9683876.891512126,9703701.87589031,9745959.112364782,9717226.399336118,9735631.576720139,9746804.672175284,9709818.625557028,9734088.704409359,9747312.384178026,9742682.39000964,9728795.42612545,9728916.113004997,9614222.213398783,9688434.884356096,9750845.350159602,9748143.519689057,9739796.483932497,9720628.363573305,9718351.819032548,9734182.562889984,9710651.183987102,9646901.965337966,9709487.61587792,9528019.811628746,9656068.788729237,9741573.62423503,9744790.891472483,9742658.990962157,9706719.653337639,9753840.365674406
1242,io.reactivex.rxjava3.internal.operators.maybe.MaybeAmbBenchmark.testMaybeAmb,9758584.465029519,9708431.58339345,9734937.77552282,9729821.13264256,9759015.084258152,9744805.46161917,9750779.539156798,9518616.02418246,9760891.043963995,9732874.464649208,9754314.967893409,9743982.066798799,9713371.478466112,9718344.995598238,9771719.593418926,9743489.148922702,9770493.863726335,9744627.821628515,9716546.733630847,9737203.652100796,9735730.746377442,9763920.473491065,9732731.79020636,9706051.34545292,9735511.038852526,9637583.091263944,9751772.799341284,9726464.149382597,9722366.858551389,9702037.330246542
1243,io.reactivex.rxjava3.internal.operators.maybe.MaybeAmbBenchmark.testMaybeAmb,9605927.436415303,9597840.228177814,9368971.646997109,9613611.55764716,9607432.031650515,9613546.873143509,9618845.25244638,9607394.794271331,9597530.787303261,9570913.504313452,9617191.5280829,9603689.665752158,9611137.094617246,9580210.86467818,9591221.613435749,9613230.691176012,9596310.224899814,9618550.67702886,9581789.386332491,9553587.32249107,9609420.077240236,9600120.306778928,9614698.47807383,9611736.29375535,9564952.74607202,9606167.174523618,9609499.402567748,9604624.654116658,9611677.153243339,9593144.258759478
1244,io.reactivex.rxjava3.internal.operators.maybe.MaybeAmbBenchmark.testMaybeAmb,9428022.568250557,9473258.87104601,9449983.912137229,9445181.807665322,9475138.853789972,9554870.549059227,9533883.915689077,9396520.16703865,9534517.237494862,9529001.923917582,9474938.846138172,9566931.427189995,9500728.131360345,9397222.449784411,9224704.218565628,9530117.029606897,9548163.475640785,9561182.131409887,9472107.847505618,9440448.894375224,9189226.993915752,9458692.268894672,9553636.491645956,9440739.727840157,9450488.192520553,9212923.379402414,9453471.865710568,9542593.21556417,9427122.785359625,9455777.735391228
1245,io.reactivex.rxjava3.internal.operators.maybe.MaybeAmbBenchmark.testMaybeAmb,9326687.964202369,9355943.39005778,9352542.89902494,9351740.577408198,9337758.246957697,9385539.822722882,9248033.450989177,9374734.439851597,9322839.426506827,9343997.891200349,9401815.05168871,9375667.695594968,9347367.113232777,9374150.717755321,9335646.938633552,9325605.54843876,9090940.522952165,9351765.746677691,9384974.588399988,9361329.986507384,9350499.42011108,9244977.943574877,9270291.712751014,9455853.209977059,9420021.9764509,9365757.231095687,9342410.753772823,9357716.939315757,9375328.997532092,9393781.58756409
1246,io.reactivex.rxjava3.internal.operators.flowable.FlowableCollectBenchmark.collect,193405.7873360776,193288.79353769278,194261.96156118682,195228.1388193434,194621.8641893495,194175.58831351425,194742.78708717003,194843.79650157064,194435.80283098656,194006.7637574462,194829.63798570374,194045.36306644703,194170.7943422311,193166.08646078792,193212.12286901477,193394.63647428484,193560.7622475195,194921.73520719886,194534.60610812024,194205.49122431024,193806.5922566723,193866.0739406424,193880.1170876237,193082.88735822565,194297.17715948235,195586.00657232216,194028.73061729703,193993.8335532908,194256.411633764,194218.3604936556
1247,io.reactivex.rxjava3.internal.operators.flowable.FlowableCollectBenchmark.collect,16179.051600174249,18512.59935524538,20553.428100863093,20224.03509106177,20582.6186387153,20691.560048833442,20703.080762304093,20635.460898584024,20694.184359417657,20480.265925828422,20553.124025854017,20635.54587354196,20605.902698927457,20589.881610030552,20631.72966314118,20491.75881199878,20488.208745378255,20586.066771835034,20767.144517938756,20699.539481893236,20585.123140206626,20512.85443913099,20587.954382732252,20557.80142536876,20511.88791141365,20262.165845827447,20513.504032204946,20762.173157146077,20815.253211160543,20811.72180648181
1248,io.reactivex.rxjava3.internal.operators.flowable.FlowableCollectBenchmark.collect,1891.7483549689084,1747.9667750912768,1748.6483520623453,1751.8022075163537,1748.0851046987539,1750.2064196549936,1748.9419880379883,1751.9856476136442,1752.767169420283,1750.0343870263393,1753.076193709734,1751.587713401104,1754.8978381676366,1753.366180919358,1752.6252799520198,1748.9462723705128,1754.4020945029872,1752.0487601666428,1741.0825504786856,1744.1447307249732,1741.3781503797431,1746.61475966215,1751.4216052748093,1750.377992678034,1750.377885942912,1753.6504658964384,1751.1466627289587,1751.5287284257436,1759.2618031918098,1752.66511126653
1249,io.reactivex.rxjava3.internal.jdk8.ObservableMapOptionalBenchmark.mapOptionalThroughput,35503.54201877896,36310.133259738985,35317.3554826593,35107.41605762669,35003.131913377285,35006.00644660625,35025.583110086445,35217.33569914953,35204.64958484658,35154.44195513255,35111.25050481487,35129.33784711092,35140.1364131456,36158.412033975495,35796.39220504411,35229.38605748917,34987.59055990189,35760.16038719427,35423.24669098178,35076.86736795269,35144.2134153183,35109.07258213338,35254.48141984737,35235.45376340037,34997.6691316401,35006.89409027221,35988.607852682435,35839.5441534979,35078.9988834297,35074.554777413694
1250,io.reactivex.rxjava3.internal.jdk8.ObservableMapOptionalBenchmark.mapOptionalThroughput,3616.6568660631756,3540.6908189476217,3483.3190842687263,3527.6487484864642,3485.1529091893512,3488.724452565653,3482.0812702672465,3474.195383297619,3480.999278846318,3467.1187832215815,3465.9418375591677,3460.62310699804,3492.8602925740174,3584.695483703355,3544.8632958918574,3478.1061267254317,3501.175805709457,3491.4935553683003,3469.3266266939236,3460.8307757575576,3456.13866803343,3477.3504448463045,3493.788873832143,3467.4425531305033,3463.6255786113265,3626.251867977118,3540.3083254520634,3524.6731323877216,3498.07221330301,3470.8462490566585
1251,io.reactivex.rxjava3.internal.jdk8.ObservableMapOptionalBenchmark.mapOptionalThroughput,337.2740095997603,331.0891211844513,336.9484863045683,334.2932195576705,333.7684257921222,334.67317457669395,335.2382103897599,337.3095199917674,335.42941812373004,335.96804473539305,342.39549459118035,346.9289590101345,339.5287449669058,338.3535001850659,333.13925710781507,335.46177204991403,332.09411400790333,331.3072752504026,330.4344498738352,330.3193400041554,329.3505316202125,329.5129094041381,329.5878224131075,333.28609784555385,336.4496279602412,329.42951274730643,328.98244779946253,331.0788895296529,330.1450188227245,330.1924506348295
1252,io.reactivex.rxjava3.internal.operators.maybe.MaybeToSingleBenchmark.maybeToSingleSuccess,23388263.323907297,22870132.233843274,23296614.451719068,23068101.77614057,22613186.720882468,22823815.88788004,23659130.383507997,23047309.427890148,23558025.5677905,24277317.5136236,22991238.961175386,23320390.309388768,24314897.081938498,22932489.618137244,23007851.960849475,23747296.926024925,23013455.35926116,21447240.567041006,22955660.36776516,23243822.67261828,22776469.856696438,23550639.419640124,24287891.05629819,23368310.72000361,22541179.07250242,23528523.642332736,23172570.329268947,22200522.036932047,23339765.413781993,23851185.973128207
1253,io.reactivex.rxjava3.internal.operators.mixed.CompletableAndThenObservableBenchmark.subscribeAndConsume,18515.102108793442,18557.47040050224,19014.47735868207,19341.906161290415,18466.217306182134,18729.81291630435,19193.465368543828,18445.95592983959,18466.27061924308,18424.349823108092,18419.120166339966,18499.452687277782,18475.150069196217,18471.536253610815,18463.832365705024,19159.72354089826,18984.17484244647,18507.158164896555,18622.831138003625,18574.68328307534,18535.058267295917,18589.407985897487,18626.04569049991,18641.522404196003,18561.280278820886,18571.82013192202,18580.43942889237,18559.283110571287,19380.711459967784,19043.589327077007
1254,io.reactivex.rxjava3.internal.subscriptions.ScalarSubscriptionBenchmark.cancel,96495136.6195512,96416051.27636753,96483194.15648144,96436262.72749563,96312266.86239552,96548162.3950848,96517222.65108584,96479661.27136569,96562481.538498,96559380.13020582,96447281.2464449,96434466.43392187,96518490.16652854,96552640.80166987,96442221.23791552,96396225.9035714,96499676.72617641,96380882.90692374,96324824.65051876,96389844.20394285,96388926.36497125,96356935.20777974,96380918.87990761,96362168.71846335,96339860.13024956,96409904.94619024,96366209.47110955,96365868.08528602,96329228.16180836,96220077.14814606
1255,io.reactivex.rxjava3.internal.operators.observable.ObservableTakeWhileBenchmark.takeWhileEarlyStop,18426872.4009394,17277840.28815604,17617609.18498679,17904488.899667867,17532702.648914985,17290687.759809334,16856520.79549801,17131754.51831162,17634878.450158793,18123342.509695884,18027861.482489076,18260790.85078673,18129410.205070555,17200850.202186633,17557439.815057747,17991832.632595334,16727139.948256083,17161149.079358153,18193525.150066175,17838375.824831706,17354673.31563275,17934517.14370608,17621055.598413978,18174294.051436163,18114037.81876968,18353087.80447926,18279781.53664275,18538331.137914527,17621305.17315682,18195291.84122748
1256,io.reactivex.rxjava3.internal.operators.observable.ObservableTakeWhileBenchmark.takeWhileEarlyStop,456598.54363918776,431415.8805550278,444732.9328024154,462102.6482063233,458285.1632687435,472231.8718427116,474570.5149490977,461659.5945774862,465953.5574994225,445601.25313779054,446364.66287690075,443777.5441426571,455621.3667397002,447594.2278827933,458774.6149561443,448019.4970821353,435471.939659439,434244.1543045421,456567.68963193515,457285.33484406763,448174.1001320274,448183.0983591137,438165.3399193331,436428.93604346697,445143.52608824143,447874.01743822003,438818.4172096305,455708.2653885552,458538.05434365897,473553.16041438375
1257,io.reactivex.rxjava3.internal.operators.observable.ObservableTakeWhileBenchmark.takeWhileEarlyStop,4470.156364326052,4739.078446171697,4674.558722256819,4683.500780968256,4623.962686987703,4619.867033618406,4669.235542099663,4493.523978537333,4322.768312586751,4530.760102166636,4562.901206894766,4635.099252403872,4768.8675113228,4659.743042625577,4630.6498700334105,4768.629234933437,4572.685254816365,4606.658867609255,4782.203077236566,4576.336745435394,4379.98738651733,4693.155762289389,4450.967712910623,4471.766372565865,4630.469060641292,4548.605055592776,4444.620153178812,4590.428204283661,4557.517071818519,4488.342466891465
1258,io.reactivex.rxjava3.internal.operators.flowable.BlockingFlowableLatestBenchmark.iterateAll,101361.1026832944,103346.98771473645,103153.89713210518,101262.38243536095,100996.42647997112,100175.55731921033,100076.5943934928,100199.13614615446,99554.47387929566,99972.25454960651,99865.48776541934,98979.78089513318,99601.38437644833,100038.53600999572,104639.00861351928,101459.51518505027,99361.21817071465,100718.395120147,100093.70171234118,99347.45263693966,98641.25084333794,98726.31109497069,98560.6169028439,98323.2619921233,98217.28698260152,98690.74336711409,99965.11580647875,105652.18410635028,102656.72178111978,98875.47781201909
1259,io.reactivex.rxjava3.internal.operators.flowable.BlockingFlowableLatestBenchmark.iterateAll,9136.699326893922,8999.19927824582,8840.296533403354,8867.030709405031,8871.320926997001,8810.930925696131,8819.1280969007,8878.677881566457,8850.208042569227,8825.723172366976,8855.9462043933,8846.109692136144,9087.906458178826,9313.587175248456,8912.609799314045,8746.453066796827,8721.333594178735,8740.646432111174,8737.045119601833,8723.30431648076,8784.722341197974,8810.56462594901,8881.202379214323,8824.170713260539,8792.278083631109,8952.158183805186,9101.141398320482,9135.045031527448,9249.231795803968,9334.24427158104
1260,io.reactivex.rxjava3.internal.operators.flowable.BlockingFlowableLatestBenchmark.iterateAll,925.186072178931,881.467210366702,883.7557325667857,880.1014387316253,872.8815342639327,876.5542309755001,879.6979205310688,874.0746180759177,872.1569992092743,868.8944771102274,861.668293896918,919.1873088135983,894.9723006222786,864.9795628501961,874.9418645577249,871.9710732615803,872.9981325021722,872.0900986909002,873.1088370184497,888.8193048129701,902.1418357744359,906.4007005464085,909.5526947184752,920.8733311106857,935.032710531021,940.9525468221112,911.5051957850045,960.5005349193393,944.695572796362,910.3531958750372
1261,io.reactivex.rxjava3.internal.jdk8.SingleMapOptionalBenchmark.mapPresent,21427469.01437171,21513848.369957723,21434963.193473507,21498357.696611658,21563093.75949217,21559162.81732122,21530493.229770064,21537255.33804127,21975231.60100049,21672628.380137485,21626191.566055205,21808324.425445415,21664145.214766353,21510780.00177435,21589318.696982875,21535159.718401343,21500463.98880715,21539275.751114536,21620885.9541442,21520000.93317927,21802266.352998205,21686243.11590289,21346767.72450424,21386886.528174926,21611152.94932313,21440104.535823226,21410836.441818297,21457137.80348244,21437061.66361689,21392533.131976776
1262,io.reactivex.rxjava3.internal.operators.maybe.MaybeFlatMapNotificationBenchmark.errorPath,1168293.9575351335,1156327.051296692,1164616.6436515902,1170348.5229791568,1158074.4611028342,1167243.1628307053,1163476.5571918583,1165680.8369270032,1170755.8251138888,1162461.7372219719,1160428.095203018,1160625.133254797,1161969.8358195499,1159670.6605877643,1154890.02450626,1160876.242812901,1155161.9492912206,1161483.6527564288,1164715.8789441509,1166033.9565251733,1169516.0532040931,1184841.2354592585,1188493.4569548094,1195779.661334839,1191905.1069276864,1203444.1507117809,1213526.297603429,1205655.2025615247,1211585.142405367,1212933.921145664
1263,io.reactivex.rxjava3.internal.subscribers.BlockingSubscriberBenchmark.onNext,26802433.082228106,26761846.787882652,27277978.037161674,26765539.789217573,26845069.396484055,26956162.06336954,26833231.693360966,27624968.808968347,28563878.581209574,27100183.80490925,26659099.84756939,26692607.68129026,26756581.237978444,26702482.902135447,26756020.086644884,26694240.168131456,27679593.943082046,27008327.762570255,26744853.732952666,26782451.71663234,26756387.27328036,26736970.981735542,26825867.415613975,26719671.230759293,26822271.593903467,26770487.22051705,26765270.66258696,26802626.183715113,27974690.577830356,28400626.091123667
1264,io.reactivex.rxjava3.internal.operators.observable.ObservableRetryWhenBenchmark.testRetryWhen,226735.7075236166,227628.15068119144,226969.57196681824,226206.72045496685,226302.28954766056,226805.42618227177,227382.47372690486,226689.17294126542,226034.4738710491,227267.0048978384,226461.7691424271,227378.94513867062,225716.02079934414,225101.6139809521,224113.67419614657,225632.0094594896,225458.1723459381,225427.3867601246,227736.66125265465,226161.87041214402,224766.6646200063,224546.78487944935,224658.75026212903,224214.46437955555,223962.72233778238,224511.6509109396,225624.03005676228,224045.2229249668,224167.24401737313,224535.3433113491
1265,io.reactivex.rxjava3.internal.operators.observable.ObservableRetryWhenBenchmark.testRetryWhen,92854.96656283765,93529.35576979746,93232.56266447828,93259.6395522931,93516.17899094457,93491.73967491476,93874.00401116199,94881.196497476,94188.24594586692,93534.31795264625,93511.90134494408,93580.04680088306,93214.96974737255,93471.48318684372,93275.2985473763,93344.43583152452,94364.29058296257,93217.78208179637,92895.69686335317,93446.6491788285,94827.24844290019,93831.18355151711,93099.28984815645,93365.51193720997,93337.52099418011,93441.93032360861,93242.1364682482,93219.608304337,92994.75981637575,93281.87074801831
1266,io.reactivex.rxjava3.internal.operators.observable.ObservableRetryWhenBenchmark.testRetryWhen,13245.648996784925,13270.755419255127,13535.818214783303,13525.770710328992,13292.714541332994,13335.749773458738,13318.572089249168,13325.21906221164,13387.963262900848,13332.431678434843,13351.81121599405,13345.752436292307,13343.427420185972,13354.574803692825,13362.921572140363,13655.96692610204,13555.047608799958,13394.499152887674,13350.169966532501,13355.98155298266,13357.90865886257,13339.114563198476,13347.195591216108,13286.768238901608,13334.431246504042,13362.098646273716,13334.249215097943,13330.663161409131,13631.521715995987,13472.157534263457
1267,io.reactivex.rxjava3.internal.operators.observable.ObservableRangeBenchmark.rangeThroughput,85318627.17482078,85281319.27708496,85412276.14635108,85434516.50085805,85269660.09687293,85438409.65608804,85530016.2281777,85347830.74637908,85348045.55750653,85040668.5106364,85085336.20346467,85375846.14995304,85478717.03319706,85394860.46344674,87814077.63694091,87622430.28762402,85378387.23810892,85435244.46334936,85590809.93262084,87682336.29420817,85494810.59958713,85642460.87046768,85470681.16650423,85613541.33974974,85795155.50050637,85662228.02316706,68535484.09792838,88525173.73683411,87056482.69802794,85693560.15342802
1268,io.reactivex.rxjava3.internal.operators.observable.ObservableRangeBenchmark.rangeThroughput,37494.65234283162,37004.31648862135,37046.64835375086,37210.022455500075,37013.04123252793,36933.65223852816,37046.0216516142,37163.778863669104,37154.21102473916,37068.48545582125,37057.46133714782,37092.08768032755,37134.39505932098,37100.76244381807,37027.6408949433,37135.16318342346,37318.32438809635,37221.774286596774,37187.11485934895,37051.283525188126,37102.73196143428,36977.9703901392,37054.370251343265,36965.767783096715,36966.15139670095,37019.30888134087,37053.52497327786,37097.36372679764,37103.74055063075,37092.06698402119
1269,io.reactivex.rxjava3.internal.operators.observable.ObservableRangeBenchmark.rangeThroughput,371.6319784262442,369.779041861547,372.18685323460323,374.5279995904042,373.6741434419977,371.0232641899498,371.61577790006623,371.94191011247864,373.2386204606795,371.86496504710743,374.44554911428776,372.1624933403991,372.67174997727653,371.7073180294909,372.3344629451849,371.7867802815085,374.3442637735577,373.5639709032661,374.1227308321536,372.22615448052426,372.83026902002865,371.88011031499576,371.7250665648926,371.96770464797936,371.74119935312837,371.9452169328884,372.07764927366253,371.8518787537285,371.84138064752614,372.3960625891394
1270,io.reactivex.rxjava3.internal.operators.single.SingleResumeNextBenchmark.successPath,26528862.116082028,26025395.54837206,25215293.262193047,25205388.67390537,25314721.919822026,25652110.52891208,25343143.7000506,26289363.551787965,26174130.702840667,25681953.042667456,25323342.89973157,25617872.455094744,26578272.646174364,26319205.252917103,26243568.467892807,26258606.48983825,25952303.30626243,26048283.249731116,25671299.918213114,25744618.99301248,25328383.039867286,25226003.42088041,25651601.584317487,25784395.259602226,25922540.443662688,25961462.57521783,25354997.60846466,25544997.327273317,25643768.624390658,25264297.322222225
1271,io.reactivex.rxjava3.internal.util.MergerBiFunctionBenchmark.merge,10444552.401967898,10374686.72963501,10396202.588207752,10384013.112054573,10387796.44666359,10432908.377074895,10422118.916914852,10445336.57801794,10319876.396086683,10392688.851240853,10492268.823210785,10330337.587486142,10446741.707158312,10436718.706078228,10455231.61169365,10460582.056424368,10367022.511500442,10427536.034264792,10437228.755871505,10354223.768382879,10363874.296344403,10401452.717423096,10381578.280080426,10397333.546905568,10436791.092050262,10402064.693990638,10420200.07300685,10381004.76764612,10339396.66234805,10420884.954240426
1272,io.reactivex.rxjava3.internal.util.MergerBiFunctionBenchmark.merge,1545444.32382279,1551953.3432557043,1548236.6563709683,1541094.0610766595,1543971.0993672998,1548481.5495514127,1546445.2772797423,1543550.9385316793,1541606.18075919,1539716.2264159517,1551050.268392272,1550130.1566724852,1548285.6565692686,1542797.0965847906,1539088.655678744,1545308.8258533264,1549285.545067035,1554348.5246227488,1544789.589123371,1539291.2928472264,1551888.7935059841,1553437.4861549411,1552722.7605509516,1544387.978028835,1550093.7022355988,1541633.5527562266,1541879.4649005379,1548823.4829909445,1543354.2409969415,1550056.8728230589
1273,io.reactivex.rxjava3.internal.util.MergerBiFunctionBenchmark.merge,123833.94365443666,123584.40734476596,124190.21474342728,123284.1368568331,124440.54538068362,125025.91286338042,125002.6094498459,124905.28101181962,125227.02260231061,124853.02030997763,124991.0545505082,124968.58311039854,124936.56100398753,125271.82539670834,124972.25833058558,124803.7527112954,125314.96330953017,125151.25801883367,124807.94983589437,124716.22648643123,125182.20396217199,124843.4629465932,124900.48156876741,124783.52787119691,124788.51665334615,125038.72274633616,125009.75313677799,125475.1732812143,125302.45297703834,125155.88925481742
1274,io.reactivex.rxjava3.internal.util.MergerBiFunctionBenchmark.merge,14115.131651215948,14095.128462937819,14168.976716501535,14111.006077175947,14013.526127389552,14111.957916579608,14173.530658423702,14162.384984269673,14125.95667096624,14009.401639348163,14075.870270652078,14110.639021632549,14133.64776325025,14268.236017981097,14227.207032388842,14250.82714267533,14278.925253853993,14304.556329880872,14330.629891467966,14244.772741604447,14078.205102305308,14126.859227863632,14038.292582360189,14066.263518574695,14067.6139883318,14059.781748031097,14124.538872951749,14114.056461211512,14099.24550398873,14001.622548376936
1275,io.reactivex.rxjava3.subjects.ReplaySubjectBenchmark.subscribeAndReplay,60773.343592413235,60689.97588354484,61082.065546416896,60517.66597865199,61203.052515544005,60576.07429676362,61386.36851842705,61777.26400853159,61201.915400909405,61338.81924126979,61334.61948074871,61754.52904213908,61072.01460987705,61033.77799756813,61210.270488185284,61528.00462925959,61010.8241342124,61154.42025317598,61633.82370968481,61102.115730181155,61236.577421801136,61665.322703222475,60942.835729130515,61099.55024621064,61432.62925442145,61051.68174554076,61254.85939840419,61442.365054599526,60958.027841371986,61279.136053903305
1276,io.reactivex.rxjava3.subjects.ReplaySubjectBenchmark.subscribeAndReplay,40557.242407111975,41218.59828495075,40538.8904486079,41205.21252450365,41140.04455651566,41119.42156215891,41207.63339503862,41140.757961395226,41074.89114999079,41122.94273006045,41139.11168965694,41194.945867871604,40993.27115020154,40864.841051807736,41096.528178040615,41086.30551571755,41081.28465537678,41043.61244012241,41071.083533551406,41126.5348090546,41131.470085905996,41094.57930179903,41064.39343828056,41059.162836718744,41023.105531670975,40989.0965212967,41080.44176179842,41070.57869842474,41158.52753276072,41074.543951032574
1277,io.reactivex.rxjava3.subjects.ReplaySubjectBenchmark.subscribeAndReplay,7292.233028679709,7175.8941548343155,7349.512304001535,7129.138814529791,7362.820072918414,7380.682058680632,6931.013783950559,6674.899068883217,6640.29290753478,6411.067496697685,6692.792468226456,6677.161382448742,6546.535609441509,6671.832952056201,6500.439287514394,6683.833986316819,6680.463092704941,6561.269752537432,6568.005663286913,6740.041718785458,6648.543670347404,6694.73880357438,6542.289244029416,6544.097256709625,6733.901216258196,6661.546297591569,6703.391615425799,6507.114208442747,6731.582912740549,6735.989329888585
1278,io.reactivex.rxjava3.internal.jdk8.FlowableCollectWithCollectorSingleBenchmark.collect,1762109.1059792996,1770870.742764075,1771807.2844488248,1765482.2722606617,1765405.7845878475,1762058.5586530464,1764215.8986987341,1760344.9434663386,1761410.0019180623,1761912.8327371755,1759688.7750711455,1766525.4092118975,1770342.9885011276,1777809.331685684,1771985.133506592,1763015.1600667012,1767954.8594795451,1763366.802160872,1759532.9060945585,1741364.9045840532,1746378.3176398713,1752584.6857721116,1750521.6286364573,1753934.988101873,1745278.4786662173,1754135.8050326724,1757056.739063071,1748629.848090543,1745922.4647324248,1747071.7330935614
1279,io.reactivex.rxjava3.internal.jdk8.FlowableCollectWithCollectorSingleBenchmark.collect,203448.60932858495,203356.20341244843,204095.7684094685,203758.80655818433,204709.1258757129,204998.87458715803,205628.67547882829,204860.16358946814,204762.7644830876,205177.7971014211,205595.87896278096,204874.99686592838,204961.53036737395,204555.61515848537,202048.5596234703,203138.18329801573,200526.79361437837,199200.74725099813,198227.1581638114,198564.55808558397,200014.5533488407,199349.4892352181,197411.56971293973,198832.92725352943,199157.24664069564,200049.4513452233,201079.376509859,200063.55712940582,199943.72755991155,201102.14756174933
1280,io.reactivex.rxjava3.internal.jdk8.FlowableCollectWithCollectorSingleBenchmark.collect,15414.654732252207,17108.418433532188,20436.91539246321,20413.49554579177,20455.240337949926,20562.55955157829,20566.486882427085,20467.12936925089,20567.20804086502,20488.55151565112,20637.329160556503,20667.838715478254,20630.354770467766,20641.75444545914,20615.063524007874,20649.548003088483,20649.24694261325,20533.571458900034,20420.32939638262,20486.07103155167,20502.828017344873,20540.38825735461,20502.073174158948,20617.55357552891,20695.6393031071,20708.52115482268,20668.50926758446,20708.68460673344,20711.01512849968,20768.925863657954
1281,io.reactivex.rxjava3.subjects.SingleSubjectBenchmark.subscribeAndSuccess,47185607.222993106,47105197.045878544,46716634.3845981,47005773.920209914,47028536.62948979,47034581.24614878,46625077.26068427,46571358.409103855,46614584.23513354,46500747.12285108,46519002.835659094,46602649.90286173,47271467.582529865,47185538.16342825,47280656.41447994,47135031.376024336,47217531.84140587,47016803.439173475,47043814.96969772,46875186.29943341,46715113.634046964,46842286.14963625,46565411.681093715,46631224.366622664,47171762.83484341,47588559.49331267,47189872.51852276,47176155.85229653,47077463.79836089,47084603.53634615
1282,io.reactivex.rxjava3.subjects.SingleSubjectBenchmark.subscribeAndSuccess,11080949.674549296,10987898.603680002,11001770.293751774,11027793.280019501,11032100.270786671,10963466.000918351,10990959.388049461,11019499.465270812,11031356.958884541,11080387.342198672,10994417.64178191,11022451.009188203,11028631.18024097,11057126.637093496,11030154.277791556,10938254.161192719,10920131.12400398,10946831.43078459,11042937.063554581,11047891.255937438,10934392.469716225,11121315.582987592,11073911.576364212,11133715.852191532,11156367.96967829,11093346.435778905,11042139.951346042,11042099.89751092,10990592.388922775,11006244.800730925
1283,io.reactivex.rxjava3.subjects.SingleSubjectBenchmark.subscribeAndSuccess,870510.5831474918,861300.5179763448,869092.4275645762,871405.7698955109,873412.0632469493,868549.9211906597,870264.2223965793,872253.7733412449,868248.1790166893,856530.2645573821,875633.397337821,873428.9567651467,875548.1234029308,874595.8688749921,882068.2777034357,870650.712073676,874669.2629722002,874452.7964774021,874053.8122094113,872807.7002998583,871066.4215354773,876468.9306624855,878469.475738456,870526.5672103527,874251.1040466526,871235.9417449312,864870.6644872904,872712.6664508411,870198.0704969894,873142.6117858295
1284,io.reactivex.rxjava3.subjects.SingleSubjectBenchmark.subscribeAndSuccess,10305.886054608947,10323.855993143505,10309.483463382228,10388.904734036865,10361.103526587596,10411.179535684983,10412.065723911688,10365.914827768314,10283.648687755393,10552.852785782816,10536.49248493914,10504.619089607731,10567.288150763892,10570.93117485218,10547.75125547759,10563.255306166791,10554.78986291727,10560.987852736518,10552.019453456016,10572.579512818045,10516.191605742268,10562.152269150656,10537.626672864157,10533.953917157838,10505.810869717174,10509.334108231122,10512.05945969676,10578.643632269845,10581.567426027324,10578.962565483485
1285,io.reactivex.rxjava3.processors.UnicastProcessorBenchmark.onError,947293.2517597196,941610.3571055435,946420.6408123608,950099.6551147845,945872.0174830023,947538.9789909503,947391.0953421142,951491.7784730592,956844.3974600475,959423.0492611908,961873.7733465137,960827.1470152544,971348.3689802539,966479.1460764103,969004.9353517303,962832.8979518041,960807.5389281642,956135.261729829,961055.6426332844,960499.9101763751,964182.485978815,959469.1307477737,961872.6055275467,965079.6677015609,965981.7356084445,966384.7375283729,957524.4956462054,954980.7343538363,962008.3472389516,961069.8343453634
1286,io.reactivex.rxjava3.internal.operators.single.SingleDoOnLifecycleBenchmark.subscribeAndDispose,34086768.95818116,35911443.32888129,33998300.1097462,34175991.229708254,35462765.080853544,32196591.77726762,32989291.110974986,36743693.951993704,33753292.463209,33006400.47976223,35150761.85821992,34543129.48679903,34370063.1579659,34311202.26197976,33603653.45942198,32492541.30207172,34564143.45772148,33905263.7355991,34186875.31653599,37100052.09625205,34939413.074531026,33821133.82335309,35397797.9566962,34934331.736646704,34295416.29123982,34583653.73855511,34797914.72974054,34405345.44649546,32797960.800750285,32328521.855735853
1287,io.reactivex.rxjava3.internal.operators.flowable.FlowableSkipUntilBenchmark.skipUntilThroughput,4724.673871149409,3560.5465848100275,3720.7453096702047,4832.130635275979,3881.1587586388505,4299.266061279508,3349.1178947953385,3423.2653980909927,6140.32827004161,3850.776079741134,4105.276294041088,5122.415473974634,3707.794045811418,4203.112985195129,4268.964731971883,4262.431001210114,4171.38735093512,5114.520269273707,5444.040582735149,3627.332570718931,4112.126306494815,3959.7809819020567,3911.948830940712,4418.09966500662,4652.4367655219285,5826.6430132358655,3607.8932388311696,5726.511432521454,4645.715667441702,4300.841422458391
1288,io.reactivex.rxjava3.internal.operators.flowable.FlowableSkipUntilBenchmark.skipUntilThroughput,55132.963240762954,53685.043133465246,53714.682769637744,48946.60498784699,54960.75880388509,51330.956186580515,49759.90398934402,53133.64818809013,50389.65811919618,52833.195863729256,51037.32959910071,52943.425671504825,53554.10947594809,49877.902345660754,50988.45375779244,51958.13195669573,54578.61339313624,53221.09122211919,55278.46871812927,53589.06940089266,59044.23313944887,56651.667431202695,55781.49622772502,55326.864433776136,54548.52289243654,52605.83088923844,57100.797859433755,53363.259578084835,55777.255191245546,57500.78449086435
1289,io.reactivex.rxjava3.internal.operators.flowable.FlowableSkipUntilBenchmark.skipUntilThroughput,50686.90098164376,51990.766330502614,48954.348685374855,52753.61969835691,48757.73912627452,51770.44736337629,51888.74686783548,52344.26640171881,59113.44441331779,55157.06841744403,56274.10743213286,56280.222452049835,55038.53300608908,60244.03362427918,53455.662613027394,54247.30595355152,54175.432010495686,54153.57002148467,57016.76204909771,56141.88347244869,55574.13826384586,57645.02865225662,53563.399362185686,53203.95371893645,54888.24996966807,51109.39934356522,57028.49718871874,52651.90989177799,55246.95556635486,54207.8340162136
1290,io.reactivex.rxjava3.internal.operators.flowable.FlowableSkipUntilBenchmark.skipUntilThroughput,413.5518061996504,425.02738791482244,418.96079498050256,406.277024752851,307.16368543366974,334.6193470693543,411.6709497631705,385.6970187924637,363.6649082435971,335.06237889814184,328.54994965056903,398.0447147510763,371.11687691947486,615.247049991936,366.0646107698655,366.023456979264,390.86547543845285,543.991172111259,310.30375254189283,305.3313478587032,392.2384871565435,317.56746580751843,369.94498622098905,391.534356132521,441.3480791572186,298.78838462053443,299.6556893202016,320.00900217324016,311.8279934959917,314.51230118565417
1291,io.reactivex.rxjava3.internal.operators.flowable.FlowableSkipUntilBenchmark.skipUntilThroughput,23310.33877725187,24287.230937192126,23390.61926732769,24360.997626581793,23709.936537878297,23784.025665669662,23528.56305791122,24556.247282143035,24927.171601932263,26737.080910848294,24148.378004113903,23930.016879350955,23022.14505410209,24686.57980195557,23726.631047037976,23555.562477868156,22699.73580985889,24612.392083494942,23164.06491403394,22976.95227169179,24202.745499005254,24015.032503210565,23038.594367674963,25313.167960737963,23626.880498306815,23703.42377301254,21103.62479034325,20753.756394268687,20159.850437868008,19987.457351546014
1292,io.reactivex.rxjava3.internal.operators.flowable.FlowableSkipUntilBenchmark.skipUntilThroughput,19952.23940227913,21005.676298948954,20508.609004533188,20950.66616232471,20904.358039829192,19556.891630431655,19963.235222858948,19467.63623088571,21069.660863607365,19717.871189730173,20015.46372619597,21374.698323252567,21431.54614866212,20913.416462753503,19979.59464457508,20235.41683740989,20155.13827395801,20303.133660425352,20556.446924846838,18995.770825398995,19609.056534191634,19220.50624443714,19463.0123495938,18913.32013638455,19344.623912559437,18509.22799914802,18753.270337108883,19067.026044267328,18254.889699696392,17097.316135916924
1293,io.reactivex.rxjava3.internal.operators.flowable.FlowableSkipUntilBenchmark.skipUntilThroughput,30.333189321135336,49.85439071247829,46.66685961592779,43.79134998222071,30.743085994502625,37.293689088683784,31.86835183855493,34.67409880414769,30.00605068140242,36.77450027208608,44.397446594362165,38.245798663712975,68.52918377401622,35.790272643245345,42.174068028274306,45.94964739482207,43.948819490160375,35.41645239303056,34.62481921275818,45.38909299207353,31.12642574921431,35.43315998065219,46.99073027569481,30.338456189136764,52.615051707963254,37.382599765711745,43.04333754658478,38.0966862716903,30.895427599331526,34.56018122395299
1294,io.reactivex.rxjava3.internal.operators.flowable.FlowableSkipUntilBenchmark.skipUntilThroughput,2226.429766073181,2219.2603766136112,2205.7300077675836,2286.627669039366,2265.064230988158,2282.872767090106,2280.581452479952,2271.240985784613,2078.2321501796864,2070.409279977467,2086.585872033493,2055.4358000128695,1992.3006974179177,1947.636238418439,1971.4441853808892,2052.068992405386,1986.7771025810603,2028.3073781336764,2007.2506940727512,1957.4811418083173,2029.376174239279,1985.4356923743842,2003.1534921649054,1970.0392033396906,2017.06181436484,2010.887225704873,1959.5358665763997,2025.3053518306672,1979.8168253675,1946.9366342229287
1295,io.reactivex.rxjava3.internal.operators.flowable.FlowableSkipUntilBenchmark.skipUntilThroughput,2703.929534266404,2671.738914445972,2545.783201480827,2484.0966918763916,2474.1861067215714,2466.3934597387406,2446.6689586201865,2455.2799484072916,2422.290941429062,2432.5458246185794,2393.6957970315366,2380.8415356918686,2387.8833259670737,2373.536567673898,2393.2066681744236,2386.7984383024705,2376.1155816364567,2418.507305219438,2403.1524531861173,2404.642114951656,2405.324634899709,2380.065992484116,2367.20647755497,2333.754154988939,2335.70548349135,2324.0092172706645,2324.0045625922035,2319.5089652132187,2341.2692324874315,2342.261206942707
1296,io.reactivex.rxjava3.internal.operators.maybe.MaybeToSingleBenchmark.maybeToSingleEmptyWithDefault,30752210.89077556,30737687.152392358,30698561.76010888,30632705.386986643,30662563.12839423,30779375.742379025,30707085.201506738,31029460.70607565,30718721.732632607,30674585.63791224,31261526.548715618,30885732.502380338,30689352.5209894,30672987.8776663,30686822.60784974,30826988.211030208,30712846.61461613,30640781.05821117,30754124.35486235,31088496.18434434,31002070.701274145,30695174.920608234,31264492.301431496,31440852.786417596,30841136.003697354,30827725.27495198,30740029.05415031,30838179.78177824,30878479.5566446,30768014.693594344
1297,io.reactivex.rxjava3.internal.operators.observable.ObservableFlattenIterableBenchmark.flattenIterable,1779.1232782935526,1769.0565303093686,1772.4600714405776,1772.6894655774886,1794.9288062326573,1832.044524658832,1784.7957319132784,1774.9234794989518,1772.33086180012,1764.9425528848462,1772.373896514439,1771.4852683829922,1773.21435078367,1770.011229247073,1775.2724720376893,1772.4519634969572,1774.8136356941839,1775.2320292984293,1775.0352931686568,1776.6579027441687,1771.5129544004208,1764.7222062539026,1793.6149072921746,1790.4409127002752,1772.1239824075285,1768.118410855992,1766.8432633341097,1768.8341275796863,1768.783460222449,1766.1357185263748
1298,io.reactivex.rxjava3.internal.util.ExceptionHelperBenchmark.wrapOrThrow_checked,1272200.7226100105,1270649.6544037422,1271332.637235147,1278054.525421995,1278068.7388989015,1272391.7089696506,1274789.4027807168,1274572.2238420974,1279817.3773639756,1277712.7424789486,1277240.085628875,1274731.5902007262,1278423.686173666,1276754.0939986287,1275697.617698526,1277131.952910863,1276008.6510142917,1276775.5208054136,1277208.3974366952,1281077.2024439606,1277139.0140556728,1272000.6006651726,1265924.745304161,1278747.231984193,1275617.8113976037,1279937.7108580333,1276780.1296131995,1274080.0400093142,1276546.260648884,1277874.7209389512
1299,io.reactivex.rxjava3.internal.operators.maybe.MaybeIgnoreElementBenchmark.ignoreElementFromEmpty,23098071.660188902,24834480.11965832,23179571.673788376,21884537.04336773,24152718.13426723,22731460.029598586,20802755.561923407,22620164.524478946,22168770.655739322,22385339.008624036,23253172.790381886,23470753.215673923,23550113.863532655,22288784.162467703,22418037.928477895,23358136.81920122,22563752.23549776,23584398.42843343,24635357.703125432,22137967.85886017,23367150.706988536,24477686.99823989,22790552.842132404,22581324.835759412,23913225.65769477,23803322.96356205,22304374.969501093,23231092.48044352,22001593.35398586,22647448.158827472
1300,io.reactivex.rxjava3.internal.operators.observable.ObservableFromCompletableBenchmark.subscribeAndComplete,8902180.372256659,8883022.108886426,8903925.319962673,8973798.243871495,8993262.445972608,8849082.002237055,8871774.101011861,8899728.054288564,8870309.55130064,8888320.15900583,8879639.201945025,8896373.317433134,8895585.494735222,8886913.835154744,8855897.943491124,8891371.644740818,9024603.108991519,8934897.609920349,8840594.463543339,8846568.666815927,8877690.763347115,8918588.93777566,8879140.488012204,8888163.068539282,8879443.679582518,8878681.745097399,8838951.032664211,8852580.70956003,8931813.157870054,9047846.431135602
1301,io.reactivex.rxjava3.internal.operators.maybe.MaybeFlatMapSingleBenchmark.flatMapSingle,18593283.972939625,18534180.904783405,18740122.25083528,18758714.829785228,18577518.61413282,18587158.697853524,18606982.856982194,18582134.473922145,18645720.936270382,18771192.553711884,18713638.263366636,18610130.039338972,18619638.05388638,18708587.553343885,18578383.539425217,18599643.584794283,18972725.831205666,18512493.294027917,18551595.15309096,18514960.1508522,18503713.017931577,18548385.9282815,18529934.14255729,18573929.89691422,18590649.603458352,18582257.56014071,18433038.71113012,18493576.766825344,18963428.93600622,18624927.358971525
1302,io.reactivex.rxjava3.internal.operators.maybe.MaybeTakeUntilPublisherBenchmark.takeUntilPublisher_normalPath,15903107.84489526,15542678.313422522,15427184.580792788,15459370.846676605,15412124.094210517,15411884.00451495,15394807.214524513,15439811.132341048,15417011.010248119,15419802.57805474,15412270.492785249,15398260.905229367,15587476.343654023,15937194.934786215,15447412.06375459,15373364.220020363,15385179.270803329,15455808.691959308,15358522.11079331,15304364.160500392,15353705.106569055,15302499.167186791,15365908.457181498,15384834.298362203,15405089.195674704,15682887.05963963,15562048.511963299,15436028.976317529,15457896.195238538,15428616.502371304
1303,io.reactivex.rxjava3.internal.operators.observable.ObservableOnErrorNextBenchmark.onErrorNextThroughput,9839.035046476853,9832.931819117694,9862.081997959302,9826.649435128285,9838.405534022419,9847.21613205424,9830.247876279027,9817.847954085371,9816.91661511027,9815.163571390773,9836.72167867097,9855.34852422346,9829.023250643491,10069.845884893286,10254.627817997047,9863.067654077728,9832.672638357186,9831.561276409602,9799.564167858125,9878.771495734334,9821.464288230398,9869.616102169386,9846.994050781761,9822.935095606284,9853.534858194866,9981.996892719544,9854.498026683263,9835.915255921916,9825.661833289263,9845.993749284817
1304,io.reactivex.rxjava3.internal.operators.observable.ObservableOnErrorNextBenchmark.onErrorNextThroughput,1751.02615104686,1751.6210525498702,1761.5113497055463,1759.8427809254804,1752.724631185919,1759.3578924280741,1753.1470659020856,1753.0916460821325,1749.6338523740799,1762.0564311155326,1777.0563084638407,1769.111444316866,1792.7968330916867,1788.9968361251144,1755.1348922564719,1751.351850950241,1755.2914572950567,1752.3334176249357,1753.5002050970418,1761.2696578335256,1758.6073961746263,1752.0359369695748,1807.1956316819035,1828.3057868078317,1760.2879300868092,1754.270055247092,1755.6869627702251,1759.8948955570474,1756.520080070683,1765.170808518457
1305,io.reactivex.rxjava3.internal.operators.observable.ObservableOnErrorNextBenchmark.onErrorNextThroughput,182.1580685040614,182.50996639803026,182.23816247368688,190.26714328752087,185.47080375993474,189.0822623898098,189.90830695197099,190.07083889413684,189.93179890978388,193.22467420803514,189.30917126842473,190.42651816282896,190.9752824511429,188.43300508769113,189.44417306954404,189.40242946356713,190.381120096894,190.28527329069829,190.7281551604498,188.50140548842128,192.26727824689587,188.71476763060903,189.4503507286366,189.29763346813724,197.5426047169307,189.94448017816632,187.03778970201168,188.42841127054612,189.50662443046753,190.33008093936166
1306,io.reactivex.rxjava3.internal.operators.observable.ObservableOnErrorNextBenchmark.onErrorNextThroughput,1753.9302216400622,1758.2407652639477,1769.2344274939414,1760.8683680460151,1759.7163759533894,1761.7964825557247,1802.9367973529802,1801.36019108597,1774.0952866578464,1770.512011479396,1790.3385594192225,1765.154351618381,1777.2516153400447,1771.847709689352,1769.2594463813066,1780.0683492844075,1767.5166513614854,1760.7397151301316,1767.0387362286078,1784.1971826357012,1814.4636354770348,1791.5778451376166,1818.7085937781446,1768.2605063831886,1766.3780688802158,1769.136519847393,1767.3170662699838,1772.876994248385,1768.3060866304027,1775.0458046022322
1307,io.reactivex.rxjava3.internal.operators.observable.ObservableOnErrorNextBenchmark.onErrorNextThroughput,958.8456459867547,958.6358247951543,958.3690328296417,964.1728419039677,969.0495087583838,1010.5169769270967,994.754242980009,966.4871017253951,964.2287038175293,964.8145279144119,967.351718604908,963.7789910206741,960.6834960974262,957.7154320982298,960.2000563728358,968.008232972957,964.2542091529812,967.1433121912075,999.7839686796157,979.6209689731688,967.5454065311046,969.2817215345107,967.3554945649686,969.8676925891124,967.3419491942475,964.9491288468763,964.5494068863754,963.9869181920513,963.2563006344817,962.150963352503
1308,io.reactivex.rxjava3.internal.operators.observable.ObservableOnErrorNextBenchmark.onErrorNextThroughput,165.55501972797995,170.3679425995132,171.28992156980058,174.83964354800457,181.17538422456036,172.48034861847702,179.55351952504623,172.7086563858734,170.82517478292436,169.5913755163914,168.4020103552987,170.13177315718607,171.28309887174976,169.88043458265162,170.43327306477246,169.45757460710382,172.00399812058689,171.34446895989748,173.16451498229088,172.66843464704806,171.54330933934128,170.2623616441204,171.13639475342856,169.0933441471909,170.95967471576674,171.13296884624395,169.1986058620105,171.8060110839889,171.79053785867538,179.95562474249473
1309,io.reactivex.rxjava3.internal.operators.observable.ObservableOnErrorNextBenchmark.onErrorNextThroughput,180.46175351074658,183.1123992670329,185.53170535951662,186.63120144219172,187.94638923220347,186.04461828090993,184.1361438787434,183.3513107632746,183.28362513741652,182.66641824033786,183.34165714420988,184.0703063480019,183.4032807364255,183.01086197812631,183.62745185137018,185.6574147271876,184.78322174818933,184.14159101215205,183.99060985523542,183.3078183129655,182.3875277261184,182.29479259484683,183.1520253535756,183.91311686880755,183.53534188563358,183.06627362875764,184.46000293333282,185.4964654481755,189.00671978973094,185.14385482422017
1310,io.reactivex.rxjava3.internal.operators.observable.ObservableOnErrorNextBenchmark.onErrorNextThroughput,171.28207000460122,172.08750154876265,172.90742450038536,182.17493173808248,169.4597521425843,170.3137725990129,166.64391694471172,175.5882623811893,175.7468261521183,175.9648100293959,176.34842167938424,177.6055104548202,176.46834657706506,176.19325162525584,177.65244360177658,176.81818705279935,177.5648478645432,176.54639810352782,177.60908843506343,177.3687414565189,178.01444279705726,178.5212810815985,177.1911890231874,177.8517650001665,177.29610962334,179.17375153275304,185.61084310923357,177.2622128667962,176.85385345797178,176.62137728338175
1311,io.reactivex.rxjava3.internal.operators.observable.ObservableOnErrorNextBenchmark.onErrorNextThroughput,93.67158284065312,97.77776356120137,93.57582946757562,94.89227307253304,94.76213869281284,93.29879128874983,94.84032474277592,93.84652311455888,94.44411882211033,93.64129680863029,95.0204680125858,95.63031148120317,96.70636688010636,94.6580561022396,96.23576637298977,95.45759097203629,93.62841121308554,94.9063065960023,92.61823753503201,94.3664572008125,95.52441897538333,92.95851112914688,94.7392080660842,93.29845032643709,96.78317211071129,95.50355181340319,94.91265055891353,94.08919799063501,94.68753095846202,94.67713789433529
1312,io.reactivex.rxjava3.internal.operators.flowable.FlowableThrottleFirstTimedBenchmark.throttleFirstTimed,358.2950723598855,362.1761197278535,334.8442448555957,312.968919995462,310.5564576771293,311.55511238482916,314.2534155904452,307.1559768416959,315.245483892959,316.75217404928037,315.4683320713785,315.57537692043394,320.3177050301765,329.1163118418663,331.101782779353,344.6380948473246,353.27831140727295,356.19808057525853,352.2107896606513,356.14189071613697,355.97697024440856,353.55140054803144,354.3361710264076,353.4052066679955,354.53308595286256,356.7459936418131,357.8136170337688,357.1886317354676,357.20886274102276,357.5858644342066
1313,io.reactivex.rxjava3.internal.operators.single.SingleFlatMapCompletableBenchmark.flatMapCompletableThroughput,19598071.358645357,19588854.807343494,19619800.651848182,19635285.92447815,19602870.14408041,19649548.5501161,19876521.629394017,19822632.84217659,19532462.294239905,19634360.23404363,19693806.829912156,20078273.794853013,19826408.328074947,19610158.054274388,19603030.484771725,19599740.3655976,19563912.629555598,19640159.327152614,19630376.18756127,19808297.698789798,19701077.96301204,19612975.623015095,19644771.861319814,19785983.944277033,19897664.435652494,19699784.521288753,19597812.6500801,19625722.705699544,19659919.110958885,19608844.295619853
