,benchmark,Iteration 0,Iteration 1,Iteration 2,Iteration 3,Iteration 4,Iteration 5,Iteration 6,Iteration 7,Iteration 8,Iteration 9,Iteration 10,Iteration 11,Iteration 12,Iteration 13,Iteration 14,Iteration 15,Iteration 16,Iteration 17,Iteration 18,Iteration 19,Iteration 20,Iteration 21,Iteration 22,Iteration 23,Iteration 24,Iteration 25,Iteration 26,Iteration 27,Iteration 28,Iteration 29
0,zipkin2.codec.V1SpanBytesDecoderTest._Benchmark.benchmark_619b4edb_spansRoundTrip_JSON_V1,20138.114387797414,19098.418574548352,19411.239331764307,19941.484925741282,19905.303709828455,20346.727007024805,20919.38913291793,20627.362903269368,20708.615856824745,19609.078255667515,20454.96913092071,20196.96527693014,20622.488804642886,20156.36949080278,20152.549399341686,19759.752487786434,20587.965866474526,20424.200474248235,20294.886987807815,20843.319465619446,20761.200647501082,20566.08081958385,20128.88040876408,21065.293332064823,21124.610652301068,20792.438945268867,20709.85443440196,21118.038854697606,21100.257072081913,20297.8943128031
1,zipkin2.codec.SpanBytesDecoderTest._Benchmark.benchmark_bf14d415_niceErrorOnNull_annotationTimestamp,186569.65287373043,187510.4798855934,187425.19609053154,188509.2130200535,188821.5336166018,188700.43125854788,189186.98998907243,189129.43291587013,189097.55146060794,189369.94634823842,187714.3839552531,188153.92003004224,188192.0434504785,188390.34833375408,187645.5283673308,188140.49567331458,187980.31125152193,187966.43634433334,188317.4149511606,187586.68968635227,187193.53155182613,187617.40618238496,187747.25404004278,187945.89840410338,186469.5427405235,187898.6772257104,187379.27563552943,187309.87745190444,188050.23349550663,188074.73506903468
2,zipkin2.internal.V1ThriftSpanWriterTest._Benchmark.benchmark_3e5c0118_writesAddressBinaryAnnotation_producer,34297.58665514439,35073.69124629596,34899.10187388309,34898.55108195618,35246.2064561687,35833.78772944694,35329.09879412429,34916.132826836794,34866.96925843115,34933.000573314894,35067.8826363143,34821.27032303924,35126.02798966263,34997.54908663991,35020.096097455564,35079.12330084665,35075.41620454071,35597.91809135835,35782.9562206725,34842.07563732048,34928.44722239426,35206.18677923303,35148.892156086295,35146.5721802335,34779.51425393059,35000.05709019968,35120.096711112594,34928.9882670424,34910.49109875373,34983.78998067215
3,zipkin2.SpanBytesDecoderDetectorTest._Benchmark.benchmark_83d6197a_decoderForListMessage_proto3,1452209.6918532844,1448707.7565070102,1440408.2241424138,1443788.3775509668,1445590.325540628,1444745.5997529966,1443304.5140213193,1446472.7447566777,1438935.6819210656,1446547.6631373207,1448705.402410852,1447399.5868499065,1447391.8031547149,1444146.1667473984,1440009.9651646214,1438747.6039219173,1437011.2564183478,1445703.551361335,1441732.9576953233,1436027.495706609,1448260.3456207556,1446129.3030958024,1221349.3391038293,1368048.3375631913,1436396.8051869087,1440022.3614597565,1430110.8177040739,1433720.172945068,1439291.3797111507,1432232.792476438
4,zipkin2.v1.SpanConverterTest._Benchmark.benchmark_601adb01_clientAndServer,542534.7489109336,546061.6146514963,551577.6473672139,545146.1754565692,549431.503631074,547751.9117002811,556441.1924226257,555942.5214289933,551719.3209382856,556039.9901048183,559366.7229562928,544271.0181562584,543025.6549642984,547517.5366253357,554613.0873021279,539313.2083656151,538126.0255670865,556743.944676507,554504.3604961971,547986.9066139122,547863.4849961171,549438.5117227104,555014.2700205203,543732.1583557597,556314.2845249871,550160.2220041332,529096.6599590392,549711.7909310692,547256.4707655256,552979.2332043299
5,zipkin2.v1.SpanConverterTest._Benchmark.benchmark_b9a456af_client_missingCs,2103238.4599076984,2103147.6912111067,2083853.0701614525,2091960.7380844995,2092107.5059993796,2115886.9100856055,2070314.2134661435,2092616.875595899,2096370.5410461274,2107813.6667595957,2068709.9668710441,2100938.847635544,2083534.8164283028,2106696.4919127277,2112301.2775251837,2107224.374092628,2080369.3976039994,2091772.584558282,2117049.5834004586,2087400.5250631266,2088454.5478442698,2099877.5768704847,2088391.6944099437,2107362.5553657017,2111257.340766833,2119303.0062281624,2100579.6558061773,2053376.982577639,2105337.9483350744,2113317.0391624337
6,zipkin2.storage.ForwardingStorageComponentTest._Benchmark.benchmark_7a83ea23_delegatesCheck,37129.33131219101,37170.14411792978,37204.83747719992,37774.15342018307,36840.36725789235,37208.148218569906,37236.816544788264,37714.45962942828,37027.06674279123,36472.448801488696,36943.787467951515,37296.062917084215,37385.8666129076,37450.388883986234,37036.09012290454,36525.16381263506,36914.129155020295,37275.89566205049,37495.697351729934,37381.980844317106,37825.79358262465,38008.24899797691,37979.46525320853,38057.2220511336,37525.74222619322,37538.47615050231,36995.153085047634,36752.949247941775,37479.90798255125,37712.04062303619
7,zipkin2.codec.SpanBytesDecoderTest._Benchmark.benchmark_bf81b23c_niceErrorOnUppercase_traceId_JSON_V2,201475.50131310208,202143.64605570983,202484.59612719016,203518.46329775112,203378.19456943602,203646.49147940372,204015.8700094645,201079.06072778328,199059.17534259064,198140.18179820414,197110.054023784,196663.8348939641,198331.11595599187,198968.7710666096,199237.46943061892,198979.4627727895,199676.36352757216,198848.13100466423,197871.34409386222,199846.56164658655,200832.27995632472,199489.13398733217,200275.22030906708,200308.50333436,199767.0925216051,200197.7766882302,200365.31556612742,198983.21861257023,198836.71039907355,198873.4731651415
8,zipkin2.storage.QueryRequestTest._Benchmark.benchmark_799c732e_spanName_coercesAllToNull,1475538.7688879399,1465914.204620056,1490009.933639544,1479528.066701844,1461282.1307236813,1479465.0979400994,1510179.0587571892,1537674.808706844,1542548.0067818682,1531035.0060521935,1545563.9272428057,1514817.003690613,1543979.6714884723,1571891.733106463,1539282.8960922742,1544124.430066434,1539271.3212698495,1563688.483646465,1527419.347350464,1532706.8930385,1567954.917891017,1532128.0546102698,1527929.7132712656,1556718.4745346918,1529106.2845558093,1529040.6764277883,1520436.2277977187,1498488.9567754923,1560217.4313156253,1574774.454883408
9,zipkin2.storage.InMemoryStorageTest._Benchmark.benchmark_9423c302_replayOverwrites,841862.5849230301,833478.2692428553,840141.6663430305,846794.1323244566,841552.1512433429,843645.1883927195,844978.0875352918,836934.151228708,831033.2329835781,826183.7073402121,823774.35302681,821209.6822351961,823643.642340645,821462.3342959138,826454.8781678476,823362.1217285141,818151.0719149705,820561.4983052826,821544.0028515228,821872.5705446815,821236.6533744355,823861.5489489926,819789.5434896031,825437.1525347703,823719.1188700274,820262.389548294,822166.80693697,822842.9211375782,822132.5738102903,823991.1123021534
10,zipkin2.internal.Proto3SpanWriterTest._Benchmark.benchmark_3f9d59c4_writeList_offset_startsWithSpanKeyAndLengthPrefix,717090.8071320249,714023.0129816581,720908.2320812647,712598.1942728806,714278.3468169476,723898.9244669705,716701.8996429535,724092.6136998505,721830.0453800525,689398.4524452201,695040.1329421934,701862.5751661856,692073.5387476635,694943.7054638297,701377.5252877931,714101.3170712873,718827.7928102029,723518.2562231276,727659.3873132278,721414.2683562281,718074.6281766616,713328.4790296383,725416.1638266362,725889.2792434387,730189.9096040152,728909.3481931919,720738.518872289,742716.3428983071,757648.8991917587,752350.0366707521
11,zipkin2.internal.WriteBufferTest._Benchmark.benchmark_9378ea95_writeVarint_ports,403268.97536504385,402000.2943301617,398407.2358181693,398343.536435228,398838.2612184158,398747.1600584538,399164.1510237376,403434.4052951918,400163.039119326,395238.26830334676,395337.0548908865,391667.5183119877,399144.6015140164,398953.4275210886,400074.97219646384,397149.37607715826,399275.9348123335,401486.9480967359,398270.6188418275,403978.3879642007,402291.0091232847,397441.11838230287,397771.0962917806,403411.95895984897,400510.0925847654,401277.7988101508,400912.5530875147,401601.7331101158,401121.41683838505,403968.70902550436
12,zipkin2.internal.V2SpanWriterTest._Benchmark.benchmark_e69d5e88_omitsEmptySpanName,941561.1858654377,932565.5015042755,930428.6881962867,929968.5594693382,925032.5807725745,918691.5160638093,937439.4670385601,918358.882132125,922346.2907746573,929237.3927154965,921873.1116972246,916850.5454716686,920503.5341390469,929857.6591674282,935533.2134744389,930778.7270660374,926237.1957863454,930383.6889206355,936704.0358577803,927455.5142493602,933900.3497142481,945768.7922517303,930983.7313531566,938428.5087396103,937594.9046119673,934802.0693809584,931251.4121106459,922463.4179025071,932008.1040654372,939921.7940005846
13,zipkin2.SpanBytesDecoderDetectorTest._Benchmark.benchmark_28b0804c_decoderForListMessage_thrift,860013.3053828401,858802.0670127282,861382.613149586,849154.5460363828,866172.0812426897,867165.9069764491,882098.804395445,869128.0537328257,875291.6403586839,868069.2673365792,866949.7369081463,879389.2994926805,875088.0526816836,885656.3866294196,884646.49868886,885388.1069464388,860096.3729090006,857092.5160682198,871285.2467393322,865185.5365078171,856746.4702535265,868631.1901369694,862475.7528783234,865369.2968844165,858689.6700368378,847196.8089106525,844905.4532465632,854783.2086481764,847992.9474153267,869059.696170176
14,zipkin2.codec.V1SpanBytesDecoderTest._Benchmark.benchmark_e4391a65_specialCharsInJson_JSON_V1,246032.8047666049,245644.12126210763,247937.30992087445,248924.753428118,248189.35373729627,248603.36082672147,249131.5408424801,248860.3007134801,248364.50859950736,249539.8853593606,249576.72448103467,248102.15992042876,248354.3329330462,249132.1886263321,248598.76322307787,249594.50767127876,249115.3020948216,248018.56037383925,247354.35501894943,247619.50867448398,249150.3352985044,248716.68995400475,248977.97233206083,249463.23415626894,249240.06494405237,249430.18494790047,248298.9918157387,249498.50254999482,248101.00497538422,247694.78091259336
15,zipkin2.v1.V1SpanConverterTest._Benchmark.benchmark_f0d66e34_convert_ca_incorrect_value,1643370.4746291547,1631974.677780592,1633357.5399298721,1641426.528576505,1650374.6240901686,1639672.9350783199,1650497.61312286,1634075.627082603,1622090.7007762431,1626977.8472195575,1628634.542288297,1631844.636727772,1637246.4854485602,1634034.2395245004,1635253.8619884984,1636395.260454655,1634226.681406627,1646791.08850015,1640981.7734730514,1645266.1395338185,1647194.9540859456,1630648.6145126657,1635531.5917158725,1650942.2937093454,1640657.545166133,1642810.668152367,1636919.0002870457,1643144.7611903537,1637172.0677299832,1637199.7154007598
16,zipkin2.codec.SpanBytesEncoderTest._Benchmark.benchmark_19931d80_span_noLocalServiceName_THRIFT,782141.3720369937,806958.3673246277,791124.1152701307,790844.7812164547,810105.5677333563,800317.9568425147,799067.2163999539,807299.0750651711,796423.0678501644,816133.089130604,852475.340922842,869045.8724541767,861445.8885538637,876523.1104226367,858137.414681383,881590.7342097204,879066.1903596695,881734.9082085862,897010.601270642,879200.9467415784,895982.3628772076,898143.8278228692,889516.4372601506,890537.411003982,884617.4384233949,899473.0119977586,893531.691194266,895232.231097905,898042.6672190195,902201.2580320718
17,zipkin2.codec.SpanBytesDecoderTest._Benchmark.benchmark_1b6151ba_readSpan_remoteEndpoint_noServiceName,643860.6567884458,645948.7279055953,637294.620629763,634869.3440297972,615936.6189383485,633605.5101471556,626003.7787132869,640617.8003730896,635977.2815545484,624387.9707526352,632876.6299556791,621192.1086677677,631523.8256016957,634317.8905133776,640034.8576673084,641110.6839762025,643100.6205483209,652164.2966134176,642633.7822465319,633005.9285769421,644498.8465308913,640315.956751782,627380.7891077902,629909.7899378827,638121.1165914972,641573.67387322,640083.9536618749,628952.91840825,566400.1309046712,523701.6792940136
18,zipkin2.codec.SpanBytesEncoderTest._Benchmark.benchmark_4fc9c8ad_noAnnotations_rootServerSpan_PROTO3_incomplete,1876725.1047926794,1871436.9027319276,1875143.0128040724,1861640.6045201714,1820625.0565272695,1829398.2431383303,1856564.0462393537,1861223.4093185123,1842292.6657335581,1838792.1277803334,1806203.5871676744,1775126.0370435796,1812515.3231123341,1824357.399430366,1838412.5876031464,1818575.7842704817,1845060.6488438132,1832377.6506378055,1794860.9780633545,1799944.1466849162,1816573.7292449416,1853301.3309842295,1795032.0709356125,1750570.1070368746,1676046.7124033847,1810580.5571940772,1813771.5084479982,1837979.0309264362,1819085.394497637,1854149.513279428
19,zipkin2.codec.V1SpanBytesDecoderTest._Benchmark.benchmark_346e6d77_spanRoundTrip_noAnnotations_rootServerSpan_shared_THRIFT,408518.2686338983,403612.7385497351,409110.10442721104,407047.5254386178,406234.5441569081,410005.65922825434,409485.9257007255,410704.514099866,409694.98208983394,409881.96566351806,411522.13500107534,410964.5637592907,410289.4541842031,407990.929996327,408090.42313738505,410555.4243068136,408329.1037297671,410913.6549210652,409422.09665535286,409584.75872367807,407769.52663767093,409820.3886627351,409810.08587885817,406806.432006378,409457.018695024,411464.5681861362,408163.47722877463,410838.65263641416,410232.54109079187,411702.5735556712
20,zipkin2.internal.V1ThriftSpanWriterTest._Benchmark.benchmark_76853d49_tagsAreBinaryAnnotations,55036.761563955195,55573.52001150766,55818.079523155924,56132.72674135933,55123.72002781593,55485.16615977325,55673.90821992036,55497.72965810302,55943.321305340934,54102.57615375962,54193.84841093951,55148.96042599656,52720.50837084833,46309.134252400014,46046.04148748338,46080.71869580102,46013.61665507153,46288.874692607365,45956.8247510643,46238.28123530165,45935.341893113,45968.168452759644,46298.035117528554,46268.40758112323,45854.15238599315,46211.69172599829,46091.365470580065,46162.81760663483,46079.76372603399,46411.724678177736
21,zipkin2.storage.ForwardingStorageComponentTest._Benchmark.benchmark_290580b4_declaresAllMethodsToForward,533268.2378433797,530560.8433558104,530556.0386755413,534919.4009229484,529230.1065723877,530012.7065819495,533218.1442521852,530950.2941875426,532335.4316393756,531011.099615318,531340.0296572421,530900.7669142603,530197.1503824563,530430.8819967328,531315.0075491654,536436.1332673924,534358.8081621525,532522.0361242903,535314.2386404737,537711.9889126888,542600.7478006672,538827.6527643369,538766.9727548118,537150.0132366857,533238.8005418354,532187.5338406264,536087.5295918275,536550.2257187399,537116.2433579147,535273.7039182475
22,zipkin2.internal.SpanNodeTest._Benchmark.benchmark_d2b589fc_constructsTraceTree,583697.9897759971,598897.7100200927,619123.4850709136,610902.1342580882,613711.5477926952,615029.3058830368,609945.9977811653,610327.4169667921,617711.2842106653,608638.3819983522,608606.650315801,615050.3147807365,616791.3586764685,611240.8674800214,618396.9433599361,633480.9091884186,622357.8887630791,633504.3246146766,607977.0348803266,620196.5599141634,636961.7219258482,647795.310653452,654374.7837855452,664044.3583371289,651512.8812811681,645856.5954253805,657325.039061763,647055.2887190366,664580.1249365557,627635.1114697913
23,zipkin2.internal.ReadBufferTest._Benchmark.benchmark_5853d4a9_readLong_byteBuff,4730255.850833401,4797167.284363322,4788900.596740455,4623623.961336637,4620571.820381356,4626465.389204378,4633176.799736383,4678653.186437376,4656475.179228424,4645523.644398284,4650311.160859283,4664406.134391262,4659223.418499089,4684165.6045130985,4656974.330859754,4671341.9081320325,4674266.9631531425,4671157.478552559,4668854.345438622,4660226.577552142,4677713.494647238,4669383.284791145,4652339.09217692,4657301.98550216,4695161.958833046,4708222.471038622,4734131.042651183,4695565.341420295,4710701.24168627,4713920.98201274
24,zipkin2.internal.AggregateCallTest._Benchmark.benchmark_45000b0d_newVoidCall_emptyNotAllowed,182222.8225899083,181095.17901218997,181915.0170759102,181594.87954535632,181340.69735770815,181566.4392560081,182034.6846706847,181517.5100429831,181649.9799885937,180586.88008485653,181175.36292526394,181215.12546153617,180836.41877248572,180793.66134397418,180871.13789337804,180942.9719107935,180054.50977596405,181864.1472660111,181195.19342102943,180297.02524737522,179351.741292903,177495.83177325278,178325.86910514624,178978.08707024198,179168.61102727635,179078.52861311033,179595.8361432295,181242.71284486164,180338.52499101806,180609.61238332963
25,zipkin2.SpanTest._Benchmark.benchmark_3a96928c_builder_canUnsetParent,2655240.210635792,2665399.858421325,2631242.597459081,2632927.1907109953,2641469.4804352666,2642287.410751213,2639526.793946299,2655141.4863537205,2643623.786182259,2654040.247660862,2650265.713700295,2660968.5722249043,2656353.41526445,2639861.890142333,2639395.4294616124,2647302.524663874,2631656.3430847228,2651639.228776144,2645834.0959651507,2629797.787304071,2656208.7773165726,2658718.0287097464,2655730.342238439,2647227.571892772,2662017.4806070556,2645984.910417251,2647799.645323853,2660002.3197689415,2667206.207271467,2634719.653101065
26,zipkin2.internal.WriteBufferTest._Benchmark.benchmark_f9cd6f36_unsignedVarintSize_64_largest,6544465.865727434,6627361.086392886,6553580.185325954,6588913.43067983,6616311.735255646,6672620.513014304,6625965.688752994,6651656.7280035075,6630078.06245549,6629386.001941086,6697327.826891577,6677722.991377974,6609090.906854606,6625542.053930187,6595834.721474685,6568480.171785117,6652334.292988721,6680211.38462593,6619929.997651063,6612027.085892572,6594170.771108046,6681518.434183196,6610793.287714718,6648139.066426878,6601363.92013886,6672091.725431931,6665807.022128724,6628837.820863162,6602522.532037746,6584950.858876109
27,zipkin2.internal.Proto3CodecInteropTest._Benchmark.benchmark_166ddf79_endpoint_sizeInBytes_matchesWireEncodingWithTag,4888974.376146651,4911587.628899462,4930429.175033906,4935723.047778893,4963909.92188811,4969795.190493777,4955032.807508306,4950360.370653256,4947245.001970195,4934209.002431823,4961125.419478578,4933600.822482927,4950889.823549301,4876578.919858334,4949884.681811414,4970486.339588561,4949379.239061802,4947833.617558687,4944065.906887633,4954680.361142103,4955924.457124162,4945801.040725438,4941929.201275517,4952221.197320809,4966541.316650298,4956368.778984565,4945231.260964578,4959971.793095684,4944087.071133632,4961328.095715543
28,zipkin2.AnnotationTest._Benchmark.benchmark_7aff046e_messageWhenMissingValue,587137.5402276737,587637.8630940594,590132.6401895707,589643.9234785304,587974.3417367276,587738.1479984383,590915.0201459966,590116.2694338536,589419.3620704565,587426.7202908143,581532.7916457034,580732.72513281,582094.116473228,578882.7671589834,570943.1681220401,574356.5133681451,578355.6256648959,576692.6018905321,579480.1080981039,568105.5873498921,570968.2723733631,568404.542414633,573210.5962003072,561779.5901351816,535674.783760913,549769.902890527,576700.9740755367,577332.5078594841,580942.454005218,570970.9094842911
29,zipkin2.internal.TraceTest._Benchmark.benchmark_e1fba1e5_backfillsMissingParentIdOnSharedSpan,2742.9969545886306,2753.69358274658,2725.8773256164263,2724.008479981346,2739.617324772841,2737.2341109468207,2755.2493516009017,2760.518446880571,2768.15921316139,2735.2810040352792,2752.046834083109,2756.0972431041187,2758.4956918176217,2753.6826050355785,2748.3199859342003,2748.449441601656,2738.8724609852616,2720.4448388217415,2718.048710131941,2665.8143686822514,2707.727432033509,2739.6919462978663,2767.300528816435,2738.7822339470144,2742.4695899264907,2749.2081373325796,2746.2486648127883,2692.038395808902,2747.201720871151,2717.540613347017
30,zipkin2.codec.SpanBytesEncoderTest._Benchmark.benchmark_4770985c_span_minimum_PROTO3,4403909.2307798425,4405727.8651053235,4425247.229497666,4372078.822528685,4386132.046273669,4386558.984152539,4393815.7825983865,4409862.191787757,4383339.383712414,4426200.689044022,4401470.853349118,4398576.763381098,4408413.0518993605,4378342.11093383,4425672.680941675,4402738.428977957,4392946.166476049,4399468.175245538,4384973.141468034,4381420.733459212,4397193.857977086,4400498.2396758115,4402720.630249439,4357988.8466834705,4398551.774865714,4383377.749191271,4268594.051043529,4240001.476901299,4254058.0592712145,4278050.962816178
31,zipkin2.codec.SpanBytesEncoderTest._Benchmark.benchmark_3c4e7f3f_specialCharsInJson_PROTO3,1554079.2497151198,1580036.0577800216,1561506.5114928521,1575663.1622576248,1573695.08392749,1481600.1532040264,1516423.3983051595,1498009.337246876,1495178.1254196765,1551146.8357208967,1557626.8552901763,1565289.893505219,1571380.7713149812,1555459.9257785452,1557950.267017163,1566844.410110007,1562725.271723648,1551622.5845959582,1552569.7538948976,1581872.6067117986,1575211.6725837775,1576885.5472428456,1574209.383182492,1567371.2266794273,1565373.855517676,1565943.0302530443,1497033.7783090535,1478472.8994132667,1506563.6619692673,1487651.7858204043
32,zipkin2.codec.EncodingTest._Benchmark.benchmark_378b232f_multiItemList_proto3,6044224.055726291,6053888.124488419,6075232.23697182,6057664.039190206,6079724.367831795,6118757.295748646,6068193.434412864,6069874.710765679,6123431.181719205,6087223.368830492,6086757.517525784,6078424.183042945,6096296.962292426,6081796.245102877,6127130.743122576,6168533.523157911,6174573.123430881,6148987.053407506,6128633.032895772,6119729.543833949,6123063.179551337,6102193.182899807,6157815.583717564,6098121.020295552,6162775.059219333,6135239.782216403,6139138.78111684,6122276.7457747655,6109030.2623439375,6159240.269272175
33,zipkin2.SpanTest._Benchmark.benchmark_7542271e_builder_merge_flags,24837.091077612982,24882.282096396953,24969.424504222057,24949.00600665169,24674.463274427268,24793.06447983525,25026.47878156557,25191.059350135827,25446.549850533145,25217.47243499288,25229.55588809616,25130.946223681764,25171.427163373697,24921.47465622219,24935.387777567852,25330.32770108819,25375.557044324232,25257.867487737585,25555.66789197085,25505.02545193956,25377.49113047186,25339.823015900558,25708.437228726416,25672.00833818032,24980.21901030544,25118.67800397665,25189.140420583146,25495.086345047228,25081.77177071816,25071.41087198733
34,zipkin2.v1.SpanConverterTest._Benchmark.benchmark_8d95d3c0_onlyAddressAnnotations,1491127.6009282202,1487030.7252260821,1496509.662083931,1493829.8111292436,1490425.0086998462,1499616.4777140298,1493621.2275956178,1494581.380654595,1493667.7854954212,1281110.6085857125,1387508.9350411687,1369886.5292706022,1487486.383182364,1492810.3031830261,1496795.630120717,1494585.820779519,1488889.5913374824,1491029.3563814303,1499465.5018976254,1486093.7350897817,1507304.455812046,1505414.5574919959,1493832.7955095216,1472630.298718799,1467241.9990045356,1472576.001934315,1472456.2567360646,1476751.887043124,1461843.01514414,1458456.367629339
35,zipkin2.storage.QueryRequestTest._Benchmark.benchmark_b09bd470_test_matchesTimestamp,1261097.9976098265,1305043.9757269516,1328661.0230843776,1327875.787485908,1326465.8548922364,1325291.252512546,1328985.44961409,1331487.7955153522,1326248.7057168775,1330318.5793323175,1323233.298782201,1331499.5791729789,1325328.388034626,1338290.144386094,1336170.6923815832,1322799.7435797944,1333258.9572296601,1334063.1706446526,1331341.8027640563,1331990.6552986188,1332212.3222332594,1334980.0475452305,1330262.4136336583,1332858.8695734593,1333998.322377095,1327040.7262395015,1326345.8541975946,1324821.3657830623,1345672.7914868516,1341451.3882765519
36,zipkin2.codec.SpanBytesDecoderTest._Benchmark.benchmark_58f6a785_emptyListOk_JSON_V2,690941.5272014925,693732.5537970689,699115.7678723979,703462.7858720944,701920.2551622214,699474.8796734118,703997.4407089065,715646.1816551174,621406.8909565408,614649.3084112569,628098.6138040146,633843.795013301,633207.2648714016,645469.3581827191,664727.3864067447,658997.0953351111,657187.0764161423,667631.477671918,665404.1781710278,662778.5808597938,678202.9517876199,695625.7109892112,701788.7332720713,683555.315243325,698060.0781213067,702736.5877270496,704482.0720203992,704568.173694608,707082.1665623304,709395.9483560422
37,zipkin2.codec.SpanBytesEncoderTest._Benchmark.benchmark_b372e059_span_64bitTraceId_PROTO3,1087311.1673342066,1146730.9856655032,1124544.0336894034,1115497.9172521676,1092597.1114626797,1140680.1251930452,1135567.9404754057,1112578.1401710794,1122775.2936705586,1135015.2616941768,1111677.7968538245,1082743.5319889677,1082439.5560193832,1121843.071608854,1087781.5813715484,1107730.3557903818,1105889.6784499665,1099705.2889340343,1108611.755198696,1095504.6055668043,1118538.0844159068,1109762.6105723358,1140402.0009574075,1131114.4966729633,1117181.2776128773,1139087.794451704,1173216.9045636225,1076393.5958668105,1070543.8295356315,1091515.7780808385
38,zipkin2.internal.V1ThriftSpanWriterTest._Benchmark.benchmark_34ad3179_writesAddressBinaryAnnotation_server,35801.67113709421,36191.50848312329,35983.88767382577,35817.1751662731,35764.4789141777,35812.29453360998,35859.79022603666,35877.773353630124,35917.388626259926,35907.22959404487,35847.83267588425,35882.98683671487,36267.7935518475,36683.43340689825,36111.57388002044,36212.93785425389,36896.690008928614,36105.07404703511,36131.236217572805,36013.35213704626,36221.1280573572,36145.118782004094,36055.23322146168,35786.09084131724,35732.58556133314,35775.11484431315,35743.61103901864,35726.89304647311,36161.70257471202,36587.06388575329
39,zipkin2.codec.V1SpanBytesDecoderTest._Benchmark.benchmark_3e5ffc48_niceErrorOnMalformed_inputSpans_THRIFT,339423.8616428649,340520.6146109759,338905.7231467177,341091.2327572909,337600.55898849864,345176.139402674,334888.8427187281,339785.7211421497,343681.093415689,342982.95711603266,340830.14211256726,337308.14034582133,342897.0681849202,343873.68569266173,340937.24587786995,338338.1816429469,342863.5346434015,341473.6260202139,345774.40305186965,340082.4997450076,338641.4704142071,337162.42678091157,341059.7740812481,345976.6919152895,339727.09465688234,344774.6416311178,342711.24325939215,343508.84585371194,340907.9755037036,345227.8980090873
40,zipkin2.internal.V1ThriftSpanWriterTest._Benchmark.benchmark_b3100de2_writesTimestampAndDuration,85724.77012028247,84687.78652194042,82482.28526054522,82979.54497676853,83301.76161437447,83277.75691500743,84914.11264752284,85996.56191147325,85195.61486356628,87246.50928847716,87345.40369264001,86094.50424341613,86060.26967694356,86244.62704597967,86276.21233284808,86049.45135927745,85282.24841424735,86557.51329234743,85652.29554766705,86744.39375406086,86578.84259966416,86518.61239948728,88518.31693844237,87458.6739416743,86568.1087287206,87028.51528890946,87015.46076979832,86793.88615186558,85963.0095894043,87408.57227729587
41,zipkin2.storage.InMemoryStorageTest._Benchmark.benchmark_dfd17c5d_toStringContainsOnlySummaryInformation,2740833.517788034,2764723.1434468958,2782918.5916539095,2779492.9941685,2792680.018964594,2806752.5944719487,2811813.3574903705,2838916.8687463966,2863953.8825298143,2790659.27049864,2773806.615619554,2787678.365011868,2839797.9241275946,2831217.7025810448,2825635.708961885,2826171.957357772,2829518.359475206,2816640.259488232,2795559.6720627076,2821400.565370254,2805382.6323474753,2817165.675382858,2845604.4909342704,2827277.6077028885,2851474.088515325,2843627.6248108963,2876381.975660932,2840265.433588956,2820843.0280798613,2834497.771495863
42,zipkin2.SpanTest._Benchmark.benchmark_16526cfb_annotationsSortByTimestamp,1779883.6139009688,1791803.3017634437,1782199.7332111187,1790713.33213004,1793455.4325317314,1791028.2460076923,1790127.0356101238,1798508.180314239,1796461.2273354852,1801026.9188934246,1792703.6752252046,1801905.6179280207,1803046.9536675639,1806117.3089226186,1803209.9430788003,1804609.454779993,1780010.104391614,1809354.1097702712,1808003.9035497482,1771047.9793602568,1801668.9576821185,1798601.4687400681,1798888.3782508902,1803689.1819371772,1807493.4326855307,1768419.4516314778,1804325.7739287114,1799725.297349587,1803654.39540866,1805171.691633908
43,zipkin2.internal.SpanNodeTest._Benchmark.benchmark_8bbf44f7_build_outOfOrder,559709.6766164342,552304.6805775034,558627.213538672,553839.9419119995,548891.8082816798,553914.7931757458,550450.8626012785,558770.7999552678,562297.2608879083,553887.7129953728,548293.8530507237,556213.7244636563,556645.0597748195,553942.9696880955,552610.6192490375,556221.130198158,549265.9731496602,554783.1834452618,551961.5200369954,554364.239028915,555268.7018513677,557124.4738823435,557814.5983696044,555695.4646217091,563078.2515341301,562769.2039232055,552860.7210687512,565836.7582221279,567003.8035706003,556852.3905723445
44,zipkin2.codec.SpanBytesDecoderTest._Benchmark.benchmark_b5c09652_readsTraceIdHighFromTraceIdField,256610.92870135722,258497.7771964987,260283.0774430205,259605.75335955297,258467.9161821889,257775.282129639,258307.52353757052,257454.61638668185,257838.26815240685,257698.03868783626,256991.45000761095,256555.64888491028,258949.89571057213,257734.6277172866,257325.32187251587,258212.23092308716,257036.03523481553,256660.6916866946,258272.95134141456,257856.74458464337,257330.57194652018,257725.5580067505,258481.2550007841,257415.2721018709,258413.46303458055,259285.94554138771,257401.945893113,254952.51036254686,254582.72478098748,257534.91871471322
45,zipkin2.internal.Proto3ZipkinFieldsTest._Benchmark.benchmark_e73946ac_span_read_debug,1683645.0604015454,1697659.6543122951,1700280.44469247,1714153.0025323802,1731049.3286428137,1729148.6249765996,1740003.8062867634,1734781.3522822743,1730010.7717814085,1693394.5937364968,1704115.1531794486,1705821.0024396235,1707246.9261722728,1721044.772245472,1630675.8620402762,1658880.9783421033,1720346.0021049283,1754033.7674841871,1737454.4189536506,1752653.045123228,1724232.1927060387,1725782.1317136395,1727279.9755145328,1698600.9236773562,1719941.7368442933,1715696.5941302304,1727531.712116588,1699392.587502035,1729411.3222896922,1726242.6116933515
46,zipkin2.internal.Proto3CodecInteropTest._Benchmark.benchmark_bd027785_decodeListIsCompatible,203872.7898388804,204577.1788272042,204326.27243482193,204598.34242156637,204359.77840484897,203430.3690597319,203869.88768223303,204552.15622560238,204485.18554844905,203782.1712996802,204588.35316636067,204123.80137502658,204374.34680119314,203712.25511069363,204386.71353765434,204473.24477021964,203883.54096061247,203934.32129046763,204538.18175819924,203839.78041668335,204467.61161348672,204569.16329856258,203833.12839355928,204572.13639720067,204795.65450973084,204435.5642902793,204581.25985220922,204490.02754729602,203694.41386173954,203199.77260296437
47,zipkin2.codec.SpanBytesEncoderTest._Benchmark.benchmark_f70e87d5_span_noRemoteServiceName_THRIFT,806351.2570519736,797699.8748985927,805502.4471084465,806912.5040182451,803883.0144394243,804416.3026694738,806945.0682780256,814347.7937916357,795012.6106891664,793615.8864670242,796844.0518564334,807366.009339343,766838.4001276752,766929.1383934887,768169.5611243718,799825.5416972648,805159.9332235479,803225.4416015701,764700.9317127984,775326.3009182183,794551.5927406357,774846.026753552,758160.4131295006,750346.5994955043,741662.3430296155,744999.4627275992,781857.969529481,773468.9272312549,764057.3018724935,745232.0683274076
48,zipkin2.v1.SpanConverterTest._Benchmark.benchmark_574143fe_parsesSharedFlagFromRPCSpan,1411711.4008764059,1413537.6015502843,1412953.6281439976,1417195.3829133157,1450348.7683112433,1431072.307194362,1459550.6723016233,1453839.1543657184,1439708.7836370964,1416586.0386464896,1415659.4445129917,1397232.4575137794,1381010.7302805444,1376088.4406489094,1388953.8490291878,1421984.7974296312,1372546.2538196875,1412913.2900691798,1413717.9551083832,1370922.769281753,1398712.104324198,1403648.13563906,1418304.8451433927,1410864.6208627298,1408734.302466178,1393853.3059408497,1393219.7968497667,1435052.5285984878,1430667.3431213056,1462151.843589546
49,zipkin2.internal.Proto3ZipkinFieldsTest._Benchmark.benchmark_e596fbb6_span_read_endpoints,937930.0270881568,943535.4445481638,946224.0664853053,937230.4655544739,935910.3361164654,947958.0283337801,953489.3938183432,945010.8163192803,935315.3232845097,940331.8189285728,950940.3267695672,943713.0437636222,949484.5284292406,947854.5456218104,939322.2765015403,940330.9445376958,951092.4274423587,949564.1543889536,939898.8807203369,937487.719043774,943321.319496806,934802.1391386917,936603.5650736422,938342.0200353988,939513.6157721531,945993.2650753529,943060.6886553209,941082.4472168679,936944.7299436618,938624.1735815358
50,zipkin2.codec.SpanBytesDecoderTest._Benchmark.benchmark_366286cf_spanRoundTrip_noAnnotations_rootServerSpan_shared_JSON_V2,306142.8007119537,306296.87257064885,305698.0936706477,305604.6712348373,306849.4649373203,303122.73405200255,309868.22357374884,309845.96836230234,310001.7968450638,308596.9446435593,315372.57985770784,303499.0506647492,300960.81286329165,300038.6290210353,314311.083380329,312790.2535417345,312316.86480890657,309797.92142208933,313489.4539012813,313107.84236376797,312483.9298414524,312411.5805256238,312385.9745074547,314278.6850940525,311696.5392990043,307602.5679824579,313885.8835483372,319732.8202403646,316035.3422166508,314612.7950275459
51,zipkin2.codec.SpanBytesDecoderTest._Benchmark.benchmark_a5a18baf_spanRoundTrip_noAnnotations_rootServerSpan_shared_PROTO3,640558.5056313786,646895.9477198371,648948.5662133201,648709.0956289606,665091.8730120256,667821.5504506048,664327.2610642638,668810.7669316237,664255.7458078015,669668.238691412,668387.4598287055,666083.9887856055,667766.8820519028,662387.7145925739,663138.122078436,666434.1233612553,659468.001822383,668166.3410093015,669271.0641745705,665508.7967112606,668131.4249697305,667167.0861464263,670463.5016173193,670047.3338213745,661285.9381785305,669995.3315697574,668325.7138530895,675355.8123919106,671068.9202213377,670041.0361537349
52,zipkin2.internal.HexCodecTest._Benchmark.benchmark_59a0c897_lowerHexToUnsignedLongTest,227770.44256195144,217928.53590961712,217012.10661864595,217833.29000874344,217547.41875109248,216928.51828597626,216524.16915314793,217488.06411850365,216298.1071725763,218412.68461208342,220011.25787682176,219880.16823314226,218894.5130726375,217960.3321595225,218496.39138005406,220650.67749774613,218083.10831550776,219759.43089277842,219156.65486483285,219357.22709762168,218267.769912025,218707.39145836481,218632.80038825324,220926.51526943833,238452.1529830863,239157.55320968328,231142.8308487441,239083.5476386288,240433.7073096351,240101.95768631223
53,zipkin2.internal.AggregateCallTest._Benchmark.benchmark_6491563e_enqueue,6935.199242086371,8366.00964850983,8434.263258681089,8388.486523962894,8433.08256494776,8396.400455322573,8474.454109564078,8466.67245962502,8520.439252851891,8544.20538035542,8565.44061676964,8491.365576112346,8555.344155872355,8518.32936896544,8553.82363540454,8550.521624571707,8528.18859402441,8573.87803946751,8559.530987613312,8534.97855937095,8548.884250920875,8559.145266635383,8538.688363541787,8598.775938448834,8579.160237479315,8538.179523638675,8558.87642493844,8594.655723875669,8572.796319387184,8607.36314635782
54,zipkin2.SpanBytesDecoderDetectorTest._Benchmark.benchmark_d4719e44_decoderForListMessage_thrift_incorrectFirstByte,805647.4396401135,806368.2518337773,804374.7608087854,802053.386102352,804687.8570112217,800637.5085323806,807003.1656118303,809133.2886360718,804224.8261015781,805675.5795920303,800148.1651864555,806242.4112262429,809093.8350038228,801088.1366778715,808974.2203645909,805966.7437389651,807090.6100459158,808190.518008485,807473.0284538291,805505.290269836,808395.9791078084,801307.6230711557,801766.7509010612,801719.2774497137,807819.1244983369,805612.2496804119,803038.4945026968,804270.9461832173,805377.0173205909,805294.4234246892
55,zipkin2.internal.V1JsonSpanWriterTest._Benchmark.benchmark_7958a351_writesCoreAnnotations_consumer,526562.4495308036,534929.7691838383,514834.81601609226,504392.2873813694,509001.37863943813,512654.8548272456,510885.7763519842,505507.98445240717,497826.33210889495,501702.22662950517,513741.3407097212,519600.50124062557,510583.7804150439,512299.68891718285,505673.2819273127,511705.92013245507,506109.6592966284,514813.75718224066,516021.2163608206,513052.050381276,504954.02224380226,501081.64480911463,511280.404925089,506283.5338929064,510689.5056803977,515296.15754509065,507578.145116353,509314.81379386934,512073.51564768853,513206.3287369694
56,zipkin2.codec.SpanBytesDecoderTest._Benchmark.benchmark_f0be019d_spansRoundTrip_PROTO3,82688.92281442639,82567.89156658619,78633.60734772576,78471.75957051774,82029.82743963605,82980.97456104176,83120.74697274016,82256.82299852814,82385.52727184452,82772.29947095746,82581.91660311344,83025.8676932164,83019.14816058279,82773.11224772177,83389.10622691197,82731.68978375955,82108.06579202757,82511.31715270631,82051.99330177835,82330.13182875987,82152.09094169176,82056.61707584011,82716.4339694715,83336.72007606705,83451.590250662,83419.2713483787,83708.8759010425,84429.54466940073,83208.11709321584,82599.9485625684
57,zipkin2.SpanBytesDecoderDetectorTest._Benchmark.benchmark_09ff0cdf_decoderForListMessage_json_v2_partial_tag,1885792.522978215,1884569.0888466972,1895391.9822807333,1891364.0633778137,1888505.0054313308,1877314.6813728407,1872490.130986493,1870046.2041790292,1878474.578037478,1868052.8657546032,1875529.2665545242,1869985.568886788,1875107.0105409392,1875491.911164494,1882062.9024101372,1876243.1216521834,1869998.9795089487,1863090.5661577499,1876297.8164128156,1850249.828025343,1857655.9269034935,1873015.651792819,1872088.8044627663,1874599.8540902727,1872078.6285883605,1866153.846795347,1881957.1538061546,1868451.8443906144,1867517.0897898115,1874960.5845955694
58,zipkin2.SpanTest._Benchmark.benchmark_d4f22eae_traceIdFromLong,3615302.3393212897,3621229.1527174218,3615821.296147256,3613411.153261977,3620625.6724769,3617243.4783697007,3631848.8932021353,3627596.6909354525,3628426.5160561306,3633010.9763811184,3624175.312911999,3627995.4755836446,3631094.9853332615,3619075.676247095,3628084.324584334,3635447.9099835297,3623400.722160374,3614801.2131829825,3634791.7701937607,3630357.1072195936,3633688.973281008,3614229.486585476,3623633.9626323585,3626354.944497258,3634046.494280561,3608273.4947960167,3622334.920068524,3620034.6016687755,3630864.024181494,3632179.6972660758
59,zipkin2.storage.ForwardingStorageComponentTest._Benchmark.benchmark_03b59977_delegatesAutocompleteTags,32176.602229648874,32409.363303839054,32303.274165274444,32648.395919011706,32485.891425049536,32159.577421092778,32311.01836524366,32321.985882655077,32400.76820268543,32411.135945492617,32316.32827987579,32598.126670722737,32530.814788814336,32535.66476900453,32402.51465591355,32533.81245898407,32571.14246852895,32598.782793527324,32656.392415673447,32952.892321477506,33076.42943282811,32881.12722251791,33012.51369554354,33152.53756212004,33308.21815964254,32595.24795957567,32874.48632402822,33060.54639614182,33053.393640751245,32755.26804686855
60,zipkin2.codec.SpanBytesDecoderTest._Benchmark.benchmark_783dd4b3_localSpanRoundTrip_JSON_V2,424574.50316095265,431038.921037503,438858.50753874803,435498.4123966154,442379.65186155937,435027.32246070745,438581.93891581846,437186.34672440344,436136.5090503808,436440.43635092076,431010.6884407998,431996.9551167197,440675.0280081666,439273.2393707389,441256.1777764808,433827.7736207287,438179.32834586233,440951.60440944845,440123.4397572762,437511.1973539051,431246.48925726285,436742.3939335258,437763.96674408216,432175.2986361783,434990.82068405824,437064.07777913613,437469.3011959474,440821.23501120746,440371.43848720513,441952.8797925615
61,zipkin2.internal.WriteBufferTest._Benchmark.benchmark_9c082e42_utf8_matchesJRE,939685.5068146051,943657.1615114929,944493.6562309376,940825.2884135566,936792.7366481789,941840.1688332554,944065.9361023245,944873.618061539,953615.4438181829,968668.8055718488,961052.2582592216,969157.7958121038,965966.1304787614,971129.0361193134,971483.6027973449,973434.4775709861,968688.3782761171,972072.3475751879,966436.3902798629,968134.3080406861,971669.5770524521,965663.9493196162,970219.6449266626,968797.9790900034,965349.8914377355,974923.1722190173,968430.7344357996,966325.8340220914,967544.1494235799,962459.0965408327
62,zipkin2.internal.V1ThriftSpanWriterTest._Benchmark.benchmark_dbe88c97_writeList_empty,1891180.9029226622,1915674.138489629,1903446.5091431458,1926332.2834656676,1919946.580700119,1925748.5003114156,1921328.7445300405,1918325.9647844688,1919554.959278646,1922601.6916626093,1925650.0733804423,1919602.3849462913,1921889.6698112264,1928518.6918127812,1923775.558414896,1926659.7152443384,1925650.3121839645,1915004.6405780548,1916652.903470728,1939917.9685733553,1962670.8397873184,1925726.0742080642,1912555.3452672164,1916336.121524189,1898907.6343137093,1890951.2443980386,1894549.7331229579,1886347.1110774677,1892958.8032893664,1893327.425013146
63,zipkin2.internal.Proto3ZipkinFieldsTest._Benchmark.benchmark_125c4093_span_write_debug,840390.5298277814,851779.8283178107,855140.6975594485,827612.6727693415,825897.6085371866,828589.4715883492,826693.9835681507,840163.5100576117,851949.7116663205,865850.175434877,866675.406495409,834238.9369035815,829281.8056217422,814861.2223956881,825334.6737196709,830024.0650190014,828207.5723815145,835905.6892787606,851673.4133110567,841267.5243626868,828668.1555629643,820913.2787071179,803419.2138617439,819497.3606326807,823666.9425335663,836919.6656126359,821836.8138786505,840538.5008196818,845155.9061801085,852166.4698059126
64,zipkin2.codec.V1SpanBytesDecoderTest._Benchmark.benchmark_f46c7915_emptyListOk_THRIFT,5881203.578822726,5786563.005678829,5840365.577451835,5887407.796153605,5858531.288958871,5827574.346303481,5821114.998011544,5721186.853750973,5766151.204569697,5790072.338830644,5869683.200981754,5824397.968841408,5856511.739565164,5887529.683728944,5867911.9770735605,5890121.781765774,5951297.529974313,5950070.206870012,5880760.1442619255,5915779.860361954,5907465.18594014,5937329.825491573,5953613.81828025,5978865.737758065,5982326.051499911,5676111.470712759,5666871.369531761,5654780.707100292,5713806.553666633,5645608.545259557
65,zipkin2.codec.EncodingTest._Benchmark.benchmark_427dd01a_emptyList_json,7250075.586908397,7280696.381896521,7305009.909384739,7310714.29027548,7312517.268726214,7306833.790819917,7311603.359496627,7326859.958191286,7336549.452861292,7353947.438420423,7325967.374274674,7335579.225384794,7339133.219231966,7355618.870940498,7356355.059727183,7370129.439823269,7335928.186372438,7343834.082770319,7357142.747430558,7201532.7925652545,7309434.491119343,7348061.943041419,7363652.883673365,7353215.905364993,7340557.637165539,7354077.178105126,7376068.818122621,7331212.219359823,7341894.468654558,7350767.480284266
66,zipkin2.v1.SpanConverterTest._Benchmark.benchmark_f932c198_clientAndServer_loopback,848070.3858112439,844252.7817164916,846428.4685129529,848145.8276274973,849922.9902293715,848115.1319483962,852531.8460453808,851992.3989241996,852435.4387242559,841615.7375784471,851996.5119162545,857036.1168646772,844789.5629835557,852759.6193488128,848611.4669594188,848904.06064497,849982.5591182534,846691.2949875278,847938.1472086649,842857.0652603591,842534.4397025841,826012.8490887636,821479.1050757207,828661.1574513898,821357.4161840233,824470.6404303228,838467.8151964957,850330.837903914,844303.50277455,840522.7070700314
67,zipkin2.internal.SpanNodeTest._Benchmark.benchmark_cf4e2a68_build_noChildLeftBehind,478995.1524974955,473811.2249290772,476851.9143376452,475168.12609312613,477035.8470347609,480180.1771028041,477082.1838786678,479903.1970465726,479672.24802992324,477332.1635459414,480188.38936930976,477440.4891422586,480166.1327720261,480587.9100165647,480696.19417854346,483255.38625824376,480194.2376511486,478946.0516474619,480070.155598194,479016.6018493788,476765.303019646,481189.4036108643,481409.00258313515,481800.246425782,478914.9376462961,480964.6426160286,480392.4414545293,481389.2142145555,481928.13732562546,482458.3717489325
68,zipkin2.internal.Proto3SpanWriterTest._Benchmark.benchmark_401baf90_writeList_empty,6128103.517333461,6150708.354157533,6132059.741905132,6145026.181715943,6171330.392554198,6163564.037022547,6175573.779296607,6154823.112838263,6161272.839395178,6130923.879533583,6166617.378591977,6174650.009407247,6152164.025949011,6162316.861731823,6153618.17577781,6157914.710611418,6172130.470444152,6155487.555926204,6183117.880038248,6163178.16551506,6242405.761791133,6238191.531333104,6228605.893524935,6233210.314573407,6213889.806379438,6213757.067745209,6217185.309636194,6194995.654547329,6201057.222172722,6218499.000289894
69,zipkin2.v1.SpanConverterTest._Benchmark.benchmark_2bc637ac_consumer,8826.800164226877,8896.914932254862,8954.475607999444,9128.650885814237,8916.040892565146,9201.03388224133,9083.833690257174,8960.55673208772,9207.396814227302,8863.316602836654,8986.25041192189,8808.385780872044,9024.346574137606,8910.283879324843,8958.760815245274,8992.294842223062,8819.75915883665,9058.047727442414,9029.902124890868,8937.513995863934,8850.139402347217,8766.854592913727,8887.502233686067,8862.135631601172,8768.280562579841,8935.157450393057,8968.04550401287,8732.340602047734,8492.355022620743,8663.636629494526
70,zipkin2.internal.Proto3FieldsTest._Benchmark.benchmark_d548a48d_field_read_FIXED64,2045358.0804619119,2033923.8011915325,2067135.824194941,2068224.7152257983,2048388.4744841254,2043489.6927618785,2049650.982861356,2046199.6119975846,2041598.2147196853,2023245.4994502007,2052697.8442516397,2044546.548422672,2101208.8281909046,2142818.49008505,2118274.602677597,2080124.1304069853,2063624.5862075698,2037361.5050175067,2040084.1230176212,2034906.8842335732,2056450.4201572642,1949663.6570154764,1953829.958349219,2010714.1198312705,2017616.8702516446,2021757.218870728,2035136.2086555397,2032070.3252342406,2040913.647340996,2060491.5089788088
71,zipkin2.v1.V1SpanConverterTest._Benchmark.benchmark_57e02836_convert_ca,1784479.3468493712,1683728.7842678968,1754169.166326571,1781376.8979635357,1746008.5149464812,1760115.1638666566,1761863.5859193793,1797268.109994177,1829894.884344458,1755504.8935624233,1772336.9419324738,1762755.241264954,1758074.8909053055,1750493.9660292421,1810579.5830160452,1818924.7838223395,1756045.0692977612,1755604.596691633,1741757.726561578,1740124.5894004223,1725885.5475710637,1754299.651682891,1773826.3595555646,1782511.592794525,1777745.4287305376,1749746.3427178871,1773109.5833497462,1706900.5637725266,1767320.177840893,1770169.0290036679
72,zipkin2.codec.V1SpanBytesDecoderTest._Benchmark.benchmark_d3bfd5aa_spansRoundTrip_THRIFT,45002.95782150277,46419.262851926294,45365.00318788941,45583.35681115367,45458.013666634826,44717.919856522036,46669.29203140952,44511.731504115625,45717.54460211451,46003.26336593504,46943.03413910309,47103.44738235531,45630.582725659675,46466.51037084084,46668.13262134129,46456.68318531511,46754.33545214923,46580.278128027865,46474.56207704933,46460.887817429546,46839.28757281708,46589.49376787802,46316.41026423649,45806.74112520939,45981.35225824182,46682.72561760791,47022.04819092481,46075.252647893736,45597.5351335863,46565.36626887472
73,zipkin2.internal.SpanNodeTest._Benchmark.benchmark_960f6ad6_constructsTraceTree_duplicateRoots,896468.2353218443,878552.1293874325,879606.4567497544,874956.2712601785,871462.067464805,877303.4535012529,882909.9437237182,889982.5434670509,885544.9992597726,889025.6262051628,879296.3011282387,887655.2460224077,893204.4858441743,884642.3602368566,900288.7076479769,896196.3881544622,881432.3326956499,884368.9343285344,894002.7033852575,911621.5172973135,903882.9153753105,911148.4646481714,924028.6837438792,910946.2522181465,916032.5437631466,909699.0365479704,908990.9342450713,896408.8718096254,886010.0367571678,881660.3478020171
74,zipkin2.CallTest._Benchmark.benchmark_9be73033_flatMap_cancelPropagates,415795.64634143375,410425.3552327911,421311.4615910344,414010.7635218465,414537.7501104981,418823.60829940747,413067.42992155394,414076.4858015933,415689.14550173824,410706.38705714,415540.12073870003,418579.6722152662,418257.09707438265,411373.3364548083,405176.1793628071,396578.5394400655,402422.883339094,405890.8126755443,401224.92940601916,412988.16465167445,408841.6408861552,401106.17944318644,410082.2001175718,407378.67958318983,410806.52358891524,411203.2244557977,407809.4537914284,405443.41276695335,398793.31280059146,402265.739853383
75,zipkin2.SpanTest._Benchmark.benchmark_0c4747fc_nullToZeroOrFalse,22512.531530080825,22707.764070982434,22671.8904150112,23072.50352586913,22891.395323792523,22979.29132883466,23057.01679093952,22857.403981766973,23019.3748398181,23044.84927125582,22790.99375440179,22835.687153509858,22812.87331781258,23116.376435745646,23110.81679551252,23187.41340123802,23206.05762977033,22928.24470529834,23144.45818562905,23146.261877756813,23056.75634161969,23014.471562914565,22898.68383787225,22967.896116976826,23007.274350566982,23021.58509338016,23271.922952133853,23082.16787600701,23164.537622739877,23186.55100286818
76,zipkin2.codec.V1SpanBytesDecoderTest._Benchmark.benchmark_df9eeb8c_niceErrorOnMalformed_inputSpans_JSON_V1,190505.12497634173,191003.36472657687,196107.69959234682,198323.9603979278,198719.8334199971,198411.2627761036,198016.65761426283,199172.4163761386,200374.42195930477,198714.08075079523,199963.95431214964,198705.98833447188,196935.7067607558,199658.4811032497,198461.33617036947,199570.21597745718,199030.54165795373,198955.22144770707,200784.05951744836,199460.90628805547,200817.04132784775,200624.67570834764,199590.1137954237,199497.717126587,199409.7406479521,198364.88255490313,198584.37569331162,194658.33657023078,195059.6215503753,195152.0338529996
77,zipkin2.codec.SpanBytesDecoderTest._Benchmark.benchmark_080e67f1_traceRoundTrip_PROTO3_heapBufferOffset,230184.9672351984,228999.48741762404,228019.79655637807,228957.7475516512,228430.1493269823,229443.57251229222,230210.51338175416,229171.3934683183,230821.5915501976,227592.82092560356,228762.85001712272,229380.35055799072,228701.76813285926,229676.93417868268,229877.42383269063,230169.91597221122,230140.40256507965,229484.5783749428,230120.13055595005,228025.03384278793,229022.36181039907,228628.03179979228,228558.5064266949,230078.24814317492,230813.76964522994,231092.21864841858,231329.7161212285,229833.81858472584,229431.29423334508,228046.62317894812
78,zipkin2.internal.Proto3ZipkinFieldsTest._Benchmark.benchmark_08a70b86_tag_sizeInBytes,2152051.626263611,2185727.9365938045,2206460.707201314,2233473.0557682975,2204483.7846445157,2186768.2992146667,2225651.384117284,2112095.971691022,1886567.4410112293,1919708.2876076766,1931758.1336348054,1971821.702683344,2006449.7634979223,2015614.0369826858,2039895.4047773199,2060923.6138059618,2117291.4805928287,2144715.0534339263,2111182.0933874184,2148686.2333958424,2162802.0364736416,2133222.7449832754,2137292.4010481937,2180551.469605814,2170047.330118313,2169887.42549049,2159935.799174356,2169842.318690526,2220367.6889261384,2235370.792695674
79,zipkin2.internal.V1ThriftSpanWriterTest._Benchmark.benchmark_018976fd_writesEmptySpanName,508471.97030765744,508613.5109952375,515833.3222740554,522330.17468888336,516403.2985179073,531448.5747595266,527474.0887817045,533095.2368858204,527882.6820905312,524864.2609059119,520973.8114925751,532906.1276590922,539024.3870977922,519402.10090208694,524620.5345293635,525407.8351450666,539534.7216213923,537773.8559217119,540284.4478630853,535680.4839448017,520566.29707836517,521865.29779865156,532728.2519709126,543064.8717304936,542769.2246315744,541749.5935530631,526993.6041221737,528670.3191900275,534990.8783312778,529482.5061880777
80,zipkin2.codec.SpanBytesDecoderTest._Benchmark.benchmark_7ea53b7f_emptyListOk_PROTO3,5403162.506986477,5384831.291798151,5280325.917672167,5328644.181387295,5148396.104108234,5261579.730069006,5384817.570390024,5338842.981801389,5292661.738663144,5277490.213833829,5338834.225137512,5352344.649301485,5296264.566252022,5442813.328818895,5401541.60669,5305069.442062156,5341938.18629284,5372822.88787874,5231056.668651298,5302146.750033839,5429201.068136395,5337079.5106114745,5350492.92516673,5400124.588622365,5308961.044698132,5349818.918613244,5368598.766977869,5299669.296515128,5345566.168936868,5420012.649692372
81,zipkin2.codec.SpanBytesEncoderTest._Benchmark.benchmark_f0c7e783_span_64bitTraceId_THRIFT,863066.4050837099,857937.7107825134,871428.9114198937,878370.8705465193,881555.6828145806,870829.486748192,867585.6586684202,869342.3002465654,876851.7974913892,876641.2088084363,862823.0643657134,870488.7418113346,875835.7547036686,878650.4375021926,884053.6040628637,867327.5687728013,872342.3264329028,858160.3951963283,870997.6177536056,867486.496804007,866800.0102280095,865272.6281539521,870670.4962687735,869971.3823555855,875970.4080067656,854972.7929758275,868762.5199553731,863044.1059116268,877659.8516650625,880586.958830395
82,zipkin2.v1.SpanConverterTest._Benchmark.benchmark_8775225b_lateRemoteEndpoint_cr,6274.43488047362,6269.04097464978,6303.310052288297,6275.558878415319,6249.793638063865,6285.060835929408,6340.128986739673,6287.646093741927,6291.443043713112,6337.668810692327,6301.769808952418,6305.790851992549,6308.310425970716,6343.39277238347,6305.460025625245,6303.876995367596,6422.618624906053,6346.136309886633,6369.153342077085,6384.651313446408,6375.48696305844,6346.519409817692,6383.409349516299,6315.009863288525,6365.820610781261,6352.288530979953,6345.751099071943,6362.210519658826,6322.64239766863,6318.04021387503
83,zipkin2.codec.V1SpanBytesDecoderTest._Benchmark.benchmark_91427947_spanRoundTrip_shared_THRIFT,313608.1159690212,311900.7619498034,311963.58980067255,314723.2657999275,311742.99086578697,314899.8498840085,312679.13023162266,313551.3969808973,313703.1049484592,314942.9622284711,312592.52870947064,312681.4073816805,312146.46989584976,313130.2921597053,313608.42822793353,313781.7563481547,313885.39102956327,314971.2314149094,314217.652357631,312572.1626753132,314051.9750764438,312970.0715010395,313581.31840378046,314292.2973301727,313278.31008239614,312663.7313793418,313648.0135410155,312545.0219781248,313043.84204036964,312927.9515302771
84,zipkin2.codec.SpanBytesEncoderTest._Benchmark.benchmark_7f41e184_span_JSON_V2,1247290.2485515643,1249670.3077079328,1265747.6741098273,1277438.384505472,1268220.7813100591,1297912.9313118788,1292158.8601500902,1239206.9700895506,1259194.4034654133,1244034.6275900537,1262374.8884772614,1258044.2420274692,1306656.7316088784,1266511.8629725506,1294610.925222385,1292792.0270856787,1274935.116935983,1237211.7776182438,1249719.9000480473,1261230.3508094754,1217011.599677713,1247080.258640069,1276836.3045466007,1246410.1835690339,1260629.108808119,1314900.9574378675,1263855.4146317863,1308278.7892181396,1244662.6302318224,1270410.4223875569
85,zipkin2.internal.V1ThriftSpanWriterTest._Benchmark.benchmark_37a1c643_writesCoreAnnotations_consumer_noEndpoint,35908.72880034411,35683.6648609715,35598.157807482494,35638.28830338258,35815.69372003429,35495.275355561025,35713.72086563991,35550.19772011451,35500.706964406745,35411.57479034941,35426.26355883314,35331.968416028554,36204.41392294742,35534.93955333097,35799.72810106507,35540.67176613327,36002.192830836735,35919.48329823276,35690.38807931278,35667.08906619295,35562.51471392421,35677.44314646737,35738.48804752466,35755.5655465642,35713.81435027558,36353.73461702734,35744.774816278135,35735.97845143498,35787.24932044273,35554.09091744933
86,zipkin2.SpanTest._Benchmark.benchmark_7548a5dd_annotationsDedupe,1027469.1174362664,1022840.6325451729,1034014.3163132869,1028966.9736524201,1026645.1446031047,1034627.4860861931,1030032.3410197166,1025403.4039789088,1027533.9785594088,1026567.0926615266,1030348.9382264443,1028286.1438607613,1025722.6277336642,1038628.1682348297,1033788.3234190054,1033165.5514257599,1030156.8398854438,1028523.5596853803,1031198.4908125899,1023226.8842814572,1024345.1466280232,1031867.5921570512,1010436.6535967089,981432.5563851089,995299.6083016251,990254.1551370851,993015.1640498809,1013690.4170272751,1022249.8271908315,1019396.0820748704
87,zipkin2.v1.SpanConverterTest._Benchmark.benchmark_22e4c970_producer_remote,6343.375418569537,6333.548759985046,6337.354705194498,6394.269058577305,6323.184903526826,6323.882091218409,6336.991372768153,6333.325488168859,6501.337377193179,6466.904816987469,6540.135498931152,6299.820012212613,6410.618742443278,6451.57746038581,6372.566391465026,6458.8131852874285,6514.72435182467,6445.446890420545,6509.970344030566,6505.691623711345,6493.330136262178,5977.873624385088,6162.185827359746,6564.921454035774,6577.049129699123,6641.682389839092,6571.741248681227,6595.613509701671,6694.215022957977,6705.615344076371
88,zipkin2.v1.SpanConverterTest._Benchmark.benchmark_822a4dac_missingEndpoints,13499.203992438177,13426.797953544396,13465.46562365765,13560.319502486407,13563.31786375522,13549.311329153074,13565.92652694193,13630.498968562086,13653.690351675157,13652.96105776603,13626.30697223762,13518.158994774458,13628.599797656789,13656.407062054654,13644.120418133125,13649.032010649804,13639.080494110329,13643.169635766459,13629.280148396634,13657.599426836377,13634.438134208413,13649.233104188808,13648.581748573342,13601.38475395216,13641.272223742686,13628.690419137625,13655.601379651094,13580.33304127985,13605.521243107129,13637.760886683596
89,zipkin2.v1.SpanConverterTest._Benchmark.benchmark_e8d33328_redundantAddressAnnotations_client,1476231.3363542405,1482655.803176367,1462780.3396371424,1466682.7196964438,1494832.5715124384,1490017.535042751,1502654.421303975,1476589.444787811,1495754.9729728834,1477652.9282140145,1473522.8803334231,1504059.4176837322,1514187.2983595594,1532773.384943719,1529376.4471499408,1534786.295763904,1521793.2177603233,1524919.106019781,1477953.6406192076,1524077.380700126,1495453.6303803856,1519461.2587946854,1527683.0443308034,1529957.044555593,1475196.4051592078,1489966.0013506184,1483529.5272243759,1526472.3599218766,1515463.8966083732,1530933.337798924
90,zipkin2.internal.DependenciesTest._Benchmark.benchmark_ffcac31a_dependenciesRoundTrip,2617874.726081164,2571192.909718565,2553014.753310536,2601362.5736833382,2635156.1921157525,2680298.5075391005,2582802.378413548,2611902.823350722,2672240.233257096,2705216.5623104856,2695029.417110605,2635935.3895931677,2629126.1396429655,2474264.7491450263,2510232.357305386,2604238.1178286728,2671646.6289611324,2685124.675757857,2726246.5944679263,2747611.5137039665,2741112.688014114,2749272.8952697343,2750916.976158689,2732175.6450085337,2725455.422929871,2717388.002868041,2727779.50018275,2729289.5048895134,2749955.9649034995,2750431.473112981
91,zipkin2.SpanBytesDecoderDetectorTest._Benchmark.benchmark_46a0d426_decoderForMessage_json_v1_list,237197.46621560893,236336.46293343525,235586.09491308362,237437.83517705617,237000.0802213038,235924.7506742975,235874.8855417023,236143.8129948076,235620.67661906834,236652.77674179702,237722.03269402165,236682.8397390641,234575.2872034113,235980.44422727893,234969.99702764183,236887.9955546302,236296.00400765415,235105.26099966836,236967.14880716166,236364.664050323,231747.95066805798,232857.23063970997,236393.02273856848,237410.13460224064,234803.74109847736,238495.39420642157,235873.06903617436,237535.87360488737,230424.06523821887,239583.59754342842
92,zipkin2.EndpointTest._Benchmark.benchmark_2b545e83_ip_ipv6_addr_mappedIpv4,716388.392371505,716010.5384684323,718757.5739907939,717738.8948214957,718230.9479723674,712463.3325173735,718112.568051583,715830.3450714138,715709.3328789194,714971.3503429132,714101.9776670631,716573.8118385256,720842.3390252031,714728.3294439514,718299.7613122065,720253.4817079705,715900.8008870352,720043.5206111511,717050.1859445103,719310.288814338,716158.3284089079,715434.3588520777,717250.8846989386,712845.513348479,615987.9217955727,691647.8174829036,700635.6030963226,712839.9886865779,717519.9430141414,714293.3469755944
93,zipkin2.EndpointTest._Benchmark.benchmark_b167277b_coercesZeroPortToNull,6380918.878715345,6342009.927643257,6373235.835047563,6365593.476195467,6354040.541648623,6351623.715189207,6356889.57917492,6344437.727813216,6414267.421581968,6350820.742910917,6410561.977240848,6418243.185248612,6362243.032272573,6398847.518931836,6351014.716788967,6390134.824546522,6366068.442403309,6427056.163297165,6386724.452131215,6381651.831237744,6388362.897238309,6395998.455818024,6330643.838611309,6386228.819191406,6336395.134467381,6327601.336374858,6336561.749532464,6321796.334453543,6313922.563688652,6325328.4350011945
94,zipkin2.internal.V1ThriftSpanWriterTest._Benchmark.benchmark_6a8b1b52_writesAddressBinaryAnnotation_client,35598.51868047591,34858.60508686297,34889.765753604406,35291.67385519286,35158.159470351726,35065.755050093416,35063.55589483635,35178.62042268564,35207.14005359916,34919.8614029281,35090.024115832064,35103.56226340038,35922.69257768766,35919.1563308561,35235.974178136574,35288.37077120986,34892.98137124171,35114.40314168934,35370.19314905317,35558.286771883926,35270.740485823,35313.79947178397,35488.42275976234,35340.76611249195,35485.773707221066,35786.30340394061,35158.00024910275,35170.66430868497,35331.89761076457,36075.46682873525
95,zipkin2.internal.Proto3FieldsTest._Benchmark.benchmark_607fabf2_field_key_fieldOneLengthDelimited,1986032.7095650418,1999222.1798815313,2012755.25951622,2022344.8707913724,2006274.663685667,2035604.7377005122,2023113.1716952117,2021506.3904180683,2001907.9244490173,2011574.4627049915,2055959.538380607,2052941.7656017966,2027933.4153382843,2040627.3074773822,2050069.4636062866,2065885.4632381883,2053747.5015696916,2067992.8327609962,2065331.5625024936,2043504.6329648364,2066373.1712485738,2067034.4820637237,2070095.212230143,2073627.2590415112,2060454.0395121947,2058753.4857100288,2063378.435563914,2072819.3318194083,2086484.9111081578,2078628.6598217424
96,zipkin2.codec.V1SpanBytesDecoderTest._Benchmark.benchmark_226dc46a_skipsIncompleteEndpoint,221317.24229932364,222630.3781933487,224552.5949963693,224485.01082063452,225067.02089674902,226224.49309115892,224681.2391729266,227151.24301220238,226043.34777031848,225549.25271827067,226466.01912030962,226806.3020819325,226863.90612812643,229068.000258227,229407.68924764163,226426.86885512708,228043.94880901757,227453.8680451073,227128.28549817792,229417.74423995847,229634.75057805926,231312.18958053,234519.04857777365,236556.68920358768,238340.56416675306,235190.23342420164,232337.49393086194,235382.74126835493,233864.1629906778,237818.676248599
97,zipkin2.codec.SpanBytesEncoderTest._Benchmark.benchmark_1eac7290_noAnnotations_rootServerSpan_JSON_V2,1997361.2462629725,2002581.4589821126,1995995.0402895352,1995239.3249056938,1995456.0522473047,2001786.185612919,1996989.2413884844,2015316.0310538497,2009063.5274740437,2009264.412124036,2019997.7699307816,2011410.203294784,2012635.2992547923,2012039.1025898766,2013679.2030686645,2013753.0346109204,1991847.6142227505,2013047.2459260006,2007782.5218045702,2000420.0239474997,2005853.7296700245,2004604.8036560498,2007994.8877697983,2008109.8891611283,2007225.2641743682,2001338.2213415748,1996598.386674611,2005581.3842572563,1998725.021051976,2010456.8257890763
98,zipkin2.internal.WriteBufferTest._Benchmark.benchmark_4c3620a8_unsignedVarintSize_32_largest,6496931.253770334,6523604.54578484,6510248.182833606,6534740.4519201275,6519263.464864635,6556743.312140069,6571028.554188533,6491722.727296331,6508666.091907503,6486466.829063242,6467245.393002938,6434755.928752589,6445580.914619077,6437938.392391154,6472696.032048111,6420913.218332515,6450769.912027075,6467614.730309876,6473311.9559315825,6470455.882631796,6449500.314372281,6451248.558816986,6456330.412955955,6440244.279233625,6412820.188430265,6409164.720448258,6439768.583158875,6435464.920678512,6459326.064514426,6469959.561165479
99,zipkin2.storage.QueryRequestTest._Benchmark.benchmark_215f10a6_test_remoteServiceName,1312855.2221770752,1313238.1030062395,1306597.324180916,1309910.1163087843,1304268.1352489807,1306119.7803229883,1304209.8679598474,1317582.9746021016,1327818.159226394,1329480.7358441167,1332095.2325185935,1327022.9599587424,1325645.1659569847,1327835.6058432981,1324265.8259269402,1319088.3367259253,1323930.1851180305,1326818.1396010774,1325416.909293541,1322797.3604278166,1327070.954202203,1322106.0619614257,1330166.6112061834,1323705.7333490439,1323332.8019169876,1332335.022756288,1332873.8128663087,1332409.102765316,1327952.8070069994,1336444.1038821787
100,zipkin2.codec.SpanBytesDecoderTest._Benchmark.benchmark_96d62944_niceErrorOnTruncatedSpan_PROTO3,217609.7667344756,217106.92234191013,218748.28889612894,218465.8541219281,218159.85365382145,217478.3730787316,219778.91312212805,218527.79258362955,219159.18897072517,219173.9583414363,219400.30928112965,220028.09606764317,220586.56092885308,219630.42889985497,218341.7492707086,218958.18574840427,220795.26706912598,221956.87620147454,220107.87794892723,221732.61216149962,222244.61841121365,221624.29640180635,221328.5263163781,220986.36992932335,221752.5004768056,221023.027587265,222228.0056358011,221703.5519304631,222579.9218199449,221992.76036193554
101,zipkin2.SpanBytesDecoderDetectorTest._Benchmark.benchmark_45b88776_decoderForListMessage_json_v2,1284287.377053833,1387388.5056666962,1359202.3699768682,1500457.3522438759,1447402.2299368032,1419781.6082440626,1471841.3372847515,1444662.7168430886,1358067.6351756237,1471690.6849233531,1463901.047983473,1496778.4162214058,1502223.903100307,1468937.9782984643,1500525.9567322594,1471035.0112882464,1483394.6677560608,1474065.9220785187,1481751.1996722925,1503687.7529396953,1379291.0960804706,1420716.2227871944,1490293.199415946,1419997.4792946521,1478534.8969602727,1419800.087153441,1480151.166781296,1503117.916638292,1489847.953783759,1463378.7537845958
102,zipkin2.EndpointTest._Benchmark.benchmark_d64da125_newBuilderWithPort_tooHighIsInvalid,526336.2690008902,520801.0141502724,529415.8667108604,532552.6139154537,537135.8457407258,540451.4715835409,538007.4109092918,531106.8897790483,526511.8809770889,528840.2364766636,532165.6676819839,518631.0745970707,525055.1201330377,541013.4927566743,546069.7809370162,538325.0194804624,542413.3885232073,532382.3245928246,520709.33142774954,527626.6380255197,538943.0314841927,537041.1005674718,530757.5490940356,533086.1957781236,540250.4866160087,527359.5194217941,525211.6758443794,517048.18585227313,523710.76433977665,527272.6898934832
103,zipkin2.v1.SpanConverterTest._Benchmark.benchmark_cc767b9f_consumer_duration,7019.179247370605,7006.734276609294,7002.7600072799905,7032.112259116297,7001.351730840538,6982.603513807279,7020.172679669874,7077.975279051,7086.345366702257,7073.813673052779,7071.355488375368,7113.770299438498,7033.5084109048075,7097.577460939814,7079.797510552427,7166.8984118796025,7158.29711248993,7118.630842041794,7170.252744939933,7067.778436816942,7128.421931338106,7131.756920505242,7137.577476826104,7172.280240161059,7161.142002093303,7047.811238630569,7131.310566288383,7146.19294469979,7091.907761101897,7098.982362727777
104,zipkin2.SpanTest._Benchmark.benchmark_9376cbfc_parentIdFromLong,2931987.6322454107,2931428.6019294164,2917552.0226562493,2913919.9130130704,2927447.7680483027,2927676.618003862,2940021.843888899,2915266.2928261915,2937862.038200356,2918408.4623088045,2937189.381607027,2928383.183852325,2940947.434123484,2938120.1412828276,2936645.596231414,2959278.1654499653,2964467.2034055614,2954279.4734676327,2966512.862962128,2984946.8249396817,2972652.3364321734,2969124.0955271614,2986616.8410299057,2973597.80686633,2982548.4098905176,2973878.7277107574,2973192.842527278,2988793.113249315,2984722.6040650434,2980735.7542126304
105,zipkin2.codec.SpanBytesEncoderTest._Benchmark.benchmark_45159834_noAnnotations_rootServerSpan_PROTO3,1993273.0116892199,1983781.5153350676,1988268.4507733686,1993860.9229713213,1983537.8320283387,1981200.7691679338,1982600.3649805468,1991379.7018338772,1990206.9615527142,1988439.3413263662,1992500.4431795198,1982213.8934357462,1985902.828235182,1969813.887370373,1969279.361569439,1994857.8424436417,1980204.6316485486,1990219.8228037888,1993815.6297332305,1987157.5764119131,1993647.313210664,1991949.4638986848,1982320.060266456,1981905.1253305827,1983840.4905986495,1988049.887477338,1991540.936564168,1980093.3129424374,1985116.4147744214,1989596.3102432776
106,zipkin2.SpanTest._Benchmark.benchmark_f7d5b2c1_builder_merge_localEndpoint_redundant,26571.139812490852,26530.69317764615,26212.478686223887,26653.42439963999,26512.499286490387,26220.8503098082,26364.646315825168,26367.03423212986,26654.0119039061,26879.68375063248,26909.269707048566,26171.899129313093,26128.495139556457,26694.289541922783,27015.485160700584,26674.73038953238,26364.780628895915,25894.33358278798,26384.363609149746,26287.004159209213,26265.179046812988,25974.847573937688,26170.198234191972,26384.232968765384,26658.18173225115,26773.273160376077,26818.052231684465,26261.12023461878,25701.782244613678,25550.257702377017
107,zipkin2.internal.DateUtilTest._Benchmark.benchmark_983a29ba_midnightUTCTest,409226.49506881344,411428.7027202242,409176.2588018883,410605.5614063491,408818.02939928113,409499.6085731384,409906.4576432387,411396.0678644798,408579.8637409659,409066.63846693473,400224.65816821496,398868.22552205843,401828.5261282355,404427.9364803581,407139.297835036,405421.42660284246,410579.107783641,410953.38542589964,410037.00232610555,409372.33021143137,408537.75787160423,408855.71515470685,400413.62565236934,395216.5832894748,399844.4592783792,406743.1639055196,401335.89264203777,406426.5894977591,405061.6197937919,407079.5470477616
108,zipkin2.codec.SpanBytesEncoderTest._Benchmark.benchmark_6435e73c_localSpan_JSON_V1,2105222.997430109,2094436.4183195445,2069508.0992169734,2058418.9283762067,2090643.4394638767,2080684.41855907,2080129.137513692,2023553.5526985938,2062876.6587926256,2070256.0131811432,2098790.6773630753,2120007.00679909,2094788.0647099856,2094377.9461331605,2091322.3885712083,2086134.9066598746,2010317.2286414632,1994023.8692161823,2031587.573248168,2035833.5910571623,2112810.5067942375,2041699.256205566,2036902.3214469838,2088005.1213619672,2117210.9683158644,2108751.0102471747,2092631.2070711823,2057195.4757395287,1950012.6938210076,1920731.3204667186
109,zipkin2.internal.Proto3FieldsTest._Benchmark.benchmark_7bc606f8_field_readLengthPrefix_LENGTH_DELIMITED,2099679.00365126,2109800.5374459894,2113927.050828918,2130953.479227156,2137946.672380057,2142279.4356316,2153102.239487441,2154726.182730655,2133796.176323447,2129520.6482400084,2137845.2993551744,2129722.3885144508,2139576.706388074,2135135.728179948,2136729.6511863936,2149979.8339718743,2189886.91827816,2194765.1394869485,2199419.797249017,2191089.0141168656,2187597.8022676217,2195090.2074597357,2195373.350764586,2215126.857965476,2182194.4220194737,2187920.1605040967,2202648.904401214,2194188.4949807576,2203076.633352401,2205033.0450113933
110,zipkin2.storage.QueryRequestTest._Benchmark.benchmark_bec866d9_serviceNameCanBeNull,1609936.7189246975,1627788.3023395466,1621518.975847339,1627214.6652444466,1627057.5811900129,1629451.557049255,1617437.0318591997,1603870.9305195932,1605759.388322105,1601077.615269074,1639398.7379510556,1648158.9670955713,1626826.383686421,1636053.4401259637,1623580.1152323096,1641675.521469316,1648797.5638459916,1650534.1048862056,1653560.439256524,1663356.6110929349,1653907.1152141767,1647126.35221588,1644143.332752876,1674030.9408053888,1667959.6536462684,1703131.8279469863,1714766.2520753199,1689197.563954009,1693684.2659347898,1716380.3116238525
111,zipkin2.SpanTest._Benchmark.benchmark_d8f5b3b6_builder_merge_localEndpoint_null,27315.555376722434,27474.137693050616,27139.240562631338,27596.828656558075,27797.498101177593,27574.180983756072,27763.08973030601,27607.54971953219,27817.05036343061,27846.042291067482,27708.04106920445,27746.971808212675,27953.660376733766,27737.602440901017,27741.040798032325,27942.4136812329,27742.808890243105,27740.23361757936,27779.339739309205,27468.319021280855,27273.669857636713,27774.62537824078,27541.030856545418,27708.788859028893,27763.440472021804,27935.775641800297,27332.48035529845,27521.77984554164,27708.02553644991,27865.150227732433
112,zipkin2.CallTest._Benchmark.benchmark_28c60032_constantEqualsConstant,487030.61266072316,490117.34386870963,500869.8017411442,497226.8269696731,497028.3066187177,487935.9443624554,481799.35525376175,476607.71118036873,481963.38553609885,483418.0799831856,490477.14102297416,491804.55451637134,473308.20464709896,446277.9806793372,480744.7125731294,488437.4770025759,493849.1139109961,487168.3277600207,495323.5512368626,486629.21548742603,494154.27368601994,495712.8657933214,489026.83126614254,473076.5220745948,481908.3462518217,478561.74151128303,493475.9326413937,487495.7231518025,491643.08597032353,486604.70636934816
113,zipkin2.internal.Proto3FieldsTest._Benchmark.benchmark_674c6cde_field_skipValue_FIXED32,2253139.363089852,2275767.8529456677,2285657.499913025,2295742.256175494,2302865.196162433,2321473.001395967,2308633.2180291684,2312238.814079361,2323975.7148067188,2318107.577893032,2334832.55870552,2336731.9507273473,2332935.8564995383,2340990.982631599,2342620.982441358,2342353.5645015785,2344787.449704035,2337603.9145896016,2348303.7981705545,2349115.212068194,2355002.6038278416,2355045.334064707,2352986.4729117793,2340961.57081706,2350695.322045259,2338480.166981672,2353245.400595189,2348020.6829075324,2337611.746845013,2348624.646564512
114,zipkin2.SpanBytesDecoderDetectorTest._Benchmark.benchmark_6d724cd9_decoderForMessage_thrift,1241498.1461810442,1200535.8333063738,1190878.5107904177,1198604.936945578,1191337.0968871012,1197933.562854153,1220205.557362399,1233460.4823924832,1224412.0296689044,1238365.5367285039,1230868.9306168573,1229217.3444727722,1229808.9811562544,1232156.045061989,1231599.0160263204,1232491.899748471,1215047.7540203389,1224220.6333943522,1225628.0900334578,1236568.043372055,1236113.7830382958,1234077.3314403235,1231220.2070366046,1234661.4466847898,1234073.1537815917,1244272.0630631365,1237143.5698620332,1239755.4058074448,1225449.4419649264,1240397.1115365278
115,zipkin2.internal.ReadBufferTest._Benchmark.benchmark_7b5da96e_readInt_bytes,5242848.082664489,5252607.882209586,5281929.6040517595,5286778.234280681,5274900.194908878,5272012.803581381,5282249.975197099,5292135.49090301,5261587.258807664,5276567.0866742935,5288278.341730269,5289353.598307222,5318933.576859015,5297668.122932993,5307937.201937832,5457599.773648084,5453812.517155916,5379620.448567388,5389633.204827466,5318194.7416355815,5380843.289736254,5345495.837668107,5340865.126287936,5363633.46919132,5341804.892481965,5342088.023132071,5347929.117472177,5308517.548664911,5371308.491998195,5345117.55463949
116,zipkin2.CallTest._Benchmark.benchmark_bd462de8_constant_submit,36143.07035761668,44829.91946725389,44516.12257704644,44517.58656953219,44806.35631403797,44914.00993961629,45084.972453929775,44887.64471429209,44866.465689031815,44579.308352030916,45241.002240709524,44766.74460618101,45268.67183220767,45517.182726479645,45331.808258353965,45302.30124831228,45319.35950149217,45618.91444008854,45881.99280242774,44825.92290660331,44785.76649106513,44914.842589421314,43752.009264283995,43069.603070538105,43910.094688584926,44126.35639849946,44288.96549723999,44516.315947767696,44658.80774376367,44912.30288147506
117,zipkin2.SpanBytesDecoderDetectorTest._Benchmark.benchmark_09e94023_decoderForListMessage_json_v2_partial_localEndpoint,2245731.4430701975,2215288.090722696,2251032.0937781744,2228010.9232264897,2250983.0473581394,2258754.0843230532,2252731.3129073507,2268075.97027488,2275206.9311969997,2161896.550753155,2168548.428779826,2187465.245138905,2169570.1257293695,2174894.048149979,2176167.739581215,2244260.5912884995,2243338.1314573986,2282820.517213907,2291870.5612987806,2278948.729113155,2250954.74545551,2247620.0419323086,2285961.6045835204,2285306.233957279,2313991.676545745,2304473.4895803467,2265639.930986895,2334478.1241666353,2410265.9073255574,2412857.890226874
118,zipkin2.codec.SpanBytesEncoderTest._Benchmark.benchmark_ffdb34bb_span_minimum_THRIFT,2837465.369453071,2836534.0499382582,2823439.866651972,2858277.600622697,2825876.852904329,2804155.1539738793,2826756.3573657502,2840925.4085533405,2841194.7284291484,2853595.921554244,2824558.335978244,2806881.7425871063,2826055.4390760856,2831628.357777603,2829871.556585861,2858208.392302827,2828356.429156889,2840464.3068597713,2846645.7570797536,2816178.5205534617,2844788.096510314,2832425.184688616,2818529.259843567,2821466.4821903966,2809521.9076303854,2825516.1784337917,2820984.3707026355,2853580.6625633775,2821957.962852201,2817749.6360359136
119,zipkin2.storage.StrictTraceIdTest._Benchmark.benchmark_c5c09e4f_filterSpans,2551444.7474149168,2533467.0333406907,2552622.110863279,2576184.1451812834,2525327.306816551,2521066.7378395377,2509778.988337349,2526287.8929722016,2518256.1045602206,2531038.016627085,2524660.178411642,2529280.3025584933,2542574.93251532,2543090.0325208027,2533506.435837336,2578764.0932979207,2564632.566546541,2560610.690032831,2564244.3970904383,2582076.697908598,2534520.715386924,2519080.0049342895,2521267.0062230066,2522114.5741101727,2589216.2574093714,2605687.9705269663,2579193.076411899,2571518.385828585,2545926.2370411255,2592781.568854319
120,zipkin2.codec.SpanBytesDecoderTest._Benchmark.benchmark_5ae3b3a1_falseOnEmpty_inputSpans_JSON_V2,5807511.109070701,5815424.866482264,5677727.552049639,5812272.43218578,5804446.309296379,5814245.242378098,5797958.232599353,5810625.661734057,5814794.371949066,5797265.882868704,5798189.376888378,5808333.979117305,5830797.058417797,5820165.99190534,5895191.15000868,5965224.459938684,5999757.212474782,6001103.5784534225,6030358.384729492,6041692.106785832,6042190.829150105,6015663.796094968,5990964.246913547,5963503.516354734,5955366.173888734,6008381.979444065,5958079.4530616915,5962685.946701244,5978609.151228683,5968095.012666009
121,zipkin2.v1.SpanConverterTest._Benchmark.benchmark_ae818542_localSpan_emptyComponent,5252.735755800087,5311.448347663163,5322.6825286005815,5311.0939167556135,5327.710246592664,5326.414664313294,5281.1623495585745,5287.629860622126,5076.113198571865,4477.192260701582,5203.249639369506,5242.066723408831,5351.798719204091,5362.753583449381,5348.696498914562,5440.738599713976,5469.074375569158,5520.389500125181,5517.085421715471,5555.809128980631,5591.346192706995,5589.754932396603,5583.755944759264,5569.254098660058,5551.060116257108,5569.351543691713,5549.300821392309,5544.4292231891895,5585.948573657826,5562.217318152294
122,zipkin2.codec.SpanBytesEncoderTest._Benchmark.benchmark_2a6f0c7a_span_noRemoteServiceName_JSON_V1,556491.4825939744,553141.1026455964,552510.6013308485,547931.2387705739,549852.9875611641,548642.9528236086,549349.0343625579,546825.6589756163,543659.0461640524,547037.1538467715,547045.6088730483,542899.3728747787,549043.941324266,549237.5848389715,550031.4557649973,540482.7034780132,552183.6973565747,552780.8478214118,558000.4048836788,573016.8401808623,567148.4665427204,576660.4263140461,587782.2118661036,587689.8129198545,585608.2070990532,592673.5944756126,593421.7658482261,587720.76494889,583239.9396730155,591424.3907320129
123,zipkin2.internal.ReadBufferTest._Benchmark.benchmark_41c32858_readLongLe_byteBuff_littleEndian,5043987.943956108,5154327.397509206,5143438.024109195,5083446.810831962,5122046.349941743,5129840.155808187,5169001.822528235,4817898.992515243,4692662.389862866,4957701.8815719485,5096505.649424588,5171250.404800232,5130079.407761697,5142831.358384321,5164005.272241305,5064067.600266259,5140660.088113108,5196024.392796304,5175301.393609492,5159841.095645884,5140965.107529103,5181543.4572170945,5144188.8249953175,5131208.295660899,5174833.545545891,5154815.005090649,5192779.8173609255,5193743.50427319,5153769.259402188,5147778.965067759
124,zipkin2.codec.V1SpanBytesDecoderTest._Benchmark.benchmark_f38aa4d4_readsTraceIdHighFromTraceIdField,285541.07155690313,284942.7008821392,285784.4903555037,287022.72462494066,285350.76668023434,287114.5584248258,287604.10153664387,287883.1190636762,286564.74684262153,286733.0731247202,288263.2731676286,287703.00048325583,289266.8892936919,288740.75363841595,288605.4771377198,289644.1460093368,289037.4504916732,289178.26443830313,289677.414251119,289522.3517084405,289566.51764125697,289853.2116570423,289330.064429306,288032.1453681555,290256.2479492284,286604.4261542773,284918.8276978431,287982.64990356244,288328.2049370348,288526.95235060353
125,zipkin2.codec.SpanBytesDecoderTest._Benchmark.benchmark_5c118b39_readSpan_localEndpoint_noServiceName,450014.458139822,452370.0471961753,447912.5494833723,451149.5627820855,450635.3990248447,446912.0932678622,450342.3119507871,440413.7902287759,452680.65180562023,448111.686261429,450770.005712142,446531.8058303264,454516.5615630825,439850.5509280599,444757.5098724764,446137.15270599484,448281.18827809906,448940.98480018106,438253.8106563724,449735.4599504165,456899.9385315076,446211.17548536113,445794.8043702132,447218.25861199596,454106.09405834234,456093.052982393,448976.3711231234,456693.89420664485,456318.7813369993,450867.73988118186
126,zipkin2.internal.V1JsonSpanWriterTest._Benchmark.benchmark_c51644bb_writesCoreAnnotations_producer,472117.8168908075,466738.6681262978,470894.1238508073,467423.9407834556,469784.1845900174,468330.90209037194,467751.9456111871,470481.0354783765,475199.2720352258,472889.54956863425,472317.93991829816,470625.50144017715,469401.851690264,467518.1930814019,466063.8688903712,468260.9093599604,468126.1031258589,465846.00066885666,466805.00777990016,468452.64104822004,468667.08851990907,465147.28758976754,467451.23896632396,467923.42809675913,464656.42831504176,465982.5662013154,468032.43386119616,466623.16363683116,465943.20262515085,467462.4350883274
127,zipkin2.CallTest._Benchmark.benchmark_167b76c2_constant_execute_null,482012.737570588,480015.3765874934,472930.7422786768,486808.09859980945,487346.3439229935,501203.22007461416,483533.80849105696,491279.4871235422,488996.23146032396,477909.6132601874,480245.7364781342,487940.3247067941,480742.5068723602,486868.12168858154,490220.0821132262,490206.4375641551,497033.58891338034,489035.8619139046,486141.0673065547,498312.95019221574,501985.12230188434,484509.90358354215,490708.46310471935,501754.7250894028,499528.1727831678,494103.99109716644,492635.3259396008,488684.9231331694,496191.9408419373,504355.82998469373
128,zipkin2.internal.Proto3ZipkinFieldsTest._Benchmark.benchmark_25fd1c97_span_write_startsWithFieldInListOfSpans,1876328.830142541,1807735.0609797102,1804680.170359821,1841479.8811990267,1719430.464020651,1758599.867290312,1780807.2664748307,1804198.597004635,1784124.961496408,1802969.002054102,1838153.9574291618,1857910.1057015785,1895561.337514921,1883038.916193598,1846272.9070340076,1889498.537594275,1911170.4073778484,1874755.7188661355,1861346.4660027956,1864458.6805545855,1897506.0540459787,1897031.6136586063,1910839.04937028,1917699.7802051327,1896650.7606121541,1853889.5299511875,1885190.8303957072,1871970.2071402275,1931617.5753843489,1918161.853823576
129,zipkin2.SpanBytesDecoderDetectorTest._Benchmark.benchmark_58506853_decoderForListMessage_json_v1,355268.8988843451,355023.81193045824,355372.9555828073,353746.4747981865,354940.2429161917,355900.21159688587,354843.7363391701,355178.05196128396,357073.4260758916,355249.0859594649,354192.6548197145,352510.0702092298,351511.23903801414,352800.2265394822,353190.8530570758,354684.30602430465,353967.48079820536,351246.3744010101,353891.5563675567,353209.8046240384,354616.72140585945,353370.12192434113,354024.09228127945,353410.30116101215,354026.0195619568,353316.08745172876,353642.2228062839,354504.65443303954,354229.05998971127,355996.31303517945
130,zipkin2.CallTest._Benchmark.benchmark_aa98d0ad_concurrent_executesOrSubmitsOnce,254.15048674901223,241.24161620961195,270.24612680957455,270.0977597712073,274.5945161633841,266.4627593833079,263.74045855328734,266.86440566175446,259.94366070733577,263.391136357289,266.6136152837088,256.9541205848155,241.96796876423093,247.50097788584452,272.0223118240246,269.9344110668646,271.0606320609557,272.4625080336144,263.4768551111951,262.2022802400365,270.25319098014756,271.0452274656291,208.67915112278604,194.09484741335595,184.90104632213874,259.286360445845,271.9662696553723,265.2508073175067,265.9671708741975,271.68298209373324
131,zipkin2.v1.V1SpanTest._Benchmark.benchmark_2a6ec1c0_binaryAnnotationEndpoint_emptyToNull,3953040.6532999445,3919142.021449464,3944518.3058193666,3885241.713314895,3899073.8349261833,3978503.3870479534,3950396.0382017563,3941325.490960877,4000526.1428443226,3951634.4201729177,3925356.4724631314,3929653.916260981,3867117.6432990893,3872238.619845786,3877332.889382702,3862140.3601132683,3867697.299157098,3854152.8374176137,3859668.7867666385,3909188.142028449,3951094.5416514305,3866901.063457967,3806954.4084848193,3829352.4578489764,3906951.4172011013,3903683.1279435395,3901371.356749792,3942187.049937266,3859913.7068189536,3879029.303845856
132,zipkin2.codec.SpanBytesDecoderTest._Benchmark.benchmark_1af243c7_specialCharsInJson_JSON_V2,263358.5703205736,262938.4385517387,264258.3152285876,259319.46448886738,254834.35901660402,260341.98506350713,260502.67075307373,261495.0794195069,260912.25574086834,261336.82351196144,262025.1011029404,261770.27863716226,260736.01255587043,256098.76148672248,249249.00133729144,250912.08466669646,254888.95587342032,257998.85341042563,259661.8794115405,260444.04723587626,261542.59410417982,260830.85576635753,261595.70045408173,261606.62211742235,261356.6162520501,261084.2966824606,260740.12877699247,252130.7160016531,252836.34799954583,254239.23919208703
133,zipkin2.codec.SpanBytesDecoderTest._Benchmark.benchmark_cae4e4ea_spanRoundTrip_noAnnotations_rootServerSpan_JSON_V2,368067.39268192445,374830.9343713219,379712.84783365915,376543.29221900593,369100.17819800973,367854.7171862118,362966.93791104323,365657.7079063267,367739.6040210839,362949.8736228868,366278.12422705203,366807.64326855674,365841.962182159,372256.9622558227,362609.5800511076,369931.7238326687,365679.36948482733,369766.73779801384,371810.4338477292,364202.59320093965,366401.0032084265,366825.65211536246,373671.95463724044,370446.45795928285,361097.8213746111,370951.24821258197,370362.08853890013,373904.6537612574,370385.8375567293,369430.9791071787
134,zipkin2.internal.V1JsonSpanWriterTest._Benchmark.benchmark_2a2f7e11_writesCoreSendAnnotations_server,507505.69635169493,503274.8574875134,506712.4302531934,508342.03014825244,506901.6982707157,506222.9660010693,508310.63763355033,505953.6148312863,505999.67977559404,505985.34587494336,508709.7789397289,502591.1797809863,503686.68109734653,507440.8014647539,507468.1340895053,505956.1001516971,505578.40208839165,508218.37395729293,504643.7078014363,507009.33032099897,509730.9481241214,508088.37039642205,509624.57945967617,505861.4869640647,505779.0546599049,505897.99205507484,506127.569061592,506254.2447212801,507593.1440128988,508745.16885005555
135,zipkin2.SpanTest._Benchmark.benchmark_6e4ba247_parentIdFromLong_zeroSameAsNull,2552313.6655957093,2596931.2245757706,2581957.9935681033,2584887.802469523,2669500.5398508417,2609365.310723519,2645500.0159833296,2635182.0619386714,2619676.268924442,2602696.1380168907,2569759.6490429384,2585711.856149743,2614031.287573575,2627750.1258839862,2628370.3541429485,2662417.1278366074,2561541.0574273635,2549963.64883204,2558305.778548956,2621297.0558261806,2577934.5441098106,2600028.3822322506,2555730.569834287,2555588.6668425617,2576104.657138486,2571197.633888,2570309.948353814,2610970.3733125622,2590199.0763209504,2644722.6093320493
136,zipkin2.internal.TraceTest._Benchmark.benchmark_d0862ef7_worksWhenMissingParentSpan,1340650.7608158118,1373902.9716327267,1367150.3646618112,1359755.9539574555,1338828.0999937446,1360277.71440697,1364103.7952789953,1365173.605371283,1355056.1574125371,1359862.6517263514,1362092.639258469,1361105.3518662436,1363170.3048421768,1348767.521739513,1362414.9117064797,1371062.6628053978,1354658.6736085014,1351383.9519054561,1378058.0932858523,1339639.2115982098,1355745.8737070186,1338160.2472613158,1323498.4815972904,1352785.5211224211,1342764.3060353315,1357394.1688615538,1350387.625215956,1338756.0210720587,1356505.5478240203,1380928.6585260346
137,zipkin2.internal.AggregateCallTest._Benchmark.benchmark_8bce2798_execute_finish,252830.42545328385,253339.105110102,253435.61801557496,253740.45733773807,253718.05795234957,253622.08832580733,253435.5609627026,253738.51931396435,253376.65523598026,253200.527403952,254006.5637909535,252416.3634583805,253623.1793847274,253810.85285163313,253677.11214174694,253316.34947445497,253442.86185786122,253305.1669467243,254313.48464603684,254445.9826888195,253967.58261220838,253993.47496300633,253813.06014948143,254385.04320179025,253833.8249471729,253646.18338509864,253915.78792017998,253385.4523523995,253489.8931220997,253675.69625259648
138,zipkin2.internal.V1ThriftSpanWriterTest._Benchmark.benchmark_f3416e5b_endpoint_highPort,481867.0538253144,473627.974576016,486598.05118026485,479336.0886195767,480078.1694054026,484890.0150141048,484040.82768355624,483737.30957146257,491592.2879892192,482953.5984647815,482080.4134575944,479533.60617958097,479190.7406729602,473239.36284218624,477367.65980726713,474215.73297771165,457233.51819425676,451659.41131424205,454131.7007870552,454747.8376214883,448621.8531476477,446209.0964958097,447648.92686073994,440783.00352626404,450014.809951367,451928.3356942573,452854.0523301014,449680.8953974704,447930.92483840697,451698.94906226476
139,zipkin2.v1.SpanConverterTest._Benchmark.benchmark_b09d9f4c_producer,1853585.3285193047,1869706.265971402,1878266.2090410646,1880631.1899955538,1880857.0663140398,1883379.744641338,1862469.596565039,1869088.791717688,1873922.158522339,1863485.4564685607,1875228.7499064181,1875338.2700899772,1875924.442295845,1874152.0113611054,1869097.491704008,1875787.4937207494,1880547.3409206592,1878580.8907382512,1871385.3773331419,1872674.612034885,1874624.9186592074,1874401.5202482562,1872229.3973236328,1867432.1364366342,1877313.633842174,1879734.266199425,1876290.6591216158,1875954.6240270212,1867164.9367719612,1876538.4974258426
140,zipkin2.codec.V1SpanBytesDecoderTest._Benchmark.benchmark_6e205f02_readSpan_localEndpoint_noServiceName,502313.7138167518,505280.11813780107,507280.933101095,525641.9784067246,524141.0691254612,506627.081817048,525659.9999413827,540638.2295859149,543357.2349264149,523124.3060792619,525029.4465261973,523681.140671081,535896.6203367058,539448.7386572747,541357.0809931477,538053.909926758,539919.5328760162,538168.121098694,541706.6706233722,543943.5331077235,543942.8583353913,535667.2177274596,532567.1285695555,539151.0595932794,536303.1748003765,526169.4738806541,530079.1288893552,531869.0183422832,536774.3754328813,544708.2509733039
141,zipkin2.internal.WriteBufferTest._Benchmark.benchmark_952e4ed0_utf8_21Bit_truncated,4582132.3544244515,4603150.902135355,4593849.932814895,4593102.963295238,4504462.501841607,4494753.05804674,4601103.503985512,4693469.109412827,4623001.175690626,4595065.223305671,4594590.395818335,4518766.723677369,4573224.560458545,4586305.105673602,4445633.104751997,4501635.27983133,4551328.304912401,4473024.690370613,4561670.712254606,4690781.419993215,4606233.177791888,4604278.131953356,4596129.193826023,4593139.248499645,4639245.557073915,4559921.611764739,4600078.556781569,4628101.297784824,4573064.567609551,4588839.51231599
142,zipkin2.codec.SpanBytesEncoderTest._Benchmark.benchmark_3e72435e_span_noLocalServiceName_PROTO3,1272615.0071428507,1246031.406245018,1291402.4055300346,1274141.2116014862,1278928.8097067366,1272357.2619767906,1277365.6439051565,1267520.7678449652,1291384.1119766966,1298269.5854828872,1292432.7716039475,1278873.331196508,1280182.688759838,1280556.1466459546,1302003.941000854,1288563.548794866,1293786.3725826659,1297413.5432074165,1287167.4853619216,1297032.8813771338,1293915.0745436323,1282398.7604550924,1306772.9841237208,1291003.0666550063,1284650.8853526998,1278010.941429608,1285480.6123544555,1283299.5737579204,1275313.5300420444,1307326.552358935
143,zipkin2.codec.V1SpanBytesDecoderTest._Benchmark.benchmark_ecc8df66_ignoresNull_endpoint_topLevelFields,361904.2578722877,363963.1226433988,359628.6777654781,359460.18808348983,360186.83767707483,361648.8559475863,359649.75233819085,363322.7465806058,362041.15967896295,359322.38513475086,359110.45998536836,330324.5089079769,337403.10194260144,351238.720600878,360110.66995212785,361687.36303911614,358492.4999784079,358529.99241217296,361901.8435507921,362636.33522904816,358553.82201850245,360240.7635601859,362792.81304272555,360683.6103517135,360057.3243663229,361763.79581347987,360634.4373989038,360736.6064568948,361111.65402453917,361282.501793133
144,zipkin2.internal.SpanNodeTest._Benchmark.benchmark_ab0bf973_build_changingIps,520847.29708208184,521576.8783060199,522784.1846644381,526212.0557096415,520633.4808813472,521144.1438893193,522425.60407850594,522500.14061850094,522376.9656390397,525044.2063806423,522447.15842953965,519627.1830231485,520037.8699145975,525039.8374977919,520764.7422635553,521763.056952657,521629.3810703015,523545.3006004301,519951.4539714777,525442.6046680271,525638.6970948398,523853.65960123506,519917.1995511309,522634.063198639,522031.95361269015,519929.1551414474,524423.5034219449,522161.89090346155,521145.0983916156,524508.3144029297
145,zipkin2.CallTest._Benchmark.benchmark_0976b045_onErrorReturn_execute_onSuccess_null,278608.93004297395,278809.4356050673,281012.6343778403,281941.3028263629,282842.31617667264,280501.88798232365,283318.28484405804,284185.4472858484,282047.08563215885,282134.4596875358,282841.5392058788,283079.3227394425,282083.3971928358,281880.32203925337,282443.9143880886,281124.9886799308,281447.08972205716,282058.2711991363,282262.54437592544,282405.854575757,279202.39045758994,277607.6796078474,283464.9451385964,279701.2166647949,281378.36065325525,278032.442311163,277667.0639750999,277375.97522219806,276726.2084530541,278272.83106970554
146,zipkin2.SpanTest._Benchmark.benchmark_579228b8_remoteServiceName,3218709.224249726,3244653.726608759,3201619.6555781993,3239965.5356997564,3247314.6065403204,3239772.55718447,3139460.4368178514,3253713.090720533,3256140.2785426327,3248747.4706257214,3249499.692524614,3256446.208627947,3167409.8350501833,3260787.999249593,3264613.07958051,3268019.143580066,3265367.772532778,3196874.8008799846,3279307.2757951957,3257868.9474850944,3265565.0983851077,3252406.027047614,3258247.592996141,3273548.4321245044,3273145.925862878,3257203.783517208,3271477.6867625606,3261005.022833988,3276137.0531485816,3267310.459762849
147,zipkin2.internal.TraceTest._Benchmark.benchmark_164517b6_doesntMergeSharedSpansOnDifferentIPs,1768.0876862028838,1788.8963350394085,1782.9989459397957,1768.5358495348255,1791.4876166267686,1765.211442978981,1769.2363409796703,1761.2869588263018,1762.0626373008977,1755.567840173472,1758.4997947333882,1764.7196654575437,1781.7568076955395,1772.2941324652159,1763.9491220187099,1774.904381698552,1779.5313479627946,1770.0679247124765,1777.6012520423444,1741.32764031285,1726.850420216601,1742.0842316136307,1758.144142464025,1761.881864059133,1739.689635889578,1719.987517308024,1699.5654177235572,1709.831012271564,1716.5815094440682,1739.4292775991562
148,zipkin2.codec.SpanBytesDecoderTest._Benchmark.benchmark_086a1c55_localSpanRoundTrip_PROTO3,1791618.155097036,1747205.996366726,1769334.3593316684,1759895.1729848643,1739668.0317522297,1689997.0176370281,1700167.1015814452,1598996.0096353735,1497209.451898368,1520982.004241355,1539715.008706101,1549137.7730775909,1533962.0661875892,1550243.3286535067,1578753.172527609,1563131.8769400725,1544687.9647491798,1587299.5317893722,1567305.939542564,1563277.9161505378,1569574.430546884,1600144.2207983416,1600237.6060751157,1591150.2089690762,1572533.800376259,1618489.7629166564,1593302.5172168512,1593550.9309987468,1617890.9036889714,1593892.8289518142
149,zipkin2.v1.SpanConverterTest._Benchmark.benchmark_6ad9a59d_oneway_loopback,944932.8211916165,951180.936518442,950725.8797966944,950412.3229200786,940570.6548254929,949518.5476459095,960795.8544183703,955615.6468600819,961744.3601020505,950926.008801659,960141.3107155883,952591.8213349766,953780.0062593919,951856.790862466,950963.3333344266,950317.9384808551,953526.6687880192,954323.3857914518,949137.1662627797,946136.7255835737,951997.0888996169,958477.5653923068,951565.5429578006,955267.2848640805,955140.020862156,968932.8471282015,955845.406097701,954487.4176175122,950072.4830873046,944297.5985842654
150,zipkin2.SpanTest._Benchmark.benchmark_51f0347f_coercesZeroTimestampsToNull,2642273.5590400263,2643235.3888984867,2644243.081400557,2649969.1749564977,2657487.918071098,2660945.5730902255,2648823.7898364216,2663235.4564280007,2686102.354465409,2671325.7568761394,2663982.3599214163,2663099.4181999746,2656860.6859894707,2656157.924459383,2648133.379625699,2667851.770154557,2656765.9772534803,2660038.52777377,2664913.044892238,2669296.296240596,2661140.848070262,2671844.943405521,2663792.0746195326,2666120.085305091,2660283.467099133,2668565.779507195,2654655.0462774835,2669699.162851649,2673411.2130952924,2650027.6543902294
151,zipkin2.internal.WriteBufferTest._Benchmark.benchmark_01f0962b_emoji,4807209.592613814,4801515.609214021,4768917.206223202,4740347.036760405,4785544.328320337,4749996.630164852,4843112.308852927,4779360.796137547,4741396.836281034,4803452.576735151,4817795.8537771925,4821292.321500586,4867446.823331469,4821778.630873064,4833793.828293498,4833695.718351551,4901313.273611478,4865752.76703281,4819241.673306251,4804660.830992697,4858059.331110471,4856713.480466376,4831347.280223602,4818817.428004651,4827097.739399304,4798533.904102113,4821432.130818391,4779401.615849508,4811698.029183269,4740946.191492381
152,zipkin2.storage.InMemoryStorageTest._Benchmark.benchmark_d84884b4_differentiatesOnTraceIdWhenTimestampEqual,152982.05312864872,152077.50835778328,152719.094014803,153108.96080410603,152241.85045866092,153175.90867147938,151759.11320813707,153713.29902244243,154192.43198913167,154751.43951423527,154321.6923912001,154478.62161242764,153803.58266842223,155107.10164418299,155325.10451428732,153406.67483127682,153944.22264893854,154636.71297078353,154303.85356170617,155381.35963987323,154416.8060968747,154131.82161867176,155177.76968145164,155339.85576533648,155338.22794212613,156274.59273722206,154877.61872115344,156046.31378276832,154457.76198058878,154250.13817166613
153,zipkin2.codec.SpanBytesEncoderTest._Benchmark.benchmark_a9da42d7_span_shared_JSON_V2,1039901.3973588169,1065200.345088406,1065571.913521195,1051000.044003955,1095961.2778433913,1041971.0907155304,1055394.7756550703,1072091.5760083816,1053523.257151856,1054589.284894877,1080362.8714046602,1069996.1929097248,1082029.788935904,1062737.394369332,1066284.9086525703,1044573.2312084219,1058974.8656350854,1061436.779025136,1035261.7991829938,1062004.6898964036,1075480.6653214118,1071344.4498709384,1101834.1664244998,1057587.894978549,1085305.978950638,1062689.0183932588,1062322.5269332842,1078298.3760477633,1049636.2536119223,1058768.0671327997
154,zipkin2.CallTest._Benchmark.benchmark_41ad69c7_constant_submit_null,39255.88081914583,39859.63704669969,40334.81401441967,40166.30871723884,40082.63698659155,39996.924116544666,37809.18209671561,37264.45341338999,40181.78228707201,40102.574074986485,39208.11672859783,38765.68692865235,39706.13980271104,39917.9462216669,39784.192524565224,39929.0275060412,40143.0904689459,40588.75919052243,39526.87551907085,39644.87079070362,38970.43938786445,40435.06979121945,40855.805580523855,40568.776871596216,40817.88087951482,40281.586639969566,40328.455662118875,40281.76065107005,40245.43188025493,40488.1924677579
155,zipkin2.codec.V1SpanBytesDecoderTest._Benchmark.benchmark_8c1347d2_localSpanRoundTrip_THRIFT,1080130.765002604,1093550.5210053208,1075215.7748760597,1056894.133382825,1066959.9959188807,1079694.906678804,1089131.3722399252,1052499.8740163592,1029103.590335651,999200.8617057081,1082809.8812737064,1071425.405114057,1084864.1539914666,1085015.329851483,1098721.3025902992,1075182.5200036154,1079222.057754322,1091119.1854454807,1089402.3188447945,1064971.2029160084,1073425.4826599096,1055974.6709267679,1091374.6826174108,1062969.1074190051,1063031.8560966223,1045004.8020775899,1072222.3970196785,1070116.816181555,1084647.1998100856,1097239.5793266434
156,zipkin2.codec.SpanBytesEncoderTest._Benchmark.benchmark_f5fa07be_localSpan_THRIFT,2598381.2734758784,2699045.645473805,2677465.145128915,2688478.547327463,2668422.242947113,2642306.1062102746,2607153.3101928304,2635229.3475649324,2611356.518278627,2605326.591940229,2603789.5381330675,2639033.5947329677,2568488.6517956834,2618617.2397211324,2591051.6855366365,2558814.5521306223,2601663.429816392,2619977.7807030836,2632855.368928392,2670738.8133352078,2630768.6043877504,2630981.234270611,2601205.202488002,2642622.7424824005,2713083.004154306,2679820.732136546,2686996.2668836312,2697595.5138180787,2577656.5125446687,2602606.816948711
157,zipkin2.internal.V1JsonSpanWriterTest._Benchmark.benchmark_4f5005fe_writesAddressBinaryAnnotation_consumer,603861.0303647956,600716.5819434376,609785.4551400578,598903.3845476971,597099.5762609683,605431.1505065601,602488.502741464,607920.1690131702,605745.9930754984,605380.8474582297,606182.466602128,609854.1882432201,609990.4249985409,617768.2772156884,616324.2625930723,607584.525869036,614412.6308155869,614122.2897324964,599401.3454201263,608555.3564072929,606894.7770617848,605775.9121497659,605326.8335367537,606757.8574201082,598268.4764114333,594760.9904304347,602646.8117271484,607271.7013152108,604027.8897826067,610136.157867312
158,zipkin2.codec.SpanBytesDecoderTest._Benchmark.benchmark_18e03d16_traceRoundTrip_PROTO3_heapBuffer,248163.77873412374,248996.44492275247,251126.79063897466,247313.88920363563,252472.5764064322,257086.06400615044,254029.85649522493,248333.16823316648,249611.97358624497,256218.80651002898,256326.10394623643,249346.54791738692,250603.21777419624,247638.42707277418,248163.73397138924,245379.42996576265,247665.8765360121,254646.29184069822,251773.721066517,253782.7608807295,250176.51095513438,256332.55489046228,251220.83288990913,246098.24840933073,254889.25324578673,245133.91910925863,249851.25669251135,247876.98037179286,244690.3661965392,254744.13897610496
159,zipkin2.codec.EncodingTest._Benchmark.benchmark_fd557c5c_singletonList_proto3,5157221.229515194,5152937.250806054,5155626.250976334,5154227.569090629,5133314.64514965,5093884.632210487,5064969.452481962,5069112.784382618,5080245.325332632,5115350.082499369,5115190.064492395,5056289.759134276,5066963.380735809,5092477.169690733,5104428.42953487,5122771.7443749,5096866.149978256,5130678.41651764,5114089.014474228,5131786.018876215,5155059.853046756,5142273.435406243,5084886.9493514635,5074245.95084177,5098108.636441081,4994591.202474002,5034610.634214292,5117777.12144773,5067188.849179275,5112896.974866715
160,zipkin2.SpanTest._Benchmark.benchmark_9d7569a7_idFromLong,3470623.027717099,3552798.315304992,3512987.8579434454,3486650.613705096,3511460.118815322,3527428.514114754,3524800.922579045,3379621.440031839,3548567.1486406154,3532171.2145055737,3536764.9413948855,3515572.769603899,3480219.859481674,3499618.4058223274,3498177.744766343,3504236.585412147,3569759.294806102,3450191.4791393266,3514781.1782214204,3433221.982741186,3488840.143448621,3545764.378195903,3486204.2116388325,3502005.695789775,3512433.725336384,3548423.0514429943,3555108.716972491,3508591.1370121995,3525064.8408162952,3489313.632625909
161,zipkin2.internal.TraceTest._Benchmark.benchmark_bddfbcfb_cleanupComparator_transitiveKindComparison,224327.69174562284,222726.38099143218,226098.61042389777,227220.915041212,224412.27548352795,225461.67475018738,223278.87691618866,227322.36162117956,226410.65948124707,225707.6504422176,221480.03479788586,222256.978630393,224035.27920272175,224336.3201955308,223745.26015685702,225684.06877255367,221806.7221731285,221619.777447654,227749.51446047224,226387.60152483277,223788.60570786175,221748.05399792318,226220.32758968908,226018.12339129628,223868.54938918754,222546.9025051725,225322.22800029386,223850.3805982943,221969.56895695414,224048.6600011227
162,zipkin2.codec.SpanBytesDecoderTest._Benchmark.benchmark_fcd6ad16_errorSpanRoundTrip_JSON_V2,483618.41865889786,489336.593644058,485050.53642499476,486801.1367050099,483204.321417442,479963.06641695596,488316.2963515591,488592.64920586045,487201.0105590156,479252.12523690594,486750.250968505,484355.5036261425,486065.25295451755,487187.17002061865,474711.2492377108,485168.42312473606,482217.0422084435,484135.77548760263,485023.8679706138,485574.52215235884,485039.7845623506,482180.4757005965,487340.84650663356,486005.8473096926,483918.90325562947,479147.45270051964,487047.15374677005,476468.29025706067,483472.68177803507,479795.10982124956
163,zipkin2.storage.ForwardingStorageComponentTest._Benchmark.benchmark_d0d51164_delegatesSpanStore,32666.75460121342,33368.58291332809,33492.60226460388,33001.2982167163,32719.72842639404,32977.2584829107,33677.06886272301,33288.34164454161,33064.54895383204,33593.64224827,33083.7006617841,33367.41819601708,32809.7511540364,33143.45922241601,33121.225997958994,32782.34276164277,32717.174708378057,33641.909861782195,33980.99172338915,33908.83098771704,33336.33108015057,32760.045142586252,33150.668712373474,33677.83751634586,33757.33269158103,33507.27934294647,33154.455461852216,33855.003746257134,32872.60432571836,33555.33986687671
164,zipkin2.internal.V1ThriftSpanWriterTest._Benchmark.benchmark_68f273b4_writesDebugFalse,216958.76624022843,215932.3331065807,217608.25811350078,216615.09322775243,217158.73295226475,220248.83676739514,217297.8978010285,217352.02096558438,216400.78737371837,216974.9120938857,216402.6520646732,215317.59503757439,216484.20040970005,216621.5901595493,215697.51836848757,217281.00058145763,217600.1745185158,219358.97852748286,218682.55698447264,216455.7530102314,219112.94791275996,215867.3169637341,217376.0456285524,217822.48880407246,215622.15492122035,216992.62978212335,216692.63891700635,216702.48086280504,217874.93847929526,219198.54075494347
165,zipkin2.internal.Proto3SpanWriterTest._Benchmark.benchmark_cd89a3b3_write_startsWithSpanKeyAndLengthPrefix,1092520.8595042604,1118880.6867226774,1104397.2194854252,1089294.1034021166,1089810.0131040474,1111363.3692253688,1103921.9786577444,1104224.6105271904,1097049.9964611614,1112129.2897159532,1126321.652901232,1096981.576149226,1109806.0375035948,1106824.5034731892,1099047.2762664133,1000406.3270740394,1111730.4118969527,1116605.9077859875,1119476.1850320394,1111731.6842258023,1121403.2471881772,1127960.1747475767,1115876.3528865213,1109496.2907659984,1106766.3109593967,1110389.1202351076,1112515.3096549576,1110884.5579525814,1123876.7139733322,1097288.247717493
166,zipkin2.codec.SpanBytesEncoderTest._Benchmark.benchmark_ca83229b_noAnnotations_rootServerSpan_THRIFT_incomplete,1080800.5650034798,1079014.8798968047,1072665.247671774,1078774.6210566806,1085287.1050929374,1069875.8380803673,1075157.451551329,1071078.6668694625,1081605.617435437,1079940.3625524617,1072132.4763562526,1076555.6479350028,1079068.1735613728,1073029.9272632585,1086736.7998624921,1078304.664153611,1081105.4876437571,1068962.3800304327,1074254.2152564868,1082218.8050683897,1083867.538538192,1077100.759232602,1072512.462452442,1083688.4928407592,1087164.68914433,1078675.9292116384,1081656.7537321695,1073799.1163634707,1078246.2250407538,1078781.0809351911
167,zipkin2.internal.Proto3CodecInteropTest._Benchmark.benchmark_50699f3a_span_sizeInBytes_matchesWire,2102029.969601005,2065113.7557658846,2046093.896874263,2032389.9868830764,2038805.715826704,2051069.8195968014,2015922.2809011964,2033513.0693449168,2039259.836968276,2030703.7531722744,2052233.9014543758,2038670.524917762,2015676.6163873263,1989680.721304536,1964899.2139710172,1971678.3514020303,1964757.2654234113,1979643.0169051266,1976154.1083718126,1960000.7213003929,1996952.375824333,2042979.43628713,2023270.3802529129,1987527.1818622174,1981894.748104261,2003997.441058852,2070395.333978087,2021760.6774418894,2026015.6216501878,1980946.867097762
168,zipkin2.codec.SpanBytesDecoderTest._Benchmark.benchmark_fe0c548f_spanRoundTrip_noRemoteServiceName_JSON_V2,232172.4602325677,229070.58475610087,231888.70288623517,232570.8969973777,221217.83526168755,199360.71994458977,208590.40169505173,216432.50091759005,221850.1227888332,219030.8087508018,221400.86813626636,224013.3696652381,224923.28710195527,226228.64631423194,230999.59529971684,232948.04463728322,232000.812306335,224178.5889828345,225887.08242553222,229684.5184375058,228978.93841929236,228363.88348540736,226851.51768358093,233122.2391660605,230260.7024888931,233384.85039737407,239220.17965185907,231624.53867668574,227197.621839832,231583.04177089772
169,zipkin2.v1.V1SpanConverterTest._Benchmark.benchmark_7b6ed4f8_convert_sa,1678502.4085187337,1676160.9079312666,1695334.7532851622,1683937.772408967,1687824.3303642988,1695468.91507059,1693112.9037948537,1685339.3662214628,1686690.6573722984,1686533.3985007887,1685222.8661924656,1677081.220512719,1677218.4905651566,1688115.3435635527,1699903.105320998,1699179.8476947863,1682953.147289841,1676804.8264139916,1678460.9781552171,1687095.1796243011,1697254.755286644,1682042.7891362067,1693828.188262263,1687359.3318490912,1686317.5031674851,1671177.3354497848,1680390.0981282962,1678622.8323461933,1678366.8418454719,1680219.4811596961
170,zipkin2.codec.V1SpanBytesDecoderTest._Benchmark.benchmark_4c034e89_falseOnEmpty_inputSpans_JSON_V1,6599744.109631493,6580371.43564876,6496947.504613885,6591843.33978342,6545758.9926088285,6608301.057619228,6527442.524777923,6522708.045728243,6558816.486443329,6595668.266589373,6641656.751599209,6593205.02649848,6634412.711080031,6657735.4760737885,6627137.822413259,6553030.449386646,6634564.13952923,6632171.4236697685,6624195.039870873,6573810.17115339,6598131.0936420085,6533595.6284901295,6477439.151569856,6478705.699093445,6564370.316374224,6562039.141448616,6515169.390752253,6492518.135581845,6422876.312455371,6426914.174593788
171,zipkin2.internal.V1ThriftSpanWriterTest._Benchmark.benchmark_cb4b0bcc_writeList_startsWithListPrefix,1025896.6147575569,1018483.2570917392,1032436.6503108325,1040665.129155285,1016616.8626223924,1041281.5368407599,1030196.4628181205,1039717.1744676951,1019602.008731399,1012223.6759820711,1033435.175915955,1014899.0111492058,1037509.9559467972,1015899.8269504838,1041197.6743299668,1023310.9169308982,1013651.0621565689,1039434.4144361338,1026485.4486817293,996445.615620692,1005884.2877368549,1027893.4826350601,990028.6851883291,1002132.7209187928,997258.8079489599,1030151.778714645,1038297.4196240243,1012651.3955280798,1007632.804544887,1000760.6291150487
172,zipkin2.v1.SpanConverterTest._Benchmark.benchmark_444df406_assumesServerWithoutTimestampIsShared,1496516.5530303326,1607414.30817833,1555921.208996464,1588557.03423765,1603657.6461055735,1505948.782611656,1555750.2708794838,1545366.2284547444,1560130.5852409862,1497945.8243409449,1523572.7328139318,1527919.9246455776,1604097.7210429981,1555102.8571832317,1517880.838509493,1579663.8343972326,1571365.148344541,1526801.7516654641,1626700.7493014408,1598219.224493817,1593620.3836668583,1570863.598896727,1585010.8577871625,1522808.267157548,1500724.0382551663,1565124.0054496974,1557842.7313133234,1508648.5654292463,1488438.2053364979,1485297.0250598264
173,zipkin2.codec.SpanBytesEncoderTest._Benchmark.benchmark_18025c7b_span_noLocalServiceName_JSON_V1,492673.6073644487,495607.4451695735,494468.59691935277,497428.2165401329,495783.12027362117,493183.50572344643,493827.3540342371,493298.561560586,497158.5834525569,480028.34070838103,479494.8339939564,476681.0625825784,476199.18113940174,478680.77795126115,486483.7813627824,493615.9570875243,493520.2586046155,494773.63498712063,494373.0906764771,492788.53642778646,494122.26482448436,496298.77755778894,493585.64451447286,492569.6947245032,493428.36101182044,495685.4152879406,492695.56407016545,494028.0133746292,494334.0287957266,495324.64329209196
174,zipkin2.internal.ReadBufferTest._Benchmark.benchmark_b5544bc4_byteBuffer_arrayOffset,5229527.988516186,5291312.893658204,5254405.172712714,5238698.953703968,5274473.7452619765,5274677.3350138925,5212481.416196279,5218975.340325294,5290734.067066284,5260790.789262625,5262929.249870958,5256527.963823247,5216119.424914705,5296276.603259348,5251510.139115504,5268595.354743997,5224513.523987931,5244515.858726416,5272086.484124364,5229913.426909157,5249250.820989369,5254614.1733851265,5238545.393669656,5264836.873015823,5323517.18737666,5296419.786730913,5245690.7587139625,5193186.46946829,5321070.598236832,5331417.828206885
175,zipkin2.SpanTest._Benchmark.benchmark_dba9684b_normalizeTraceId_truncates64BitZeroPrefix,2573994.298911256,2568477.866742629,2582624.516605419,2599023.5525342827,2664099.1363375788,2641906.7977027446,2652854.957176,2649032.4399606907,2646714.5617119735,2636555.968625781,2654077.4527662755,2647018.3336174414,2650003.53016536,2622438.896342158,2631191.6605362087,2641691.9097142504,2639833.2920948546,2653814.9763749563,2666149.5655142707,2667715.590408497,2660884.7033877275,2652441.0738367545,2659176.1234342027,2656538.24349891,2671890.3196231457,2644319.553266786,2652237.767759451,2662519.8072777595,2644749.8519606427,2659437.869207963
176,zipkin2.storage.QueryRequestTest._Benchmark.benchmark_ea6a2ba5_test_minDuration,1386109.8175820522,1391245.4636233235,1381535.2882002115,1397224.7690735408,1389498.8099970715,1388675.9621813127,1400668.1759339245,1535130.493771758,1524028.3052358746,1425480.4444981683,1519924.1484943067,1554048.4438394033,1569130.461595683,1624932.2733232179,1620542.8801550579,1597198.8937042796,1517488.6029109126,1575200.18914678,1635224.530033892,1628796.7002415042,1634160.590598066,1628534.757632007,1616229.054121407,1625135.904622323,1630086.4505498302,1581979.5918965708,1529458.272392677,1610621.183399664,1556696.1622221004,1583703.2461932695
177,zipkin2.SpanTest._Benchmark.benchmark_9fc894b0_normalizeTraceId_padsTo64,3110572.0155729325,3156352.978345818,3116563.9434373486,3131258.363447602,3109726.206332077,3139410.0871765334,3146917.394092365,3132283.778442485,3146833.8607881647,3060757.464385558,3105176.1230909647,3101899.569611982,3100206.5426448192,3082932.144885109,3139583.90560874,3062301.540985083,3043447.918034087,3042978.8319770657,3114103.489155164,3093942.1830105395,3106220.5377235436,3106905.8262942163,3061933.170814421,3097726.778837587,3096918.2241558363,3089310.148791531,3123023.1007694253,3117500.276278159,3088078.704051381,3084995.1128128925
178,zipkin2.internal.ReadBufferTest._Benchmark.benchmark_57a2f6fb_readVarint64_malformedTooBig,990577.1744232043,983578.328782173,984720.7997119781,996841.3517822849,989227.3511242145,985736.270959687,975328.01443926,991567.5468904832,994490.3758381377,974345.4987454808,970872.4796715722,995803.1752739941,984625.6762449937,968537.1571408192,990458.0722915367,976379.706600358,984205.1919813561,981751.5192674508,965652.4425682998,977679.8603369743,999087.765607681,974041.1535842244,983621.7454190393,993161.0589583041,996139.3167980367,1006361.9134553298,976331.6870901317,987780.571750698,980983.7373292246,959708.5695933343
179,zipkin2.SpanBytesDecoderDetectorTest._Benchmark.benchmark_4ebabb17_decoderForListMessage_json_v1_singleItem,301668.2619377014,302560.7407336513,303232.58650865476,303019.88906662934,303567.34437574825,304389.78143797955,304192.9723657252,302880.90699338494,302951.9740545918,302692.57031751337,303764.6596011473,302675.5495438666,305059.37424873223,303716.3876523319,303775.09825730807,303333.149667787,303431.7564392999,301486.3023615333,302393.70400329126,302823.51783236844,303556.6851259225,303278.5131448303,303656.4594842403,303996.80168494146,304050.5112301188,304622.6241727229,303805.81000297394,303211.492517436,301839.9813314815,302930.79595185636
180,zipkin2.storage.QueryRequestTest._Benchmark.benchmark_6634787e_test_maxDuration,1280685.4505972296,1291933.704162093,1300257.300386947,1298499.411871166,1299088.7798944344,1298805.7682847036,1300516.495645223,1295108.5700486582,1294162.4912279046,1293765.4020524516,1290074.3188310112,1294071.7149114877,1275247.356926003,1287760.8736920713,1300161.500921803,1293962.795010114,1297824.22647967,1292645.8135331823,1299037.4142090168,1291924.4755371895,1288367.710630129,1296871.386419188,1299638.6052799027,1297590.4760879865,1290669.0117677911,1285913.4039656369,1278117.192786624,1291705.4847216054,1288860.6151953198,1289988.3978890774
181,zipkin2.EndpointTest._Benchmark.benchmark_81a2c025_parseIp_ipv6_bytes,2054397.223759322,2055341.2961427467,2056970.8322600727,2030523.9852332382,2049258.891117166,2080733.6096263083,1805609.4806105176,2028888.992483534,2035680.5399474893,2048561.3008940853,2052923.6990120986,2061230.15475144,2058276.1729941552,2056411.3229726392,2080966.1249232858,2069171.0013798065,2080949.4112749735,2076307.0289035628,2074753.579477296,2095867.1346615255,2086412.4234448683,2082499.1753843906,2089704.7402985336,2086343.0787783759,2082879.9352517196,2084639.3792684458,2128865.033700563,2114007.1566358306,2101771.1092704423,2094357.065672854
182,zipkin2.internal.SpanNodeTest._Benchmark.benchmark_e42157b1_constructsTraceTree_qualifiesChildrenOfDuplicateServerSpans,330640.05514998565,333466.1085893999,332766.9992830362,335836.92156520416,333041.70148098335,328003.6873926149,328364.0596322124,329142.5001552716,329798.0134235206,334037.06167674466,329254.3428364394,330984.10073455964,333073.3857230251,334315.60098915634,336209.9681700617,337257.83983132703,345798.6484636852,350791.34948532167,347490.8149203135,352276.41646091134,351539.73743993544,355313.7397773266,353347.32437425485,357388.1765599145,353059.05192798306,351534.450415634,350657.65577103023,351941.61815842194,352528.4028853685,352761.83274467394
183,zipkin2.v1.SpanConverterTest._Benchmark.benchmark_52643bbd_server,3641.3683136317927,3674.132261813066,3685.9291564895984,3691.5682120325114,3693.661642125273,3699.3377519543205,3690.854473298972,3685.555433561382,3688.397087235326,3686.597531101036,3686.4484704443366,3691.8791012023257,3695.423990567166,3728.955523286883,3720.461273487138,3739.0366895434527,3718.5713082253023,3702.7554218961177,3728.3308615469546,3725.394813337968,3774.0809924079435,3702.081750450945,3744.7375665820787,3768.987506734166,3766.0652701320837,3728.722418988241,3739.768250301297,3731.936166812416,3761.0023189148615,3766.7582758211656
184,zipkin2.EndpointTest._Benchmark.benchmark_2cd65dd9_ipv6_downcases,3049920.022261242,3061338.8043974414,3053513.847587595,3092944.9437770615,3031255.472588927,3041611.3702301937,3065336.69228718,3060444.8613539273,3032749.4094389086,3026229.0238014585,2997751.7544331905,3046191.260349769,3064993.3958079056,3062126.6769882147,3052620.7307014065,3079038.3867085907,3031229.7504408676,3018139.5601938157,3028181.949384668,3055993.5635879426,3088546.039331889,3108515.4051466933,3008930.9890938425,3055140.388971922,3105165.547190761,3091991.042768575,3111061.921346929,3073255.6384226168,3084039.959912468,3082196.444641254
185,zipkin2.internal.TraceTest._Benchmark.benchmark_41e57706_choosesBestTraceId,853800.9880676242,848012.0582925132,854110.7508493124,844866.0884804836,852249.1027250212,849222.4810440069,852117.6613624825,850230.7887341776,857543.7475204337,854034.4641464495,851824.1131283587,855092.6553269405,851531.010119446,846579.0243299066,847796.4609166284,854581.0266188228,851311.3413703361,849798.1255581748,846007.6218156021,851423.850995452,864193.3167220918,863689.7597831825,862636.7475798705,855613.0411236224,862355.8336403928,855309.6456356093,856784.4134082374,852155.3768490135,863290.4800626462,859010.048140329
186,zipkin2.internal.V1ThriftSpanWriterTest._Benchmark.benchmark_25178a85_doesntWriteAnnotationsWhenMissingTimestamp,1083676.2861311021,1088138.5277991574,1105426.2219677614,1108840.396243717,1101129.325061708,1077849.768469694,1081269.5462881343,1077965.0560167567,1108945.828738887,1091653.7518138061,1102916.6418740381,1092666.0609654312,1067608.7147607247,1106595.4716064357,1094172.4323354422,1112396.4938163452,1096776.268215065,1114524.5805654023,1067822.8776859057,1092685.4298112863,1079104.962190039,1104776.1086485682,1076073.7007587533,1093284.5492639928,1085555.6022069443,1113093.223281831,1080317.421698951,1093229.3121502113,1069222.5389115363,1082576.3202650973
187,zipkin2.internal.AggregateCallTest._Benchmark.benchmark_e8d36cc1_newVoidCall_singletonReturnsOnlyElement,229325.11525041435,231001.8677889894,232388.96327213148,231302.55649916694,233918.02901776216,234463.7612743579,234352.02880977126,235369.09904678134,233872.975684481,232819.99913653193,232249.78408782522,234474.52786222048,230539.4337372434,227555.19032330034,222776.6027950978,225866.29312203036,225868.40694865788,227325.87761371475,233758.340115816,234061.8619031235,232259.72355147672,233009.97396803185,232457.3474880492,232337.48891690242,233138.5052077142,232073.497372871,232854.95592229557,230341.6504627521,232399.1069890572,233226.18530178757
188,zipkin2.internal.V1JsonSpanWriterTest._Benchmark.benchmark_eb489ed6_writesCoreSendAnnotations_consumer,544639.8290656414,545755.8504191717,551448.0442393408,556264.9039703814,556450.5193990163,551667.3246781825,543855.7115470609,543587.7416519964,547679.8767886522,547890.9054738284,554677.802231091,551367.7394410465,544096.2654127851,547472.6438573805,540191.0309627792,538652.3232436914,538473.5071326492,533684.5128287208,532550.1880523665,532955.2538557913,533645.0903880208,531356.4016162048,532696.1107102191,535071.4294229577,539575.0064572336,531919.8853463067,535651.167211888,535553.595629055,537300.3834989436,540522.3739350764
189,zipkin2.SpanTest._Benchmark.benchmark_e70c06d2_builder_merge_tags_concat,23864.187085435493,24218.095165301856,24336.827889695178,25088.474219351876,24557.647634902394,25524.300104362883,25291.436475824336,25440.89428785246,25278.729972606434,25224.161694436607,24943.652702506082,25460.990256341796,25452.322081119124,24947.828050829485,25103.864589966382,25252.831326242638,25620.719040910113,25578.70208549878,25618.014682309917,25706.106359675014,25142.88770471568,24744.391980800247,25430.097358694253,25841.51474803606,25766.631164619514,25851.99804712323,25338.689998326303,25227.93200072668,25491.199964405714,25229.590725463262
190,zipkin2.internal.Proto3FieldsTest._Benchmark.benchmark_0818ff68_supportedFields,1243477.5635505838,1234058.2913408068,1242038.1810201618,1249600.115293551,1240740.0849163115,1241522.4798926462,1234483.7832518078,1210415.9012808027,1241722.3563536962,1239450.1543887455,1243861.9327284005,1246746.8962033803,1250443.7568465427,1249484.2079963943,1254127.7662461102,1250067.838421147,1249884.535553865,1217389.061666425,1231880.4729728391,1235420.4088111208,1167267.1255267458,1187648.3052256145,1221537.9370768075,1221505.0819898008,1238913.3893217663,1236418.2649104055,1248002.6670498063,1234243.277656229,1236235.4467613574,1236525.6058337854
191,zipkin2.codec.SpanBytesEncoderTest._Benchmark.benchmark_7ad0031c_noAnnotations_rootServerSpan_THRIFT_shared,1239749.591109695,1240697.8285852626,1246581.1153679993,1247987.5750506658,1246023.995178487,1240729.4331942217,1241886.706470444,1237336.787172088,1240670.5358627904,1242821.092635107,1244616.9685886912,1242495.8876937826,1243299.2537228616,1241035.0257553386,1243231.088226369,1240830.335625465,1242466.7654422373,1235889.9884660968,1240353.2950682167,1223500.3684447757,1247261.890020609,1243716.0913310794,1234118.6407447837,1242030.9217297267,1240915.1449861364,1241412.288323342,1239757.7480441974,1240262.3156022476,1240090.1700352023,1244079.950791613
192,zipkin2.codec.SpanBytesDecoderTest._Benchmark.benchmark_74d6b07f_spanRoundTrip_noAnnotations_rootServerSpan_incomplete_PROTO3,698120.984230772,704214.1544296091,702036.6011200846,709772.5185957673,703991.1868538952,705506.3934857526,708974.8180935557,706285.0465329948,703857.1771909599,699556.0280683363,705550.4153326692,708275.6632423267,704749.5894390648,707909.695423895,707881.8621767848,706219.8013567904,706757.8788527834,707243.2434058308,711489.7705614611,705942.8339718145,709778.2765489747,706209.3759441453,706076.9918962807,710702.4052163219,708972.7101263197,718632.8213964109,701789.5848402323,706383.400832326,715250.8017150935,720400.1380580856
193,zipkin2.internal.V2SpanWriterTest._Benchmark.benchmark_af77b67e_writesAnnotationWithoutEndpoint,731671.7631747277,714741.414962789,728015.55178174,728239.9783036597,718060.5793935383,725870.9704924744,720275.4031773849,717311.662306951,719979.2867082137,725800.9665348931,710805.074301199,713414.7484009692,719659.7461591457,714304.2672666942,722087.1839984554,713837.026839989,727748.0139450623,712906.6170801913,720744.2922981818,719114.4156354726,723304.4737409404,712648.7065102764,729170.8193129819,714991.5264101757,718489.7444864641,714917.6460623537,728121.0998632882,715390.4345757749,723038.6229407499,713054.6145465593
194,zipkin2.codec.V1SpanBytesDecoderTest._Benchmark.benchmark_6eb29365_niceErrorOnTruncatedSpans_THRIFT,172167.00574472666,171126.9826737285,175570.27937591207,176393.8228412996,178263.04934544297,178557.34177953744,175721.66167125021,179830.7616761206,179520.81770349597,175774.63681877987,178961.1528066061,180404.8123114679,175650.18984302037,175834.15017365786,177558.27710273743,179216.45759188215,180423.89292243388,176418.6228313926,177214.44125134533,177104.09857672348,177926.4941680918,179056.99369561608,181786.32606545178,178829.0181574731,180003.0721388283,175840.09404830178,175462.1883938932,178364.9233952084,174751.14601135976,171465.2300678777
195,zipkin2.codec.V1SpanBytesDecoderTest._Benchmark.benchmark_ff16df59_specialCharsInJson_THRIFT,690133.9753992327,686970.7414585501,688434.3187440187,690685.7868418397,689938.3283471683,692501.616107637,690353.0980929841,690584.596918083,686545.9430634836,686090.405186595,691988.3988901402,689835.5078684965,691719.2074829483,689921.1685367741,691974.7475891034,689688.1621845408,689236.7140492358,688148.1629581777,687773.6535233312,688976.2044512429,691864.1577450279,690004.1167952355,691865.683364208,693728.9884868601,690975.3497256666,694180.5940500762,692065.3885269113,692429.9798457617,692417.7288876681,693694.0610848318
196,zipkin2.SpanTest._Benchmark.benchmark_afdc2562_builder_merge_annotations,1641055.558282733,1645597.396681726,1652259.4875283095,1652561.4646706344,1650120.821609846,1529243.5903159985,1549378.3764178555,1625938.943653482,1657742.4467115945,1658031.7287994944,1654112.7730157068,1659342.825492915,1664543.7009199322,1664488.4794330718,1666665.8717201483,1664947.1112412808,1645266.3898188174,1663414.9774892584,1665218.538519951,1662244.9044752433,1669498.8690616519,1658971.801469223,1662825.5821665456,1665787.114755868,1667426.293243811,1633846.230553272,1650088.418307903,1660564.0723423841,1658559.5151436834,1663990.0313837752
197,zipkin2.codec.SpanBytesEncoderTest._Benchmark.benchmark_8c4e8c91_specialCharsInJson_THRIFT,1881267.3774522946,1890226.5796753776,1882294.051423023,1865609.5031812082,1899262.800051031,1889470.2908407333,1876609.7362067588,1906845.1450581506,1860012.2569552085,1883749.3782738775,1871634.2756703328,1889226.494103139,1892555.0477987025,1864318.0335671105,1882498.871217574,1870550.9910428666,1908675.7237574216,1865359.1340699126,1811709.9474420452,1883886.7901409247,1882435.5557260467,1897851.0424184455,1903057.283162369,1854108.9022364425,1892994.456945287,1857334.504702334,1868746.4505256074,1889768.929323272,1840645.2431839488,1850707.9402397864
198,zipkin2.internal.WriteBufferTest._Benchmark.benchmark_3bb56936_utf8SizeInBytes,110.5045063025862,110.24341006012473,110.45765468282978,110.32540022573988,110.2740136775303,110.56127164634316,110.38205893689535,110.77793444183995,110.43018147830395,110.67180464474669,110.14005956705834,110.5374085722065,110.59531008372288,110.60708503209332,110.53871299702764,111.06090717388966,110.27609784892344,110.32957439744457,110.4004083168053,110.38263115814146,110.82481068823468,110.92873793667589,109.22018285756207,110.76935847870153,110.04288375145303,109.39631916711069,110.75613879494338,110.23820440040124,110.18995737087076,110.9697874766314
199,zipkin2.EndpointTest._Benchmark.benchmark_22516d60_ip_addr_ipv4,752117.2529182188,746317.50771854,751795.8840601523,753136.6891862085,751617.4589383482,758913.1723706678,756167.48996519,751676.9741652309,755122.1790335579,750891.1366913354,751116.1164320394,757048.8766991101,755461.483907604,752871.3116306574,754700.2061453036,756780.8760447663,754522.5303558846,754755.0887023871,755669.9739312418,752460.7187232964,753043.9209461882,753999.9876618657,756332.229541212,749529.6951279627,749997.4910251199,754246.5835705302,749430.9844749582,751103.3861558842,754993.1369087414,745909.2838143212
200,zipkin2.SpanTest._Benchmark.benchmark_bbe1db9d_builder_merge_remoteEndpoint,23543.584834611636,23407.07500215182,23429.780754596704,23614.054579391603,23649.416961850176,23603.431528371508,23748.041367740287,23549.800274143876,23704.081229811534,23642.639001931937,23782.37954150014,23843.623936775362,23845.51711882693,23615.058066178914,23725.879901209864,23826.09669991732,23896.198871802437,23722.738440176283,23933.638635411313,23588.475254728062,23854.077697858218,23901.623170898863,23870.278451647788,23664.483298913976,23696.182731694884,23637.149700813814,23671.535340183753,23731.39435758916,23726.504209995088,23717.221635287344
201,zipkin2.internal.Proto3CodecInteropTest._Benchmark.benchmark_07d23b5c_annotation_sizeInBytes_matchesWire,4494167.376788056,4509478.338522511,4507999.92698256,4491992.655196444,4500052.149564739,4514226.020974507,4514235.476975193,4497889.766231568,4519591.876227234,4415228.487984498,4467745.563430579,4499860.626723789,4510001.047307776,4479883.404796664,4478141.693250588,4493001.209715208,4472940.349019152,4524023.733000037,4477375.708970579,4504809.106044985,4470770.812435199,4535455.920674831,4477662.06605665,4466226.109779399,4517746.603566801,4443248.852389739,4451246.866253599,4484955.136499362,4440435.007427531,4489045.534302464
202,zipkin2.internal.ReadBufferTest._Benchmark.benchmark_74f1d566_readShort_bytes,5064795.452774411,5096271.856264134,5092641.40451469,5116788.127237445,5148477.4558237465,5151811.303510172,5155698.411538828,5152945.29294852,5146180.552840396,5140361.676217719,5145651.164929806,5152327.169279451,5159134.796936447,5175837.64146581,5139063.990127283,5119886.009506239,5100284.202458874,5104294.773040893,5139285.512415601,5129827.4730733335,5141987.607807656,5154645.840193049,5165888.111074095,5176190.572619912,5145080.455998303,5148161.190626386,5146391.41558643,5112622.284830776,5150388.802841158,5155387.530207888
203,zipkin2.storage.InMemoryStorageTest._Benchmark.benchmark_9340af69_getTraces_byTraceIds,487904.6857106731,489359.5171048527,488369.48788561113,485812.753965967,486997.0184139679,486348.265446433,487517.44720092963,486807.57365086436,485722.3060824152,485969.51586819405,487062.1142232266,488281.88571209414,486065.67938319076,488266.0375234522,489001.2540158959,488050.6799148829,489543.93144568277,493500.796103389,496934.3886807428,495469.45818909956,492902.3501526457,494021.5450538121,500099.83917837753,490159.8410290656,488403.16614228045,486430.91688387556,489134.8430251344,488412.45937462966,490541.1499752299,489827.2138485521
204,zipkin2.SpanBytesDecoderDetectorTest._Benchmark.benchmark_8a153d15_decoderForMessage_proto3_list,543403.6824107633,542153.2463670773,542356.9459993519,543457.2339925165,543273.2982386865,539069.8604660885,543748.9710304021,540022.8540804513,548328.1548107561,543014.7912343795,541109.4167984899,546558.9874033115,540264.594746521,544429.5999056504,543695.2828567632,545059.437554131,546936.1037936086,544892.6493005069,548659.1570572152,545159.0817738622,544252.1799160177,544006.7507495394,544878.743395185,544122.0482003876,543128.7810627456,546999.8542481674,543561.6591684028,539987.2285084557,544749.5669887548,544051.7151635903
205,zipkin2.SpanBytesDecoderDetectorTest._Benchmark.benchmark_21ea5ecb_decoderForMessage_json_v1,522438.54278028006,517031.0575735245,511995.62329966965,506550.93247825897,506428.54833772586,514527.7620599122,494207.0766429178,500963.9640378498,508004.14609570004,504988.5938079801,505116.82728058693,492839.16284821054,493212.3279676878,496644.2308759558,503451.49558322306,507915.54210469045,507411.52409842605,523557.53675367596,520222.7500584304,502840.242440209,492635.64380256244,497181.87273976015,480674.00749509665,472150.5360366318,501030.76438510866,488199.6041910112,488497.57080422615,508133.02792991966,498824.29708180524,504322.00963464956
206,zipkin2.internal.V2SpanWriterTest._Benchmark.benchmark_6483969a_tagsAreAMap,840457.6450195095,848475.87501212,845827.0510012505,853574.7371028238,850245.2591440103,847590.4296425601,847729.9895712491,854044.795419488,851050.1887071942,847022.2630228358,845954.9840011527,851450.26741334,850633.1589164439,855277.7458996642,855743.3010952875,854056.1694263399,853069.2198424276,856328.6441836983,848466.5195111401,852996.9716890082,843982.1187842136,841929.5468004948,837609.9851148882,840810.7293701168,835657.6150440046,842277.3988356336,853608.1975481915,849050.4091467547,846913.9883703005,855268.5460070244
207,zipkin2.v1.SpanConverterTest._Benchmark.benchmark_6537f059_client_kindInferredFromAnnotation,7721.972661035204,7732.049738819149,7698.92930843109,7662.772155703631,7622.763450250596,7744.385512463446,7727.121704438587,7569.581175073583,7128.165120788392,6571.840083368966,6490.619461471593,6454.670699297504,6576.109818318334,6486.09982663556,6487.446452144024,6473.089377316121,6545.758642428703,6738.70051867155,7572.406611073143,6883.421080872469,7551.098134594295,7637.173421083463,7696.378532826231,7301.869683531758,6474.566828734192,6389.461617574641,6492.668490839526,6498.066851607841,6509.090676251894,6539.027326224252
208,zipkin2.internal.Proto3ZipkinFieldsTest._Benchmark.benchmark_0656875a_span_read_kind_tolerant,1216111.3652113006,1272070.948461935,1289949.7559927667,1233029.1202549792,1237402.6231583434,1171770.5907036352,1146471.3780650883,1161456.9742846247,1196453.1377931454,1261503.956243803,1286516.3940412241,1294715.5222549702,1294828.4624129003,1306360.6505385055,1297632.9368118981,1318204.0919667832,1297684.679681176,1288739.3308208922,1305176.3998510318,1308325.6037651533,1302778.4033978211,1307906.5087754899,1330398.6694919355,1305996.2433556404,1328117.8804700908,1328762.432003699,1303720.9262722179,1319009.3408431024,1321698.7538014476,1316559.6486104045
209,zipkin2.SpanTest._Benchmark.benchmark_9241c8b7_traceId_emptyInvalid,778180.8919664163,786677.5048238582,759179.279900964,772229.8595483693,758078.9567893525,800326.1676308009,779396.2170016669,754030.3060806517,773954.9605363077,762329.7739777887,776866.6049221669,786273.0608915993,797091.1172949807,787015.5459171456,782242.2538001826,772224.1067347864,780730.712427445,764566.6705643607,792068.9768062691,795526.1824886344,791377.3521610178,791644.2823641347,802447.6989648794,797733.8185870831,795520.1689137766,795986.9749811268,778563.154094186,758798.0885463773,780031.5873405216,783848.28717695
210,zipkin2.SpanBytesDecoderDetectorTest._Benchmark.benchmark_dc7108ac_decoderForMessage_json_v2,634490.7747204256,629882.7082749231,626732.4989779448,628285.9559589492,615691.6742321438,630145.4274479017,640165.4861293738,642225.5438557141,646774.2808576764,637894.8566342602,628150.0322925164,652866.3280039353,633654.1647157648,637879.9710109957,629350.9935322293,644313.9704340621,640246.7213731329,648114.5056050789,631183.4464784849,633900.6117435633,639198.1556192364,642603.3032513291,638952.6398914856,645647.839646207,644736.5316584447,620929.0796574482,646434.9680969993,646881.3250858448,646755.76906146,643428.5468053924
211,zipkin2.codec.SpanBytesDecoderTest._Benchmark.benchmark_35645fdf_niceErrorOnMalformed_inputSpans_PROTO3,322750.37013251596,322321.1420710868,321366.36088820465,326275.44651410554,321661.6372193917,321207.412560739,319846.17133150867,319943.1064710165,320077.8599333973,318357.88844092475,324005.37160090083,321190.13583027193,325701.392918267,318675.3138701048,316230.65704706195,328455.99293126335,321873.1933148179,320260.6693794681,323358.0089763821,319596.5837612738,324264.49631200545,323182.9923513842,326257.99529857415,327690.4137331612,329111.1571208211,322964.53965226916,319625.8074839413,316303.494144097,314993.72584817413,316362.9575575597
212,zipkin2.SpanTest._Benchmark.benchmark_349f5d9e_putTagOverwritesValue,2148764.2412496274,2138960.123727835,2148876.346686756,2144049.0698506758,2156212.445114167,2150583.130987848,2161585.1004475653,2152845.8614109135,2161127.3793599494,2162586.9646127243,2174161.6144675245,2172080.5514015146,2171605.345509957,2174673.5267651957,2181318.5408689124,2182905.0083432235,2174819.589297676,2176167.452524802,2178434.1981179086,2169793.9519312247,2170007.6740337647,2170215.578785276,2169036.0081725963,2167496.2505375287,2167325.148376452,2178535.3243404925,2173637.445991985,2178897.3879828765,2190620.2005483904,2181484.7841486554
213,zipkin2.SpanTest._Benchmark.benchmark_6874d262_spanNamesLowercase,2803574.390749252,2822775.4561713366,2812563.379497243,2825888.837645596,2819943.0476447297,2840694.099372426,2817798.7099823565,2824549.6711203502,2828147.8092864417,2842362.476259898,2851022.5174065265,2819569.507149266,2825359.100395807,2835102.5939840493,2819772.743190398,2861004.2572992197,2812016.9392539146,2567044.8204606664,2431672.285804548,2769737.6944844094,2827062.3401827957,2819328.9746651044,2833360.747725695,2848379.1233397806,2830981.0419888194,2842119.515586318,2822187.0349638523,2849988.2994289775,2817782.0585440565,2842334.9274047385
214,zipkin2.codec.SpanBytesDecoderTest._Benchmark.benchmark_18b86430_niceErrorOnNull_traceId,200377.61227781294,201977.20452039558,204976.51647606483,204464.20865242058,203735.71636618886,203824.95007277664,208420.6819135621,206795.75734731433,204986.23812104797,207973.35131707025,207846.6181612629,206882.27122746577,206855.9697347703,209650.19358077188,205017.29034511003,207996.03113789443,204591.90511668214,205454.56279269038,205443.45807983555,201968.29068637916,202908.2881316891,200342.9937885443,193491.4931465038,194569.84607650794,194344.58011805368,195370.07159457396,193835.1870936534,192402.82933895336,194604.4892478405,196362.03323313544
215,zipkin2.internal.JsonCodecTest._Benchmark.benchmark_b5705448_doesntStackOverflowOnToBufferWriterBug_lessThanBytes,374212.4481730938,382424.11838692665,371481.69569710066,378917.88631645654,381043.05148886755,375074.63781298115,384057.2796703148,378632.6474573313,388293.8788562296,382375.8198878643,350496.9156965387,351830.9925232674,378958.36292219086,376386.2910633537,375043.13459538127,369779.3422968466,381037.8665645683,375571.909668665,374587.8990124056,376942.83002378984,367629.6603321169,382994.8575318908,386255.9934510291,392617.26939266967,387183.8962537226,377375.33277210966,386518.5749138996,386584.50696704665,392087.4486355248,385855.8341257528
216,zipkin2.CallTest._Benchmark.benchmark_72cd0bd1_flatMap_enqueue_callException,38285.76333571503,38770.058821924846,39056.482538483935,39325.35608661944,39547.274710593476,39748.152648881834,39542.07303569683,39604.279859246424,39639.254687830275,39845.262394851576,39394.191373279864,39620.907508927114,39843.42351526177,39830.22255892052,39402.443445874116,39584.3040318053,39232.1705646544,39813.89535786359,39521.44233033815,39621.94552288075,39633.877804012984,38342.51909688492,39171.75669606084,39487.54962230237,39517.48186702047,39445.059973615316,39529.66316443237,39582.355819466546,39669.92530309953,39507.787879941025
217,zipkin2.SpanTest._Benchmark.benchmark_97328a7f_builder_merge_tags,2257782.2216877374,2246432.8405116894,2254099.563879213,2228954.901465832,2233991.360690976,2244508.9449929004,2244908.2943683607,2257873.8906431496,2253453.7218428305,2248228.780319455,2255929.5765084373,2248986.569493315,2255483.6232166276,2251975.8722806284,2264145.81223227,2254468.328188044,2236526.445118273,2248122.7302712817,2244869.7478427007,2245783.3736260063,2265239.041788147,2244033.098206763,2265482.7840797426,2246792.237807951,2257506.6177161797,2258283.3560486245,2245875.9927748363,2258475.7474071225,2258672.6401240737,2256203.193062281
218,zipkin2.codec.V1SpanBytesDecoderTest._Benchmark.benchmark_d9450793_readSpan_remoteEndpoint_noServiceName,591668.1230795082,595121.5744487903,596745.298390178,599098.098357362,595608.5101513797,593419.6978587318,604177.8306414436,606124.0675919955,597270.0393955141,597737.3811515078,594995.9051420031,602127.0141299019,603841.8085098164,599762.8295989882,599924.6700504812,595815.5331254583,596347.2363800998,596110.8226963038,598841.0003967735,606740.0041952785,594997.9260827099,588269.5943427187,599367.7722494421,592558.9110726473,590181.1654096653,591731.9768652032,590007.99230252,602412.6300342256,604721.6411904723,603223.1259230077
219,zipkin2.codec.SpanBytesEncoderTest._Benchmark.benchmark_38c9f610_span_PROTO3,1239036.4782680806,1238610.4339275623,1238103.8516767817,1238617.3227744566,1239806.6640784163,1236608.5443637997,1243406.2284449108,1238477.2503404974,1233934.2271787648,1246745.9637582814,1239180.2021385888,1235295.323007978,1239046.1266307181,1235932.462290027,1239141.346677495,1243333.9559731078,1249739.0714547418,1248154.9082009362,1247550.9138208576,1248415.5277894647,1253216.8548888266,1245417.069049703,1247356.5519116146,1244848.1653803184,1250850.2776244849,1252702.1544931899,1245947.38937573,1236019.9861703503,1230948.9772900846,1226482.6032084504
220,zipkin2.storage.StrictTraceIdTest._Benchmark.benchmark_35567c4e_filterTraces_onSpanName,519271.9510916512,530329.2936948235,525666.2942547537,516119.52741866914,528650.5452925551,530244.5034032109,534465.6052380821,519590.9271649605,529076.2405896427,529306.7160616376,523168.5787846491,524963.551675301,534834.6508898786,525656.0452877134,527939.7654063583,521592.7824842226,522280.4634088403,537094.0702578115,527908.4617874975,543246.3907848481,533485.6430506278,529481.8347873562,530318.4467404215,536971.0122027622,544213.0940266384,523730.5833241118,520008.36181245546,522227.7818926125,524417.2962389339,525952.0715415133
221,zipkin2.v1.SpanConverterTest._Benchmark.benchmark_894190be_dataMissingEndpointGoesOnFirstSpan,500023.1304223615,498391.2265992765,505309.7856679925,505069.2372341826,502997.107134414,505197.97866572294,501895.1586831065,503344.44296555646,499658.9139927695,506099.8849941302,506257.5629707586,510792.58360371116,511137.7384687188,505452.46311176434,507405.5641701067,503261.74893627147,507243.38988810783,506214.0024009605,504403.3136022118,508526.90535954945,506551.1619438373,509064.3162620359,506086.43424895464,501120.81203042896,505750.19064465974,504917.7539668659,502734.3583031874,502015.35709933337,504602.48970230576,503527.40879904944
222,zipkin2.storage.QueryRequestTest._Benchmark.benchmark_681d2a19_test_annotationQuery_tagKey,820632.2579374232,819362.6586311363,821284.0012141994,790785.9095677665,794915.6449863296,799481.1844675747,798406.6727430772,795860.4238273572,796698.087594808,808570.7766353588,807076.4409545087,795332.1483134541,808438.9793098901,820821.1632520675,802649.7770046418,814717.8160440734,811885.6224049269,831312.053987884,812846.9867341658,800373.4918964249,819674.8491433522,809211.83716259,793083.711325013,825396.0117775636,813997.165617049,791363.6659556464,794736.923929615,818917.5217521673,788461.8254073643,810448.0636179331
223,zipkin2.v1.SpanConverterTest._Benchmark.benchmark_625928a3_noAnnotationsExceptAddresses,5935.728398875653,5947.683482128132,5868.390503093958,5876.211958842836,5923.308317517838,5912.576736369174,5920.633992327228,5986.367642026869,5951.043875535737,6001.473360209813,5973.590862788216,5945.332190561695,5974.141796608492,6001.560085645722,5905.40821904237,5871.132140989183,5968.371924348913,5981.699710080422,6013.439162609939,6054.595837564055,6066.4993725157165,6068.019462667008,6052.869263492887,6046.944941140559,6033.783601442536,5943.317409995462,6000.280140391277,5985.513958310044,6014.107632723564,6043.456626771231
224,zipkin2.SpanTest._Benchmark.benchmark_c50449d8_traceIdFromLong_invalid,771807.4214993494,775699.3013975383,757017.2256764765,757670.8094773798,761183.6581220129,809252.7952325123,810563.2733536557,785304.3631239743,803320.3371333333,796951.1586686119,783159.1292155335,799119.7190360759,808875.7523530935,768255.2968814443,767147.6567403063,799910.3366854701,779587.8809643047,793799.8194576722,788296.287358869,809752.6995889893,810742.5107013757,798526.4460997664,795375.1547695533,772134.285273037,768341.134151792,819183.9923282549,817527.027795919,774738.5280463882,804695.4912511877,776890.3234575224
225,zipkin2.codec.SpanBytesEncoderTest._Benchmark.benchmark_7e49ce0c_span_JSON_V1,555706.6003064743,559480.5206321615,553897.6015793772,547793.1887059287,493439.47121370916,518405.38833122374,527570.564134017,540864.3701596515,543793.9339667921,553316.9855858185,552315.4504198437,554892.6231304101,552845.962695863,553266.207854519,555907.6890449427,554514.4894271506,553992.6788727,553724.3192168004,550447.349742896,556236.5932407373,554087.9562195803,559400.8685489747,561109.2228933151,562370.4389650209,559493.8849535318,559175.4136401435,558375.9888324803,562821.5660120408,561449.4944032027,563156.0020002499
226,zipkin2.storage.QueryRequestTest._Benchmark.benchmark_c75aff8e_annotationQuery_roundTrip,741216.1313495933,743470.123653081,740481.0538484026,744920.0822304332,745342.4648270056,749957.3267108347,751916.6651945985,755892.5805013664,754474.1040852133,747811.0089817753,754522.1097673541,755790.8273919215,753940.8493565667,753868.815162474,755935.2394832349,753235.9549439603,754049.7637486992,759088.8820718444,754653.9933750316,753994.566688419,754075.0937577102,750227.2211251403,754300.0496666889,757789.863622644,757378.0742165896,751710.1561300132,752250.7566254296,753538.9130737132,758323.6624319693,763635.4629427498
227,zipkin2.SpanTest._Benchmark.benchmark_0a999dfa_removesSharedFlagFromClientSpans,3533588.5257328534,3576568.685539583,3560012.4523873124,3558785.3354224255,3607009.1417410783,3565869.744921504,3582689.7124904273,3542813.3535252307,3527025.6608841056,3572593.585957242,3526116.1219707034,3538668.3092103996,3540395.926389485,3593032.249508947,3648849.567852091,3581682.162062605,3498973.1148470715,3512743.43168012,3537963.204652692,3585566.942419296,3531220.134851603,3077128.602467335,3391762.826337541,3530391.392025097,3555377.3247228353,3550600.966506315,3536879.9612514214,3546686.3152082306,3546370.6005920307,3555245.11519026
228,zipkin2.v1.SpanConverterTest._Benchmark.benchmark_cd4ed2de_client,2880.3908290239606,2990.4042038280463,2984.5303811599942,2967.2074143915047,2959.245436802297,2977.6238129627177,2994.1716923430304,2982.116953420455,2977.5802058546774,2979.5090975218222,2999.2234200775097,2986.905942331876,2976.827781582352,2968.0287986484773,2965.481025993046,2984.5916660757975,2992.881308852852,2971.2898023114517,2971.8610209193566,2969.766196246902,2994.681904888063,3003.4279400836804,3007.6557497381964,3000.9746687728207,3003.47070136177,3012.164079285537,3000.159745260145,3010.4192690500654,2997.564082240904,3018.920835425723
229,zipkin2.storage.ForwardingStorageComponentTest._Benchmark.benchmark_f4b80984_delegatesToString,90658.65790707836,92083.5807524795,91946.47302524123,92552.10993646925,90377.33595566449,91482.51361998043,92001.1242164199,94043.34662131323,94992.57737802324,91369.17641564363,93344.4857673238,93523.34062208893,94248.46485811949,95065.269180378,94825.86590438637,94661.8796685573,94445.55046020326,95233.89270854871,95343.75131762517,95314.3293692885,94539.14679780431,94189.29391065215,94650.66086668211,95492.87764391532,95296.65121489676,95041.32764844196,94511.01329437389,94563.90889494604,94433.23131209116,95043.93792672275
230,zipkin2.v1.SpanConverterTest._Benchmark.benchmark_92357ab9_client_unfinished,6462.274900444796,6397.653381537441,6421.355456446059,6407.8231184506385,6451.976368141289,6458.947333681452,6433.327408486098,6480.549737884761,6541.372028285285,6516.267056797718,6514.702975147254,6559.128770602787,6618.053174986414,6608.0679121967805,6651.225511347782,6596.036702867465,6637.639735213783,6651.11572086268,6572.319626899904,6480.015491246415,6492.973363516628,6474.29421129085,6487.304911227981,6494.777410110766,6520.453957624227,6503.346134069642,6520.796022979605,6576.094287685945,6541.170540328463,6554.962408445404
231,zipkin2.internal.WriteBufferTest._Benchmark.benchmark_45996479_writeLongLe_matchesByteBuffer,5492501.81107245,5526366.824753622,5510490.730766583,5462821.486216736,5507166.000908635,5521059.455940793,5526905.423487796,5519757.872755672,5532260.518826452,5546344.205862708,5516651.353065686,5537584.281982406,5541274.709194488,5514333.721423794,5516174.871824056,5537556.158509917,5543159.690220138,5516969.408601808,5497629.979915518,5495547.401353677,5542489.804092653,5535595.372699889,5552818.450734104,5472674.980394821,5518924.870451218,5516205.469809884,5527264.269947734,5500840.699857664,5518191.25583973,5525343.706676492
232,zipkin2.CallTest._Benchmark.benchmark_d82776b4_onErrorReturn_enqueue_onSuccess_null,39165.038652165524,39431.794628846415,39346.30443770199,39575.06068109309,39564.6610591239,39521.909923315616,39604.56866017128,39659.7495075142,39561.58804866144,39416.64284557018,39399.29468032835,39638.371421037584,39581.528885570144,39703.581762469716,39434.283859400726,39417.3757093774,39707.88189886601,39554.0647719614,39474.45044490975,39521.485120306825,39577.85862283817,39599.53373401366,39476.134399094175,39667.06896060743,39498.47160153183,39573.395259425815,39558.65136016236,39686.6549283216,39438.09439071713,39581.529056135536
233,zipkin2.storage.GroupByTraceIdTest._Benchmark.benchmark_926e3e6b_map_modifiable,1502345.8387626929,1497245.5352250596,1516516.1404168701,1535775.1096927973,1510028.2212757585,1469748.7681535867,1483901.7470682254,1479629.0533707086,1512181.2215746245,1477224.4736006744,1481123.916310468,1498893.2937005942,1512840.7646708412,1503853.7988546966,1493666.9784459698,1501209.8165686291,1487109.071169143,1492813.3000554733,1510788.7125661103,1509205.4851428508,1496834.6746971677,1501641.2808676814,1492907.2889083927,1509862.028751555,1488684.028626134,1494957.0644542805,1459990.7399841882,1474938.898992553,1449622.9106137692,1503711.288456558
234,zipkin2.internal.ReadBufferTest._Benchmark.benchmark_0645b178_readLongLe_bytes,6014865.392792689,5972234.191348202,5983796.244620972,5974092.716435855,5956202.288109208,5939863.763770739,5961107.40065434,5973297.23921113,5952748.173184935,5984154.117458526,5978673.161144034,6003865.910185815,6028562.115309706,6002477.108017822,5960119.215244128,6008520.609742214,5979167.150055534,6031331.657230286,5986580.5431217225,5907218.046990816,5912156.349979356,5931989.946913254,5919498.607918903,5995974.723696179,5920576.450280807,5948480.885859429,5983378.438260295,5993534.907609412,6016398.059745768,6035529.134391391
235,zipkin2.codec.V1SpanBytesDecoderTest._Benchmark.benchmark_684d7009_spanRoundTrip_noRemoteServiceName_JSON_V1,131392.34056481888,131264.86520525976,130912.3483562051,129645.7137404481,130735.04671055023,132307.84264029388,130683.90183423646,130847.77118403316,131489.73600158203,130580.02488288251,131126.97004910308,130965.97653851792,131375.35983670963,131165.00157003608,132287.65045735336,131670.09745848094,132099.94863345305,131847.19286127976,132107.1959218203,132700.7399752924,132488.00186711282,132323.9488889211,132933.45648353806,132566.82063709167,132562.31085572112,132899.32958430462,134780.21314236723,134112.87428182745,132875.68342294177,132998.6196573931
236,zipkin2.internal.AggregateCallTest._Benchmark.benchmark_034833e6_enqueuesOnce,48390.31272074862,49959.09837556635,51150.61461302478,50993.20182815756,51520.73300137209,50287.641348937854,51430.791572617985,54469.506816058376,52711.86169389033,51528.04244494779,53080.47179412032,52584.078752663336,52920.38274952549,50762.06243757878,51732.61203123807,52846.300389048665,51353.36787486432,51913.4371374354,52409.86520873227,52027.77563091002,51767.34032844923,52466.508377166836,50829.70916923569,51719.696972931546,51789.34993840569,51428.352546952316,51315.77454699085,53319.53256181158,52153.94200639633,52559.93932420769
237,zipkin2.codec.KryoTest._Benchmark.benchmark_946b2326_kryoJavaSerialization_annotation,64683.551220949324,65669.78942354843,66260.18832135804,65268.356762087846,65981.72449719955,65898.87594743047,65707.66420418677,65795.01952261907,65676.26700034266,65769.87520745902,65710.63632270084,65973.94656072331,65729.57449347893,65765.04754395556,66035.9073838405,64323.28760764499,63801.89380683485,63323.10822509159,64009.66766442702,63671.87781631238,63690.13559866062,65391.51499164729,65170.63656519941,64863.51066223677,64915.140145766934,65132.04855906292,65322.25309718968,65517.33843250702,65197.950039897136,65224.69664514048
238,zipkin2.CallTest._Benchmark.benchmark_a0a291cc_onErrorReturn_enqueue_onError,37901.00074220727,40202.91937831341,40277.988173156366,40513.185657493515,40224.62865319869,40288.93861645569,40301.358651341776,40239.06520401841,40277.00496163405,40235.5879014392,40231.583811771015,40131.14601749575,40185.50145024374,40155.12936677008,39975.07410440108,40342.450074758126,40165.456201162415,40011.732721929395,40144.28885545215,40223.07102218299,40143.688929102216,40033.074809432415,39700.5282054134,40066.5773343349,39968.90618888039,40056.8655699181,40142.35421743353,40024.7723412458,40286.05569361963,40210.60457386432
239,zipkin2.internal.Proto3SpanWriterTest._Benchmark.benchmark_7000c0ec_writeList_startsWithSpanKeyAndLengthPrefix,1092544.7798930865,1065595.8697928574,1074470.9445662892,1070264.870529576,1079965.1658190635,1100511.888930933,1071107.4299459439,1085079.9929062324,1088345.7273738796,1082780.8315735462,1099444.4271502243,1087286.8072132792,1095198.845963326,1074143.310710989,1073192.859345355,1071216.6535349267,1069664.765834405,1079353.3464361206,1084368.090406444,1085121.500971996,1058731.316001103,1045986.7331969005,1047687.6574888937,1060299.6139923013,1073606.4905949556,1067509.1656365462,1086284.8539498802,1086282.3032017478,1078303.9291429298,1075643.9374670377
240,zipkin2.SpanTest._Benchmark.benchmark_0582b7a0_builder_merge_remoteEndpoint_merge,23137.17214026375,23323.212841566597,23456.548766784348,23616.06584289952,23557.760932448236,23512.211099080483,23518.70096807073,23620.333476933454,23550.364699468028,23544.18931057688,23656.284279119136,23601.99083332633,23572.763534059704,23616.487198679515,23579.06045722397,23747.50188153957,23488.312599622845,23575.006332439483,23693.508248511538,23702.540790285384,23457.927539573637,23403.497963500704,23621.597943326742,23486.089007395734,23530.446811481084,23487.604522702335,23587.771407338478,23675.198648835605,23450.401925459984,23513.834686826835
241,zipkin2.internal.JsonEscaperTest._Benchmark.benchmark_f9d571a4_testJsonEscape,2072340.3755804016,2074445.1515141607,2088458.0326673035,2074765.3816840032,2066963.5320003794,2076994.036593595,2079899.8751534296,2052960.2162996964,2071515.9013750805,2063311.2376386654,2069839.0614047542,2085180.503807533,2080557.990421539,2079443.504792491,2077528.253199427,2072058.0724971858,2068153.6916821732,2073561.596208668,2055562.3434696677,2045833.2796517245,2012797.0363642168,1989529.1643871912,2006796.7850686514,1992069.1280070147,1995830.6690118895,2063776.0042687159,2069129.2379498624,2057406.2643694843,2054023.0473291497,2057511.5896156083
242,zipkin2.codec.V1SpanBytesDecoderTest._Benchmark.benchmark_b3426933_niceErrorOnNull_annotationTimestamp,190259.14532283414,187775.03290937765,185642.30401264486,188113.43028257927,187911.68778239787,193569.68322151096,191428.79931047553,192618.96443084013,189101.5466245827,186614.7050635142,189854.88316851025,191652.97625649604,191037.2809527741,190957.08050494292,190273.3526932162,192106.73930252518,191716.425269786,189318.6518037162,188337.9821923234,188181.27495636712,188923.77350320658,186738.20707494457,189219.33794134873,193863.25163973935,192751.65346790155,193140.58014762503,193483.76893110372,190840.94653829554,192261.4200935128,195143.65897458445
243,zipkin2.SpanTest._Benchmark.benchmark_22d4168d_builder_merge_localEndpoint_merge,24521.98539628977,25317.530823686302,25528.64425834226,25181.31607503143,25480.694624014413,26101.88010970501,25902.345824390963,26707.82942254424,25796.543343584304,26139.241622182817,26441.324730547723,25267.114188932508,25903.56087586842,25258.56805455057,26066.005038304393,25358.589513915165,25611.88479774218,25836.071580767744,25660.84746869679,25095.314598671554,25557.229439711842,25482.43102123959,25820.296092840537,25119.1791303452,22555.873033598153,23407.65633030367,24722.588241321067,25694.110275271585,26319.56263604532,25969.460342595255
244,zipkin2.CallTest._Benchmark.benchmark_509cdc97_map_execute,490301.93474213564,491180.5084403684,465051.4604448093,468031.5067767503,459120.39096810174,496156.2809859877,484604.3915278579,467422.0482877581,477089.25848174485,459194.22671922116,481240.57374384743,473319.1451052428,493552.94287273,487341.91546009586,472171.95440242434,485469.4664177193,482052.9000250308,483781.15590251976,487055.3908887549,474078.10849518405,467300.84039509285,470527.0481302242,464715.9088370078,491812.2660484428,477486.7527894107,474879.26144830487,478002.8830042597,468471.2694016883,486069.9980655656,496293.5569829904
245,zipkin2.internal.AggregateCallTest._Benchmark.benchmark_7b1a9265_enqueue_finish,38834.962639902005,40259.64916799147,38380.203307542564,39589.659187019846,38906.942225596606,39440.095986292436,39777.19487376118,39090.89486967526,39487.70135537958,39343.17420131484,41025.61608350062,39017.50529874621,39843.801737770526,39893.33356947755,39823.58375389096,40455.30853400689,38982.17566340884,39596.49983740377,38643.2623567216,39421.886129073,39456.54010890187,38826.07569763061,38020.98527023518,38848.85304865879,39267.13876066707,38747.67103248492,37920.10829720557,38021.927462755935,39163.86802631007,38169.95438116997
246,zipkin2.codec.V1SpanBytesDecoderTest._Benchmark.benchmark_cdaab256_spanRoundTrip_noAnnotations_rootServerSpan_shared_JSON_V1,199200.12883720757,194876.80315839773,199190.21362789714,197085.44230687254,199604.64618490264,192702.75539129708,190257.64579258696,187047.6095618986,188353.99046357416,193429.10980468427,186130.76584904932,176511.450303491,177768.90055326186,181426.3036929851,187466.1557425947,188209.58558664186,188802.29619686893,184714.96915791437,187118.94280907194,184800.53969845353,186595.9536163996,186014.6905826867,183750.69474994118,180410.38451684878,179770.25736301197,173583.80734873042,178449.16250897365,175869.03545364906,171334.77705809838,177114.43531294624
247,zipkin2.storage.StrictTraceIdTest._Benchmark.benchmark_9f158030_hasClashOnLowerTraceId,1505260.5725372722,1524479.9087519548,1521496.984159407,1520912.4973383206,1514726.899240543,1524009.435390564,1519300.0128764086,1514362.5012898995,1511879.8630512792,1507508.9145873317,1505207.472831032,1518712.766727403,1517925.1012072065,1518568.7921172571,1520318.1502452248,1520750.2840313527,1533129.5201123387,1527563.327417032,1520619.9945013656,1522191.0762220507,1520278.0045598831,1528161.6390695989,1511804.9363543186,1523659.8741081744,1514226.342414502,1519542.231139363,1529294.8842389975,1501503.22367122,1510561.1560050205,1521192.3962004841
248,zipkin2.codec.SpanBytesEncoderTest._Benchmark.benchmark_ce7b0e08_specialCharsInJson_JSON_V2,1321530.8221235839,1372190.5854601166,1348477.1505868637,1338994.7914636408,1351560.8080844139,1333908.073911691,1357416.3277107433,1355717.9224416038,1373403.1029485497,1375099.7309467488,1382808.2857408817,1354383.112818043,1333933.3744151427,1327023.4997779867,1318370.50396463,1322668.3479909906,1328656.5470314228,1308890.9567042713,1311856.8925876461,1339704.2714697167,1332775.0863086411,1348112.4809799257,1339970.6733814492,1333457.0461832331,1335409.6605774048,1320240.2899845229,1315294.8726053778,1315438.1135130946,1348170.6104104712,1354806.8110841718
249,zipkin2.codec.V1SpanBytesDecoderTest._Benchmark.benchmark_bbcc5e4f_spanRoundTrip_noAnnotations_rootServerSpan_THRIFT,444999.80963949254,449924.4180456307,454864.375500827,436153.4787519371,439308.676051369,435651.0697934696,454089.0941504709,457109.3194545522,446240.39088321937,446581.9308144856,443719.9694892405,448812.2045032747,455581.52204023,453930.0819620808,451203.238384521,455331.22449394135,449665.2802676325,453197.1507060557,443685.77574223845,452886.43754896533,447969.76694965444,454243.7545633435,453535.7322194001,453164.3555628514,457941.6201996302,445092.325183584,441593.07741570607,460963.5788492864,452119.6480460763,448403.3957080949
250,zipkin2.codec.V1SpanBytesDecoderTest._Benchmark.benchmark_26eb4391_ignoresNonAddressBooleanBinaryAnnotations,357190.5206581389,357455.1798634556,360630.4182978165,370352.45117107185,369805.01716885867,373733.8563614491,373325.50440158736,372258.4758185169,375648.0920139715,373317.59650583914,373178.1160466686,373533.24336319085,373938.1799201502,374714.57604161603,371578.21118304797,370730.9874808662,373227.64106682217,372300.4907035124,369825.6858968274,366907.1203026844,364482.19083772175,366835.39307554177,366708.763096493,365715.99206428864,368748.28601854976,373109.22341289424,371602.7926117406,371758.56513409945,372846.9428457053,371070.45417769224
251,zipkin2.codec.SpanBytesDecoderTest._Benchmark.benchmark_c5925a2c_spanRoundTrip_shared_PROTO3,516975.43612393824,517512.4715405765,512374.8096886671,520352.6023329101,525155.7594626904,452839.34943326394,514734.8424376112,522706.65461524075,529334.6661079903,532349.9736428944,523552.7594930061,525340.2392870468,522027.30994717224,511245.1279381151,507648.07975591614,514728.8243258719,512759.33544089406,519541.3427508405,516449.6757928865,521473.57872200926,526831.6667106966,519678.77898193663,523251.2051267972,518566.38497122703,524388.7260272711,524200.5659635413,522403.42955982586,525811.4639662525,510687.73481589183,517726.3391402869
252,zipkin2.codec.SpanBytesEncoderTest._Benchmark.benchmark_ee7fc4fc_localSpan_PROTO3,3308665.4608724797,3303990.5742688375,3304887.920697057,3343545.091305764,3308619.9459684487,3298217.923305381,3307768.899711989,3302076.994052769,3353338.003780541,2838830.6798145464,3361414.3286711443,3263018.10104849,3309684.6759214685,3334348.676307648,3292281.1282921946,3352275.154983125,3364163.5200169934,3313430.226340857,3351422.211058578,3325010.1222614422,3347093.8101922874,3354402.414136054,3364215.9120617197,3413305.652907066,3395076.615980915,3416099.426885821,3414605.825521802,3408045.88439627,3455643.886432671,3467859.7478873422
253,zipkin2.internal.ReadBufferTest._Benchmark.benchmark_17b65359_byteBuffer_limited,5527192.355091317,5488617.759437514,5513505.89062,5535994.35777384,5534831.706386092,5566240.9785918165,5556549.81220269,5574504.647014957,5571930.625172577,5568364.032755824,5576628.510958951,5573339.571933211,5582273.031894234,5554586.816127904,5561375.310022156,5554467.440464824,5562654.259823536,5570924.3677760195,5570909.483056313,5563365.057390534,5587153.752858452,5563037.959894438,5573695.179073586,5577424.726411955,5591386.761651497,5604998.790814435,5579200.8472686745,5608220.731662306,5637632.988629379,5657687.6148024835
254,zipkin2.storage.QueryRequestTest._Benchmark.benchmark_bc89d988_test_timestampPastLookback,1565086.9927027626,1557577.4960784025,1589322.930326035,1601654.3998556563,1604881.3600660572,1612698.687279982,1609478.2574392029,1614083.6761978772,1622685.7014778082,1621552.949559802,1626117.2259915476,1620436.4707901326,1624144.1688314925,1626932.6535587616,1628610.0205904988,1623950.9078359185,1625392.4106307763,1625191.6568413784,1632120.291485604,1627430.1422262106,1629960.9224097128,1629811.9119579697,1629168.42962055,1625220.64486227,1628748.5829419147,1627844.7904798174,1624943.202395234,1633381.6243222265,1627572.3491937974,1630938.8691907986
255,zipkin2.SpanBytesDecoderDetectorTest._Benchmark.benchmark_ef29335d_decoderForListMessage_unknown,697626.4364394515,637236.1121668668,641956.9679352589,688789.4987203995,698807.6751290337,697043.6497347775,698241.9207630757,689721.6538859972,693247.0545534886,696364.0637864554,702344.9681098353,703655.105212855,700781.9047002106,702685.4895488906,707613.7206445426,704400.1239818296,692196.8186478863,688778.0821810963,705042.7969290167,709034.5427502854,701393.0917774448,695365.656767459,698460.5966527517,696210.569332225,693057.4727779716,704343.2971044021,695887.8712698728,697868.7769287955,695408.220103557,697229.5626282522
256,zipkin2.EndpointTest._Benchmark.benchmark_154767be_ip_ipv6_compatIpv4_compressed,782888.1101760576,785280.2436782526,790669.1158404399,794860.4946418403,805265.9679258459,798718.5704530579,818930.9304775767,804292.1045077438,809586.5583882788,797817.9145583537,787237.9580044913,785638.1769940163,783064.0038173975,785149.4946429037,777862.0662531361,794550.4683212476,797064.398742703,800951.536853642,796251.0139170038,792942.3898498607,798195.352250015,807617.6877722922,800642.4347176296,819629.957278331,794928.8665904258,776905.6727475366,722112.2764442764,755338.4670153733,791148.3905959907,807394.608191109
257,zipkin2.codec.V1SpanBytesDecoderTest._Benchmark.benchmark_ce66cc14_spanRoundTrip_noAnnotations_rootServerSpan_incomplete_THRIFT,555423.0035006698,556303.7114607659,555048.2101688108,557086.5151341093,556125.018842594,554931.0509966722,556185.1427360937,555848.8457785317,557419.7941121045,556076.453286936,556765.191567052,555961.6677408038,556409.0593379487,557340.8271541107,557181.1260366252,555876.4595479345,554580.0238418293,556278.2786428772,557021.5240351409,551316.7239592312,557816.913740591,555139.0758924758,556606.3980066616,556370.0727866354,556812.0750711925,554873.5463202838,556753.5396690194,555694.862743369,556803.8225430787,556487.2390851596
258,zipkin2.internal.V1ThriftSpanWriterTest._Benchmark.benchmark_72b5452f_writesBeginAnnotation_client_noEndpoint,74943.89146931861,74764.54675092746,74835.46858907276,74815.43494314566,75014.03476050122,75248.8819120802,74363.31362529528,74913.7954653763,74957.09538645827,76544.46542792048,74781.87258090649,74442.08034253946,76361.82586798414,75062.93974749275,74556.78230851023,74881.51582754382,74764.8334850074,74826.1147322366,74800.70339630269,75122.9377271424,74762.06135041869,75605.77174721504,75467.26879763263,74992.378432709,75084.73156163513,75064.64976708785,75133.9860001516,75154.15015350423,74643.82115340451,75140.0057075766
259,zipkin2.internal.V1JsonSpanWriterTest._Benchmark.benchmark_14686ede_writesAddressBinaryAnnotation_client,535217.8577098238,535353.1912772857,537126.7882127352,532611.9767049006,531562.2587394287,537107.4652407828,536864.1788262398,537678.2618310081,541001.8306821334,540308.0115420311,543261.0621754027,536712.3945377489,537370.1204381762,540970.3749309615,544988.4486470113,545774.029462648,548877.633017861,537074.8071901442,535715.8852021142,534722.151322474,537380.2881086747,532594.1378515708,532700.0410717131,537026.6634499871,540719.0460845453,536030.0819921246,536656.3186123302,537480.4322716098,537990.5445235161,542154.7047749985
260,zipkin2.internal.V1JsonSpanWriterTest._Benchmark.benchmark_b7c9992f_annotationsHaveEndpoints,674245.2392346022,672640.0775556418,680523.1059564862,684134.064718334,678608.543804059,684063.8680250546,685918.3004264118,684767.3867551291,689202.2954786571,685153.2450529884,685857.8622646582,684517.6383004227,690804.2265005935,688985.0133572413,694176.0576388509,691254.5996698849,691708.8832415938,687714.8586437168,690821.8138234327,691020.58734506,697083.9122467508,693729.4137548456,695622.0572083041,688279.5231008204,692631.5155298389,691582.9938581445,694213.4093131252,693779.8589013632,688846.8862977085,689802.5170040601
261,zipkin2.SpanTest._Benchmark.benchmark_ac8b3b52_debug_canUnset,3378640.14911057,3456203.687524154,3353596.294228576,3372529.9460074133,3424189.644806256,3459183.2475812878,3432856.2912224545,3418270.482343784,3456161.1584977745,3434604.208909592,3373563.1208649273,3410448.0208941535,3439192.453375373,3346921.8968657115,3394315.343486978,3346003.6678563035,3441349.7243188815,3372425.714651149,3578527.0908801635,3401546.29066893,3397117.996977679,3412075.732193294,3349804.911345522,3314686.885351451,3294310.2134086243,3369988.1790410695,3388767.934757518,3442743.286650591,3454799.3377594207,3392925.179487078
262,zipkin2.codec.SpanBytesEncoderTest._Benchmark.benchmark_10862c58_span_noRemoteServiceName_PROTO3,1143484.654289927,1165673.9514314085,1177676.3691847734,1145104.8663201346,1157781.62443177,1193026.7007761716,1146701.0091941017,1162211.249377093,1166506.8136180383,1193226.9511165228,1179211.1715420007,1175171.23206407,1171081.4449713698,1183143.2658775563,1177205.0806528474,1164122.0171611349,1165366.2111369593,1179385.6025397556,1162253.5729617346,1148152.0087173844,1172423.2722728834,1157490.2331043838,1177593.6299581858,1171548.7562338517,1174393.3072473106,1166444.1882618368,1199772.8531540001,1187355.1223178953,1151942.555524599,1172717.9261172728
263,zipkin2.internal.FilterTracesTest._Benchmark.benchmark_a30f0529_returnsWhenValidlyMatches,5083736.946471193,5063762.277262841,5000922.984359688,5010882.0825662725,5021053.284681367,5067290.498159533,5077091.04752278,5141939.829638965,5148388.475948249,5107338.322328601,5137608.823822636,5071952.611441659,5109245.864857551,5155544.06809367,5157231.628713934,5110010.905713997,5114710.191257357,5100225.727537948,5126124.7080361275,5105623.212249346,5130812.300169295,5162854.271454713,5038516.204377704,5164342.162053575,5076138.693764773,5118194.707143004,5123272.0114666,5090548.148160652,5179766.5877964245,5122644.80859931
264,zipkin2.internal.WriteBufferTest._Benchmark.benchmark_d87515b6_utf8_malformed,350578.2625004741,352157.806951549,351460.67202887504,344218.25235308707,339405.90607229463,300051.62375887117,323560.94083947263,336752.3220045004,338508.2489555409,338374.0550043895,337758.04998560547,337223.4671498796,339002.64261010435,339729.52092845854,337121.9231853569,338639.96980358026,337942.88128723425,339921.5372193714,338407.7408463059,339975.5672046973,339075.31528025464,337174.3817454632,338934.69574274844,338025.675435623,338720.7019217305,338953.15021174296,338237.4388721847,338498.2561415014,339462.65758873837,338443.7816398734
265,zipkin2.CallTest._Benchmark.benchmark_70b9cf4e_executesOnce,264703.1401435821,265383.40055163525,265266.52542071074,266205.50817640044,265513.4731110713,264262.6806023557,265426.4149452303,266092.98131058447,265913.08902266086,265935.2757114997,265344.2800190141,265005.4694851027,264964.9422849871,265026.94927636185,265855.7663810542,265488.3032695575,264718.47145861987,266253.6924449763,265520.86721762875,265529.62791251705,265606.34932451515,264009.5202699768,265187.0200751046,266228.531407324,266092.36220934923,266370.57150525326,264897.2258870206,264236.5248777011,265810.9634713304,265659.6325386099
266,zipkin2.SpanTest._Benchmark.benchmark_086d04e2_parentId_sameAsIdCoerseToNull,2717360.103937107,2718762.416327436,2723485.0061432375,2718744.32360163,2721579.1430719774,2717839.2135405606,2719859.300616282,2716459.7576795314,2707535.0768336793,2721506.0107026277,2723524.6977725783,2724156.054241842,2729700.5815289584,2720343.1273829807,2711456.5753294183,2719891.7351964875,2717972.881437006,2720260.969557726,2729963.9998056367,2730613.2620375613,2722809.9220313015,2710394.8109540995,2714336.0194767537,2727644.5988581534,2725369.1817027926,2723750.9632011955,2739294.455299685,2730661.809961255,2734669.8098502667,2692633.59998469
267,zipkin2.internal.V1ThriftSpanWriterTest._Benchmark.benchmark_647b0184_writesEmptyServiceName,110962.68311637556,110806.87776253348,110665.38044083578,110932.11543220242,111042.06385944404,113070.81581787048,112970.40019819769,111168.520641339,111189.84049925677,110075.32848514455,111146.73830061335,111325.90045391413,111641.68007613257,111394.41213446637,111517.7515691835,111423.04876167995,111411.87245842666,111691.01950436064,113297.0973222066,112264.84238565998,112045.0122094384,112737.84594859033,113189.40397263579,111908.18491498726,111392.35673995338,112426.57575499955,113321.21111741631,112780.35500489094,112475.46785917682,112042.66372482853
268,zipkin2.internal.JsonCodecTest._Benchmark.benchmark_00e6e3e0_exceptionReading_malformedJsonWraps,339184.5088520925,337045.8721133784,338349.74127988226,337975.7194545656,338909.0167118629,337801.50493742316,336545.10162301,337273.93463067175,338477.67116018786,337871.35405175254,338766.832194179,336600.99062522704,337099.92421718914,338774.87031429174,339120.6189063192,338159.63067308505,338201.7518358167,339496.00069813326,337704.6301623476,337663.28657853627,337046.04003990407,335574.2024977198,338603.70240105956,338524.3151570407,340060.48744712386,340393.7898764683,338291.66967570304,337497.4504601821,337012.00414652046,325301.70932842616
269,zipkin2.internal.TraceTest._Benchmark.benchmark_a0e0267a_deletesSelfReferencingParentId,3682.02878758467,3741.8928898925606,3853.842883674177,3521.3143085499532,3728.271205001389,3942.1817607537378,3823.4736491470376,3822.1809563094153,3880.0251941103074,3933.8267070659003,3947.4517660563747,3935.0953215855675,3851.4603102725628,3908.1739722573975,3882.155316764023,3933.355853978573,3961.090327684067,3962.6700601654506,4035.232365641387,4024.028798651417,3822.88689766778,3998.984098079724,4035.7748598258027,4047.1838651376756,3802.732713523032,3865.3364686111254,3924.8589610779763,4026.330775509141,4033.324506878237,4125.327084896566
270,zipkin2.internal.Proto3FieldsTest._Benchmark.benchmark_1e7a0a4c_field_skipValue_FIXED64,2455326.3947983393,2488844.4379327544,2505903.6603893368,2505620.9243528233,2546579.2094877143,2544883.5617381,2501452.18558424,2503330.5582356118,2533393.463421798,2556750.9170100726,2542291.401091002,2541670.078735491,2519070.8706194577,2473501.9743797905,2471526.427143303,2478566.289776898,2267553.7035235534,2247031.9829080184,2375197.472853846,2468860.5617120503,2509647.344838097,2483862.4877775633,2457740.2599575785,2471024.1430293177,2469571.9959222786,2491101.532140115,2526341.075090977,2500037.5376507435,2527702.918813178,2549091.800251687
271,zipkin2.internal.WriteBufferTest._Benchmark.benchmark_0c140baf_utf8_21Bit_brokenLowSurrogate,4498967.81622931,4551135.169258141,4531987.860259005,4461882.688718626,4519551.4779059775,4487726.014541791,4527940.260712161,4536380.868481765,4483371.020288408,4490349.29133944,4482565.529456116,4469076.151145294,4552575.939929685,4544976.531377875,4530385.70833269,4556837.595663204,4471121.801120068,4517176.2511709565,4535721.873334919,4545463.413256742,4500421.475101228,4499134.282081102,4621585.600401402,4538860.903477129,4498135.384494798,4532788.399331395,4552736.93662466,4467768.366281991,4512373.011334847,4563549.415301284
272,zipkin2.internal.WriteBufferTest._Benchmark.benchmark_d4bdcbf8_writeAscii_long,3844789.5726775173,3847188.2071425216,3825479.8037995785,3816353.4456067267,3843817.6766226045,3840065.716831027,3816492.488485011,3775651.103660968,3786364.429339975,3786776.557505589,3818594.9928042134,3748121.9642119994,3781673.355222133,3773941.814112468,3711687.188189787,3790727.355620394,3793783.7224601745,3754247.6324897055,3778576.970658712,3725454.2091577253,3746892.8594074664,3768781.922888744,3782003.4474523575,3793940.528992466,3776238.7134350548,3734610.4703229824,3767334.8844742095,3688216.458889845,3730588.6942035076,3659309.771964648
273,zipkin2.internal.TraceTest._Benchmark.benchmark_19a8411b_mergesWhenMissingEndpoints,2187.192062188188,2278.9172616298993,2306.889052983642,2319.229248224708,2344.201243900757,2319.0717799247263,2357.092236637826,2340.600625655845,2335.4412456819705,2317.2073389823104,2327.236470949665,2313.321296978001,2330.4031814148366,2331.772225493697,2313.8452939897984,2310.6380916876133,2320.779955248543,2318.5358407173676,2326.1921855659107,2339.391369904857,2333.5313452322803,2340.3116207398757,2338.194524720957,2318.2122228042344,2323.3574545857173,2322.8483180048343,2306.091701967438,2355.6674268726742,2340.167890122134,2342.7384566786964
274,zipkin2.codec.V1SpanBytesDecoderTest._Benchmark.benchmark_b4c6bb43_spanRoundTrip_JSON_V1,151943.3295659358,152394.06703476995,154383.39563271822,153231.8114360301,151262.89639384343,150953.73553784777,150974.57988547088,150462.15349210176,152471.6667552308,153499.4789307418,151334.04069144122,152430.68636400657,152940.6614532713,156115.2563710535,152917.4081757227,152256.0411022855,154424.84280510733,150708.85655090836,149178.64680049487,149506.8363673998,151070.83705540252,151839.58731552374,150140.88626311137,153083.122465552,155106.55925615184,154231.84476420126,146078.4103219418,151204.15807614857,150243.10081312063,151552.7385986048
275,zipkin2.EndpointTest._Benchmark.benchmark_bf7a472a_ip_ipv6_mappedIpv4,760135.2749974746,761870.0648168041,760439.48132646,756506.205585094,761329.2155228293,759185.3599843392,757091.3622535709,754114.6477584648,743699.7598500275,747012.1265475032,756545.792661878,755257.7830433376,755202.7425105236,756151.4394312412,758912.9256953521,761945.1237383436,757376.5092418363,755559.7819040985,754549.4885930021,758738.7841722058,758681.0020546434,761341.4610288958,753674.3547227319,759220.2859791709,759082.3681412339,755981.1189720498,759376.7038095109,755241.4308770942,750659.1291248957,751394.8916170723
276,zipkin2.EndpointTest._Benchmark.benchmark_be3e4a8a_lowercasesServiceName,5479255.340292853,5355089.192708892,5673572.1406285055,5963443.99112828,5990219.268740589,5984930.198098403,6031802.835014229,6028562.51127655,6039237.874283153,6027339.427708765,6005927.016325639,6006434.925600127,6046899.4679086935,6062554.898434647,6055108.612952653,6052677.042354679,6042075.621275201,6046950.1603911,6055652.903534419,6004841.822576639,6028350.54037748,6046894.707038722,6028095.749210324,6047363.070256488,6045606.300630352,6066598.902643927,6050388.472335462,6036412.811231408,6062460.466085181,6005008.621272274
277,zipkin2.internal.V1JsonSpanWriterTest._Benchmark.benchmark_3b179d5e_writesCoreSendAnnotations_client,528360.9998835567,534867.6747688306,547267.648664026,555169.2036303849,559326.3861446166,558828.2939914048,557292.1168074965,559694.7700655551,559062.2895185577,550452.5018347441,557468.423578073,558697.6066470982,553615.4756866816,554291.4065575455,551080.8487893299,555623.0632028142,540646.6513859087,542036.5075950258,545222.9605363087,548951.4547187054,555013.1347519151,561503.0803386384,551921.1251483506,554342.701982218,556534.170304566,554383.4588763219,562356.1560075684,559847.7425787577,559166.3686490288,561637.8052049896
278,zipkin2.codec.V1SpanBytesDecoderTest._Benchmark.benchmark_5a136132_spanRoundTrip_64bitTraceId_THRIFT,403641.1592677525,404073.19427293283,405452.7457183565,406142.2815943779,405412.02589737804,404990.6828946709,404184.42147210194,403142.9095786854,405676.43183720706,404875.3892618277,404973.2509115598,403417.58180033823,404268.69180097274,404966.230091991,405707.63490181096,405528.6711847449,403418.6479390957,404618.51157869253,403081.27096402633,405137.38829648774,405682.74980423023,403981.45000262896,404892.75907051447,405845.8696432426,405227.50501354964,403993.2293886546,405046.28160602687,404123.3046466247,404792.21649857773,405079.14009293634
279,zipkin2.codec.SpanBytesDecoderTest._Benchmark.benchmark_851e0c9e_niceErrorOnTruncatedSpans_PROTO3,247982.37498707342,246229.3291595622,247631.5214721689,250270.63788184183,249144.52558744085,247797.5976447232,246732.4222237032,251475.83625854945,252004.61534812444,249784.48945556398,242997.57264921488,246280.91011243072,247057.5198783984,247889.21464779234,246625.79305360033,245198.02819777324,245552.9079977825,247885.21689995978,247087.7314202048,249286.4880618777,247120.11536531552,246286.30493960605,247714.0968125942,251539.89627435876,250347.09071563985,246078.34312677552,245333.86125612364,246890.3838664388,249389.43241508433,246621.8791710643
280,zipkin2.SpanTest._Benchmark.benchmark_c59e9749_localServiceName,3167203.6712964703,3180983.028903693,3186256.037610917,3177438.1936042556,3185959.981082147,3183540.686670594,3167610.7923160796,3193536.7963746022,3210537.355410843,3214784.35896845,3194615.1075681522,3227385.7733350666,3188503.9136265167,3203102.4634872456,3196728.540875123,3195509.659046644,3196975.1548540858,3215324.131314383,3207663.9225851805,3223310.7056608745,3225244.6167586553,3204258.546908489,3195977.4673741944,3218512.219139558,3181370.760646765,3213431.096493569,3225606.1536493404,3198830.16236341,3204654.5091828667,3203125.322634224
281,zipkin2.internal.V1JsonSpanWriterTest._Benchmark.benchmark_c109a4e4_writesTimestampAndDuration,580661.7701017981,586459.1668391497,574912.633402325,580009.0545198532,576959.7717237851,580325.2090041006,578745.3662130425,582120.5215027628,582811.1956380318,584852.1043949701,579531.7365809385,581070.8790288438,580367.9172093794,580796.5150121134,582026.7096620619,582398.1787720189,581988.9847962388,586778.4443285923,581553.2725498886,585761.6695752395,584116.0272011877,583399.4078579308,582570.9679890467,585285.4462682125,584427.3704277033,582267.2478192952,582671.683669604,582903.0508452529,578183.6710621255,581990.981929641
282,zipkin2.SpanTest._Benchmark.benchmark_3560fde9_id_emptyInvalid,674563.1236365247,674568.5004395654,680477.407867132,667636.3502244833,661061.7122388856,673430.840310221,674673.3093271182,676342.903107799,667237.630569614,668165.4221657614,674213.269535289,671246.9343760127,689654.2214327831,675577.9468162209,681768.2261036522,672903.9494298339,678331.7335499647,666667.3759652898,682195.3830507322,682911.5476870886,696197.5683232913,678322.6653380202,689064.4440749291,684815.800669332,676659.5757669067,692212.3515955427,682418.0007591095,697440.6839904344,688557.8993571043,693746.9852747178
283,zipkin2.SpanBytesDecoderDetectorTest._Benchmark.benchmark_762ac401_decoderForMessage_proto3,560129.7468322439,565591.1000614304,564288.591777578,520509.56115106225,516287.1300771699,539989.9640303736,559597.9888064342,560198.7356767104,561379.3567974918,561603.9043859235,563832.2104837133,559754.5494216284,564366.1662324825,560979.6730090142,559093.1187755695,560878.1557733377,563685.6276641584,560204.1747481545,560219.0566899304,557200.4433460265,567675.3577610487,565986.987746301,561529.5403051415,562470.8712477816,559094.7803065107,561334.0575846777,558935.52989098,560733.069339263,562415.4036330295,559227.4613057602
284,zipkin2.internal.V1ThriftSpanWriterTest._Benchmark.benchmark_a0fab57b_writesBeginAnnotation_producer_noEndpoint,74518.57813797322,74294.54879532481,73844.28223649648,74445.46158453636,74606.44791240845,76862.42462774483,75088.37293123393,74377.60120689412,74501.73753209057,74965.31444257541,74507.01558832738,74363.13393502985,74032.506004788,74377.94966283995,74375.54313778202,74438.11888612145,74535.02254945421,75004.21838104025,76513.16896335354,74854.4992234002,74288.44321138406,74404.94836045988,75004.80954330973,74608.91786434184,74728.76319835083,74810.84268666105,73802.9154809504,74540.84239928951,74219.19053613473,74362.09792327357
285,zipkin2.codec.SpanBytesDecoderTest._Benchmark.benchmark_93c1cda5_spansRoundTrip_JSON_V2,40278.91673881323,40052.30219708091,40178.86635805022,39424.64500825508,39068.93876185986,39558.449031888806,40441.66926687277,39807.206327090105,39486.485693273666,39313.72664356856,40028.529031615144,39939.73319154263,40133.80886868659,39573.65727906274,39676.09189738847,39599.379986221975,40367.87713407727,41283.40744329597,40931.1989552619,41023.68255874436,40376.36317429285,39551.271199594856,40210.912370062484,39354.0386085947,39029.838237835014,39385.559710105925,40332.50503536836,39509.949786024736,39637.05762895487,39934.3835391249
286,zipkin2.internal.V1JsonSpanWriterTest._Benchmark.benchmark_ae44b3ba_skipsTimestampAndDuration_shared,439716.43252829125,443088.07906379394,440653.81389178697,439325.3928123128,439446.03940092365,444125.5695745536,440536.88476745837,436060.5741309831,428738.47628914006,430763.0611007231,428210.14302218775,432928.9771467241,437757.50806703273,440624.04489119595,437555.11667131353,441363.3820215486,440291.2440332954,441450.76023685513,442003.8225255017,442350.9497381397,440985.38799934846,434761.87791037007,442376.52074016386,443161.56888667075,440612.44795278023,440789.8056558437,441265.0517984979,441732.0346305988,441301.0809931072,439364.78970494744
287,zipkin2.EndpointTest._Benchmark.benchmark_86c0ca98_ip_ipv6_compatIpv4,759739.3079050366,754947.833221721,759068.5067944195,759833.874868598,759797.3895893239,762240.1735949543,759726.8563264714,755750.7428101753,755373.3049867209,745080.1428411711,753006.2313737562,757055.682101482,753864.5023257196,758837.7672342741,761207.7888914132,762517.2891106484,759286.718013742,762561.1083385267,761608.726045397,753740.2676626004,742759.049969344,756049.9973626919,760960.3385269645,759931.698237001,763746.9714918357,750449.8851455029,760053.7487622526,763113.9360092769,767191.8479610027,759774.8666268929
288,zipkin2.internal.WriteBufferTest._Benchmark.benchmark_39bea0bc_writeVarint_64,1515980.1631304717,1575495.51192737,1575901.1432726718,1564348.961851193,1555050.6083437828,1537532.1388774088,1568620.2677565692,1569075.005273963,1540286.4423108692,1577841.5169526525,1570932.1478182692,1549578.1000814834,1522091.9250069445,1569019.5797631852,1615994.6046065008,1594045.3110136772,1609792.5296286407,1612060.467607421,1603439.5815666108,1569864.9070228508,1544644.0563699985,1579194.2160784956,1586207.445982489,1589353.0819651566,1609919.3475170624,1529816.2438637533,1463495.1063386498,1482457.971490836,1485235.269603153,1368845.4024995677
289,zipkin2.SpanBytesDecoderDetectorTest._Benchmark.benchmark_3aed1165_decoderForMessage_thrift_list,490239.99352734373,491896.95174746594,479131.8446858589,489123.6093356583,490357.6339763881,489193.8895392152,491451.7971116143,489976.4581430667,491544.23532289313,491575.3436811282,490787.5852327839,491099.4986817487,491538.6313443775,489871.7976117322,491393.6282943518,491237.80013074295,488389.2741784495,490015.23129852297,490785.5992228981,490657.2474042425,489714.32534773694,491110.0831551785,487906.35821754055,490129.7570998497,491406.8135509684,491725.4882145954,492397.1829957161,488013.92474958213,490309.76328628656,491420.5083758189
290,zipkin2.SpanTest._Benchmark.benchmark_b8b36d32_clone_differentCollections,1255119.042818686,1254452.059992684,1245675.5240387262,1247826.5571881272,1241693.16167632,1245375.4757740747,1238433.4950696067,1246068.1960945972,1227081.9115999346,1230919.2558531612,1237376.1894957775,1247902.2892520514,1230761.9572424574,1230469.4465491695,1214428.1036663558,1217252.4466682484,1225345.2842268958,1231169.3464148194,1251231.0085589534,1259768.0157113404,1252492.3443683442,1262005.6495614487,1258584.3045796535,1253682.7927648006,1257125.4952860354,1250161.3130725713,1243061.2756415862,1244288.0788198605,1239801.9189283191,1230699.6028532134
291,zipkin2.internal.SpanNodeTest._Benchmark.benchmark_b720145b_constructsTraceTree_sharedRootId,529805.7596966195,529320.8912121793,530125.0416234826,529961.5430293409,531692.661843988,537754.9429070577,528146.644608827,530347.8454327405,510129.6747581341,504229.15952982154,513765.7268044203,515190.0323600889,529721.8123459183,534978.1307863491,531883.4191267941,536456.7245282945,536471.9528718673,536458.3763900131,539982.3998899354,536208.716774357,537321.5395561696,533592.1173767684,531031.2651208568,538420.5058190264,535738.8745977073,540127.6574841755,541604.723952006,540773.8682373222,541696.8717379391,536558.8497594236
292,zipkin2.storage.StrictTraceIdTest._Benchmark.benchmark_d64d46c1_filterTraces_skipsOnNoClash,3128511.4589795475,3065742.2342220484,3029387.118956534,3108245.3695983924,3140071.3387090736,3059162.969940946,3148715.2189255184,3057759.6871898156,3081103.725368784,3127718.8559484826,3212590.1309525645,3095408.4961298965,3133829.023207096,3119750.071987205,3128438.4465107895,3130219.939178883,3148195.158297129,3111539.553609978,3070240.32839973,3133632.910527152,3177595.82288208,3181436.6727399286,3137755.1217083256,3082062.934521247,3158080.083715653,3138748.471324235,3172592.205430881,3141611.0493708635,3228974.773205324,3094985.100628193
293,zipkin2.codec.SpanBytesEncoderTest._Benchmark.benchmark_b3d3f85e_errorSpan_PROTO3,3362130.8897559643,3517013.095263546,3554755.7952097175,3741705.9021994765,3664895.86680104,3753449.4795459234,3747972.845059984,3696474.7728116456,3701944.763598111,3743986.9807228902,3753759.372271149,3716364.5684159426,3739749.0130721084,3747453.5471667605,3777729.4534123167,3776433.4713576636,3760555.349455601,3766766.900276483,3763133.5450416747,3771213.098048304,3780622.5615561907,3772311.8127660602,3697675.383915735,3775559.807481226,3663526.70053715,3600325.4417828466,3619166.899449428,3559497.512855105,3641040.0245082383,3791983.3537088255
294,zipkin2.v1.SpanConverterTest._Benchmark.benchmark_78d3abfd_producerAndConsumer,777162.7217369091,783376.7342591846,780878.0545257254,778091.0186355272,779701.5512850322,777878.3592219533,781605.5164957449,775290.8579675602,780706.5240849537,780435.6017504213,779685.9479108077,776672.457927002,773871.1127993193,775335.8160098016,774054.9782939315,775660.0288616155,772800.734925197,772914.5001561741,775461.3437806026,778129.3624015872,774753.8591641607,775768.6274833276,774557.881137315,774810.9886840025,781889.4527270718,778117.0120863492,777253.5277096754,774365.2351236833,775528.3847359733,778322.065674304
295,zipkin2.internal.V1ThriftSpanWriterTest._Benchmark.benchmark_dee104ac_write_startsWithI64Prefix,1210208.9625062104,1214456.1087627744,1209048.0402305538,1216834.7818040082,1216784.026838524,1219176.4381975674,1221026.875793812,1018666.1873009313,1143699.4916126407,1183407.785388582,1216745.434290781,1217713.4065121391,1203941.0873295842,1192247.0201529076,1205276.73672394,1212915.1668395356,1219896.1900641804,1201751.5584986322,1213641.6969381871,1214589.8777415033,1219552.4832619873,1213201.1474227312,1207085.1416880125,1222451.8092964338,1217270.706768102,1218104.4934782304,1230037.6766985708,1223731.2900560922,1223642.9990046201,1215914.333509583
296,zipkin2.v1.SpanConverterTest._Benchmark.benchmark_509d5fef_producer_duration,6651.354146860986,6692.82714227876,6647.595004205481,6672.910616362294,6679.819468825455,6657.12892799403,6705.9159145203475,6703.086094538785,6734.633319419658,6649.527451331671,6660.326574380065,6712.182623960967,6701.349191771892,6689.692118363016,6716.133813505939,6788.826225523259,6823.1266261456,6777.493226498975,6820.537963117303,6788.835110572212,6809.95621879147,6803.752627208338,6763.1558567017455,6787.535888658541,6801.690742548967,6712.397938179333,6792.534836650665,6783.8733478821305,6799.7300008282855,6808.442337690238
297,zipkin2.storage.QueryRequestTest._Benchmark.benchmark_770b4843_test_noRootSpanLeastWins,1268242.1210877148,1242521.7878526892,1254126.3949626572,1233333.7481925152,1259529.8070324115,1260524.0377167435,1223649.5381324233,1222065.4559541647,1211422.338836079,1230667.248223836,1242387.1712640205,1240996.5084699974,1251630.8581509134,1227857.6930988003,1235819.46692697,1244653.5580835193,1234658.615757293,1245091.3709468916,1281071.5641902029,1279867.7226093493,1274111.7737166628,1257659.6488739823,1288097.6009568528,1269876.964364069,1273131.2442795984,1271942.134504423,1293592.0786148317,1279189.2957439732,1283384.007765897,1237892.962843844
298,zipkin2.codec.SpanBytesDecoderTest._Benchmark.benchmark_d6dd74fa_spanRoundTrip_64bitTraceId_PROTO3,575577.7889845639,565130.6312940487,558887.8316743679,560725.0120175966,572949.1157240786,569301.6998399871,571461.3107574115,570025.3992398852,562320.756802619,567713.9589843554,571383.4512996172,568685.2121489729,573775.593546533,574722.5288034455,567686.0438696905,566566.9587244727,568573.9838879345,569339.4490622883,568946.5419055946,578359.3769278866,573102.1797709111,577842.6600389365,582825.0584159218,573733.7486689382,574099.0002740445,575392.1303698185,579727.7690880337,574332.2921982008,573120.4035768582,573029.4404671927
299,zipkin2.v1.V1SpanConverterTest._Benchmark.benchmark_4f0aa247_convert_ma,1786283.4496528532,1767316.4447319387,1775069.9417797655,1783692.5060246016,1783535.8117800853,1793529.1436918685,1797548.8808860078,1794658.3845175526,1796562.5341670949,1774356.9036509937,1798601.4809488733,1794781.3142866518,1768392.8784292925,1792102.738920093,1795338.6926392072,1777338.2014170722,1791702.2065422316,1766421.4946011323,1783885.728385976,1773702.982175453,1756571.4248701327,1775540.5054035669,1784165.9224676744,1751981.3698717542,1781138.7346989915,1761653.4636443767,1781302.4313494684,1783156.77966536,1783961.623133425,1761736.877490645
300,zipkin2.SpanTest._Benchmark.benchmark_3da6aea2_shared_canDisable,3118261.199212232,3124032.7459596475,3111903.131452219,3122017.9653009586,3119804.949379252,3134695.3895245343,3132144.0533908745,3127021.2805896252,3114320.717293168,3093045.8754831883,3124074.702427441,3122361.0535211987,3115756.244094799,3098774.446454118,3101196.267113373,3101032.3985529672,3104890.251242897,3092944.2933955304,3112349.3436607886,3094179.9458046034,3108761.4792269096,3107392.1816152525,3114773.2848695247,3113084.3560616425,3080686.2609246513,3105560.7442114945,3095062.6089960327,3094944.1065035206,3110023.5292107374,3104125.578318549
301,zipkin2.internal.HexCodecTest._Benchmark.benchmark_9bf80501_lowerHexToUnsignedLong_downgrades128bitIdsByDroppingHighBits,5941393.462074417,5955124.318168582,5937176.101291395,5927080.585984272,6027251.213913776,5870522.372234461,5938087.619884388,5950381.347442495,5963024.926251415,5990448.348041535,6022255.142441421,5950218.729681831,5987993.384227019,5982003.837550414,6054808.255025474,5870603.989058983,5935258.473319816,5965354.958717188,5982398.413301371,5939674.103996179,5949818.712649573,5946432.373666289,5955691.662743742,5948469.31480161,6016859.159385021,6025356.72726822,6073229.22106477,5967831.14084592,6020125.001747787,6045096.735149107
302,zipkin2.storage.QueryRequestTest._Benchmark.benchmark_7baa060d_annotationQueryParameterSpecificity,314594.94399522926,313657.50031517696,314459.88972697844,314728.0088250041,316500.20674502215,316338.3816326707,315388.15040014964,316784.62548164075,319171.5315652723,317809.7966935277,316496.5585630939,313053.1210304243,311761.9414632855,311944.6430597478,313400.6881771569,310430.8743776495,312445.96995951125,313464.69191184064,313046.8901506826,313903.39267276385,315193.2357510596,312556.37366017327,311961.8975931252,314028.65191080165,314828.6919882531,312717.5032232952,315308.5038648292,315202.81296028796,314213.8676890694,313779.4225557444
303,zipkin2.internal.Proto3CodecInteropTest._Benchmark.benchmark_6edc7e3b_annotation_write_matchesWire,2704558.9381528795,2696772.6215512063,2686176.664903986,2710293.9638799243,2699174.0624188175,2701938.2284148387,2708309.835756246,2699570.4063593005,2705716.297447577,2704165.468982633,2700364.3425031,2709724.869703869,2714790.0767061864,2704676.3115544794,2702328.8961837753,2702243.357646716,2699293.557444363,2698575.480260389,2703219.474751095,2707530.0710614533,2707355.3436143273,2715732.936470514,2700612.4912147885,2712935.553472835,2710267.8981653433,2695378.4391039545,2726445.2390130498,2712581.7697960357,2709218.569936576,2701972.3358583567
304,zipkin2.codec.SpanBytesEncoderTest._Benchmark.benchmark_0aec4c1b_localSpan_JSON_V2,2800204.082280588,2781017.66904307,2801678.5402002493,2787650.2649925263,2810136.2845544685,2806985.998181971,2795451.0044854525,2816010.8619336057,2792603.7476406503,2791538.991169135,2806190.3077473645,2797557.3482187125,2787572.0065070665,2790168.1420844262,2791722.006334157,2786441.1612259643,2795760.201446192,2791696.707503606,2811859.5120795956,2793625.996252131,2789782.89205922,2803337.707755977,2775665.5674995002,2806233.599063722,2799343.59496432,2773720.7188191507,2794818.334353588,2798482.1863732813,2788733.6614832603,2794723.853527144
305,zipkin2.codec.V1SpanBytesDecoderTest._Benchmark.benchmark_6a8ce1fa_niceErrorOnNull_annotationValue,171833.75995385248,174364.22562227218,175350.89713970872,173221.7323814845,176205.99437109384,189341.23790151745,181626.56482504762,186773.94405394152,186536.7285415796,183008.75516621655,182517.22887660502,179983.88488659824,180696.25306003625,180998.0482411797,180136.09376230126,179803.55988609878,181248.92421133537,182022.7995051973,182746.21682592385,184597.19467681748,184507.61378811207,182709.19467595947,182274.26988713295,184059.54043946185,186873.55417562212,181495.16554132212,184248.25059950622,180726.07737283403,182387.73728833764,183974.54645852838
306,zipkin2.codec.SpanBytesEncoderTest._Benchmark.benchmark_51bfb577_noAnnotations_rootServerSpan_PROTO3_shared,1492946.665362734,1491686.685492404,1481712.852593957,1488557.992159436,1490932.3724359616,1489076.5170735663,1497464.5378278967,1500322.5154231694,1495035.6705184698,1490543.5999631474,1496236.775261065,1503263.9919466358,1500348.738342079,1495655.865592944,1502157.559459573,1503455.7595589818,1497338.3437167644,1504363.9657361542,1504927.5568691753,1504013.107358755,1501988.8583934074,1497497.2198275668,1499571.5679084416,1505256.9560153857,1505042.4572613488,1502791.4877415737,1501432.2905072237,1505121.7723180836,1515875.2353120993,1527199.0337533036
307,zipkin2.internal.ReadBufferTest._Benchmark.benchmark_883dece6_readVarint32_malformedTooBig,971411.4156132846,970438.67872106,961809.7208969524,960098.0287767199,953754.852403988,985374.7191821992,971141.4650242538,977342.0322938621,975003.6220888533,980101.4387447357,978115.872302421,983150.9585683597,978172.0371295898,949226.9954412067,950196.3275073632,941649.2152530248,970365.8989623884,949632.3299311409,962021.3116470792,947245.751601414,953463.757296225,955232.694875868,946984.337717814,944540.394895819,958271.5957833938,959299.1404096945,950533.357367062,952030.9596026274,947305.4880045758,969108.4795258048
308,zipkin2.codec.SpanBytesDecoderTest._Benchmark.benchmark_f1a6d79e_skipsIncompleteEndpoint,187572.01173676958,188382.162360135,188561.2803607123,188875.7473548886,188875.44507976645,189188.57762945202,188695.141366129,189162.07845964035,189139.00704228278,188526.60835570868,188536.40501109182,188688.74486741205,188236.75042255773,188919.04518576435,189961.4824026038,189446.3020081848,188902.9018365229,188433.31986600597,189650.8358531033,188958.67781566095,189524.64322605342,188768.18207524344,189539.1437579405,190346.42179820128,189782.3851349661,188915.82794763733,190100.1486636508,189776.40230173385,189303.91843872302,188851.01767904614
309,zipkin2.codec.SpanBytesEncoderTest._Benchmark.benchmark_25fb0385_noAnnotations_rootServerSpan_JSON_V1_shared,871170.2665963225,863976.9108795237,869418.3334642018,876354.6890102912,858914.5902331927,864200.6839853547,872493.500336074,866312.4958514808,859601.4339906686,868473.0983135495,868189.3637394806,862891.0856561005,872568.6016733499,885824.5881065307,876111.7930382012,867391.555881316,857978.7629240054,853260.5888751214,864981.4860481167,860651.498845434,861323.2715303722,861870.4966793815,874802.4057043158,873104.4235744508,870584.271617924,874913.0725439471,866143.5875196165,864434.5441602827,868891.8456755821,871220.7395030609
310,zipkin2.storage.QueryRequestTest._Benchmark.benchmark_43b4a566_annotationQuerySkipsEmptyKeys,1449273.2872224287,1457812.271167024,1462200.997287496,1476166.391907886,1464555.3784934995,1477826.6168260938,1473005.324277339,1461421.6639869104,1457877.815992849,1468587.1457717228,1463106.3281373149,1468878.700573866,1493899.9502866357,1478984.2379220738,1480384.0799883816,1488462.3322655123,1481959.995154624,1488005.6676231574,1501354.4850353447,1490706.0574143662,1478307.3307670297,1480726.3994313916,1490624.4173045345,1490940.1765670255,1481204.4794223553,1484035.1174497383,1491144.8229285586,1484746.643593435,1480249.7942264008,1485903.609301574
311,zipkin2.SpanTest._Benchmark.benchmark_f82bb70a_builder_merge_remoteEndpoint_redundant,26763.81880229525,26723.315923666763,27525.417397015375,28138.107489389196,27471.21483088437,27505.79027192706,27010.04382458605,26943.291445059593,26651.029183125927,27283.246682275854,27426.43539637801,28200.29128795028,28508.829927919953,28994.22123044524,28537.797738148547,28188.42562005227,27220.972527524205,28081.99764124019,28705.599338985852,28840.791404274692,28842.336907843357,27796.3528993126,28949.477894351272,28929.17953953908,28842.659323985037,29112.827338808533,29130.381749033077,29072.241800131455,28922.750586817074,29113.650640520114
312,zipkin2.internal.V1ThriftSpanWriterTest._Benchmark.benchmark_e75d5fd4_writeList_startsWithListPrefix_multiple,1066119.7702756363,1063139.1205401833,1070795.7644794176,1070924.5898666792,1069455.3105500368,1068942.4446626848,1069225.4806586618,1068162.6348107522,1072705.8549423204,1067650.3696654174,1071310.6391615616,1070568.276207575,1073704.3286629946,1073896.7254867353,1074119.3370999752,1071190.5532405032,1061206.4586989996,1061640.4661254836,1068463.9267640293,1072606.8835928536,1071104.7643554767,1072798.1506322462,1037418.0189469678,1069238.083138178,1071279.0699526686,1069017.9459651108,1074237.3794019718,1071704.8109144093,1066463.884488064,1067900.0349938197
313,zipkin2.internal.AggregateCallTest._Benchmark.benchmark_59e713ac_enqueue_blocksOnCompletion,1322.0455061283665,1603.021038257978,1639.1526105532275,1704.2389993426675,1743.8511535847858,1761.1368210544438,1747.5746543097382,1722.0426097466,1738.6669670357992,1731.4823404561562,1747.8327009495306,1756.704467850669,1754.1631238568705,1738.2111389477557,1778.2190470935545,1762.7815032326744,1750.587846299674,1761.2968251394218,1776.002385715898,1790.6035227773832,1794.1058302129627,1790.0741915288831,1780.3951712739954,1792.8331535682296,1763.5615045403881,1775.699851678371,1774.4397667790734,1779.079228649816,1769.8269215460343,1750.9295779571637
314,zipkin2.codec.V1SpanBytesDecoderTest._Benchmark.benchmark_eb69513d_niceErrorOnIncomplete_annotation,176058.56505944708,176984.53800545208,177151.4666138532,177000.52780224266,176604.6423449652,176578.98599592288,176793.59841461614,177325.6882130164,177225.60348943836,177467.46869393575,178171.4898449716,176707.42118270937,177886.84999780572,178125.1608897944,177355.5547525761,177860.1705952904,174541.48030022698,176707.1408017861,178044.1997055667,177016.00687878652,178927.7553163791,179245.71047090273,177701.26428395518,178248.65951693233,178340.30331305022,177075.59499384701,177533.51017001015,178536.8268802085,177496.11492570204,178276.535842907
315,zipkin2.codec.SpanBytesDecoderTest._Benchmark.benchmark_9602026b_spanRoundTrip_JSON_V2,232678.1545579846,232955.84452827947,231643.84011408815,234248.61092769736,234654.37700244354,234064.1820210144,234177.6572481864,233773.72946898418,236854.43226638253,232268.7133664114,230599.78141569457,230606.41562673557,231885.6634646654,231089.31712803798,229569.1301312574,228965.62910892718,229895.33009147397,228816.40046555127,229747.52916536384,230575.33542435622,227580.59905744516,231012.45922397112,230331.96712630408,228550.786245983,230719.9444562541,230764.6418611344,231083.30143517978,233066.6571799508,234408.42187849042,230713.21025473042
316,zipkin2.v1.SpanConverterTest._Benchmark.benchmark_b3e3d818_missingEndpoints_coreAnnotation,8399.93173028227,8298.279327633512,8423.043411805807,8403.889560113828,8297.673386980141,8442.689078338739,8449.847595762483,8485.546875554202,8488.516928764791,8385.738288075474,8405.808664521819,8477.625110939969,8525.359822205592,8291.404609382085,8282.558361506379,8258.787890736428,8230.760723555006,8225.719097235944,8275.448342062622,8434.61165448706,8478.836211899226,8476.01822343918,8473.884201297795,8447.026894054778,8458.68204120978,8472.556683023933,8464.80165495931,8452.806134114424,8348.32037158687,8414.568294862902
317,zipkin2.codec.V1SpanBytesDecoderTest._Benchmark.benchmark_3c445032_spanRoundTrip_noRemoteServiceName_THRIFT,326188.2824310632,326288.4659548688,326721.94426552666,327180.3070094413,327520.8937538174,289150.155097554,314955.9957818902,320577.618114027,327182.4035613906,327069.15678782004,325205.89781212615,327423.74499254127,327220.43187659315,326489.0143334966,327556.557440921,325450.3567983706,328246.95221836877,327792.2909852746,329440.8383209452,327742.8302978444,327154.3393539897,329141.7169463013,327737.07491560705,327527.8718961097,326957.3455939143,327323.7159985004,327040.87806777796,327835.85103599646,325954.4140347799,326876.38774361176
318,zipkin2.codec.SpanBytesEncoderTest._Benchmark.benchmark_14c8e90d_errorSpan_JSON_V2,3970241.5449694325,3929294.233044866,3934911.9979513804,3916545.371016533,4015242.085739542,3964172.0599619546,3920917.3273861455,3925486.3713075723,3953584.304161255,4030001.5734216636,3936552.4184119864,3912043.900975376,3961569.635349762,3971730.7112860307,4007809.949153267,3999845.743557925,3946476.367742767,3955722.2329021436,3935054.160057972,3985008.382752148,3977216.187785715,3919124.988095602,3973637.0772068147,3863883.3881497253,4007532.8416428543,4034802.031675266,3959144.740682014,3995279.7681570137,3985768.9805262573,4038213.0355592375
319,zipkin2.internal.AggregateCallTest._Benchmark.benchmark_4657f050_enqueue_cancel,34366.388594405194,35902.7977582883,35220.32293847377,34555.20132563176,34893.4016428513,35327.28236378627,35405.890194446554,35944.29192110237,36473.268298097544,36345.2406329859,35133.79278973557,35068.258083037006,34679.20283536475,35141.70400909785,36284.07121134255,35730.629630030344,35465.57583411879,36258.33040315489,36647.519878217325,36463.47855045823,35926.77243232888,36615.29398331346,36878.00062231826,36347.95382627903,36272.95105880128,36395.28371079081,35997.43776555359,37462.185316168456,37475.887665005306,37344.40328583073
320,zipkin2.internal.ReadBufferTest._Benchmark.benchmark_bac195d3_readShort_byteBuff_littleEndian,4847981.361370128,4882468.916838698,4891134.213888539,4973316.4578041155,4943584.4420683775,4976066.5586050525,4949243.434828918,4903288.354289695,4961575.711000008,4922113.859328569,4973119.104567126,4938429.13472996,4887692.236125108,4948380.479518024,4942232.313720669,4923471.377437211,4875098.946672884,4908673.144997568,4941922.050768717,4982536.21047728,4967728.344272459,5008351.18699812,4982145.348306172,4997965.956703129,5015282.8750176765,5022442.651043591,4865287.093757218,4720250.5123072,4699729.69117781,4848025.942044926
321,zipkin2.storage.QueryRequestTest._Benchmark.benchmark_90924e40_minDuration_mustBePositive,432197.75032719044,432366.48507501616,432446.6052285998,434546.041931851,432601.63943859807,435471.06417819625,429882.71786450373,429752.20346890215,433407.43173726957,432752.3065093455,434844.48588728387,428567.0732228327,430239.7543298885,430817.817046907,431992.73047929787,429701.1404194169,432578.86530647206,432543.0558326935,435560.1896666717,433679.3756016116,434533.37165772775,432868.1907554817,433104.2300535436,432396.2051044107,434209.8735039433,435861.8970278363,433066.58398103726,430676.06039738987,434594.4649042528,432733.50559123023
322,zipkin2.internal.V2SpanWriterTest._Benchmark.benchmark_570bd76a_sizeInBytes,1080322.17932447,1116684.303977481,1109644.7915772807,1106809.3135041627,1107730.5634185774,1114321.9997107172,1116764.1024894784,1106008.857701981,1096757.9322839116,1101888.6477033966,1106819.2278260035,1094094.5392320321,1092555.927063482,1075511.2684287666,1079353.4046065344,1077233.6085266133,1088955.2283748107,1095051.2124092483,1079016.0879386477,1089686.4261901993,1090173.4116103875,1097840.9012947236,1108494.0389253157,1073997.9569269696,1094485.0102096645,1097277.6807885438,1109632.6819724625,1112492.4297535853,1095815.0689113867,1038412.5247828249
323,zipkin2.storage.QueryRequestTest._Benchmark.benchmark_4ad03df4_test_annotationQuery_annotation,876037.1246001187,896180.6690405096,899679.8279402915,899395.9966658183,892061.0187316734,891174.3520625847,902652.1317279274,899772.4718978524,877959.0484781428,873638.860649442,896408.8586444143,878319.9913191766,890072.9266701908,889944.2183081559,895980.4216367726,882867.6535263368,879105.8892534813,898692.9464816225,887306.963761866,890903.8671168658,899750.2090315059,900026.9869693171,904123.1745168996,889523.7893184634,883735.1857069953,898002.6273619916,899549.7238516024,900694.8150289904,884650.6807119508,890579.3890798907
324,zipkin2.v1.SpanConverterTest._Benchmark.benchmark_f750245c_redundantServiceNameOnAddressAnnotations_server,1397417.7928087534,1404227.5095632738,1395557.7678445033,1393494.1206990639,1397847.9408790127,1395371.9103697275,1394910.3244112951,1390570.0944706788,1397297.9450820326,1404362.8365270612,1405192.3336313802,1393872.0886681858,1390374.9684505577,1400599.9289210814,1389648.838010774,1366079.5758037632,1344849.972133927,1364547.309924231,1355699.5386750533,1352012.1058900526,1369304.2985639463,1390263.888655793,1386027.1764856107,1396169.008627219,1396165.8935551213,1387575.615042366,1403888.4557013994,1396748.5792478404,1393143.5762843122,1383200.5994656458
325,zipkin2.EndpointTest._Benchmark.benchmark_dde1eb2c_newBuilderWithPort_NegativeCoercesToNull,5302595.712316664,5258441.440422994,5219982.146910279,5221132.955077718,5217379.2824126305,5194167.888374026,5195018.427608951,5211512.962866059,5198935.306053571,5208289.116369318,5198549.894637423,5202926.428991852,5206504.2698391015,5216393.425656321,5200910.670119455,5203229.145858139,4849657.056351114,4877538.484222858,5036896.443888955,5142290.6345884595,5202605.34828701,5199388.373954265,5168587.612154435,5188909.7125195945,5195012.623086195,5183305.577178727,5203563.290112277,5178805.506655693,5162939.610279976,5151033.528898413
326,zipkin2.codec.SpanBytesEncoderTest._Benchmark.benchmark_0bf25e20_specialCharsInJson_JSON_V1,959407.8609328289,963122.820975841,967229.3979442759,960294.7984297549,959649.5265968771,956784.6829777512,965751.0489263223,959106.9303415702,960667.5820790984,957478.1117068157,961257.6350763683,959900.3714296788,959634.6112628916,959918.8984460487,960158.8764281414,960153.7426724014,962706.1545050391,956780.7983856993,954852.658699289,962769.9346115981,961379.0018650943,961373.7243520864,962620.6600637394,961228.3755053253,959942.5931553975,957303.9274623869,962532.4393916063,960752.1330468549,968216.0989698139,962811.7749207234
327,zipkin2.internal.SpanNodeTest._Benchmark.benchmark_a937506d_addChild_selfNotAllowed,814104.2578724434,810182.817021449,814009.7744309424,815405.0770190993,817142.7149604253,815566.089805751,806206.6334209456,812521.0804748578,815778.1899774427,811901.3234566544,804526.0313019063,806501.9067448962,784293.6295671816,813955.6500542669,813610.0439848143,814226.5752789906,815688.71153752,810071.6821536125,816038.0915477704,816330.8790605124,816705.1047928828,812066.5879862737,803089.5596110305,812171.5132457429,815826.267226938,815676.8424858623,816377.5683382371,813664.3525640712,813146.5641083057,816021.404093475
328,zipkin2.CallTest._Benchmark.benchmark_1d0e1af9_enqueuesOnce,95935.3749301169,97014.30367172211,97691.63538995435,96576.09190643323,96848.44767849459,96216.20208286693,90349.05406207361,89314.48086589715,97906.79085303504,97210.79757722074,94773.46342464155,93633.67176829354,95986.91587764748,96700.06919135635,95874.06536185583,96686.73282773339,97097.52083183925,98194.30767598402,95602.19465337579,95820.605459231,94076.47090934678,98025.07370369787,98748.10177588093,97796.25264534498,98743.68436185803,97480.46885393729,98053.97227569905,97337.12737313806,97243.70288288509,97712.44399441835
329,zipkin2.codec.SpanBytesDecoderTest._Benchmark.benchmark_cf459c44_falseOnEmpty_inputSpans_PROTO3,6228081.091232164,6240676.86024612,6244445.456921256,6220295.24325625,6207719.4653472,6224544.5822681,6232355.1414213255,6240628.436485785,6234118.813495916,6237327.521120737,6241921.99567397,6238706.170880424,6229549.019719621,6210892.994311137,6234373.214321801,6255725.809521373,6232407.150036532,6200340.06874692,6246436.916658957,6260671.144568292,6238055.29926171,6234484.487471417,6243975.87722438,6238340.67105315,6260410.687238482,6225567.427871647,6220766.743372187,6257316.141598962,6233084.278865624,6274562.820932407
330,zipkin2.internal.V1JsonSpanWriterTest._Benchmark.benchmark_a2bc3dd3_sizeInBytes,748342.8173057195,751948.7026486694,754613.9943724604,755950.0087614984,754357.2767440658,754880.2000227789,756767.2514210409,755307.2516708141,758789.6037354516,758704.055768594,757774.8422478186,757784.7878043404,759302.5816032779,759158.7634959212,757736.164138537,757601.9734419124,759402.5003444094,758075.4416148431,756334.9549590875,755839.419321796,757566.9223671311,759415.6605776536,757042.9547525657,757010.694935818,755898.4831349048,760266.2434503145,759010.8278209786,757721.737455944,756662.7904337752,758444.215803475
331,zipkin2.codec.SpanBytesDecoderTest._Benchmark.benchmark_a791f628_niceErrorOnNull_tagValue,235204.580695141,232373.824814959,232016.652330465,233920.62027227166,232740.85066528936,234651.3327306244,231963.67828012703,232855.81338521984,230952.94446100257,231648.79279767413,233808.59226059663,233868.15213831994,232371.0872284216,230445.3321013552,233523.75075053205,240231.2763824982,235584.14977680345,229985.10412663786,232276.35626882286,234035.55289034147,237762.2264884566,232067.96903674208,231481.62778196664,232798.80974855178,234964.8305284448,236157.08944597482,233876.71106846057,232744.76137817863,231961.42395083638,228812.43311407065
332,zipkin2.codec.SpanBytesDecoderTest._Benchmark.benchmark_072f347b_spanRoundTrip_noRemoteServiceName_PROTO3,510121.4926548704,510946.98745656194,509889.1113454014,508976.8919422671,510752.05510320247,511014.3605661705,511328.88442794356,510815.86770343105,512504.3936390526,508757.9605319137,512505.7010853199,511313.09356796514,513548.88716303185,512174.1940737917,513465.01222959405,512482.5079456148,511474.3069149497,514274.47066398914,513051.08369076456,512271.6944376185,509995.4251826421,510488.0803802199,513811.0760330969,511133.2203772689,510393.14129431406,512862.50398445665,511388.240548591,512893.5968154935,513425.7087791631,512793.787355275
333,zipkin2.codec.V1SpanBytesDecoderTest._Benchmark.benchmark_054dd9fb_ignoresNull_topLevelFields,410859.1954793275,417144.8575358561,416919.37614006293,418221.82134893717,419291.4306892761,419373.2664300945,421143.9186991025,417696.0083295408,418494.003181602,420875.0517728933,420029.0737205743,421904.5745834188,424513.29299660726,423225.923855076,422868.45204637526,422211.79635567946,424995.9170796175,420132.8664802823,418954.2990692932,421797.8387247139,421531.29315768345,421645.9422481318,421239.66388163297,420067.8348251039,427374.9388539033,430582.1829653026,436710.25294009666,433266.5878409373,425286.07753771584,423795.9912131494
334,zipkin2.v1.SpanConverterTest._Benchmark.benchmark_95c17a07_server_shared_v1_no_timestamp_duration,6828.086422520926,6794.370121123551,6809.374851722988,6834.998201148655,6844.046295836768,6858.794256748681,6832.305940201065,6818.811106189581,6939.258214114686,6908.639539670827,6970.500779704658,6954.517234334985,6927.446940346071,6979.759703680415,6849.968312572507,6906.960019029934,6938.334780214612,6919.99037340452,6958.096365941148,6922.835852994183,6951.912118677619,6963.698046122203,6908.335148733621,6932.065453595874,6975.778958492142,6960.352234819266,6918.571034758703,6956.741383139082,7036.946794247198,6920.333913031638
335,zipkin2.EndpointTest._Benchmark.benchmark_081cd013_ip_ipv6_addr,2589128.1159085673,2589575.5972121293,2585662.6906399336,2537882.048466391,2594393.0700997766,2589522.816597684,2590450.9138223743,2596098.117984641,2596605.088925137,2583514.1184365437,2584431.6068790713,2584097.3315029256,2591658.3048832375,2585196.4520931733,2595206.220763433,2593423.7837494705,2581377.9435708816,2582090.7605584804,2593268.826694291,2593333.155469015,2589100.590220634,2579421.150090662,2592904.534440851,2586180.130581996,2587670.37964041,2587634.358620513,2585208.1879155855,2585809.4053264037,2590612.562586821,2496851.285857648
336,zipkin2.internal.V1JsonSpanWriterTest._Benchmark.benchmark_b28263e4_writes128BitTraceId,687458.2928245052,702667.5375926472,708829.9945319421,703018.6999368374,706800.7125156294,696483.0989392238,709770.925212754,701280.6311564274,715742.9229050482,708524.11166015,714398.4510595808,718574.4390433116,700413.2299460792,706172.2115219918,701494.8673527215,698521.715797106,702743.2958029886,707586.6512610643,710084.0520549609,710031.4887021113,716232.4439332775,687230.6229008817,708726.4299111057,724184.7662776302,717746.7991950454,715417.2303647861,711692.6706487432,716093.168805106,713729.911615483,721797.796792873
337,zipkin2.SpanBytesDecoderDetectorTest._Benchmark.benchmark_d9e55d7e_decoderForListMessage_json_v2_partial_remoteEndpoint,1848097.8099116061,1854953.4519058724,1842147.537982141,1863416.7207854374,1830093.2866837166,1801582.1348343508,1802397.8569608086,1792830.3489402784,1813993.8005459453,1815813.2269772864,1862715.3668595625,1859627.7642993815,1850002.9126979064,1860584.8718649077,1852552.3141686844,1855469.1259607833,1858091.704258536,1858267.4057097519,1860428.367492012,1843051.3025021178,1835998.832041244,1856846.548491687,1846709.026418902,1869785.6182912095,1868103.2157878433,1861617.827249682,1871067.2934063098,1864247.2199997287,1873813.7603100396,1863448.1850459808
338,zipkin2.internal.SpanNodeTest._Benchmark.benchmark_11971cf4_build_skewedTrace,605816.1043852224,577110.6158822031,607347.4737691806,609085.1583240525,602515.5136190112,610748.9903551689,620105.3645728922,612395.482636335,607067.1921074024,598504.7669478486,607955.1056315459,603618.1058493357,618986.1589092512,624263.551061451,614869.2167525131,617847.0237700274,614201.5869304419,617135.0111825485,607984.5208301805,609048.2582755494,595426.0399662812,622493.9683100788,624068.3243057205,618859.00679783,619966.7384502258,611833.6067335781,612171.2822872936,614559.5287424782,624400.4306206832,619261.088258284
339,zipkin2.internal.JsonCodecTest._Benchmark.benchmark_5318508b_doesntStackOverflowOnToBufferWriterBug_Overflow,510864.381479479,511243.0780334438,507854.3806042931,508018.5069154131,509841.01967115945,510734.8073592136,507918.7498830132,509892.22944509936,509480.3067679066,511347.1456556552,510403.55680633924,509039.3039890197,510032.4908723946,511770.8101296066,511295.0633034602,512437.437632144,509997.85359270277,509264.00670487585,511970.35179692745,509290.70433316205,510481.295571034,510835.2584515845,511378.20199143,511400.62024615426,512414.95597674063,511277.19516656804,509841.92368420796,503511.6456452118,511986.12592667143,511360.58796575834
340,zipkin2.v1.SpanConverterTest._Benchmark.benchmark_368e4da6_server_missingSr,1673845.932166366,1684447.4817317156,1679056.3888499825,1692668.1889189847,1690059.2765037639,1687752.4682802889,1685337.0959161243,1689126.0324540213,1686604.5782950125,1686699.797556978,1696145.6656355574,1690103.4872695014,1687158.888291873,1687965.8076298556,1697052.0546359422,1688739.7868262534,1692136.129678702,1688958.9035173045,1689043.5629018645,1690580.4861055831,1690238.8526285102,1683383.1209424143,1671798.8358943867,1695152.522028175,1694529.9329008216,1687565.4861424735,1693914.503702727,1694772.362460777,1693160.4536062938,1691429.1973286623
341,zipkin2.internal.V1JsonSpanWriterTest._Benchmark.benchmark_091ab876_writesCoreAnnotations_client,501339.05881180504,498956.1861744383,504051.4294994358,518737.0199311777,509201.72703812487,491414.23979795945,488336.8790560812,494581.0633944244,505398.28253040137,506794.16177005024,505736.30630958744,508875.59456431144,510647.4678327399,507576.3003815176,511684.18025150156,509067.18933330005,512319.4584196579,509828.14253246714,509604.6873127672,509606.70280764526,498016.0524273541,510078.4558872918,511299.5300460777,509303.8194015686,515607.4254696811,511638.47053768166,511752.0475184142,516190.9059968415,511686.68565303314,516123.09382591577
342,zipkin2.SpanBytesDecoderDetectorTest._Benchmark.benchmark_f8fae43d_decoderForMessage_json_v2_list,482839.194176428,483335.56566666695,484747.98932886444,483782.27967021347,488301.02022764477,482616.1071049595,483515.3923282975,485109.40554432734,484795.77574082935,488971.1952846073,484892.55811185436,486447.3905127296,485258.9761548581,488388.4548911441,483182.8235946732,481344.08637508703,491624.1521163877,490738.6694493747,483143.70839215314,492656.71399462695,484599.2000568717,483087.82800434117,486960.47169435525,491690.79377236275,487041.6257640841,480748.79573746194,487712.184038629,482856.25698743964,469229.5570089527,468637.33385085524
343,zipkin2.internal.V1ThriftSpanWriterTest._Benchmark.benchmark_967f3c2f_writeList_offset_startsWithListPrefix,892216.6743258357,882770.9492644584,893371.3503030085,880917.9213279407,896705.5664760086,893973.7475862474,891442.6848912673,894141.0109512522,884671.6203765563,887303.024877397,897460.5813255443,848261.5622073201,836154.7611759338,830563.6736406168,860662.159769765,821667.8040413088,818142.6925213457,818172.3653509009,805717.0853010799,827806.7337491319,839907.9349878923,826236.778230366,846329.954430394,853408.1047254939,870094.2458558384,866825.0882321589,868004.1334768224,870020.4215544674,882747.1124939318,868719.2851266069
344,zipkin2.codec.SpanBytesDecoderTest._Benchmark.benchmark_40d5c8f5_errorSpanRoundTrip_PROTO3,1474481.7379084858,1483478.2913381506,1475258.881104991,1484643.8226012536,1486371.6019062318,1493838.1773854876,1496823.2094239858,1476695.3989746333,1474760.0919575715,1474397.0852058404,1486667.1910878664,1493208.1497852544,1481045.9992881864,1486440.0842297082,1480493.6627857594,1490382.6107714435,1485976.4597145407,1472859.6821592608,1489476.805733697,1489207.2163784062,1479907.9098371046,1502934.6707783437,1486959.5434353675,1470348.3664100538,1472457.9570891755,1486654.8329715673,1483281.660797635,1473751.9143726123,1489956.605348047,1482948.0414253501
345,zipkin2.internal.Proto3ZipkinFieldsTest._Benchmark.benchmark_2e23961f_span_read_timestamp_duration,1600650.1937621997,1596013.8885748687,1598295.0500853865,1598818.0906167591,1585719.0277359502,1602578.5057137776,1602223.240504251,1592983.9641524167,1604196.2232893999,1600236.1498057388,1599407.6147655596,1594710.0281362485,1602818.1862414822,1604633.3589758566,1593682.7439624667,1594869.198512332,1607887.2276480317,1592333.9304256043,1607786.922216827,1605528.3762317197,1596896.5861426198,1607729.5359636156,1606406.96449905,1601496.2107711069,1601313.6923895858,1597176.0376425919,1608150.0170430387,1609386.1667620179,1632611.0152265197,1648154.2355606817
346,zipkin2.codec.SpanBytesEncoderTest._Benchmark.benchmark_fcd90190_span_minimum_JSON_V1,2661299.200399803,2666738.892247061,2670985.078889187,2666712.141438062,2675790.950952766,2677363.23073657,2676185.0614693626,2682488.4171904405,2672947.437255643,2682372.748839566,2675317.5441431706,2690183.3643685146,2691275.1328877974,2679460.5929914606,2676143.079308865,2691121.44329879,2670571.8955108933,2675257.517006547,2658862.033176779,2677197.043768718,2672455.5999641535,2679596.8486653804,2673546.944374463,2691705.3235380217,2689241.245890786,2684595.7393321292,2683862.9284518315,2671890.218997761,2675549.8374939132,2687008.0713797943
347,zipkin2.internal.V1JsonSpanWriterTest._Benchmark.benchmark_99f6d654_writesCoreAnnotations_server,423864.9198994405,427241.960228516,436486.4639756002,426432.6250114552,428066.6056502724,430083.0298465959,427072.50962412276,425041.8064141674,440426.7352719773,429147.63804523565,435929.4693406198,430648.30905184866,432492.93998525565,434993.655062998,429357.16329155554,430703.72921116237,420642.20052528474,424313.96473546757,428789.5945727771,437010.2132017939,430167.4733166726,438854.02311094454,432164.483998531,428835.9001231635,436979.9111407216,425933.3477414058,422028.4768890813,426181.3115233084,431460.551860842,431490.7259362659
348,zipkin2.codec.SpanBytesDecoderTest._Benchmark.benchmark_2d60639b_ignoresNull_topLevelFields,515338.11508181755,514910.1349005496,516115.0604504712,518587.60036559845,515176.8338219312,516486.50865709176,506335.4842988472,519925.27155690733,523547.88476671936,518308.48248435644,522188.9344253398,520678.4399704409,516855.09499119053,514518.6027148689,521265.72172089363,519054.9315855196,509141.0397756703,505551.93126950396,514606.2944179621,502930.9719976786,519541.92319578654,515463.9829827043,517043.8449650641,509901.123815553,519868.93054715934,515404.3577088356,514933.35015128215,514464.51270642114,504724.47521465406,509641.6532870977
349,zipkin2.internal.V1JsonSpanWriterTest._Benchmark.benchmark_23556d5a_writesAddressBinaryAnnotation_server,582812.1405160322,584203.0317288829,588010.7257631265,573503.8137616062,584711.8623668943,584190.9539379914,570196.6913900757,581902.445750213,572580.2089266848,571579.2806668299,574143.4302359421,552920.5438837307,574751.4937442195,567209.3984365922,576803.625654102,572785.7646393365,570448.0086588182,579977.7750498323,570669.4170680887,577553.1915134029,572017.4702412119,576491.9672238412,580424.9042476146,583036.4482789845,573585.266498908,572534.4535932175,569543.1404440213,565827.5010358883,557929.2101478828,573707.0446893375
350,zipkin2.storage.ForwardingStorageComponentTest._Benchmark.benchmark_d56a52f6_delegatesClose,37908.24956695267,38319.11830137669,39018.423763187355,38994.8885827628,39620.39519673819,39645.00252064942,38786.29099844603,39426.28952144798,39720.92144390176,39203.68546651293,39868.569508936605,39819.819979454725,40066.28619023748,40019.69813478569,39665.6927656489,39653.17085219748,40244.13511329228,39237.142633562,39079.69570482246,39225.27742194202,39307.28328323514,39349.00646128565,39383.24681653854,37907.706166792144,38983.281581408104,39194.335212074664,39442.69848836573,38976.02441439211,38937.6244934049,39167.44398776035
351,zipkin2.internal.V1ThriftSpanWriterTest._Benchmark.benchmark_73713684_writesEmptyAnnotationAndBinaryAnnotations,148804.65202331942,150004.07874337755,147972.6311119022,146498.53399219125,144720.5096818585,146278.83072822719,148357.0406472992,148399.98096424382,148633.18337682844,148909.64036169974,151082.97264130172,150631.90952978158,150800.70112441306,147294.04433334444,148646.54567302758,145529.3989889605,151225.97364495025,148916.39248359806,151041.64266815342,150741.9423724866,151059.52210648244,154143.3414700785,152555.64636696398,151670.8160774869,147454.30125630728,150066.1489340529,152724.84103938795,154700.7655306459,151920.25613808184,152743.07586872013
352,zipkin2.storage.QueryRequestTest._Benchmark.benchmark_ba437f28_remoteServiceName_coercesEmptyToNull,1509320.7676063727,1525077.60800089,1511419.0828530851,1525355.3601307743,1531772.2910846712,1526613.309444003,1539168.6279918477,1527883.0388678883,1518361.7326944366,1524524.2928262972,1528619.5963138677,1532816.8812431009,1518105.8470474875,1516516.9024357167,1510308.605144003,1521082.3897803037,1526117.4861590948,1531213.9774742061,1523293.1460460094,1536486.8042731825,1524601.0449602276,1528590.1885895194,1522458.1166226207,1527172.2586624888,1522741.2230293558,1539061.8820980291,1525682.106721348,1513292.2449060753,1493777.575589102,1513849.403140196
353,zipkin2.codec.SpanBytesDecoderTest._Benchmark.benchmark_fb3da11c_niceErrorOnMalformed_inputSpans_JSON_V2,226367.84219581715,223981.4652017583,224195.0378033638,220529.4127301739,225060.81870461427,226159.0162082795,219872.99023865035,222052.9239694662,227192.35457222335,221985.95948155771,222421.7203111888,216175.32072298098,221209.40273848252,224615.75685829046,224530.092606064,225464.65233244514,229400.04307197945,226236.52907896874,225663.04334675462,224400.60727549993,223422.9353801119,221065.604549168,223919.0689653723,228484.0091591993,219045.14426615834,221179.0618106772,224878.9521054621,222686.6005018746,226057.50915110105,224367.42620821204
354,zipkin2.SpanTest._Benchmark.benchmark_a92ab779_localEndpoint_emptyToNull,3666440.9149075653,3704915.8557994915,3739960.8786100694,3723239.735103031,3634363.4357676124,3633356.2751770704,3673050.67617602,3609272.6686496846,3678932.4524363964,3660247.5188067094,3594884.620162259,3619383.6543103713,3613466.0738606257,3592734.1460539475,3580241.260428086,3590576.5576999485,3587491.7850206173,3591482.771234084,3587009.6974212346,3572960.028293415,3429481.397932529,3553355.4895535624,3560368.965058511,3583501.545743994,3615187.21119818,3621503.242667699,3572771.2165976116,3630343.3437640527,3645905.510659992,3627341.401780415
355,zipkin2.storage.QueryRequestTest._Benchmark.benchmark_879aa91c_serviceName_coercesEmptyToNull,1874871.7782978623,1881760.1677323515,1891374.4720232962,1898597.8430976623,1894021.4522688282,1865714.839432754,1893285.411782615,1900907.977786519,1901020.5837911724,1895787.6797600202,1900176.3480452062,1896281.5842211253,1864418.525627422,1895977.8115144398,1904411.630874349,1903686.2099620143,1907522.5017692442,1907116.596316831,1904387.5289256813,1905629.080863069,1905073.1573436654,1908144.7445310939,1902265.2177192522,1900812.906489606,1907502.2095801237,1899488.6331429696,1911252.1056671478,1906011.0963048781,1870674.5229633471,1903779.0738387976
356,zipkin2.storage.QueryRequestTest._Benchmark.benchmark_fc560151_test_annotationQuery_twoAnnotation,665028.853250146,660513.2041644047,663288.9330963292,662242.0599350438,668741.1684656421,667966.5139368924,669685.1054755091,665077.1904120425,663528.7196593344,663065.9579789053,667235.2204791241,661860.3051173927,667778.1790690405,661444.6815335557,670204.8926912919,666751.1412637765,661441.0625424358,663343.484795439,669166.0067532321,666430.0907474202,663964.2722188963,667735.6079968713,670679.7720059751,662297.1531665849,666904.316100768,673080.4451547388,673068.4811436556,670566.1792269966,669635.161830249,664242.8002021458
357,zipkin2.codec.SpanBytesDecoderTest._Benchmark.benchmark_914716aa_traceRoundTrip_JSON_V2,95496.92701224325,95543.77753829547,95226.3585048431,95403.13846256759,95717.55692936502,95999.10824157299,96511.26424198372,95960.49972297404,95467.58109207399,96165.5205439627,95664.28361266681,96115.69324801695,95789.93922407198,96060.51394384929,96269.84437077137,95920.34268368133,95966.32970603147,96834.57592939514,95248.47284008592,93874.02509215553,94026.0057209416,94649.10686075059,94410.88547939791,94276.5296043697,94970.89056608755,94433.81105095037,95057.29247770463,94512.23451145932,94740.3857033391,95058.90995587477
358,zipkin2.storage.QueryRequestTest._Benchmark.benchmark_6b68edd5_lookbackMustBePositive,452823.9896668282,447032.4473868014,452690.06352195283,454594.5335406098,458575.25955620484,457731.41478958423,463439.5601082575,463967.0403216016,465334.824984178,458469.9674643415,457764.31688226166,462545.7341494685,449115.69323393045,450796.33653125167,449623.715557782,451754.64908960625,444314.1158234236,447146.58515529876,447081.10093507374,454576.7567464809,465374.9997465294,459155.8237747917,462718.38067141734,461742.0157523934,460199.6304183061,457317.9048615081,461709.47094366036,460410.66486889235,457422.26611337415,459201.0057095606
359,zipkin2.codec.V1SpanBytesDecoderTest._Benchmark.benchmark_6bf273cc_spanRoundTrip_THRIFT,327324.25291398936,327006.2989721837,329592.5681463668,328570.0908588447,330910.6889798986,331708.78193957655,330510.6483161852,331387.736687245,330474.7349422307,328795.11331296555,330785.393723898,329369.1031772489,331009.1323938094,329829.7760031482,329876.64217888366,331045.24663753837,331594.74929429044,332947.62257931655,332408.77131360426,332722.3763379868,332840.416920226,333675.67112157313,334319.4103717606,332968.17568745045,333705.7806804605,334895.0616842618,337433.4294397682,335276.2769879674,333534.34175538784,332866.7264191607
360,zipkin2.codec.SpanBytesEncoderTest._Benchmark.benchmark_4c71a6f7_noAnnotations_rootServerSpan_JSON_V1,863201.61644039,856996.121340693,863391.4378702488,863696.0472446867,862862.3707439279,858044.0920396093,862134.4632732882,864738.8912207682,856362.4011774918,856368.7403176547,854790.2241144784,862336.2326378024,860463.6887147237,861713.1041022509,859849.8493542828,859316.7919419084,860068.9327276564,858773.1597318077,865582.3232955368,861282.4830837477,860676.920455592,862261.6285586572,856446.9686329847,856092.7598366893,858020.3334521288,855906.7500085192,867624.3182991785,862447.8098220224,859736.8189509498,856806.863431486
361,zipkin2.storage.QueryRequestTest._Benchmark.benchmark_b23c3c50_test_noTimestamp,1429229.6633119767,1430097.2889690662,1438366.3128353928,1404346.4467571443,1370041.9318624183,1414933.082059879,1411672.3711407746,1412965.461787919,1420320.4703058796,1425012.50329732,1420838.122275279,1423626.9812578307,1413630.7779031692,1380988.7215616126,1348439.9181658519,1368482.0804375487,1387885.089740188,1396174.091672615,1401336.598942536,1416128.957963496,1425794.4889937188,1421936.1729709767,1425461.1034981683,1425045.969728046,1423915.7723237928,1421454.6614150335,1419482.290819025,1346218.3288225397,1376873.8424653038,1394363.7202090996
362,zipkin2.internal.Proto3CodecInteropTest._Benchmark.benchmark_d4fcee31_decodeOneIsCompatible,303162.5677524212,296317.9123034034,293633.6420310437,296161.311332771,299715.61404194165,304098.2272662584,305931.9491019666,304436.308867642,302007.563842353,304425.2537340704,298300.7224221573,299829.1667817322,301067.8097970789,302135.5930351947,297840.7422051158,295620.1319152729,296684.89071188215,297337.10569984367,303538.1398286558,303502.1413399429,298126.1731574432,293828.120029464,292974.4630171221,294098.8975753718,296888.33598777524,291214.5159555633,293740.3046520359,295373.30976721423,294394.58196695324,296286.42356709705
363,zipkin2.SpanTest._Benchmark.benchmark_dbefce4f_idFromLong_invalid,771499.5427410516,762171.1649747187,772242.3335736007,774191.818394493,763720.0049178277,765460.7202131292,771883.8833771697,767023.7178481342,769809.9534633541,762298.6228253656,760394.1658532309,764681.9503378528,771199.2250145163,761165.0872990914,770684.6058139638,753938.4781098083,779345.6413868766,769490.3279673761,771600.2192313165,766148.3887174815,765893.8423287165,765822.7563431937,778412.2991531114,778679.3220192493,776416.0839836166,770458.6991837352,772284.2769409533,772912.5403135319,782223.6225180272,776552.6509464051
364,zipkin2.internal.WriteBufferTest._Benchmark.benchmark_f961b50d_writeVarint_32,1615789.2873204548,1616224.7404437943,1620160.654789625,1621074.7655416462,1613208.4124527047,1611678.4890355093,1616372.5546164042,1617293.9583249856,1620479.761433259,1612670.4703846355,1615145.5420351874,1598023.324768373,1605039.0734726088,1617051.203374267,1616638.9354276233,1610957.8262308666,1615312.1269624955,1614885.6106578123,1626781.8967035369,1621270.5580713856,1621531.9100353043,1616460.23735752,1614811.3058381493,1617659.1746213515,1615910.8799249255,1608465.317860183,1611484.0387452776,1616870.5495293776,1621935.6193705322,1611774.0616230571
365,zipkin2.internal.DateUtilTest._Benchmark.benchmark_b2ad8e64_getDays,1215078.785850911,1231407.0464592718,1229572.3453527265,1217912.0568583563,1242060.0561881983,1219575.5089773613,1237482.5161197803,1234976.2613094058,1242482.2369091613,1216909.8369587045,1240817.0683384852,1271974.4807614894,1265332.8572555527,1183614.1294004319,1258679.7763040136,1254917.6040028762,1260464.0476884013,1260590.5924718787,1209089.6586743805,1246230.5771420754,1265021.927900058,1263830.9591471984,1256408.1522594974,1238981.7438189634,1245864.4883078095,1241279.5803068166,1261805.7045476737,1249305.9750129045,1256835.6545703174,1268472.9077339082
366,zipkin2.EndpointTest._Benchmark.benchmark_1ed01704_ipv6_notMappedIpv4,4168620.146853049,4204850.576197233,4192603.068642075,4149494.092041146,4154728.204136966,4184145.282270162,4228542.500687934,4246820.412146077,4220201.670980813,4186172.586226972,4257140.303089436,4240637.115655451,4250743.6289693685,4200541.973307732,4214680.118000371,4219952.053243923,4277111.066574174,4255924.148777871,4215534.418067807,4216528.358103345,4293452.175751873,4265455.255321674,4285079.903509051,4249686.689699741,4156218.5395282833,4221888.919333692,4244020.561616891,4296869.256788645,4263710.384589552,4217026.015558228
367,zipkin2.internal.Proto3FieldsTest._Benchmark.benchmark_8cb2495c_utf8_sizeInBytes,2463950.400257253,2501510.8994716327,2457393.892838948,2429508.490933795,2449167.5905550965,2410928.311069744,2438625.949652793,2467854.0972062415,2461215.3708059895,2444107.2453946974,2464672.3136703433,2206953.0321945883,2313054.10606997,2358817.6882236497,2368891.962599445,2342248.4448927995,2358145.9557509054,2324091.735701198,2319264.252081864,2344871.434381257,2418383.2598062386,2346317.982984096,2362005.530662118,2392141.2433303064,2292607.611977862,2323858.7631118544,2427287.5643323106,2472663.6401871764,2431865.861297877,2296933.3963530483
368,zipkin2.CallTest._Benchmark.benchmark_c8e12863_flatMap_enqueue,37478.796275015615,41744.509773014004,42226.54127518117,41854.64878198133,41988.6848261925,42067.93551916917,42256.774836174176,42163.39958298281,41986.60092248406,42419.022722093854,42257.926589424336,41900.03717904566,42096.4444511467,41957.30391794642,42246.52824012573,42078.26318768401,42100.699347271875,42068.515685874685,41679.46020512424,42239.8973401503,42224.51318729584,41892.371038516794,42094.958975973655,41938.575665491415,42298.45591707041,41898.55819392702,42059.733148622225,42046.65495633908,41767.57689174986,42015.89905858588
369,zipkin2.internal.Proto3CodecInteropTest._Benchmark.benchmark_30458716_remoteEndpoint_write_matchesWire,2740538.5029290174,2734818.514371506,2650470.117806376,2744306.1429025945,2735334.049022196,2701160.850178496,2751313.1600746685,2728446.975631774,2750992.9574744683,2759922.4782821652,2757745.386820781,2727706.081151359,2757526.0304672117,2743212.467092196,2737906.281062616,2677260.2628146745,2728606.8471478955,2743011.1991974805,2644534.2322708396,2703195.712814982,2747482.6374577763,2726428.4746651785,2712596.048609041,2751980.3957124674,2733529.4241278484,2627851.7278151084,2703900.2323192563,2722664.14877122,2763534.8113141065,2742850.6798593565
370,zipkin2.v1.V1SpanConverterTest._Benchmark.benchmark_8efa90d9_convert_sa_incorrect_value,2110052.7606235384,2119515.5523992204,2121534.0237683854,2125451.7739503225,2127543.3682288537,2127065.861535352,2115805.066295074,2119020.9478514027,2122578.2719681174,2123123.8677359084,2119207.972595301,2120184.9207878583,2113190.333413485,2123659.198486533,2125696.1787577956,2125790.391893843,2123256.1956683067,2111723.114334151,2121201.951673593,2126650.8581241732,2119871.8486992656,2083803.2787564564,2119840.324117386,2121130.2718587266,2120772.532979545,2125840.668225767,2124114.215816212,2126326.939801491,2117781.637998386,2114649.2060760967
371,zipkin2.internal.V1JsonSpanWriterTest._Benchmark.benchmark_b087e25e_writesAddressBinaryAnnotation_producer,532733.0079565418,528313.5421959788,530936.4078781644,526896.6967676622,522545.89406565623,531192.0095545006,530565.9061741031,518433.2086392818,520357.17579740245,516449.803198699,517429.64546677546,511902.33526209544,522924.91288532136,529214.8704210351,527863.5434792008,528925.5917387991,528431.9089040483,528138.1120817726,526526.2407293101,524217.9137309013,536208.8687443585,532670.9886313389,530567.8985198679,529475.9662828135,530550.4462805166,538608.9134413603,539020.7161114321,537806.4401691315,539372.8458024753,533708.6121425881
372,zipkin2.codec.EncodingTest._Benchmark.benchmark_ba275f0c_multiItemList_json,6478456.921818939,6484569.623932388,6558956.059455327,6437880.706521903,6554604.034783408,6535426.841390715,6579435.753982012,6613465.551309309,6563989.086869757,6579986.610016799,6560153.781236585,6604891.640764525,6594162.216323524,6581317.519954851,6564477.731182792,6565936.330588059,6606605.869362583,6602430.434752153,6375259.745061167,6505305.47422276,6553620.503117314,6588797.23006831,6545783.022567731,6572705.430318105,6584618.198528719,6428920.614784258,6560343.352493302,6544275.066835963,6578293.861016549,6360979.454846343
373,zipkin2.internal.AggregateCallTest._Benchmark.benchmark_dcbc2a77_newVoidCall_joinsMultipleCalls,102720.31235571418,107575.4023348796,110120.56048960386,112005.13533541215,114194.20053055995,113161.98658362536,114029.49173001497,115852.7005094098,115670.18496595946,114955.04458435581,114139.13322742227,116214.45316846536,116582.14085636911,117384.82356405047,118605.07401608187,116180.39363427677,118032.62003807515,120795.74104386006,123937.3536849644,121245.81627113915,123033.6194937523,130475.22617242481,132286.1559111516,131351.47226836593,131093.77989562543,126479.18295409752,128469.63625656803,124701.6971850289,122805.28352316236,125109.51694994117
374,zipkin2.internal.Proto3CodecInteropTest._Benchmark.benchmark_49c37ddd_writeTagField_matchesWire_emptyValue,2569297.023159928,2536704.7914076257,2548177.7806596505,2550211.1216773437,2603355.201644757,2631322.2749254783,2564521.668331532,2564181.6856668713,2609913.9114886094,2631090.407619951,2599313.9898153665,2624245.294516141,2623039.8815833973,2673038.374965591,2693216.5753749413,2694484.17297809,2738664.9954340253,2729133.1958310273,2749991.2808130016,2691560.6267650966,2624620.8281016964,2596239.719520768,2633108.7873331564,2664044.388215089,2731660.5858273976,2687646.3157888507,2710323.5198352216,2684420.5459615807,2614828.906966451,2662404.94944585
375,zipkin2.EndpointTest._Benchmark.benchmark_c2282d9c_missingIpv4IsNull,6595785.74688454,6620459.191241878,6639063.764692689,6607647.357206751,6604565.50806332,6584279.118610977,6640608.314974949,6610630.136974028,6642341.236740143,6653894.0345863905,6633870.1916986,6582549.908017066,6628375.54694086,6636998.204179519,6596321.880642959,6522975.826466018,6478023.964782684,6573907.345123683,6555373.6147873495,6499662.34528092,6537771.180909634,6511577.951549614,6455423.365483216,6360725.562476023,6358351.464887178,6068883.134222706,5877866.24951603,5985680.40138625,5990999.177207168,6042618.455251005
376,zipkin2.storage.QueryRequestTest._Benchmark.benchmark_7f535d63_endTsMustBePositive,485800.9016566573,483528.8003810439,486730.75137568836,485968.1157756719,482013.6250132654,485521.87094695534,486980.70806041185,479034.73491524707,487050.859621563,481800.2999656209,483784.22979750915,484662.4316938682,481863.5915306545,488563.4816618954,486808.67426553,481726.750644623,481988.4166024433,485661.2776128103,484033.781342166,482012.6085862807,475677.50432961894,468203.5105899224,473665.19842637976,473456.0229829866,469094.51522057067,480175.74351414683,484444.3145987997,479998.3607241473,482450.52201963065,481725.0465892387
377,zipkin2.codec.SpanBytesEncoderTest._Benchmark.benchmark_7c9612b0_span_shared_THRIFT,718806.3114806658,712486.8301955601,721684.4616665198,719938.2017947541,715844.1917214392,711373.3414774823,715880.6326332254,714749.3142175305,715484.1411189861,716698.6239942978,720196.1520827885,715915.9484915346,719608.1180176153,714992.9159035314,713864.662006083,715876.2667159936,716455.2871269893,716308.6075429873,718143.5073714433,719537.4282540068,716048.5004176174,713472.5947882173,716099.4105571213,715686.9151432323,713330.20116988,713355.6030118908,717191.8753342233,712956.5966537041,713698.5819695337,709715.1749973965
378,zipkin2.codec.SpanBytesDecoderTest._Benchmark.benchmark_7edab8e0_ignoresNull_endpoint_topLevelFields,472362.7143994974,469351.7890585577,474640.69161758496,477123.16932971316,475916.3879615685,473702.35132884193,475058.56698003184,472433.68549363595,474932.3916142653,474747.3972843951,473613.18213283876,474006.04649978766,473609.08968508133,472096.8241733429,477453.57023898204,475177.8620566916,469404.1750324022,471816.3630561378,471998.4538376452,471635.98550231167,472202.44957772846,474942.08584822883,472290.0702090661,469634.9279504178,474763.99797833845,474131.4067094329,468790.8630193898,476679.96398003836,471361.49029512994,471208.9877571518
379,zipkin2.internal.Proto3CodecInteropTest._Benchmark.benchmark_13025f7a_encodeListIsCompatible,256158.11361162466,264590.40746158786,259426.58012243683,258103.78041344314,264772.9842896383,270064.6364902904,267454.29660681495,258361.08723570037,262709.4207325473,261292.89100431444,258301.65622100426,260531.97509530303,258025.1269047258,260553.86261369314,257641.27071179097,254242.97533370048,255207.17915543978,254576.74419546968,257106.13292387073,257246.52289046557,249657.9119336248,254068.84879831527,258131.24444367387,252779.86076135913,255242.12858799647,251012.7407425614,256379.78316548368,255434.17888568703,263763.08906917396,255820.72546898713
380,zipkin2.v1.V1SpanTest._Benchmark.benchmark_16629a85_annotationEndpoint_emptyToNull,3874924.556722249,3872104.9972535954,3861707.4764046473,3864095.054731021,3850221.743454161,3865684.761881302,3870831.8367402763,3837855.152021417,3907679.3168879296,3861160.5183239724,3894366.3969434407,3891065.851566615,3847640.408280956,3850526.637117144,3898570.8661685265,3903054.793506265,3920457.366624153,3908560.9956754455,3887895.7679856718,3895668.321663877,3897942.5561745046,3884425.0825792314,3890321.3259408604,3886348.504547753,3890270.698671927,3896154.354764488,3923978.0805090973,3929100.1022227197,3897401.509070901,3890689.310362251
381,zipkin2.storage.QueryRequestTest._Benchmark.benchmark_6cd05864_annotationQueryWhenNoInputIsEmpty,1504222.076715394,1489605.4171724208,1503284.0271933046,1493815.2505779637,1472137.4635323538,1470218.728800696,1465840.3271448193,1462792.236721009,1467717.6725848638,1448302.8094058367,1453091.342844727,1454986.8484823548,1466578.5134892757,1454914.8102086403,1463551.1733496843,1465145.0902065528,1472287.2310068498,1461659.5724066438,1455207.1758934567,1455753.2323268582,1467600.510765377,1451851.7628478308,1467509.989933143,1452314.2098573104,1456675.0102263032,1451083.861861537,1461930.3254933502,1463587.8586846695,1458608.309481436,1465939.5676967453
382,zipkin2.SpanTest._Benchmark.benchmark_16774efe_traceId_uuidInvalid,581722.948591685,582385.5885498925,584109.0148871506,585804.8184991383,580141.3790666589,581999.1752620833,591987.534113637,586575.5171167123,583873.2313388081,580939.220428381,580619.6680826762,583692.431801853,584696.9626833982,580619.7429789684,582862.1164678968,584533.9189217493,587068.8274279421,584120.1045817393,587039.9622488728,582807.9954111179,579627.7274767322,589553.2303881226,586297.5952236961,583625.9196038368,581611.2100475883,585582.5732504483,586697.9649580647,583970.526666007,585292.6246829466,585996.6975113178
383,zipkin2.internal.FilterTracesTest._Benchmark.benchmark_834b94c3_doesntMutateInputWhenUnmatched,6517339.038389465,6498514.12345609,6563211.648243063,6469071.160320965,6573330.825945745,6552997.368278386,6604879.924871419,6655726.315271377,6655211.188353366,6634031.7604824975,6648035.94308524,6578793.187932443,6623727.69274233,6640421.387793195,6673747.65876769,6685716.768181662,6693686.986248733,6629873.747102748,6370920.028270557,5958204.787773742,6073728.870833684,6341589.464286825,6308086.623412956,6233063.584225646,6262689.92644324,6286865.720168712,6393608.5788919795,6267252.079577245,6335351.859615371,6339109.537569413
384,zipkin2.SpanTest._Benchmark.benchmark_2dfc5e85_serialization,217897.52822551416,218029.7342747439,219195.34560266967,218868.9585233234,217756.63170262316,218284.25219967155,218326.69722688457,217205.93166846223,219376.47862207485,218668.62335591807,217608.78626581733,219237.97641787637,218619.97796545405,218438.2934339636,219321.12473204546,218628.10422127252,218544.65977796726,218445.34069838555,218819.92198741206,219142.059661392,217254.24536954865,218085.2588072937,217554.89750308846,217163.18834825637,217335.76983750306,218584.51503578582,217008.0323870564,216262.23231376644,216992.84304991298,217682.89465422826
385,zipkin2.internal.Proto3FieldsTest._Benchmark.benchmark_8f32cdc1_varint_sizeInBytes,1658578.7148184408,1738157.8367198145,1689384.8362771345,1665875.1754441988,1717920.2218572902,1654082.1032494714,1684868.4047447434,1731634.0433131824,1716612.0856722398,1730408.413325846,1671735.4202944078,1719797.2255572965,1730445.2301478987,1654005.973849165,1682832.2042288084,1695480.872322126,1634932.9283243308,1696734.1766773523,1685288.758357546,1711531.815966221,1685447.5465142264,1689052.2357782829,1712135.160230029,1681178.0678490235,1726802.7484944246,1723402.9385367804,1738425.4744479002,1715003.4588234036,1725433.7807407207,1731068.8344331172
386,zipkin2.SpanTest._Benchmark.benchmark_a7916b26_builder_merge_redundant,23327.3766032272,23513.298480739828,23525.587711918477,23868.524515123136,23840.4496555589,23707.007363894667,23755.523454234448,23767.36450820778,23693.56315124982,23741.730268523508,23799.524191504886,23803.676523134578,23763.435545089716,23633.802249417357,23683.587834520917,23756.173316565168,23791.646218220736,23743.663397956338,23709.61128064807,23738.528926303246,23681.344287201042,23786.772226060395,23907.275896427647,23746.835594669723,23758.498120983546,23811.510756682746,23682.970819377224,23740.19555521624,23853.484588124116,23906.11697010564
387,zipkin2.internal.V1ThriftSpanWriterTest._Benchmark.benchmark_5b0e4340_writesParentAnd128BitTraceId,87664.11183884103,87988.75306249883,87919.39574916402,87014.88066556651,87959.10351376914,87128.5275632344,85948.90938541327,86225.68046977778,86191.72582412015,86795.61054461262,86886.12378104308,76524.28977691566,83996.52262795973,85896.75985808659,87134.89093995637,86363.21979495036,86392.75853987968,86423.31352713819,86968.99099042232,87236.90553919032,86637.82540882094,85923.5495255594,86236.42558639587,85720.36572744083,85976.85479789964,86848.40742424084,86062.73168170165,87533.81502200098,86750.29030463913,87239.69393875655
388,zipkin2.SpanBytesDecoderDetectorTest._Benchmark.benchmark_cc1b2509_decoderForListMessage_thrift_singleItem,530899.011266183,525509.9216872174,518566.87063024257,518007.2361720064,518245.2967091059,518500.7255510929,502848.917320718,495577.57031024154,487219.3196158297,473133.99096526334,476460.0882502284,475027.68915832543,475561.86966251425,475426.7770627454,477145.7620366569,476055.2953289249,476161.17995943496,477067.05199060094,478048.69877300534,479791.5133821701,475701.32739817025,474660.49901033693,477527.6069747798,478461.22752563463,476928.9751930634,476510.4376936608,478275.3814069466,476700.3952055791,474227.6681060439,474117.24655249366
389,zipkin2.EndpointTest._Benchmark.benchmark_b01fb09f_ip_ipv6,1900526.555631704,1903399.425489167,1896229.4054405454,1884404.368555065,1886707.3984624944,1881967.8233431976,1900624.6719988626,1895395.5142702989,1898910.3771864858,1901408.4471128245,1899005.8065723702,1892111.3855144351,1892828.365996658,1892632.1484667852,1900445.7174214683,1883357.6828900913,1891840.9679441843,1895005.9439721846,1902656.4621825994,1897490.1995120407,1901668.1962573032,1918325.1726805235,1909292.7107016835,1879478.2678279122,1887979.604783888,1896185.1936139222,1890979.098415817,1909329.2806831354,1910228.9669910434,1894692.107784962
390,zipkin2.internal.ReadBufferTest._Benchmark.benchmark_cb5cc98c_readLongLe_byteBuff,4753500.416542722,4707404.919309129,4645165.753368482,4677156.480888498,4666522.171143307,4743174.180134828,4732832.905345958,4735103.97721551,4761278.187936404,4599837.568357117,4680777.5189588135,4640050.292989965,4681560.604504001,4736713.246224187,4723822.081231171,4886205.053388249,4973124.389881001,4995365.512441149,4969754.792223017,5005707.393617628,4980217.724585662,4358843.326048459,4727614.350218778,4842996.674212183,4891233.972452394,4996711.651993754,4963033.415914777,5029833.323803049,5029678.969729833,4955303.2459555995
391,zipkin2.internal.Proto3CodecInteropTest._Benchmark.benchmark_2605279d_tag_sizeInBytes_matchesWire,3469204.7544128695,3483112.4497139403,3452495.571967712,3463905.869194438,3488400.4516141526,3468353.230026119,3465195.654169508,3474237.8410047507,3440150.245747716,3484393.720114628,3449251.6336608226,3464175.106703818,3463909.314083066,3459014.218456094,3443997.1961998674,3468329.360155797,3477864.28760589,3484396.8089319784,3472799.253011146,3469299.8976177233,3461568.9341373523,3491130.94570105,3483270.428837187,3485465.4295490133,3478032.8877072977,3471066.23862112,3479636.1115881857,3473428.064269574,3474916.4386172486,3469051.106860991
392,zipkin2.SpanTest._Benchmark.benchmark_807b48e4_traceIdString,3087178.3948232424,3087931.6076406175,3080134.4131706744,3079298.357705009,3100293.8690263997,3092438.281490519,3092208.063711352,3090868.0790417995,3099426.833079788,3095789.8460070468,3103345.3399375235,3095474.7880690717,3100817.44741099,3095544.5533351945,3110782.7365177604,3097739.0565039874,3109367.969148138,3105060.2388839885,3094875.6779808304,3094244.790906067,3104753.8079434144,3113025.544479587,3129147.909285454,3117459.5134326937,3121453.6903037657,3121026.2031126497,3111016.565650439,3121528.6005995804,3126608.5731612197,3112431.5093498128
393,zipkin2.internal.Proto3ZipkinFieldsTest._Benchmark.benchmark_dbc98beb_span_read_shared,1948209.5993618257,1969568.774650828,1976376.440410696,1992508.499352448,2004917.830887851,2006613.5941526077,1978080.9612822824,1978518.6961570322,1979858.954420297,1984710.8895061924,1984737.6102505287,1986006.6904655448,2000975.2797166938,2015115.9105630207,2002185.1785443549,2001967.4158767064,1955173.2743261717,1945389.1680839183,1968158.421015891,1964429.9724542245,1990920.0940208612,1982282.278799232,1975427.605059099,1973055.8852350246,1989245.0363223099,1991803.304425148,1979045.6006922103,1979705.6004544946,1987267.434999878,2002093.7376059338
394,zipkin2.internal.TraceTest._Benchmark.benchmark_2a1b2185_backfillsMissingSharedFlag,2211.363180476739,2266.924742632394,2290.9482658062616,2300.3577056232243,2280.9594969872187,2299.4499830613017,2279.4039290343458,2298.3601870878388,2294.731018514203,2295.784028709067,2292.85359900485,2294.834685241669,2301.4187766879477,2291.5596768081014,2292.386429017955,2307.677972769612,2296.0041672475636,2281.1082167104346,2303.622839350627,2283.953515338807,2228.867830366527,2220.328630350726,2216.248977492748,2211.3395237450663,2203.9239425847413,2203.767092671044,2225.859450330868,2236.302669392722,2232.034259041038,2236.6015539063746
395,zipkin2.codec.SpanBytesEncoderTest._Benchmark.benchmark_4405e026_span_noRemoteServiceName_JSON_V2,993953.9299303477,995076.1340587822,998366.5927455659,995030.5539809215,994977.1900107875,994840.9556183007,997708.4074691733,1003395.9899707019,1000679.856406057,994069.9996140262,992468.5969549723,990519.3905468079,996622.1308698182,992128.9503587644,991747.7188398177,997157.925275762,996280.2022607053,1000528.9569124575,996543.2752625131,990937.8405495738,994048.9288827701,998740.1045889374,998897.1714754208,997578.1295352721,1001266.6652752949,1002268.0237697024,1016403.7864681241,1004200.9107433369,995619.2387512135,998257.1716342865
396,zipkin2.internal.SpanNodeTest._Benchmark.benchmark_6cac96e9_constructsTraceTree_dedupes,1659496.8583109214,1665048.3828023602,1667690.0795603823,1669852.7803181438,1684083.0323106514,1676962.5138551164,1695662.4187981798,1700738.6781544553,1684611.8328416129,1669829.8700935775,1674477.0645571884,1455945.5392326105,1597017.1094259114,1661425.9484286495,1692728.8454132823,1662215.707111492,1607256.841322418,1638902.8846321874,1634846.5688578666,1623055.562709857,1635826.4292022474,1624200.4413840924,1627582.4090933143,1640711.7027626939,1631438.0337775096,1634472.2188815963,1633112.778065389,1646941.3256307328,1632207.477701575,1637266.0702519023
397,zipkin2.internal.AggregateCallTest._Benchmark.benchmark_7538aebe_execute_errorDoesntStopOtherCalls,15943.372963084736,18159.791175340622,17769.239103412354,18225.945816821062,18122.13706007747,18182.680715270068,18085.69381502129,18198.7276905497,18247.073844497074,17833.803947770917,18162.476858365702,18196.242115637935,18201.768827177166,18250.45503859548,18253.31961764932,18035.957720039318,18146.027174014213,18201.47437061973,18166.530146045883,18158.705574831805,18199.91741984948,18216.32949334401,18110.66779738749,18166.337364678286,18203.96088150496,17672.796288172016,18187.428187893718,18232.30049434172,18228.77943738643,18218.889542054338
398,zipkin2.internal.Proto3FieldsTest._Benchmark.benchmark_8304e235_boolean_sizeInBytes,2154255.7301945877,2164956.07486824,2164734.4497281867,2178144.991953167,2170711.1285235356,2159981.171415867,2175287.5862192526,2179394.1237078886,2173082.5037701647,2165416.72145636,2182498.0056253057,2186848.546554384,2183520.0696439818,2174397.4713062127,2185346.3688617055,2191751.151678177,2187186.495322884,2178913.072140109,2167801.145626387,2199168.797786134,2259703.7811094294,2236532.4014298334,2210120.883312507,2184234.613317034,2165504.476792004,2167258.3453639164,2161107.4438436273,2165049.689341987,2176751.2538608597,2164489.5613422743
399,zipkin2.internal.Proto3ZipkinFieldsTest._Benchmark.benchmark_80da4c2f_span_read,652914.875271144,652325.4907218217,653176.9493170417,653186.98884629,654219.9520295166,653910.9108624728,651937.1252754205,652200.9799380164,653677.5883098295,653312.531955352,652485.2025420141,650965.6504459231,653482.1967742171,651510.9166501352,654592.3524365319,653368.2907593321,651622.9407057642,654279.369920132,653023.4365440995,655083.7111484149,653832.8643389138,651519.7488614718,652776.8823427537,638037.3597385352,653677.566853559,654685.8680829215,653299.387245375,563448.7856788186,618510.2512384997,650276.2957252095
400,zipkin2.internal.AggregateCallTest._Benchmark.benchmark_8d2ba6e9_execute,20237.709718628852,22912.856204434946,23079.18863355149,22972.978538559437,23197.09246015168,23240.49122730952,23193.982030787392,23307.355083414986,23255.351471601312,23288.652270964565,23356.729562389428,23207.265070226003,23291.103548715513,23440.82898994698,23176.18417514085,23453.70317439038,23363.600161082253,23327.874340762195,23293.96266343753,23353.536784152788,23286.152500479744,23175.35825762103,23145.582263649605,22848.2662278621,22621.61106664093,22435.55160825299,22595.30817685424,22619.53035069133,22562.851054498602,23250.556814687956
401,zipkin2.internal.V1ThriftSpanWriterTest._Benchmark.benchmark_4eec98d9_writesCoreAnnotations_server_noEndpoint,34559.76448841954,35128.579611012006,35313.2273113022,35571.01066348042,36239.610279231056,35538.92860791926,35505.81585263666,36188.717839407065,36462.61974399221,35831.050150392795,35576.3450085247,35857.44281883071,35760.21063058047,35487.120885974844,35443.53036945676,35770.80257238389,35474.34827886979,35559.03692780736,36127.55215221995,36158.84053061954,37091.000578214065,36952.367592209244,36485.907903804626,36874.95253009843,36611.74992841044,36372.04952258521,36007.57042519313,36452.33427413301,36989.391923175535,36856.21389136709
402,zipkin2.CallTest._Benchmark.benchmark_17c0e716_flatMap_execute,434527.22440838924,436260.7477851127,436643.3202171883,435862.8813589585,436554.6322503074,436458.73950886825,436004.94464455626,436239.2610459162,434275.00002469635,435849.1544253544,435862.37790214544,434882.8619868896,433482.03910803143,436056.16748303076,436833.0607536841,437926.04304920987,434757.3745878035,434413.769867144,436685.8874619406,437777.1052753641,436029.70619534544,434519.66497264715,435191.8049348774,435725.9617390601,434309.4588899487,432225.2658154686,433321.432417925,436568.9429460713,439454.73347564926,436515.94657600933
403,zipkin2.SpanTest._Benchmark.benchmark_59865cc7_remoteEndpoint_emptyToNull,3569386.325098,3555106.7865830744,3573331.8333942685,3700261.945203235,3657068.344787596,3609943.4395933216,3508264.673527067,3608095.5293619856,3586131.4518217645,3540405.5921018906,3598169.622009919,3585165.1653321865,3498942.8128061537,3563988.652185016,3675380.5515694623,3626460.5699482663,3715178.5014163,3766347.4036813835,3745581.8264884437,3701138.703238968,3704864.8845983534,3714876.2503767707,3729961.8559110938,3716103.3824246605,3664085.7464161227,3717906.407135567,3753035.6165256137,3519010.830395207,3759227.4233264616,3683615.663943261
404,zipkin2.internal.Proto3ZipkinFieldsTest._Benchmark.benchmark_9ae65a70_span_read_kind,1969295.0836739803,2010479.370872969,1995311.562547046,2002172.9640636763,1998078.7402125332,2034437.258345397,1996053.0385441498,2030492.977844745,2020544.6001562807,2042422.2067409917,2040140.067870995,2017578.0946257212,2030073.6753914887,2036204.7062155365,2036054.7155228842,2028984.2774602326,2041979.3162212002,2032012.9892038023,2016044.0075323859,2027989.334558495,1787118.668431399,1918105.656443373,1968014.2674164714,2010799.0682863758,2018528.9338088087,2010022.9353945055,2031253.2588521172,1975944.7271510356,2033901.1636739657,2036678.992716701
405,zipkin2.SpanTest._Benchmark.benchmark_43651738_toString_isJson,2398780.7237958205,2412936.8756752093,2387115.4726978545,2344568.515651995,2392412.404552841,2379982.6610773755,2427151.8432969344,2396379.2639437253,2381682.775090638,2400314.385483787,2337703.711377083,2374749.705051331,2429899.9670672948,2384507.030328874,2340765.93176347,2204195.4751763637,2223353.8757049153,2294347.802810673,2286239.5206980584,2287255.9124968303,2271451.25044095,2251043.7161334744,2274646.9058948383,2273257.766422632,2285526.9009224083,2298904.3492528214,2307167.743173349,2309167.9816925027,2284506.8220634875,2215881.887876424
406,zipkin2.internal.Proto3CodecInteropTest._Benchmark.benchmark_a6d8846a_annotation_read_matchesWireEncodingWithTag,1359216.293338537,1363752.6807362586,1356509.327170536,1354703.5964404992,1354752.283696422,1364781.1969256264,1367362.9358826275,1365313.7216934361,1361180.9505634017,1364487.9302995799,1362507.6340186715,1368378.8028536914,1366202.2567409126,1368725.8974527633,1361767.399684729,1371742.8970752412,1363148.0262000673,1360778.3028435493,1366397.273429027,1365540.1640036341,1363767.470799399,1367787.712566573,1364251.0640840698,1370166.6483501338,1363144.1162888457,1370415.3111463373,1369769.3990722783,1367771.5637743257,1366874.8851045691,1367571.665363819
407,zipkin2.CallTest._Benchmark.benchmark_396ffbe7_emptyList_independentInstances,488085.54024278774,497552.13455508545,502760.81803926406,495501.5446206235,500650.99600078026,491157.7122887985,493237.4074936119,482135.31947298755,491547.739600774,502895.8308932451,490964.8271134294,501450.97942072095,496238.4611068324,503112.2038570536,503823.79130435846,493523.39933911315,485508.39786589664,488525.2606707345,489389.6589140718,491710.55117656785,495884.01993938925,470857.4757934876,488838.25679933844,489198.3300601867,480976.4733760743,487148.4872435722,481563.5934603526,485757.8451513438,487407.09447228664,490643.09384154074
408,zipkin2.internal.AggregateCallTest._Benchmark.benchmark_d60d89e4_enqueue_errorDoesntStopOtherCalls,3424.6584964793897,5137.573391318305,6192.9842824548505,6231.8055996751555,6152.9113161775385,6202.475121745298,6195.8819407120345,6215.320503870594,6073.116689469984,6123.750534435956,6095.461593972866,6092.2774802599515,6162.459201809882,6160.132628685351,6193.594852186339,6125.181418504868,6170.6483038999195,6198.21890876139,6112.838108409383,6226.031117489559,6276.371658137013,6254.665517074608,6188.285092176441,6308.703957758078,6337.344838953204,6223.724824230621,6277.5738029593695,6264.348207097748,6294.509534252288,6241.411534754857
409,zipkin2.codec.SpanBytesEncoderTest._Benchmark.benchmark_30296eba_span_64bitTraceId_JSON_V2,1080364.7872821805,1086594.9296605173,1080042.9118053538,1079324.0359317285,1060978.988972766,1083368.9380495697,1062145.6368826972,1033876.6464505844,1043052.4992081738,1041110.9511585698,1042637.317666939,1082932.4256956067,1097347.9390045197,1093761.37209313,1092467.6129569507,1099658.453464247,1085585.467526278,1071989.926539363,1066251.0075496796,1064442.4900236554,1077155.8953995153,1059959.8722084407,1047035.7298866704,1050962.289117736,1067728.7704928692,1077524.0743274968,1075699.1836189998,1085516.7783351392,1085289.254233146,1083202.1980419639
410,zipkin2.codec.V1SpanBytesDecoderTest._Benchmark.benchmark_f956f497_localSpanRoundTrip_JSON_V1,336940.6688626261,335020.6718679401,336692.2380174102,338991.18244164553,338184.11275548674,340421.6361808207,338373.8136556306,334798.52897063305,339042.9932790315,340286.6378578424,341753.50538403564,339271.8956621547,341482.46667300194,342279.2664646309,342740.79443246685,335203.8998845259,332437.529659209,337155.7191647381,337014.74804678006,334179.16050247435,338476.83621846297,335959.5274168981,339332.38026635186,339847.145621564,331238.23312590964,337243.6691675224,345868.6006156419,343041.83875079884,343901.24657169706,340910.1436979449
411,zipkin2.EndpointTest._Benchmark.benchmark_9e77cae7_ipv6_notLocalhost,3580093.7531933207,3580528.084060767,3570890.658060283,3575004.696382684,3558185.515603381,3574230.1195117896,3585901.533998166,3568635.3802889693,3566401.5222427472,3566530.9773968915,3585443.7454305873,3609521.054903015,3562696.060698644,3578434.4654782508,3562688.5487568537,3561530.7892198795,3574429.200138587,3580242.679687485,3574585.6933232215,3572733.8886384815,3574006.919807818,3583031.0761896134,3586839.3696531267,3584579.1200628597,3563078.7466129316,3570743.6261594296,3574292.1987319426,3598557.2918937895,3569158.7768978104,3590882.3224483277
412,zipkin2.codec.V1SpanBytesDecoderTest._Benchmark.benchmark_5a481763_spanRoundTrip_64bitTraceId_JSON_V1,136204.57265639337,136286.71848839225,135845.31301446687,136421.95399768834,136508.55885675453,135403.12008002383,135600.60317298272,135419.9074865684,135936.24619651696,135593.27268502032,135552.3738685846,119033.6459939368,132495.87823933078,133705.21236131073,136393.7045712359,136650.92217693434,134947.1346994693,135570.90608777135,136553.13500006695,137554.07183216626,136784.9855575197,137525.56712041105,136704.74329250617,136549.36601172233,136204.3672808557,136755.35592262534,135664.35578407493,135636.07794717007,135534.507328556,135838.02966403507
413,zipkin2.internal.Proto3ZipkinFieldsTest._Benchmark.benchmark_1f0014d1_span_read_ids,1578206.7124334103,1583957.1129249292,1572810.6729313703,1586637.9779418996,1582625.7632763453,1581275.8969704225,1585225.2133085125,1583211.1752206283,1585006.4555327136,1593342.7854800734,1581867.1034917159,1586347.4592366663,1587784.6509648005,1585537.4312263713,1581019.9504370575,1584216.5332339979,1582090.8733513174,1584214.2041165964,1588367.1646864442,1581825.1243434832,1586662.3236406094,1598789.0609633278,1581754.712152695,1583677.2908756086,1594181.8738364463,1584549.171369236,1589779.853322503,1586676.1917315146,1587923.5904597437,1582990.7279506098
414,zipkin2.internal.V1ThriftSpanWriterTest._Benchmark.benchmark_1cb8ef46_writesCoreAnnotations_client_noEndpoint,35756.61949767945,35485.08948278225,36071.39596985354,36201.16407892025,35550.47509792115,35563.82406576235,35638.11368011277,35618.80435211114,35518.96884776644,35575.97362811812,35590.395478200655,35463.52744740284,35432.97533492649,35432.597421866616,35662.46086844863,36321.70730119173,36065.91957374329,35817.34101239899,35736.70500902059,35459.176724592,35559.92292236249,35622.45759594929,35523.028853866665,35535.34689526847,35701.842636142785,35626.1609512338,35596.62186088672,35727.64136829979,36218.18276865334,36012.30789992294
415,zipkin2.internal.Proto3FieldsTest._Benchmark.benchmark_2a34225f_field_skipValue_LENGTH_DELIMITED,2344330.413828818,2384256.869147293,2409596.2450548178,2421930.0643061087,2439457.439890156,2454339.164171708,2444707.3729410847,2439360.222398483,2466375.0576490574,2464892.788205358,2464698.031959018,2448711.3908971865,2458979.0332885296,2466544.6430619173,2473840.7671931153,2485582.473506105,2461696.5909601194,2464514.44393981,2466746.0898793344,2473199.8913071826,2469998.5903641526,2474129.075430963,2450416.3960451107,2465477.957295471,2483600.9962587464,2480741.5323147797,2476493.3378151017,2484902.2987461975,2483007.8491827296,2481292.493353142
416,zipkin2.SpanTest._Benchmark.benchmark_d68e5a3a_traceIdFromLong_128,2774866.251531863,2786596.3208087874,2800650.4856222984,2786621.954642085,2788444.007860888,2797924.864525688,2788562.367024485,2790168.9710992286,2791807.3942769165,2755694.196031872,2783569.1151828286,2774074.9433667357,2778539.3828257443,2779611.0711171096,2781862.3916419228,2786059.1385748624,2777329.9256934742,2786710.008995798,2784740.403770619,2769510.9969766294,2782770.3450407963,2786029.448593003,2776959.062508062,2770217.8455902617,2766551.654490664,2764499.7782572447,2777251.685100954,2767245.2362285447,2772655.865328729,2767729.549427086
417,zipkin2.internal.ReadBufferTest._Benchmark.benchmark_3a658005_readInt_byteBuff,5066948.873792297,5084177.536226352,5043179.453907878,5056175.641151345,5016193.389999478,5068014.59147625,5017725.663157819,4945911.504895239,4942616.865579128,4871727.201883509,4840509.793191931,4914546.1606223965,4781646.3470646525,4771703.73836465,4942522.163600821,4875032.494196962,4873894.95767026,4846624.517115163,4869813.403955927,4851204.33302294,4840506.249523653,4835993.573314109,4763722.222989349,4827913.479546672,4802588.00561467,4773013.2715566885,4756612.996349725,4820998.555814693,4802438.311257987,4834049.197571294
418,zipkin2.storage.InMemoryStorageTest._Benchmark.benchmark_66fed7e1_getTraces_filteringMatchesMostRecentTraces,54113.12117147443,54138.93817267863,54711.45157938491,54799.42768010896,54258.330688198046,54247.572421384124,54826.64223507732,54559.82881835958,54167.129988171415,54622.78964678595,54908.86201208012,54702.75696815328,54687.45648639882,55291.64750627355,54109.92840139115,55215.49627712451,55338.22814636954,54468.464574993224,54830.70369487723,55487.53313892948,55279.99108000824,54342.577552914234,53950.77188707184,54925.45549680244,55879.62975374474,55117.44768464338,54951.54454518354,54604.51131777191,55624.51885986326,55485.32737069601
419,zipkin2.SpanTest._Benchmark.benchmark_97ab34a6_builder_merge_localEndpoint,24282.770004850943,24482.79686639639,24594.80230691206,24946.45253960951,24843.691888533198,24778.477858105176,24809.710118361236,24472.318127800005,24734.769197884714,24957.975096320253,24803.10174421421,24601.547746035005,24667.84041415781,24401.584413954108,24042.155509871438,24067.873671647914,24087.577527977737,24160.27531874637,24183.431124089257,24141.089615369514,24005.71974469289,24079.13991052105,24273.884271476905,24261.70540068832,24381.892598820054,24216.301589688006,24311.656148894715,24212.395541397054,24192.43096983116,24328.976924006893
420,zipkin2.SpanTest._Benchmark.benchmark_a2150ba8_normalizeTraceId_badCharacters,696095.922567099,703253.9372735906,696285.1650114674,702389.0978913245,699835.835976776,697900.2355563666,701177.9132360239,699914.1627064431,703569.5129870734,703676.6797516727,699821.2801683112,700558.8329012677,703293.005381331,701735.3294125809,703967.0252324722,702784.0084458635,703266.2279668952,700373.8610793834,702497.8541348742,710030.5919753643,703032.4973151314,704526.5026352899,703870.9807115206,704583.5497375999,703614.3900279134,704622.9372754699,705289.1749166544,706768.7525665613,704644.0727756827,707013.2821024375
421,zipkin2.internal.ReadBufferTest._Benchmark.benchmark_9e23ca2e_readVarint64,4568552.607794714,4576473.011347885,4580165.5258939285,4575227.263150323,4582293.5526922485,4608356.993250305,4604982.622514076,4615161.238982167,4609598.815191482,4602807.352015745,4597033.673806224,4611587.126738569,4592477.517343377,4591033.720105433,4559149.033377674,4621915.2182264,4595153.60535127,4609212.261853049,4622058.974780729,4588904.026312565,4649504.9532355135,4681874.044349999,4685888.024598765,4686530.97572904,4686363.743435785,4695984.846781858,4669774.074820328,4700671.269041142,4713302.689255648,4643893.8457182385
422,zipkin2.internal.Proto3ZipkinFieldsTest._Benchmark.benchmark_2b4732c2_span_write_kind,1889016.3293155876,1872862.0841855353,1899131.4312158672,1903217.8129840982,1896397.8816890123,1887423.6143672322,1848178.6080978056,1903553.676395875,1905841.6861793613,1856843.4464957765,1884673.390347846,1886149.8236721535,1897313.1525037258,1911236.1795109997,1907321.963562018,1895836.820545496,1906698.582181639,1893949.403427078,1916566.2432548513,1912105.4452834702,1922623.3235383907,1883132.3489921503,1908578.6218297048,1902897.6699322346,1912670.40772542,1904209.8309647322,1906205.1299092798,1912431.6994142872,1921745.963285436,1867236.218073782
423,zipkin2.internal.Proto3CodecInteropTest._Benchmark.benchmark_b9ee3f1b_encodeIsCompatible,467274.83900203416,468020.9215951521,468773.3400909987,466425.7179608195,467942.19052785996,465019.7843380989,468565.8438209653,465351.43443707674,467414.6796209442,467679.1823585105,468174.1648251267,468570.2603563293,469436.82605196093,468208.1899260969,468237.90744397265,467604.49450034066,471010.1798059965,468462.0150342095,466558.0088264281,467515.8197286566,468109.4559715012,467386.34000527364,470399.5016632939,465490.9150187532,467283.0058660101,466654.2390595928,467402.73546363495,468215.5409576231,468114.4381111796,468541.62940785085
424,zipkin2.codec.SpanBytesEncoderTest._Benchmark.benchmark_e4abb52b_noAnnotations_rootServerSpan_JSON_V1_incomplete,909489.6353404357,910816.2206313289,909207.4990130701,925003.9575744024,921551.0154946089,922824.0169283821,929086.8490402366,912873.3885672805,923136.8743512424,910907.7867477168,922054.161211716,919156.7706869927,918774.6598783124,928101.684684535,909882.6758831677,931753.054229972,908214.9869954318,903860.8711437628,907895.7968995741,911725.9230735237,911827.8930153694,900695.5153660787,912757.0667290638,922579.054763415,910217.4355341465,915187.6233924767,922655.9389784234,926896.4519183772,905224.4402263336,905614.9120503032
425,zipkin2.codec.EncodingTest._Benchmark.benchmark_b627a923_emptyList_proto3,6541850.082610606,6502562.798172691,6501802.167725181,6539783.0647482965,6530112.938962873,6506132.127883361,6515605.18090619,6520520.115499154,6493182.890348767,6483287.795709307,6470223.369992494,6460577.832512786,6498038.33191844,6559897.102972397,6506251.437458183,6518893.301982375,6483075.830423304,6476333.93796405,6485838.213127604,6502554.998124428,6505781.144027304,6510719.030424165,6485432.761120085,6488627.69271751,6505665.177234182,6522910.1153342035,6507613.0580394305,6531127.564556863,6495370.938912597,6486023.88851423
426,zipkin2.v1.SpanConverterTest._Benchmark.benchmark_4697b078_server_clientAddress,1136329.7095474284,1154884.2119544572,1156520.5930499518,1170279.3159313097,1172628.4630892554,1178622.4638376546,1172891.3351421764,1164582.9278302365,1179994.9917496832,1171001.3250933148,1184782.6894439952,1179368.565557817,1179601.78042218,1155006.424487438,1165454.7373436426,1167174.4926721514,1181169.3417986445,1177359.4529684235,1175726.5779404754,1171424.9066960271,1188577.159361641,1176810.1440842035,1182502.7866085966,1156147.7436171274,1171190.4055490643,1175777.7231765504,1166056.354133606,1162440.890634199,1182191.1872351514,1169859.0184392643
427,zipkin2.v1.SpanConverterTest._Benchmark.benchmark_05a118a2_redundantServiceNameOnAddressAnnotations_serverRetainsClientSocket,1332993.7671323917,1333748.1310680246,1335496.8950142923,1323124.8045256543,1333187.7952272769,1322261.236321061,1329335.4825928125,1330287.9868447995,1323813.1826835563,1327998.9929275934,1340479.557733993,1328121.4583235735,1321920.763704427,1353454.5460552566,1340357.6353162206,1330957.6912797743,1317684.781715284,1323768.258598144,1340639.9049137272,1328310.8887397903,1334093.4218994337,1336947.0185543017,1341365.424317382,1331136.6961594548,1330702.3921514826,1320753.282702016,1337249.3725012399,1330612.6380028164,1325219.2722104592,1330876.5192424883
428,zipkin2.internal.Proto3ZipkinFieldsTest._Benchmark.benchmark_51590f13_span_write_shared,724103.0033777438,721797.1014857965,717795.1224589313,723628.8080267789,721265.0321172562,715132.2825374758,717053.7157101162,729803.4361223752,729145.4667840442,730921.3477160791,728272.6986762414,729102.630316462,732926.1173152592,728055.5533162509,724312.0120340778,725968.5296055763,730319.5999720397,715769.6261064191,716117.9813606237,708858.9158639251,711544.9760273348,717362.3011245392,712862.0016601821,724884.8719512074,723256.0831011453,721578.5143942928,725292.8527268844,732509.0983532015,738325.0583220255,740668.6660120843
429,zipkin2.v1.V1SpanConverterTest._Benchmark.benchmark_b3bc857f_convert_ma_incorrect_value,1569437.0614607297,1564184.682274059,1580168.8609463312,1551669.1765090798,1559904.3432820784,1555402.126183736,1580422.5405401108,1569808.7888593154,1579347.85678212,1568146.9615825298,1573096.5467734467,1569661.3082997203,1567781.9748694638,1565921.650406772,1581514.940011694,1567949.5888221299,1574486.847688135,1560944.3993811302,1561631.6699338646,1569704.6512306659,1583115.9348104587,1585353.678924868,1570198.520124223,1572066.4230568337,1577920.9491934665,1568873.2933923292,1575184.1923056047,1590423.6925163276,1581750.2644461833,1574510.2723287628
430,zipkin2.v1.SpanConverterTest._Benchmark.benchmark_580df559_producerAndConsumer_loopback_shared,1043549.5628644255,1047999.7844726818,1049771.4962345148,1050824.8213983586,1054785.564837605,1040027.3963597052,1054387.1609616713,1053026.5096425219,1055303.4446549742,1051718.96488176,1055274.4667147915,1057076.4158028297,1050346.2167994082,1041963.9372166279,1050458.0695147184,1061202.4040493686,1055064.6062537322,1055688.2641654494,1052635.9682374487,1058467.8476764413,1051001.2905133534,1053101.7374332265,1053952.073585995,1020066.3275201131,1048207.7770349454,1056526.5556518808,1055882.2981431151,1062058.0597365699,1030721.2653521919,1056124.4368221555
431,zipkin2.codec.V1SpanBytesDecoderTest._Benchmark.benchmark_ec64060d_spanRoundTrip_noAnnotations_rootServerSpan_incomplete_JSON_V1,202036.58000199907,201167.16272260982,201557.74952154182,201387.98506823642,201274.37170680202,201810.54085308954,201200.15393853656,201608.01960516832,201046.46174761458,201398.08346998633,201382.28046927974,201805.21585890304,202055.52407760677,200574.32563496404,201162.98252342406,200852.6377918453,200179.33921622313,200405.20239006035,200928.98670394762,201428.608333558,200550.95314650357,201121.45983596228,202138.7890641567,200225.673214928,200873.41630781858,201480.23424013675,200799.85333235006,201681.75627433686,202560.1282321506,201318.28603516074
432,zipkin2.storage.QueryRequestTest._Benchmark.benchmark_0c4b70dc_test_annotationQuery_annotationsAndTag,563151.3537517887,568569.0038880042,566113.4867921214,564621.5769753146,570649.2973925297,568758.6336462023,570754.0285778262,571220.0781135999,573189.8530255468,569116.3752055826,568061.5379010851,566923.5354955562,567486.7347463357,558766.354508959,556735.3487287484,559178.5351839693,559534.6446669752,554179.4732839443,530952.8924821008,536631.3969413494,556832.6647986211,553541.9166008352,547995.2078787887,548147.0913066744,555362.4165349818,549546.1083646105,545033.1677264426,536340.0181639942,542825.2835432523,536458.2341468994
433,zipkin2.codec.SpanBytesDecoderTest._Benchmark.benchmark_bc835a5f_traceRoundTrip_PROTO3,270631.9017319574,274615.5606115196,270947.2693988809,278354.3852338735,273254.5262041333,274596.9914066145,274344.3220599733,275139.7577201882,273253.2488155598,279150.9562434891,277312.23171291524,278292.0206296624,271365.5733384379,276894.6698905504,276705.5355362517,278599.4687024046,279919.74972513196,274759.14359343564,276668.95631608006,277308.7957133486,275460.62469763844,277282.2422808462,270834.17565072526,278035.3021268419,280159.78844412667,276703.97716315143,277829.6890886468,277759.33528534835,277292.30944016617,278133.0819974364
434,zipkin2.internal.ReadBufferTest._Benchmark.benchmark_7a07616a_readInt_byteBuff_littleEndian,4662298.798488822,4669591.585813676,4679459.15804163,4697156.8637882825,4683288.867435704,4711821.447990807,4696561.606246606,4697858.737824781,4681739.165876135,4702373.065833223,4694461.664730575,4643709.258495474,4642062.935764165,4618372.984337865,4629514.203831118,4633684.063584285,4621270.305764635,4689572.900634485,4685678.25879708,4704393.412945459,4711915.890800745,4709985.7881282745,4681409.867164621,4696564.291768522,4698232.485572588,4702286.126505596,4675787.8782796,4758040.938652652,4768921.185925509,4782985.130048578
435,zipkin2.internal.Proto3CodecInteropTest._Benchmark.benchmark_50be641c_writeTagField_matchesWire,2195269.0363361803,2201666.515038105,2201220.8086445313,2205818.46605364,2199420.902135102,2192634.512845058,2222540.0320509705,2215440.854496293,2185432.7547398256,2182942.465907987,2166606.605396668,2192822.74438651,2179974.394682649,2188294.1195775103,2166772.6558961794,2179809.6085827076,2168143.4633393274,2181451.2801989294,2191427.0826619165,2171797.0124178035,2155103.538410439,2176472.6248242413,2172513.7926407545,2180023.816195454,2174631.67048024,2184309.049379057,2199521.029569685,2190889.0029110913,2215034.4756139033,2210777.2428512853
436,zipkin2.internal.Proto3ZipkinFieldsTest._Benchmark.benchmark_ccadcdb0_endpoint_sizeInBytes,1896386.6424658652,1895191.633210445,1907143.0825825324,1899921.7228360767,1900049.75595105,1901020.6243492626,1903575.6861323824,1914450.406324467,1905824.4342014305,1903091.758037226,1901605.3280001117,1907893.8758251818,1909259.741004589,1900660.1815330847,1909506.296463619,1901093.8609060051,1902009.4380831462,1900798.8648111606,1906783.8282321014,1908868.7022707702,1892022.6955610204,1911782.1220378068,1908966.2305647028,1904502.9178287445,1905133.3404043417,1907290.8837822813,1903655.2230010796,1902057.220698888,1906271.8979644778,1899330.5718506451
437,zipkin2.v1.SpanConverterTest._Benchmark.benchmark_60cac1c5_consumer_remote,6120.187710326522,6142.142556899057,6143.526825563895,6134.045763304877,6098.124852004364,6184.572235838206,6059.318871965603,6122.909705714523,6181.93153053461,6202.245850153039,6199.011914694869,6268.9595783925315,6288.0014653673,6246.188663815891,6202.413102862554,6282.484961882825,6171.413259055808,6244.892674365659,6209.397930567255,6261.003339499543,6252.707527837751,6256.077691490254,6257.695746021831,6216.470729682075,6231.436883743127,6291.482368623041,6243.4180447606295,6235.412568017379,6264.589734352771,6254.621593983875
438,zipkin2.storage.QueryRequestTest._Benchmark.benchmark_d4b5d069_test_spanName,1362067.1454841597,1354446.1455926963,1358312.7251313382,1370530.624959425,1365580.2034711284,1373761.4972879866,1383429.3487128885,1378439.0373266605,1381308.8061059585,1377620.1880984637,1381081.2011886046,1384713.7411400883,1382144.2400790465,1381191.9951380573,1372473.1150263594,1385697.2323733266,1383725.8927724925,1377434.8298149987,1380594.2961682566,1375891.9221822987,1385500.5588875925,1379609.621245708,1378343.4317056614,1372630.7216466935,1384855.780790408,1383639.5980497145,1377237.0794060163,1367315.70969261,1380231.8942576165,1378788.7704165212
439,zipkin2.storage.QueryRequestTest._Benchmark.benchmark_dde25f89_maxDuration_onlyWithMinDuration,420585.8241465735,420806.50429171685,421244.43645326706,421372.6658332342,420956.8543806376,421976.5413113856,422635.53164593107,421912.0212685665,424237.06169133814,423297.2230555172,421215.8013543377,424199.2245275581,422679.51567809086,422170.8378717355,422015.60120885924,424379.358623119,422153.5110531971,426953.0693278591,425833.6830440394,422656.40270572214,422671.0502671439,421891.6186576369,424416.3092775301,425436.50797674427,423923.287321896,421737.389032275,422537.29447891266,427411.15202751354,423393.0666728602,424953.22097688087
440,zipkin2.codec.SpanBytesEncoderTest._Benchmark.benchmark_59a5ec85_noAnnotations_rootServerSpan_JSON_V2_incomplete,1558730.3052280361,1561761.215379248,1556882.0975518047,1547409.1573196899,1561823.3529794873,1564272.6388270392,1552660.896062567,1557500.386385022,1561489.7181657264,1551731.2320530075,1560506.0830633158,1557553.4189090664,1555887.4231415507,1544358.2315677197,1556146.174426891,1555415.8858243045,1557807.4748591525,1554191.1367955254,1562044.0881435673,1560292.0090684325,1564145.177076939,1558230.4620713417,1557704.5277813377,1542110.1279480332,1560271.2072025284,1560294.7227787392,1554621.3727827922,1548396.0721425514,1569666.7487486661,1558030.492863643
441,zipkin2.SpanTest._Benchmark.benchmark_9b216746_parentId_emptyInvalid,765038.982679167,759178.4162193184,767989.5507664102,765147.2666655061,770276.0963348342,756499.9028893976,759809.3294514568,764168.7747283999,769873.5205915822,757863.7430527582,756958.7956578429,746603.723710383,747129.606646489,751074.2586171649,758362.6905822996,755668.1589050672,756099.7771201463,759412.3708537896,765959.8765377133,766102.6973960903,758415.4541760623,757768.5858933524,768970.8401836919,774768.7883081089,767795.3732252099,766376.3520881035,765066.0039179116,750760.383355945,740060.3061254206,752047.9480876977
442,zipkin2.v1.SpanConverterTest._Benchmark.benchmark_6bc54bb6_lateRemoteEndpoint_ss,7767.829217244718,7778.382279771252,7780.289822925253,7798.516889677201,7808.635906733577,7570.0820064354075,7707.135720940461,7868.497919016286,7883.182608561683,7877.786886888405,7878.383973400352,7605.3321073396655,7851.012766548658,7922.879950384294,7915.686949200887,7920.010489729434,7917.562507166104,7871.358822724377,7910.104512888305,7919.4136782889145,7916.9404521084725,7911.019302581136,7874.988693951923,7907.161666905751,7894.5142445246665,7899.430064020311,7911.092202169801,7905.097735859722,7877.603552973372,7881.452137970267
443,zipkin2.codec.V1SpanBytesDecoderTest._Benchmark.benchmark_ce7061af_niceErrorOnNull_traceId,221398.3445365834,224880.3612309717,222331.8771320675,223529.63825744373,223914.84143147393,223883.09449751646,222982.31208346013,223304.87700329119,221666.99512036025,221237.59497467073,223284.12048253947,220402.52779429438,222880.18202973195,221256.6980668813,221126.22977822289,222812.23074161785,226018.14244473542,225358.05252291972,223208.7261985638,220710.7325961128,223909.33696865378,217012.95535125383,222378.5047241827,220229.3115788651,223525.65997198326,224887.6936937918,222793.94162798728,221426.70284473177,222583.38586753624,220834.71508561997
444,zipkin2.internal.Proto3FieldsTest._Benchmark.benchmark_5be3f4a6_wireType_unsupported,314223.28517747985,314872.6727760755,313111.1818683916,315005.0278629321,314340.4681582132,314691.6829657328,315882.507962498,316387.45553962875,313966.43032012327,315786.66239478736,315114.35778493725,315422.63264575566,315594.4632066897,315942.42161583947,315862.9656210098,313699.34156092844,316986.33870657167,315976.25736605097,315084.2022370629,316595.7345127986,318138.36154595047,316784.5236314003,315962.052743377,314099.6140753322,315487.0398598785,315301.7301154243,315909.19544221024,316905.07547615713,315060.94635010255,317441.202631528
445,zipkin2.internal.Proto3CodecInteropTest._Benchmark.benchmark_22f042d8_encodeListIsCompatible_buff,19269.698022604523,19044.41576768155,18559.206064355636,18089.461979674103,19960.141032225103,20222.24282865389,19740.290474739468,19900.047327756012,19996.974295197477,20079.565636308336,20071.325629944626,20011.47950777552,19780.229263366753,19910.005435498482,20057.28650214726,19947.267240736597,20194.06805370337,20486.672934787304,20479.4787843159,20140.063728717378,20205.78197525675,20132.08928467703,20158.034027009428,20015.117598205008,20498.837557127263,20463.15099060279,19500.857908762155,19770.33897520066,19863.648914328147,20185.815087374944
446,zipkin2.CallTest._Benchmark.benchmark_dcd03327_onErrorReturn_enqueue_onSuccess,41904.39639604312,44452.68685234352,44829.09350572256,45377.31148504913,44309.599965690555,44156.38351349491,43658.39446254364,44512.35400762837,43286.2265632977,42816.57255723544,41844.44811633162,40910.3710423745,40106.17641966722,40373.69000339876,40148.82602136859,40207.74453975559,40106.36447837913,40362.37085778669,40344.722354411206,40366.84718776725,40157.88889978054,40412.478308299826,40639.69987426652,40170.449377316785,40332.60517090277,40471.43810873205,40547.43012315709,40374.00198810837,40455.82420486261,40413.48809370455
447,zipkin2.SpanBytesDecoderDetectorTest._Benchmark.benchmark_50cd5a79_decoderForMessage_unknown,753156.399433552,754099.1309080537,753013.3026846922,755389.5748177384,753377.1452152076,751219.8792105686,754379.9059690358,753017.5064256036,759748.632941388,759990.7586900049,758750.7557929205,759479.2937198349,755318.4860603425,750317.2609155363,751251.3416861384,754732.7840217258,758239.0978035118,754451.0936084986,757110.8852125207,757189.8214564035,754008.2136546083,753950.5289671627,758788.0585157082,750703.6123940505,760937.3793930098,756119.649547848,757470.7143051705,758493.6126281593,755286.2160444064,754012.5777119299
448,zipkin2.codec.SpanBytesDecoderTest._Benchmark.benchmark_a44f8b49_emptyListOk_JSON_V1,702308.0089757341,703762.5469683106,709108.008984718,709255.5852669715,710642.9319869047,702245.2247548712,700026.2694293668,711184.9040032075,714330.3388908063,703373.674730799,706965.2971848056,709894.575975767,702210.096911243,715952.3156832919,715948.2602105702,699252.1203079448,710729.1181503949,707490.4428647402,703434.7598795834,713366.9429861276,712628.1384140596,702669.8131097605,705176.0029005386,714978.0374153861,711190.6162063025,706104.1843222624,708614.3041931621,702719.1278671451,693558.7052204619,708480.331749826
449,zipkin2.v1.SpanConverterTest._Benchmark.benchmark_e542e162_lateRemoteEndpoint_ca,9481.721351948805,9483.043473853922,9546.9984148493,9529.320095219055,9535.57574435618,9620.091997996677,9596.29940139788,9629.45154567365,9623.830502493507,9610.54741381114,9670.927223384964,9647.651393402322,9612.827478585243,9644.530523543175,9685.674273333838,9685.98962536421,9661.334807437173,9662.498824520124,9655.333250962354,9658.284504625613,9683.302691337656,9684.298295114133,9682.80627459405,9616.003330102845,9676.15246447689,9669.62976101372,9666.90220725154,9669.665932381367,9570.891240962408,9650.179638228954
450,zipkin2.codec.SpanBytesEncoderTest._Benchmark.benchmark_4651dee1_span_shared_JSON_V1,546071.4954183267,543995.9095400095,539589.010323959,535740.9056583814,543493.0054665193,512472.26092669147,518247.59158852574,525463.8882918814,544158.5306046373,537961.0764773546,539147.8301272719,519331.72235292906,532274.3822258572,542455.4310090963,542418.4987641423,557191.8284556444,552004.2343843793,529231.0701127833,544207.7237255529,535660.8017594311,554898.1369012285,549675.8611416835,551089.9466552703,558894.5503451957,541285.1737552397,537862.8147412755,534417.0233008696,542507.2201574148,543431.2039507644,545233.5666563712
451,zipkin2.codec.SpanBytesDecoderTest._Benchmark.benchmark_cea209c0_niceErrorOnNull_id,192447.74987442733,191530.91445406378,192267.3870862095,192803.31266833778,192605.81962332508,190751.3788570958,192187.16513143544,192074.94919713592,191691.15770365938,192003.95183209842,192347.10280500015,192664.15423714087,191347.01895679717,192824.2639840978,192104.47248246652,191355.38174742743,191011.7115124336,191516.53101827312,192411.9854984794,192972.6674824922,193404.9514499307,190737.3855367196,192724.97377574214,191860.40916064882,192273.8650686706,192837.72174943076,192571.39467474943,192902.24053866405,191088.25538409755,191870.6479523833
452,zipkin2.codec.V1SpanBytesDecoderTest._Benchmark.benchmark_6cccafe3_spanRoundTrip_shared_JSON_V1,171301.3579099506,171003.34948114757,171589.87608631165,172064.82201256565,172000.33615115896,171083.3425088517,171564.95262644097,172006.7656447796,168126.65622765597,171645.23062982617,171939.4944977862,171563.3218550937,171317.35083097956,171526.49108368586,172021.75859679133,172042.5702105333,171694.39270080935,171830.86214100878,171500.75390075095,171881.4936263826,172177.0916021129,171996.65254377265,171608.41170589623,171781.27748794688,172004.7459726619,171709.27603405094,172222.8519646507,171444.86819681255,171312.22189988813,172062.97621724784
453,zipkin2.internal.DateUtilTest._Benchmark.benchmark_947136e9_getDays_doesntLookEarlierThan1970,1364152.724379502,1358404.0678563444,1361221.487396571,1346422.5983062685,1351118.8856744894,1362932.5833465452,1377932.3681504617,1362346.0811191972,1372961.6887079885,1360132.817444411,1383257.3631405535,1355584.2955796598,1367730.0154429763,1366349.3616638833,1376459.8245808075,1315173.90014495,1317233.0612973156,1343437.7922164414,1333816.043139607,1342309.4731157324,1330642.3791040492,1348212.5830699855,1380118.0655273602,1368171.6983282499,1377576.9982085968,1395107.92214996,1376573.3767712305,1390466.2033721912,1390649.9510805735,1385289.0475031566
454,zipkin2.codec.EncodingTest._Benchmark.benchmark_f6fc5864_singletonList_json,5694126.8279883275,5734649.758154094,5656913.9572150465,5716469.818261733,5744525.695955188,5828641.293413999,5804067.968780473,5839673.4181922665,5869831.996568208,5852795.443889072,5881924.731222138,5883389.108543385,5816769.785783712,5908663.810440673,5866051.000593447,5870787.865115687,5801435.738322844,5781089.479571431,5902167.356537388,5908451.971313789,5847908.836668354,5838915.139586405,5862477.25347286,5872581.2445248775,5870314.267297724,5820601.278675824,5749002.9784141565,5792276.67377484,5809253.11461882,5841174.81370328
455,zipkin2.internal.SpanNodeTest._Benchmark.benchmark_8b238d6f_constructsTraceTree_sharedId,525350.5800517214,527496.1029855045,524965.2169758101,528049.6859522103,527167.116634877,526502.9329494853,525361.4971778274,526851.3218337754,527433.3181354463,525147.8084564813,522454.79795455653,525839.9176024705,525465.3500921557,524595.4087021686,525962.5975844244,527874.9032123934,528429.2961301776,523090.87662648666,527698.7899747235,526122.4510362931,521928.25558493054,528345.7379938476,471427.43647994567,489331.7010356883,521344.00934984314,524954.7762556976,523587.7195090504,524367.3411958539,521763.0948989434,520855.48244992853
456,zipkin2.codec.SpanBytesDecoderTest._Benchmark.benchmark_86e4a196_spanRoundTrip_64bitTraceId_JSON_V2,223191.11869083138,226773.4353768161,228595.4239277323,230236.37988650496,230564.49713723783,229590.34609234153,232623.84573469413,227567.2127986816,229650.67028516307,231780.16235381,231666.1095549035,232322.118288788,232995.38518004876,230167.07105288893,233128.57306135638,230294.9558041064,232613.71104936427,230251.39003550296,228170.43341208718,227976.99549971102,227693.2253560558,229974.84300046667,229194.113050436,227303.54671670316,229135.54223469162,227658.17288435806,228911.59116218225,226441.04275269207,226641.2650190049,229250.25067458957
457,zipkin2.CallTest._Benchmark.benchmark_d072fcad_onErrorReturn_execute_onSuccess,317817.2326062771,316125.25411636964,324276.7619574641,318600.5564780388,317226.8283877285,322688.7369467004,335705.12028767855,323829.3176918486,335669.56914884574,320490.72660441545,331905.28639363096,326679.22527867835,325951.63377234415,308811.9800697219,322955.3113523987,326679.59991872404,320379.39553791424,313372.74223213084,321122.8770566598,330267.077407216,324594.44025629235,318533.3568087453,324849.40108817106,324893.36987721454,321881.93838630815,325288.68102930905,307720.6316610368,314867.9102907503,315022.40405555174,300693.1691800119
458,zipkin2.SpanTest._Benchmark.benchmark_6251ef63_idFromLong_minValue,2840040.27394604,2857831.904883696,2852565.538382281,2867299.261862343,2873531.4439170896,2879327.160688033,2863861.766212337,2882831.9631550796,2872645.726809382,2856154.5467966353,2892251.1624320513,2879342.7563795717,2879217.976983404,2890120.460335265,2877178.93925028,2869860.7431107205,2865675.7470297627,2870367.250249937,2876832.950169091,2859231.9457697277,2877919.74305997,2851580.994833549,2865698.938806189,2873549.86774237,2871000.797351229,2865389.72726998,2862532.2319825185,2857494.5823133755,2871864.598263936,2862752.0193580445
459,zipkin2.CallTest._Benchmark.benchmark_df16ee49_map_enqueue,46436.32286553997,48533.314486521194,49974.66628155326,48805.4082895773,48690.66760177813,48905.91811645033,48263.720455907176,47605.13120635549,48845.63045334581,48443.901749283534,48383.54321989719,49101.8096664744,49179.223144344374,49683.830158085504,48698.651653619956,48692.16903729217,49064.70357561385,50130.76446020021,50016.88489839165,48992.2857478406,50196.53518823311,50107.89030432772,49413.21509596329,48961.03372488561,49076.91742973932,49578.78570816497,50157.667725187006,49771.37874056725,49792.9597414641,49667.590071603634
460,zipkin2.codec.V1SpanBytesDecoderTest._Benchmark.benchmark_223470fc_niceErrorOnTruncatedSpan_THRIFT,222081.2480947344,220362.16281618457,221008.61992316006,219812.58117814088,217872.93510787754,216404.27392631266,211505.06220281782,217771.44303993674,215569.7642601806,216676.7766419545,217788.9249071235,217828.85719133462,219966.6884015811,214000.1143097878,212700.27795026166,208178.2807752965,208273.03504952375,207378.56207327274,206433.73766452374,204539.58968526244,204754.76906303843,206067.69840324248,206619.92864390885,206936.33740249468,209364.9200098256,208826.39718780745,207362.7831778511,209036.60916381734,209673.2887773728,212463.80740662583
461,zipkin2.CallTest._Benchmark.benchmark_001c5e9a_map_enqueue_mappingException,49321.51076245969,49603.736531898314,49833.703151700596,49910.975702779986,49717.74021618381,49849.907649826215,49875.69445765432,49884.970884797935,49891.2313858967,48818.66278896027,49787.42869795207,49876.77997552305,49866.75445018036,49792.92558560264,49878.56640936695,49732.395017149,49684.64136792817,49924.00323956643,49975.22322667186,49525.280418276394,49084.76360388958,49630.9117562389,49910.47838009374,49841.72066398891,49909.718835264335,49917.763828808194,49914.89813848498,49768.20362417476,49938.28054692659,49813.09051259342
462,zipkin2.internal.ReadBufferTest._Benchmark.benchmark_d0f1973e_readShort_byteBuff,5259519.408422554,5319567.934811214,5334416.098565567,5347649.64103657,5367923.517254161,5375536.976384586,5388683.482391562,5369137.157208088,5405293.295411698,5367966.114276972,5414188.366474919,5404473.142525244,5426263.885292526,5423272.246093606,5428760.534152249,5436540.826369589,5419292.250819875,5393829.673817473,5427980.759384137,5410408.467921088,5433000.15969451,5439023.341007334,5426772.261481805,5438027.321995702,5422375.641793766,5438998.154171415,5439890.968171306,5433467.037732094,5367532.016204286,5429533.670644465
463,zipkin2.internal.V2SpanWriterTest._Benchmark.benchmark_cb9ef9a1_writes128BitTraceId,981841.5984245915,992871.1465291216,1002766.0274581735,988104.2601919315,993686.0955172204,986625.1121654771,986286.2916423999,983885.302902257,996425.2391598863,989958.6085489704,961092.790248415,982473.4023570596,943154.1795213725,968906.6928843666,977533.8054233296,970165.4189598861,989623.9846443998,989401.6375654197,1009153.9042970744,1010156.6889807391,1000963.1617614393,999884.321664921,1000365.9377844569,1012300.5117965739,1017129.4796893895,1015932.0817212508,1000949.0297773442,1003730.1464603529,1008652.9391724365,1015115.495890585
464,zipkin2.internal.Proto3FieldsTest._Benchmark.benchmark_76f284f4_fixed32_sizeInBytes,1972030.424281463,1974258.2995963588,1992336.2959808656,1979768.2741691258,1971098.4867661514,1958777.4412896032,1974197.192674701,1962515.1053416855,1922506.083486102,1959537.7182351581,1952413.2958493195,1965645.5692709293,2032827.9774890202,2096870.952063553,2072696.0643532977,2039123.9289078333,2027452.516053656,2028296.7749177397,2027073.3288044226,2025138.6358557087,2033444.9688513759,2024125.664701907,2033715.7694161132,2020468.0476225822,2029090.856976758,2022198.8677241236,2024653.0339465737,2039113.7512402874,2029361.8325655498,2032495.1293736023
465,zipkin2.internal.Proto3FieldsTest._Benchmark.benchmark_42194baa_fixed64_sizeInBytes,1815915.5556933968,1818667.692727047,1805469.4646203145,1802109.754616334,1805804.1211811425,1788384.935313262,1801311.19935863,1799652.4207167309,1796045.0073873277,1795849.2782255968,1801960.722926726,1802365.6327343045,1798531.98902164,1801596.9654016723,1800240.5380994931,1793734.030022957,1801389.5876548318,1807043.7861048144,1805413.4109230184,1807604.7133914232,1804788.009359846,1807158.1317698108,1791094.7610806976,1801323.7529399225,1803067.410055131,1794083.892676258,1812242.1956013315,1846067.5432589888,1838794.523994646,1843494.585986324
466,zipkin2.storage.ForwardingStorageComponentTest._Benchmark.benchmark_7135c36a_delegatesIsOverCapacity,32758.05213922517,33184.762583752316,34187.09024076497,34208.119756662425,34811.7991632451,34647.81789898291,34020.92825038827,33581.89192873821,34283.043258934136,34282.08576430663,33950.12228663657,34052.424342727565,34722.076396967605,34308.47393568106,34750.499944782474,33449.0272767183,33643.60477720149,33926.19237854388,34271.17057064377,34015.28477926501,33755.34071853407,34170.891314297,34651.489957370635,33880.61112575276,33316.323345472854,33763.86048545262,34625.79499474894,32502.72968433155,33508.69691379442,33899.0658324578
467,zipkin2.codec.SpanBytesDecoderTest._Benchmark.benchmark_426baf5b_niceErrorOnIncomplete_annotation,195468.7255953767,195271.99381053782,196074.2753518697,195714.2821645121,195564.59651083592,196086.2524296999,193669.2703257628,192723.94735627217,194006.63755232148,197441.99069925398,199354.71529023818,198844.8212948679,197577.3050930169,194967.28823832376,194475.71085588142,193284.61141831827,193364.125122348,196501.94656900354,195669.22325752178,194806.17325730887,195628.2729484185,193446.8390377529,194994.1853432106,193763.5348586891,194885.80410863753,194596.95973608634,194288.50513249784,195217.75414385786,192696.9416128267,195603.95596078763
468,zipkin2.internal.Proto3ZipkinFieldsTest._Benchmark.benchmark_bb463d53_span_read_tag_empty,1318593.7293643975,1317077.9580656926,1298220.9547287293,1321765.1466123986,1316958.3596705457,1306796.0964807007,1299649.958429925,1296327.107425689,1288144.1345758154,1291917.2509428666,1277548.2768601622,1293650.92039721,1278923.7975512282,1278158.393543609,1283028.836380511,1291479.7287167965,1270142.3268245668,1281775.8065922307,1277955.7347955494,1276871.8337614709,1290774.242118843,1285445.9607752988,1287016.4230873417,1292512.8184392487,1286195.9821324472,1292689.049444927,1269572.627166282,1289573.2861364984,1293085.9905868543,1279439.627082317
469,zipkin2.CallTest._Benchmark.benchmark_877b4f57_emptyList,502767.0965575679,511843.3070260285,507107.6985650666,507183.96014049114,505913.7354884221,503068.9557181775,489398.28825739294,501480.5027504903,502216.9830517198,503397.5552641458,513482.0682904083,511907.3932130797,504785.078968237,509896.79436769517,505964.3351628636,512009.2372707143,507076.49486150686,505255.38920182997,508900.8605121187,509763.6695237224,509065.1850631341,498160.3482528801,498420.8124823507,501037.44766777055,494927.6666324558,485676.2790475622,481281.6699038242,485403.76692250615,462958.3219465011,459273.6834081495
470,zipkin2.codec.V1SpanBytesDecoderTest._Benchmark.benchmark_b8d87577_niceErrorOnNull_id,189374.94002443601,189646.6041618529,189343.2641915982,189982.2509471041,188801.30696865552,189882.96191354102,190960.91331590078,189926.35830773826,189656.27459884644,189373.2385454286,188716.92520217775,190893.6939256524,189543.70516177316,190077.78636252542,189904.61274825482,189259.82823053174,190329.96806899973,190790.81931593703,187685.2062105695,188843.7593525789,188838.0915553597,189050.00972678745,189374.98520414185,190252.77247899794,191090.8023738378,188388.4268024783,190022.08210883616,190357.95471140207,191448.82327437185,190242.93815812672
471,zipkin2.codec.SpanBytesDecoderTest._Benchmark.benchmark_54eb5e22_niceErrorOnNull_annotationValue,179407.34800058184,178078.0061643859,180518.99969896668,180342.8789848723,180831.095876839,181526.94064470765,180781.95179373844,180288.5074502697,179800.2993649836,181121.2065676311,179528.19602111162,179375.6806576281,180593.29045668934,179266.27016495174,180968.7736021296,180926.44447259602,178079.21172092907,180032.35052575133,179623.68324384213,179301.74111412294,179408.52565584512,180176.40326423294,181063.2861608197,180588.1448740206,178654.17681172336,180662.78138326443,179792.7344029988,180667.54491900984,179110.6176219374,181283.56161976018
472,zipkin2.storage.QueryRequestTest._Benchmark.benchmark_b1cadf83_test_rootSpanNotFirst,1246352.801015671,1244110.1809419002,1247791.4500977607,1265411.7626322904,1275376.0793075971,1276051.7494505893,1274045.8385637847,1272686.2481281755,1265220.3206326528,1272107.6789901142,1286943.1627874908,1286971.364855634,1299458.8177426998,1299702.1991469455,1302173.9690143382,1306398.3145802019,1305627.9304481866,1298003.9053346715,1300661.1381865721,1301780.6496815297,1293128.665622308,1280208.9010085284,1265504.2157619088,1273887.14387885,1281595.7233909122,1275179.1617437743,1286011.6909977368,1291730.813521526,1288948.0642554616,1296371.4339196112
473,zipkin2.EndpointTest._Benchmark.benchmark_29562852_newBuilderWithPort_0CoercesToNull,6148832.857030146,6176889.14112994,6142728.322841643,6236678.444796089,6199614.845182468,6234132.6088525895,6270967.659590961,6239317.89546634,6165761.143668713,6219350.255215078,6230659.393065346,6213090.216671644,6174545.765013023,6214065.997033507,6201242.576354072,6188407.209686113,6170324.028647966,6205156.077818055,6265433.288245651,6241736.524247887,6181093.843913454,6150097.523144857,6228031.628252081,6214178.647499664,6255763.59030839,6208843.361396392,6256193.059627753,6196211.466525853,6217382.393823606,6211960.852486686
474,zipkin2.internal.ReadBufferTest._Benchmark.benchmark_4db7726c_readLong_byteBuff_littleEndian,4958032.888747031,4970881.6936786845,4971721.445544813,4979392.962310191,4990385.101475659,4987040.2914445065,4974663.330143608,5002469.881945981,5039303.090811655,5019922.535606033,5005897.450596769,4978071.388143875,5016902.6528733075,5005883.5735170245,5005542.138513102,4998987.896859072,5023392.316599426,5022449.133912989,5024994.048971678,5020146.784850984,5007435.288852909,5024492.943770043,5027050.358740138,5012408.631928447,5012598.384257735,5000138.803887354,5005058.650852429,5002578.244526368,5020571.307408739,5026505.395424447
475,zipkin2.SpanTest._Benchmark.benchmark_1f8635cb_id_zerosInvalid,744847.6026009638,754801.352577097,751997.8498696283,751589.2122225395,745607.6489073877,745223.4455954501,750095.493780539,750738.7143268443,755881.3288322345,749565.5678721752,738659.0567997625,624024.2618571522,724487.9775380337,745157.0521350189,740974.8179489863,745666.0400696968,745052.2146278319,746111.6567666633,743043.6804943532,758239.3373627488,762015.7582391727,740167.1410883233,750159.440791475,757260.1753838693,747176.9200203224,746567.393863295,762760.0627187873,754303.4019148528,758447.2935446157,754394.8579944427
476,zipkin2.storage.StrictTraceIdTest._Benchmark.benchmark_f0459331_filterTraces_onTag,319343.1988549851,319562.11219927523,322943.41715563735,323582.3769159093,324357.3030591104,322199.9825487133,322912.44219726004,323141.5963631438,321505.84287058335,321321.4660476528,321191.90070678206,320943.25691379624,322902.7815919036,321845.45236842544,323976.9160755044,321535.20126578957,320507.65651073627,322349.30306643626,321353.7515648183,322021.4245161482,319410.8708553482,319230.9496701119,320346.13684241596,319919.1572326376,320746.2874547187,321907.9619015221,320554.7627042628,320435.839137729,319074.9841222498,321984.42731934454
477,zipkin2.codec.KryoTest._Benchmark.benchmark_d0b0ea4e_kryoJson2,68203.92017202558,67987.34805959898,68941.00197341356,68976.84973192848,69464.21010216104,69518.95618202252,68858.19935765683,64959.96542038466,70138.22151373062,67743.39849044883,67979.62460769936,66329.73962797833,67035.80299551933,67332.79937597812,66046.93776640795,64410.44155285108,63870.78547212611,63750.13428856991,63139.54961303229,63084.19274279958,64394.584205782674,65193.10315044306,65269.43802732899,64104.58425133275,64057.89306407061,64831.280651933055,65078.57674999118,65842.96029389507,63922.716823449315,64544.45869102796
478,zipkin2.storage.ForwardingStorageComponentTest._Benchmark.benchmark_36fa1525_delegatesSpanConsumer,31052.887809770204,31966.289768645423,32280.545759707336,32075.871792740443,32177.339287991614,32265.81295148613,32322.73317368087,32513.764216849646,32373.18642172347,32244.412929995586,32378.20718628989,32329.056086186592,32221.516333299514,32230.989463108283,32427.16573600601,32395.842112956856,32306.43512750236,32378.161828412467,32337.094633709992,32354.728762750314,32283.288899650874,32424.0828288305,32346.678737640428,32428.632866688768,32494.017150085467,32496.180366463544,32244.360400867088,32227.606649019817,32268.717343203858,32441.181931849125
479,zipkin2.codec.SpanBytesEncoderTest._Benchmark.benchmark_d5ddaf06_noAnnotations_rootServerSpan_JSON_V2_shared,1517918.381667513,1512958.7721371988,1518569.5841394472,1513650.9084516384,1526677.8842648093,1521707.46672885,1517011.5101838154,1519720.55475403,1516393.5321706273,1515975.79863768,1518521.5863048844,1519315.5488452173,1521754.892131012,1513858.0049188023,1523808.9806031622,1523237.878420878,1519248.3697942945,1522900.2169373508,1514692.1617935405,1513251.6897867376,1514060.3820321104,1518721.8870569074,1525321.878396059,1526195.6690086587,1523471.2517231582,1521261.064274416,1522367.203975985,1522215.7640830397,1521710.5950680017,1519844.5806181484
480,zipkin2.EndpointTest._Benchmark.benchmark_12f2e1f2_newBuilderWithPort_tooLargeIsInvalid,524771.0346642976,525875.130749381,523691.97935728333,521716.7858235733,517269.1562831848,515959.1449848167,516912.7796321149,518329.9757874909,514655.32904157875,516416.50762972445,516235.5431354261,516214.2909693406,514812.4767181634,518189.0940809546,517461.3335814766,512931.1216590407,517664.950429921,514151.14255046146,515605.5773106195,517743.2938077628,517101.15144043637,513000.92955768434,512413.63924404467,516347.4178979745,514713.35803715856,511251.75385185145,516892.3746035689,513491.2002928079,514869.9717798556,518245.269823606
481,zipkin2.codec.V1SpanBytesDecoderTest._Benchmark.benchmark_92827369_traceRoundTrip_THRIFT,142638.27613734716,141748.44031047926,138505.68483330004,143466.84515161053,141122.0672226468,145068.25679221953,139824.75872226804,139821.35367605858,143028.8630789929,142061.40460448738,143308.23986860673,142548.17628771925,143132.0518613208,144991.24690157396,146020.94314844086,143806.85407310497,144516.53691264644,144884.34138061147,144734.3832324974,143570.17478372832,143238.43342975408,142845.31867321645,143416.8798280702,143496.60831416587,141614.51266093733,142550.00915825786,141802.54455559427,143383.77990589786,143264.33449851832,144486.3815903426
482,zipkin2.internal.V1ThriftSpanWriterTest._Benchmark.benchmark_c3e3b321_writesBeginAnnotation_server_noEndpoint,84108.90030915645,82215.0025799918,82435.18399289779,82513.64801008085,81898.38670527354,84401.46662842446,86262.58486229533,84361.82603903729,83054.04673492888,84330.90992530668,84662.25524267051,82820.30756701287,82304.06619485214,83515.55824032935,81192.20710604504,81039.73330877199,81800.22388721278,80072.56411252714,83310.70897706327,84466.99417652146,82522.1565235744,83908.67145045858,84407.27539054921,83999.88016045096,85218.46130339438,82913.37411523657,83909.8449059217,84784.24046152872,84320.95587388297,83021.72146885429
483,zipkin2.internal.ReadBufferTest._Benchmark.benchmark_46a165f0_readLong_bytes,5778090.265626652,5806560.086447186,5787303.209162395,5824543.139228717,5811789.1953217015,5836002.489395113,5841257.49709015,5803381.105217502,5750781.159817406,5712102.395528775,5693538.394264552,5691707.81092225,5687874.95423213,5688893.347991817,5653740.352911479,5663703.929851143,5651939.467456268,5664263.494339705,5697727.9080413515,5677915.136238531,5693753.247379918,5700364.360404975,5699724.493606494,5673243.37966334,5684504.715124403,5703175.4339586925,5677789.0359898,5684469.741770668,5689325.408328733,5638610.680035707
484,zipkin2.internal.JsonEscaperTest._Benchmark.benchmark_2133728d_testJsonEscapedSizeInBytes,4235316.665484353,4234356.348936898,4225822.469605867,4253734.325598336,4256078.951699587,4243685.672902771,4257664.5474185115,4253712.762632173,4260824.301788166,4239043.183699846,4253405.209500276,4249627.511919936,4241111.351761958,4267599.848462866,4266309.479014346,4262374.566841247,4272383.224409728,4265596.541970172,4270262.792747758,4261431.601101092,4216775.080831342,4205281.870259572,4161667.626088402,4173770.7621205105,4171156.541203127,4124380.7676960644,4176972.377215223,4173505.813530616,4152578.4854598083,4148164.278116747
485,zipkin2.internal.AggregateCallTest._Benchmark.benchmark_70ffd177_executesOnce,56842.7331118035,58197.35220016981,58783.88362127918,58377.2928083975,57965.282454575055,58007.986542467115,57906.64377866465,57452.48134067051,58640.983927671485,58008.50064574118,57640.489458778386,57595.79389436348,58359.51921447423,58213.796439972866,57960.99136086044,57077.38345434581,58274.13422118787,58150.58759156414,58463.69061993635,57639.378157605744,56891.37788025512,57445.45847694373,57677.94145412057,57579.53010870054,58124.44008340985,57478.820271662575,58447.04307610373,57783.0709307004,58123.985283255315,57962.59049592802
486,zipkin2.SpanBytesDecoderDetectorTest._Benchmark.benchmark_e8b24ea3_decoderForListMessage_json_v2_singleItem,575717.7137599522,575548.1069391551,574470.9517334193,573039.9594201851,575776.0375540665,575727.4591217404,577140.864763919,577135.3340363582,577028.9049505696,572972.5164687668,576476.4750762867,574371.4596557684,573176.5547801156,574134.5475865834,576656.1935306543,576659.9609267402,577244.4798402315,576311.7139939768,576563.5792711494,579458.459216469,575515.315257157,577319.510354195,577971.6657679743,578812.8744619646,579055.2272281753,575415.0422906721,576596.7722772812,576048.7788976738,578050.8927520958,577874.3461698814
487,zipkin2.storage.QueryRequestTest._Benchmark.benchmark_ba15ca5f_annotationQuery_missingValue,975162.9529591314,969347.4921986252,962959.4760239393,960721.5182013821,954186.8974573365,961402.8893983122,960866.7206456045,956973.607421842,953805.1128968131,953902.4746633774,957626.2048900874,960002.629952968,967492.0859183371,975459.0137812025,969107.1540921123,965292.9834235108,959650.1255037225,955273.8852802198,958832.2621838164,954315.5642723416,960507.2686380281,957639.6615910494,954312.0397414195,955136.8067186166,954978.5156107489,959681.0017034545,956552.799259312,955298.8721535734,958531.7297548415,957590.5069346491
488,zipkin2.codec.SpanBytesDecoderTest._Benchmark.benchmark_ff6b840a_spanRoundTrip_PROTO3,623992.0172986687,620454.3869821827,626827.943586947,606247.6486080347,615743.67911948,604929.2466923337,604205.1714397451,606108.6469509029,590729.2892031034,602340.1951436999,616499.5992847099,595798.4176903003,591628.8182153357,596768.6673018015,594504.6753423762,613824.5548973976,614834.0997722248,604684.7600123379,601688.3073066369,604816.3283157492,635061.8538624872,614281.3495782096,619338.575948573,621077.3385884637,613228.7720421583,611745.8531676838,617549.262023917,594943.6560887086,601964.9486837796,612726.7528037267
489,zipkin2.internal.V1ThriftSpanWriterTest._Benchmark.benchmark_fdc2fb5e_writesAddressBinaryAnnotation_consumer,42467.27048183901,42898.2382972149,42821.14558525643,43008.112392325864,43222.41188519873,43391.34102201351,42892.500739766896,42984.4043437593,43064.28909885839,43020.174713405104,43018.71940560943,42920.573099114685,42990.95754259811,43454.05784558419,43079.7585170846,43129.06209141939,43038.24648140038,42944.034582886066,42972.195296714126,43030.26312645916,43066.139973414545,42888.816830556876,42960.00160668786,42885.471647561426,42992.91948890688,42939.9246275629,43011.63857501895,43013.8186402153,42839.84137565553,42987.11552156139
490,zipkin2.codec.V1SpanBytesDecoderTest._Benchmark.benchmark_13e12aa4_traceRoundTrip_JSON_V1,55143.37117003134,54953.256113370495,54695.26195518652,54935.529204645434,55232.17062159557,55429.74237941421,55552.117425963625,55703.4399054424,55348.73021841362,55034.848395797315,55857.71176822363,55145.99162071911,56009.794055398066,56231.823550001296,56122.2453518314,56088.475904970415,55799.296331995625,56472.46164802311,56747.26001572939,55167.57935695298,55443.51188233695,55312.67111307651,53989.430056916346,53443.05571570046,54504.329832881485,49791.82346900325,51819.227132009095,54097.04234796156,54978.2082601928,55080.255938775954
491,zipkin2.codec.SpanBytesEncoderTest._Benchmark.benchmark_923106c6_span_THRIFT,877534.540880616,867855.7149343817,846714.114818366,856356.1524459766,863928.1775215679,857575.6531707265,847910.3238086103,871021.497836953,869718.5160369234,865633.2822226404,882054.2721891011,903044.4043146039,855392.4389550908,858243.2797044248,871092.0833231836,867827.9777897018,889321.546120724,869411.8420184058,866530.0665853799,881141.4904342603,857490.3928922693,864825.2475727785,880795.8600185637,881870.566193318,872893.218561525,881810.8394503663,863213.2114493327,907444.2848870782,919532.0695328658,945452.3452303207
492,zipkin2.EndpointTest._Benchmark.benchmark_4a15e409_newBuilderWithPort_highest,5841038.520286773,5899452.046432675,6009873.616859043,5800702.080671645,5912332.566425945,5872997.2862966815,5954345.387612553,5922812.580986173,5960030.710165821,5884683.0882004015,5906602.721185442,5917762.41473923,5979158.866502073,6010532.108076971,6091205.199740572,5973583.681688411,5964831.022839869,6004102.115733626,5960491.3875568025,5869381.33868424,5934439.396181327,5965430.938870511,5861137.770833844,5887961.597643177,5918759.119923982,5990914.1400389075,5873528.967780603,5869195.1829826655,5916521.564781471,5957716.9796631355
493,zipkin2.codec.SpanBytesDecoderTest._Benchmark.benchmark_51ec9666_traceRoundTrip_PROTO3_directBuffer,166785.7129400346,174886.0110303412,168368.18485396364,174040.26561522984,171922.20967360213,173663.02841221957,173801.43209732132,169541.93493469383,173970.04884749497,174186.52227289206,171606.21292368157,173733.6665941089,174779.04640552282,171570.87380208072,174688.98585944157,172468.27338546482,173735.3579777195,173421.94650728258,172087.88245323655,174575.46325984658,174554.69557555404,171110.3803310145,173673.8959121657,173224.1911801744,170990.70816519982,173272.80579565707,174546.21227164706,172940.522284177,175212.55897032435,174208.60976104796
494,zipkin2.CallTest._Benchmark.benchmark_5a3a2379_constant_execute,475901.2227265287,480595.1523683038,481060.22858480224,481271.8609805413,476566.6454701124,472874.67380376207,472734.67768614716,480294.6003408714,484312.9591767398,484491.2340799161,487115.246704022,480424.63429606985,489799.9835903356,491240.70913642534,486023.0776635173,506261.07413288974,506171.4580053819,510515.94182864553,518005.65118400456,511757.36623016384,501531.45580302714,513589.2187230251,513483.2637399626,514359.4219373228,516778.6979649495,510836.0411882059,512562.2345751103,516147.107633356,512204.6114126095,516310.9696661533
495,zipkin2.internal.Proto3FieldsTest._Benchmark.benchmark_79a982ce_field_skipValue_VARINT,2496974.2551026223,2544227.591218735,2540422.746609852,2541350.870159321,2561772.54210966,2576150.607683428,2484848.3835042054,2590843.8522132067,2536278.4605802307,2546018.0500367023,2593569.28708302,2620663.375587358,2602581.1639626133,2575794.2090976844,2624846.5706195105,2638484.194101861,2614310.4183220263,2564964.3710527206,2604748.174736531,2570447.2015456473,2557434.9286494795,2564611.4167035045,2576551.49345681,2539938.53539195,2515960.921995775,2581678.384261749,2554805.577755306,2566980.11742318,2597699.643102573,2605904.387815432
496,zipkin2.codec.SpanBytesDecoderTest._Benchmark.benchmark_dcb594b2_spanRoundTrip_noAnnotations_rootServerSpan_incomplete_JSON_V2,280125.85018448514,280749.36089756055,280943.2566948196,284475.0027593157,283025.7112412354,282570.2394909426,280075.0469889657,277016.2649035514,278504.2029963329,277942.413283887,278806.1816392809,279486.3990832187,279314.5768512701,280254.90323382453,279279.0702642023,280091.85781811783,280024.5235810065,279674.98044083855,280985.3336627216,278852.19475630537,279965.5049045124,280234.6522846583,279842.0331775285,279887.8105276697,279147.01410202234,280687.1639524871,280459.9017959719,279284.13514821493,280317.19793142995,278728.99641630263
497,zipkin2.v1.V1SpanTest._Benchmark.benchmark_520f244b_binaryAnnotationEndpoint_ignoresEmptyAddress,5864773.22797826,5865741.934346345,5885756.344809096,5873869.961438003,5885439.79270983,5841462.140383513,5868912.73665775,5918212.669318585,5878569.113140888,5896062.948279398,5858687.752591964,5819001.548641673,5886223.899280038,5910409.148161576,5882904.2361381855,5882418.1294242805,5874671.229789017,5907210.801991858,5923127.867011697,5878843.261043428,5855014.340411213,5896919.039883045,5810293.4736034125,5867684.386257165,5904830.771810784,5886192.071631987,5902098.156742308,5907624.609636035,5904456.746082098,5911159.781493492
498,zipkin2.storage.QueryRequestTest._Benchmark.benchmark_ccc4e693_limitMustBePositive,450160.3934363765,448072.9136281278,452596.3579104967,448075.7515618644,446774.88922853,449219.4045607022,444328.7535634547,450608.7436405687,451688.77311976935,447741.1436354507,449866.6220171173,445505.2933268262,447655.83816064865,447415.6458241509,447345.8307838051,448908.1838532957,447907.4054977986,449002.8788536385,446173.9942762245,446850.70087327884,447849.77320008585,446697.56224643457,448659.09705456335,447816.53036889806,450193.14089124853,450324.31204053806,447722.945911926,447192.82938903157,449107.4813502123,450578.26306946244
499,zipkin2.internal.SpanNodeTest._Benchmark.benchmark_d5f03b5e_build_headless,549670.1208846006,554455.2820643352,556974.4332431037,550946.5149312096,555816.5360074014,553564.6035031816,560040.0624391626,553285.3981850308,558573.8712367299,562292.512074445,552826.1273531002,547789.0306359073,545458.5371229799,545391.4576326489,556287.8407943859,556866.5357670243,562449.1184350359,563576.507383359,565204.053939852,562116.509040426,552396.5360287229,553731.4011889002,553853.186425813,551154.7072960146,546964.2488468274,552189.5620722886,552578.6743978662,551104.2563931358,556582.8376073485,554467.5540403663
500,zipkin2.codec.KryoTest._Benchmark.benchmark_7aa027e1_kryoJavaSerialization_endpoint,58985.41696960548,59200.6808890147,59348.09296772867,59534.27600643541,59040.78239544101,59725.27507433058,59448.103021961666,59591.796057014624,59700.051629115034,59314.40790106032,59092.241592166945,59355.03977239135,59380.638491387836,59734.34275223298,59116.27796473899,59613.62193449946,59128.316978167015,59558.82147958999,60013.21100577495,59598.062058049516,59899.97924404672,59692.29210364447,59379.30749776325,60054.22843730339,59385.28239947716,59559.282845957285,59319.84642435337,59039.71030734167,59282.15045618792,59570.41817572568
501,zipkin2.SpanTest._Benchmark.benchmark_9b4de04d_builder_clone,23967.154265482863,24171.17033909001,23840.71555760862,24381.06644896567,24349.84674255858,24397.152379253166,24406.054446963706,24404.581505972757,24342.29304538478,24245.789356272173,24414.45192940788,24249.331306515473,24389.742903871247,24364.447643582836,24329.542173832942,24363.67113228543,24436.00166715189,24364.879239919843,24432.508957275866,24373.489745454903,24273.462968070144,24414.10221859224,24399.714039591057,24375.062913750244,24343.10226043398,24384.64269400013,24439.539842600825,24420.974133669766,24434.162680595367,24532.465051172967
502,zipkin2.SpanTest._Benchmark.benchmark_07d24fa9_canUsePrimitiveOverloads,23981.561712978135,24161.936812215605,24166.779843452485,24443.897848116692,24261.686666377376,24382.2300207761,24353.44866096685,24473.721912543213,24456.704253268028,24237.981569121817,24528.87354289482,24298.74108222453,24196.948289882406,24154.5482891941,24156.932045114398,24305.134167765344,24403.09001883936,24148.902547069276,24300.105102104244,24340.80455263146,24382.294906291623,24339.175559106287,24336.829860544505,24425.467228655,24467.880200730928,24354.141438050297,24264.452183991776,24336.496867263766,24372.543161050988,24380.136138592206
503,zipkin2.internal.SpanNodeTest._Benchmark.benchmark_50cb521d_ordersChildrenByTimestamp,801029.5301499129,801139.0887619291,800168.7253184551,802136.1064642248,799972.3455831454,801829.2758016445,799351.2919246948,801152.957638248,801657.8064206403,800961.1029253287,801659.0047090296,798446.5133508445,795432.2820291608,800987.7602739983,799076.661545275,800947.2189018136,800915.4679496976,798127.2324623,801019.3491771411,799556.7255985389,801336.3192363454,800047.9399186033,800946.584362985,799449.2994149959,799675.4931100629,801940.3249806291,802142.2171902641,801583.21128863,796306.4997074846,800742.2145811617
504,zipkin2.internal.Proto3FieldsTest._Benchmark.benchmark_f0156d91_fieldNumber_malformed,926313.6028821561,923352.0365564163,933873.0622935412,940596.3124791912,943268.224407702,937521.766924823,930822.6926680163,932670.2762321071,936083.5952320881,940285.3447256889,908223.253518152,939113.2537487246,939202.5313906315,943047.157295588,941711.0374495916,918961.1375064248,938979.607001829,935220.8121825559,941814.6892199464,944468.5346628338,941288.4035241599,940535.0410216164,938568.1266882523,942397.1790265058,942065.306096907,942547.8734622872,944794.9805802049,944200.3718185886,845390.3692161071,840032.57668927
505,zipkin2.internal.V1ThriftSpanWriterTest._Benchmark.benchmark_3c3852fc_annotationsHaveEndpoints,45985.124550161876,45699.94606784378,45449.99945470999,45483.71863267868,46387.24986850344,45526.55902974924,45709.88262191931,45485.68690788366,46014.7020632989,46726.724827679456,45741.36237241597,46767.603612891326,46044.09613082251,46109.344885593455,45565.87969412443,46148.07322564668,46590.9797219373,46296.69567456619,45660.2061433065,45642.16269452537,41861.664052560765,45043.679221349375,45194.02567020658,45807.562329656284,46576.51886456013,45845.11503117426,45724.36168323648,45737.25558107214,45894.26612446123,45637.6443148737
506,zipkin2.SpanBytesDecoderDetectorTest._Benchmark.benchmark_4360a9e6_decoderForListMessage_proto3_singleItem,1612319.1438417945,1642603.7753153748,1653151.2547321867,1498941.8551942343,1482474.8303641176,1481344.5088306195,1481431.4982026585,1513032.0995174653,1496852.0987796767,1494897.2677157295,1503370.937040621,1499721.060024966,1509301.0018576796,1503257.5785826282,1499344.178978245,1491000.17286099,1505148.5706820402,1507633.4858620584,1512426.075888563,1512767.9529738547,1495086.3549145388,1497522.447209673,1504663.7207535696,1495856.9066446929,1513882.0780439777,1534202.409918183,1544912.3822688651,1534520.0831023601,1524475.9849723391,1549326.4344782638
507,zipkin2.internal.SpanNodeTest._Benchmark.benchmark_a28ab46d_build_redundantIgnored,764761.3191847611,764874.1723478617,770482.531140779,771230.9764416603,770196.1178719742,772318.0039145607,769203.596909916,767683.5144776093,768223.3448667648,766810.7157217109,768709.3773296451,770578.8984536693,770631.8332767343,773869.9180504761,769631.5066787467,771845.7880830063,771371.2900578494,770113.0384234559,770895.9411396472,771568.6751029751,771950.3183915787,768410.23576573,770870.0859784405,767735.9616610218,767880.195904973,766085.1458362002,770939.1420576462,771935.3755261082,770274.0098484445,772284.5991624894
508,zipkin2.internal.SpanNodeTest._Benchmark.benchmark_a1c05a03_traversesBreadthFirst,215688.7487824949,217391.40238472127,217524.0431460521,215831.1473610713,216873.10971106924,217776.82910635174,216758.87275150506,218501.2646273948,216310.54918680215,216804.96130387715,215720.396798654,216826.3702975829,216859.06478425593,210341.34347651544,207826.90055608342,210965.4538607102,209440.7655293652,209840.96750334365,211966.43301030796,216591.36515671117,213605.86638200443,216317.1723916772,215945.10609187404,215706.51338166383,216017.4670894706,217494.35481689038,215720.13662819294,216691.41053831804,212968.55805125015,214236.92116609574
509,zipkin2.internal.V1ThriftSpanWriterTest._Benchmark.benchmark_eb1d4462_writesEmptyLocalComponentWhenNoAnnotationsOrTags,33659.805314217825,34097.633878298664,33238.6978213115,33192.10180017622,33781.33805951149,34085.554565973216,33480.80977138843,33195.988298010176,33463.797345931096,33323.0561160265,33201.22328209325,33182.84198705421,33241.98917759309,33767.65084753108,33827.744449437014,33094.06596664742,33157.48721946015,33682.04553951137,33811.051067747976,33258.23565059873,33081.490160789064,33240.13310116451,33179.34490701416,33132.96146141313,33278.68716452075,33262.2118283557,33315.854325718006,33165.596688201585,33209.74791415495,33255.62531556309
510,zipkin2.storage.QueryRequestTest._Benchmark.benchmark_8c4d4889_remoteServiceNameCanBeNull,1679011.5751448073,1700985.9287961186,1713790.1733675147,1724429.6478608646,1709990.4762401818,1711353.4977678882,1744529.1318125413,1742958.516590343,1744277.9396972996,1748651.6780427329,1727939.2463691472,1753123.979422473,1755275.3882747092,1749704.9603572006,1748551.0039995494,1699149.0646974444,1736686.9722723465,1704206.2819681864,1664969.5924951758,1720499.330193062,1719848.8444218927,1709489.117290012,1691552.7840417186,1596046.8164026712,1642094.4577970596,1678363.4723788085,1710333.6027111758,1691783.4162029482,1715314.227662046,1725958.0847224924
511,zipkin2.internal.Proto3FieldsTest._Benchmark.benchmark_2cc462f0_field_readLengthPrefixAndValue_LENGTH_DELIMITED_truncated,838758.3827576559,859000.8134713994,835634.2789622897,847824.8583002323,852003.4220411024,856367.5715374342,862063.0035589059,848492.5028634375,856019.6059777329,852097.3773044089,829792.8489130368,850706.723232657,837457.3538531489,864562.5098046996,848745.5969099337,843128.0425853662,855095.0830368318,850675.0335697099,854060.7995810467,848629.250561842,846702.2511654982,854194.3887763069,858571.8887084803,858566.4652841643,831809.3601310067,860891.3643199094,838670.6414245436,847110.0667138638,831514.5829927322,825149.0368844639
512,zipkin2.internal.WriteBufferTest._Benchmark.benchmark_75a2c4dc_utf8_matchesAscii,4094305.5019620005,4107978.9672513623,4095068.1389557077,4115171.5576114426,4113075.0038881497,4109330.7477892763,4109083.505438887,4114722.7254788983,4100755.5913483086,4108633.1015629047,4110452.3266009926,4099020.931119821,4124269.9105641465,4139898.114434764,4114004.8442137297,4108351.3941966365,4112118.9335870654,4128794.696752365,4062786.8549495256,4146080.2200879324,4138927.8811079874,4117618.152900882,4096828.843373884,4119890.873375886,4094514.7563921707,4096559.995408789,4084191.425396485,4114191.84088827,4135668.001635638,4121996.7847269536
513,zipkin2.storage.QueryRequestTest._Benchmark.benchmark_9bc456cf_spanName_coercesEmptyToNull,1675012.7615160577,1676852.2111660456,1681265.6185596404,1684265.6446462183,1667475.4184916213,1658433.560026084,1681824.1459008798,1683985.8315862087,1662801.9196741404,1686126.610696745,1718368.7993315866,1704184.9310045228,1704298.2047580532,1707002.5999830747,1675462.2296563438,1670202.296545207,1710100.1258690418,1707141.7305675682,1720344.0560532717,1700602.8677749254,1694121.3793850206,1706786.6272804388,1668525.0370205569,1688789.846589461,1688644.4006041742,1675283.056500437,1657712.4017043882,1665715.6545167072,1648185.0491683048,1665455.4481280383
514,zipkin2.codec.V1SpanBytesDecoderTest._Benchmark.benchmark_15bb9260_spanRoundTrip_noAnnotations_rootServerSpan_JSON_V1,194708.13351280306,193560.76089088497,198339.28187850345,197103.38737611228,195940.10823788817,197813.90974617092,197433.69633025592,194083.62150898413,195076.21197400027,197222.69317738607,197724.11506916524,198839.35445046148,198394.4126463044,194961.7361156358,193179.04987478815,193399.58667630624,191706.02507282826,190246.47245665936,191650.25892484366,192172.37005323317,192635.14770631882,193626.56186686837,194029.48523803672,190743.5962873101,185250.07623822367,191869.26397793795,187949.66875503308,190037.80094605673,190133.98850660626,190854.7736657047
515,zipkin2.internal.Proto3ZipkinFieldsTest._Benchmark.benchmark_baf83402_span_write_omitsEmptyEndpoints,1966894.844080345,1985227.264464988,2005250.8210377696,2014088.0146234857,2007813.236328334,2019045.4370756496,2000346.539951263,2004988.3496060479,2012227.0793501143,1997429.8512306272,2006043.5157311868,2001627.7073879733,2013784.0777882074,2019135.7043434714,2016249.0624203673,1980133.7368696572,1960104.5776444094,1968239.1556033602,1957070.908384317,1937759.3437923063,1957204.4385008123,1943505.8038384416,1955549.4640450557,1884137.5505697867,1903678.588545543,1883968.813022851,1893994.3708018567,1912571.2439477653,1802323.925562049,1696256.0396472663
516,zipkin2.codec.KryoTest._Benchmark.benchmark_3055a9e3_kryoJavaSerialization_dependencyLink,76751.33221422872,76467.10415397756,76491.84829608448,76810.70398021615,76964.74384966512,76614.0562581164,76891.36110179749,76969.96593331806,76970.35383969409,77044.60722371562,76853.62556848627,76476.33050371443,76743.51012094038,76853.80427686061,76864.54086506745,76891.23432868998,76437.24032948192,76774.47936510602,76812.93954204983,77101.40221208188,76997.06929961225,76764.74938706036,76660.77979036808,76937.46773444509,77198.68644619614,77316.68610148093,76934.59787924394,75975.46182274292,76722.41092532892,76912.25680795964
517,zipkin2.codec.V1SpanBytesDecoderTest._Benchmark.benchmark_f6a5e90f_falseOnEmpty_inputSpans_THRIFT,6195504.499226012,6240791.626568809,6237194.905443831,6248915.492255345,6240676.247116545,6254956.391722398,6229716.838542329,6250701.2789858775,6218825.421761886,6234500.53616168,6239777.721664298,6259308.150691357,6247704.831567722,6243789.772323506,6242102.159206787,6250250.53940239,6247703.491720561,6249732.749697838,6246176.186871101,6272313.329225324,6253742.612361718,6319059.658201121,6272398.20450587,6281025.943663546,6271685.281680353,6232321.519346109,6328229.182744264,6274085.697865891,6319277.312320785,6307677.00170588
518,zipkin2.internal.Proto3ZipkinFieldsTest._Benchmark.benchmark_9e03ff50_annotation_sizeInBytes,2262231.2001878414,2274773.402689383,2281846.334954751,2276106.849050781,2278991.719790577,2283905.276283373,2289367.310106559,2283114.9349179445,2293394.569210086,2279484.222501312,2284680.7302885856,2375519.884775775,2365382.6064704857,2329741.6891858648,2315982.468727827,2300870.9479205525,2306259.775364197,2291332.8546015425,2301804.1748827933,2310475.3722126083,2314510.802465275,2319964.7681583664,2334751.1601848006,2333505.8775311154,2302219.8021483333,2309605.8332848977,2292182.0703545036,2319052.4912941526,2335483.646204746,2329492.4897969323
519,zipkin2.internal.WriteBufferTest._Benchmark.benchmark_44782f26_writeString,5926.025079983967,5842.08097055836,5874.707645174038,5957.836768118045,5712.766027954559,5825.31621855695,5868.521263640876,5887.775245955536,5854.243169297317,5779.890808331162,5847.493735687352,5869.1344596605495,5694.820727913305,5692.5914654808885,5660.668423984621,5663.405608591162,5686.389986827773,5748.0706174541465,5850.735669613183,5851.487386299011,5746.6490176645975,5961.975613350114,5776.49793568192,5838.144454958992,5897.249256580641,6027.747244502543,6020.565242942676,6017.574996730706,6096.453215207581,6115.1925683188565
520,zipkin2.v1.SpanConverterTest._Benchmark.benchmark_157d2175_lateRemoteEndpoint_sa,7897.089062879508,7963.424300167068,7827.044873541126,7895.323566150388,7898.780215067728,7941.976938356732,7868.695897422833,8038.681672283109,7989.020681877753,8036.924132687798,8034.024974661025,7979.147005247698,8065.097176891824,8065.346868210612,8096.654724624194,8026.481497321754,8033.684244074471,8128.248445892196,8097.1082168894245,8044.79184120608,8054.882822379434,8078.530015359296,8065.362304064067,8095.9054173957575,8096.272226089597,8039.907432859227,8041.480642647378,8177.840496707334,8032.242904880514,8049.4581587735
521,zipkin2.internal.TraceTest._Benchmark.benchmark_06d37401_cleanupComparator_ordersClientFirst,3203205.06920523,3208931.309741938,3244585.90016286,3241365.5837004795,3334209.8862597183,3231249.421516069,3278226.8663004814,3202781.6277736593,3318862.1847674297,3269977.324546438,3322306.6615859997,3316757.865139586,3257890.418408918,3287487.5362589625,3273215.773285909,3300029.639339905,3227648.9190133563,3343723.3704754133,3178860.7398234643,3254782.438183833,3160182.4544372484,3150099.2672850043,3270883.20276186,3188359.9607710293,3252997.631817724,3329217.959042834,3177027.11338115,3213273.9789639693,3211393.9899294674,3210637.0156762577
522,zipkin2.SpanTest._Benchmark.benchmark_b20271b8_builder_merge_annotations_concat,23090.972358626215,23336.02210399373,23144.891614285483,23551.0324764838,23462.741411625197,23553.106518660752,23607.497311973602,23561.892624323682,23478.011553289507,23428.524377820588,23377.524717550332,23507.38629266606,23579.85977402761,23380.60013332822,23498.199285992316,23486.960044383155,23490.476219788576,23595.533749937244,23635.01470350704,23328.842692745915,23179.584928572887,22841.084575012403,23084.796881777344,23113.887227344218,22929.47030624746,23019.100601932932,23014.892707482057,22995.533724903158,23082.403967177688,23121.707912718422
523,zipkin2.internal.V1JsonSpanWriterTest._Benchmark.benchmark_243c1b16_writesCoreSendAnnotations_producer,582862.3719030523,583923.9780722163,582742.1010472571,578179.6545127124,581635.1054358522,578614.0374017333,579937.5908523214,577275.4133215323,577071.8910636312,577247.4454048421,577071.6052567553,579375.9970407313,578435.2466711369,575208.8722848963,573199.5262066827,579572.7395331957,578678.6988710348,581350.9399256072,581479.7344161602,579813.9734985617,580977.3400469142,578726.2640979282,577671.4794063953,578851.3019297675,575772.9511522996,575839.9932221558,577480.7457683183,575002.9707120194,577955.3660537776,577912.7726311513
524,zipkin2.internal.TraceTest._Benchmark.benchmark_44d2fcaa_putsRandomDataOnFirstSpanWithEndpoint,1685.0935831063664,1729.9476690830102,1761.9796270261115,1756.167636250117,1770.9780164031401,1742.441958568581,1745.028143221224,1724.0238094464248,1740.597145753004,1746.0228222643098,1746.0239586389291,1759.1255088044397,1788.8919026289998,1763.0921327311848,1816.4784381790025,1793.934071128952,1777.4279934554302,1761.2794940233055,1789.565275224212,1755.6483243285054,1757.141555521616,1751.3797155975064,1757.4571952855786,1744.899357694847,1750.329830213948,1753.5413569536693,1773.5473712018481,1763.0339790288367,1754.920707970312,1763.1393393997262
525,zipkin2.internal.Proto3CodecInteropTest._Benchmark.benchmark_44814008_localEndpoint_write_matchesWire,2566453.191005119,2644537.122222789,2681151.9080729084,2725844.3180519426,2710926.271375493,2675768.5091752345,2665460.7433549264,2416351.562088256,2593835.6914906246,2644585.352717383,2659584.536683351,2676456.7118862667,2670838.8110184595,2715603.989527559,2625738.739848832,2690290.7542182794,2737061.874924589,2585830.9918032824,2637397.041407742,2674673.0829676744,2743296.0211935528,2740837.407133289,2597766.16165451,2702584.705509856,2670394.1996281026,2662142.4475809312,2669043.450918339,2660948.029855096,2655545.8114363137,2670292.6618522415
526,zipkin2.EndpointTest._Benchmark.benchmark_9f00f2f2_ip_bytes_ipv4,809820.9215941393,808792.7433662942,800874.1230793182,788078.3673224141,680640.7782010096,766669.011526321,785247.2698605816,795990.3610637041,805779.7421922409,805764.149069122,795380.4466834152,789833.866891231,804144.2917522585,808109.3545325832,802688.1405050153,803633.7196024813,795698.2633323895,815218.7089232814,809156.680661759,801701.7192988156,786928.534467251,789429.2166389461,780874.219850272,804410.579717081,796231.0345729875,807932.4476670244,801512.7026957457,810289.4561389509,809894.7188463571,806731.1797425213
527,zipkin2.internal.SpanNodeTest._Benchmark.benchmark_c71533c7_constructsTraceTree_qualifiesChildrenOfDuplicateServerSpans_mixedShared,302102.6038253721,303565.792654501,302702.91099571064,303464.74619851034,304355.8098203751,304448.46116914594,304361.9684090896,301371.4107760672,303583.1538857187,302658.92661785183,302791.0165172194,303484.2676597107,303142.66084608494,303049.2884825013,303390.48438212863,303496.2257836649,305195.2535063991,302292.0859931887,304346.02996814804,305282.36837077985,303572.9409262069,303681.10058403696,303046.4881719008,304280.7653665739,305076.0418951205,302609.68759462336,304193.9400773637,303579.4813204944,309695.12632223417,313610.1166854586
528,zipkin2.CallTest._Benchmark.benchmark_5fbc384c_onErrorReturn_execute_onError,307629.0748660828,311024.1741489139,307358.2843786347,307717.52494751965,306213.0706135246,305126.8945481426,294433.0547077765,303958.0229887507,302803.68930032226,306472.08748522383,309511.3811271742,309003.05352230114,304793.48022078065,307633.32211862045,307068.381650076,308959.99752674403,306364.26178855717,305015.9889943406,306958.2528206324,307492.508596141,307220.4149592036,302275.45888233907,300704.8487457461,303545.882442212,300891.174212808,295497.06332825596,291463.95268965326,294260.47680304537,281996.9263793952,279775.01726507855
529,zipkin2.internal.Proto3SpanWriterTest._Benchmark.benchmark_5e73c79b_writeList_multiple,730071.1808351721,738712.7744332567,736665.025635797,734884.0670219823,736540.0994396199,736771.4178228304,736877.1332832584,739026.4462541358,736467.1394458999,734510.8623578848,736592.8087503384,740289.9777775423,739091.8456869944,734316.9475841315,734812.9277584099,729831.3422729088,724102.4825850991,719340.9827361654,722691.3818422995,729439.9115815622,731786.6143516849,729659.5954540605,713481.0478339859,714291.998377866,712110.3573903713,718265.5035344128,723609.8951666544,722257.9330356583,723552.0692809123,730682.0854485147
530,zipkin2.internal.V1JsonSpanWriterTest._Benchmark.benchmark_186a775b_writesEmptyServiceName,531473.9852311417,541431.6787365295,539775.9052783877,543479.6048655978,534000.9689058407,535796.8371912701,531865.6563018063,535296.340307988,530984.5617171647,531831.3814818058,533218.609075065,537538.7602271463,529406.8313213191,537686.649629163,538100.1127647933,536750.613003785,537982.5014529505,533079.4314351641,532293.9024890027,533659.5653294823,537867.2133698979,536944.5094420417,534263.8640285786,538645.7902506399,536199.0984229444,537780.5468057446,537644.638303231,534579.6570180055,534946.2711879001,531307.2206817773
531,zipkin2.CallTest._Benchmark.benchmark_a1f64501_flatMap_enqueue_mappingException,36677.80536315287,39586.57140705043,40115.732613694345,40142.10258315465,40042.60670942223,40194.59403329531,40019.874047638135,40071.96645976407,39765.34172453309,40147.63598675019,39730.35701746013,38663.25142945588,38298.43515379775,38973.61820527062,38697.71281038206,38567.089148946485,39770.31588620348,39989.62847442332,39830.65410556317,40090.483657636614,36514.15977922827,37980.64219782688,39999.75293328511,39926.69778260649,39904.072473683234,39730.365558920515,39515.13084586441,40007.578442445694,39653.40313828188,40027.271100765436
532,zipkin2.internal.Proto3ZipkinFieldsTest._Benchmark.benchmark_c1159455_span_read_tag,1164433.550326503,1177870.230661526,1179371.5529187343,1208211.373077853,1224836.0626807595,1209775.81724444,1211669.3443916081,1176176.4080868938,1175994.459904851,1193809.51009481,1175766.1101327282,1150689.2737326953,1148618.692540117,1152135.0864101315,1164426.4454957934,1167551.3511391312,1165069.645635578,1200343.068131029,1200851.3280572137,1184697.7069008844,1196669.4241644426,1191614.6528992448,1192307.7314986107,1173475.0906661118,1169281.3018424117,1198051.492658666,1175509.269721956,1163937.9474538679,1134845.1931630806,1103276.5120951224
533,zipkin2.CallTest._Benchmark.benchmark_78d1cd16_constant_submit_cancel,34299.46921468895,36011.73007261833,37514.940242206,35829.82593420125,36236.49258333496,36264.58630569729,35699.39265915775,36997.23427350671,36598.35811092141,36383.48197200369,36114.23108578842,36123.27305411715,35981.73249887178,36501.787626651945,37023.089312406766,36164.3338206534,35535.39354391547,36592.430955199925,35935.72332282154,36394.79465741773,37037.15535808806,36232.15426159761,34938.436454173854,36884.29469151923,36491.83277223695,35812.23275296295,36745.30157203376,37232.76004245387,36042.81519267146,35794.26585500267
534,zipkin2.storage.InMemoryStorageTest._Benchmark.benchmark_5d40f0a2_getTagsAndThenValues,569580.4681889091,581919.4179437457,573758.121183591,582830.3866783468,570590.1688124677,569677.6667994465,574578.6783013059,574420.5251431519,571844.8551513326,574333.1839559204,567018.5433866711,573467.1354784799,586892.0981586004,586053.4754434355,578254.2606618709,568021.900273825,588416.2684371999,575884.347463436,575472.2221514734,588518.9064683616,580509.5902860446,582652.803920722,575026.2566084092,580419.0409444164,579148.6432644916,578488.2451128793,581922.1951176801,576920.5637036657,588581.3278388276,582039.0549083869
535,zipkin2.internal.SpanNodeTest._Benchmark.benchmark_5df9f0a0_addChild_nullNotAllowed,872413.5638724542,870096.8081356767,896345.9882355412,895158.6954623817,869123.7749371395,898302.1448390271,877381.2311934712,855487.1297000472,879020.3094273246,899644.9132645235,919172.1025730121,897436.1512656894,909735.3857369259,892713.014491368,873627.0150003199,886599.6807395611,882946.6171742188,905533.3422702114,907015.5123574255,887011.6675843952,889663.5878806405,894017.4512544295,875728.2292700068,880787.5749488539,908915.6440076568,901226.192125689,906097.2336914182,918652.224254261,932644.59012961,903187.3387590264
536,zipkin2.SpanTest._Benchmark.benchmark_8962fb30_shared_canUnset,3343562.326434082,3328478.529059252,3375037.013109397,3348433.142207892,3368639.2719202186,3323072.814637049,3302589.566881994,3296794.9891219367,3300093.0194380805,3305082.5869612847,3364564.3870482678,3341933.8050921042,3358326.9424359584,3351520.180502233,3376658.3178809304,3353047.3451290196,3360588.052855634,3339627.063854759,3320417.565699705,3341573.25294403,3362865.881362928,3382710.821261342,3441255.0351260505,3393968.8188615376,3386141.11016515,3381906.485009257,3365867.5051869084,3363787.786712405,3350343.3946838933,3408401.8574514585
537,zipkin2.codec.SpanBytesEncoderTest._Benchmark.benchmark_d484740b_span_minimum_JSON_V2,4082524.263607302,4079188.246908547,4062090.682192738,4055975.4769133637,4086948.3983331327,4090917.1733680097,4080611.6770530134,4067441.779737369,4092942.5197633873,4089569.16790538,4069470.021483044,4100166.170406164,4083702.9728684304,4101544.5774400095,4113814.6122889346,4099096.1205266602,4104414.5062859072,4058693.5461112256,4088095.0424829354,4106181.2088275123,4067323.9029450407,4103502.3550442047,4078771.515126907,4100289.054714278,4075899.2239676504,4091835.01567321,4082494.2218741565,4090486.643196289,4069851.3875292293,4060832.106083047
538,zipkin2.EndpointTest._Benchmark.benchmark_91f5f9b0_ip_string_ipv4,747604.1073108026,752576.6649747113,766319.1344302556,736575.9978017154,738779.0230377665,724447.2918016932,758673.6345057039,770153.1715586213,752651.1018222149,744683.996816514,750645.6358474339,748193.907436647,765550.2558849773,763948.8378171289,759057.5727981451,767463.2629897887,757723.5210747811,765358.5482636649,742010.0387981746,763458.486010265,748544.742022096,762676.9313725994,760265.4210620676,759539.4297070542,765601.682670176,750494.473203107,740571.8527427461,770319.9418664374,764724.8918191281,760045.2972101739
539,zipkin2.AnnotationTest._Benchmark.benchmark_989b7a6c_toString_isNice,5327851.195109044,5363430.149148883,5336201.901250764,5326340.153941263,5345219.408689628,5332247.225691056,5322329.673553551,5340234.267204712,5364147.234238775,5364869.6230553975,5373575.197822258,5334862.129477907,5374720.921149571,5365283.302090415,5343536.701816107,5365040.227507036,5331634.972450239,5340054.447464962,5335344.977286836,5368919.930866529,5373069.059790767,5416843.359789576,5379212.389433822,5337177.039232591,5215850.543545973,5338016.670878408,5339359.27910642,5341048.165681163,5391603.849116728,5377538.739968309
540,zipkin2.storage.InMemoryStorageTest._Benchmark.benchmark_4fa1eee6_getSpanNames_skipsNullSpanName,1115208.2541400336,1101238.352698518,1108520.3930247792,1113156.983287328,1105111.3875537156,1105518.2974382113,1109252.191435325,1117849.7648255553,1118759.0720956447,1114810.7079203576,1116561.2189957555,1117398.3303123023,1112573.4674011704,1117605.1796529372,1119027.3299197967,1113787.7813249924,1121881.8609591634,1116661.4050163229,1114356.5587874244,1114171.9171037895,1122043.414343352,1113006.8408196028,1111047.3825231455,1115820.4381538236,1110467.0451288512,1108844.259546277,1112146.0040739977,1110591.117736974,1117493.5882966167,1108515.18874045
541,zipkin2.internal.V1ThriftSpanWriterTest._Benchmark.benchmark_e3531c17_writesBeginAnnotation_consumer_noEndpoint,91357.72326106808,91139.59689648043,93167.94771694836,93622.7649589796,91471.86742204709,91569.76115270137,91394.23731915432,91509.44796929263,91446.94752852028,91463.67899875538,91619.0824596531,89507.99750417937,91620.46960521369,91726.01349572746,91669.01817285763,93761.97557701476,93003.54010823765,91415.55904254098,91636.87508290634,91649.43723276736,91657.99388148791,91474.31276473962,91381.42508033478,91423.06862520298,91844.10884332647,91677.80973093135,91670.86456070581,92010.90017830985,93397.52064765616,92578.08956555136
542,zipkin2.SpanTest._Benchmark.benchmark_9687a371_normalizeTraceId_padsTo128,3443722.511269382,3405457.1500003412,3393217.197264407,3317785.248581373,3445618.3355200463,3417984.667748321,3429891.6970293066,3417178.5013279235,3470990.1318268795,3334397.344265839,3454672.548109911,3426161.4437288917,3407316.327659915,3313109.4700305993,3474362.1018360713,3465174.0442032306,3438917.373095304,3285427.573493827,3313839.6559447167,3266042.6651260015,3206529.531144899,3061223.667400758,3209519.7369868895,3157287.107182183,3185312.58077907,3324688.150110121,3288662.2266776953,3252558.1024656943,3238340.018861257,3240662.7723282706
543,zipkin2.codec.SpanBytesDecoderTest._Benchmark.benchmark_e6e90231_specialCharsInJson_PROTO3,860226.3699156437,860123.1837029774,857355.4341307422,856829.0375216441,850336.4695323334,860520.0386404399,866793.6990138293,861299.6784507465,864616.0276443221,866629.1387605375,869147.0568332552,865224.1156185045,867596.6668676026,865896.3242701035,868069.9609854232,869586.5788694473,868907.706580997,865760.8009229815,872274.7762991519,867720.1904170624,865990.0542260142,866725.996155687,865188.9796474098,866456.3618002058,863129.2995474994,868596.28489147,865416.4148971055,865452.6404205146,866458.0568278311,867172.4199156108
544,zipkin2.internal.V1ThriftSpanWriterTest._Benchmark.benchmark_40349683_writesTraceAndSpanIds,309818.76041995233,311069.1992400246,307717.795829381,312177.11067467876,310656.8896805811,309093.6180619223,309669.50421616586,311726.1004615799,310151.33978830016,311439.72788235394,315690.4603776247,313029.75226340746,310219.57187887194,311095.67842941836,299651.5119522999,309426.1845611425,306405.0890156797,305706.62516700354,304178.3212116772,311084.9709656377,306427.5762956123,299117.9807365417,309332.2744751625,309088.0094567795,308197.4546330818,307001.8359221179,308524.939830772,313251.57893802045,311690.4050399004,309256.17717664875
545,zipkin2.EndpointTest._Benchmark.benchmark_3a84eb76_ip_ipv6_addr_compatIpv4,676115.7204059568,679226.8053400795,678672.4833675873,686146.0696950225,680749.6333490851,691670.5978280137,692833.4637855035,674858.7723484811,682977.9383651481,690860.5576782423,690387.8385443832,684459.9329996464,696337.9686216878,689963.2370118028,700403.3513946383,688632.8309378206,688871.5236349229,695706.9176990321,696132.3251766042,692488.4074808323,692101.5878298404,698143.8878682505,685728.5331852044,680382.8027327863,687120.9313489993,694882.3391277248,689733.964730523,687428.0185631394,683500.2249714911,693548.386741966
546,zipkin2.storage.QueryRequestTest._Benchmark.benchmark_02fd53be_annotationQueryTrimsSpaces,211044.39665918335,213882.5280294029,214349.78192717608,212128.47553811155,211709.3427029443,214746.12640937182,213635.6582395073,213782.00132947232,213928.85133267276,213877.9413545938,214091.52142208567,214078.40895394512,212185.4495929617,213756.588177027,212290.38761578136,212528.08249673332,213796.7977448953,213363.00382710452,213566.33843877143,214040.60682568455,213217.92912502805,213670.70690431137,213443.68567575474,213060.23267975327,212572.636004228,213940.46968110345,211905.976243002,209277.75264052817,208031.2909652037,210305.1819048627
547,zipkin2.internal.V1ThriftSpanWriterTest._Benchmark.benchmark_1285777d_writesCoreAnnotations_producer_noEndpoint,37968.86839353001,36476.35557293806,37273.400851211845,35840.03947816046,35875.10143530443,36754.27031747139,37407.77208334693,37528.42676592627,37445.64468773795,37616.56448303819,37813.90983613381,37886.31530921714,38892.52701401523,37787.62324573466,37412.590180241314,37520.56165325066,37525.35701186327,37670.50112730772,37676.606217053966,38938.663167451065,38421.34089741783,37048.65488690327,37818.246670447865,37754.955757920485,37160.125457471295,37882.95655903596,37208.14903720447,37893.152973737626,38238.481422421115,37257.594798710175
548,zipkin2.storage.QueryRequestTest._Benchmark.benchmark_1d4a858a_test_wrongServiceName,1513003.972445034,1500525.0726294147,1507448.6395701242,1512245.2270273448,1516283.4909702553,1511507.6533323154,1553348.7840297173,1523175.815410362,1518962.080037414,1530295.0793912993,1543526.6132156744,1551127.5752283356,1541229.379622313,1516591.2030491354,1549619.5647224588,1551142.573906065,1541344.2400893408,1543592.002765604,1508221.7358371338,1539289.7386573795,1544450.7571985158,1543838.5132488618,1535041.517188451,1500101.1153960293,1537082.5493515073,1530244.702118455,1526586.0680567236,1530274.2834667123,1519178.1189529342,1527203.6054646354
549,zipkin2.internal.V2SpanWriterTest._Benchmark.benchmark_9773dd80_omitsEmptyServiceName,747436.3895599912,747076.409203413,755074.7413989705,758308.9112992298,753426.8986030648,749735.9028747764,748445.4942264238,759567.4728067355,753006.4150935536,752942.0671503963,754190.2632796974,759765.3621325088,758460.7463957713,755049.1400070653,752676.7703700139,752714.2958405786,771097.4024751028,780710.593825419,772182.6477697218,781045.5381689911,766504.1357886372,760105.9281821559,756465.8605552487,752534.3749792601,756188.119428191,755879.9499077072,753845.9684979705,753432.3363924682,750390.7028906543,756816.257533947
550,zipkin2.storage.QueryRequestTest._Benchmark.benchmark_7a23158c_maxDuration_greaterThanOrEqualToMinDuration,431312.56851702253,430777.56109749095,428064.1556687339,430095.1111377383,428308.2742461427,427322.4030940327,427876.26922225143,430540.7957112783,431161.5536632451,428945.56588806445,427432.74605714687,429311.4767076575,429033.00208842184,427813.49341595423,427077.1114459971,426773.8857295163,424555.5828423653,427555.79938061396,427565.6900498589,426804.71141123836,428294.91190388124,426272.43629680725,429097.39153649897,426022.40417182806,426819.5084792421,425877.5959679492,424293.0740161861,424639.1518948028,425027.23654902936,426585.087430894
551,zipkin2.internal.TraceTest._Benchmark.benchmark_f7b3af28_mergesIncompleteEndpoints,2024.4956191859317,2083.8400840281115,2099.5913691293745,2099.842155434862,2116.594756767869,2108.6690465018205,2089.3074551685277,2100.1977664571687,2098.577220633131,2083.26579880106,2088.3937121562426,2095.505221880041,2105.9001382154456,2091.011252783054,2084.9004751909165,2080.077961761812,2096.7541828298677,2080.616783678315,2092.9714280284384,2085.0262427040275,2109.478420913037,2095.783905817255,2075.001368241509,2096.3199873372278,2114.991747479117,2117.7478609396767,2100.5790103570603,2097.5273515767053,2115.368342551441,2132.797966447032
552,zipkin2.codec.SpanBytesEncoderTest._Benchmark.benchmark_95298832_span_64bitTraceId_JSON_V1,539788.9351296941,536583.7371867057,534575.3649729481,534084.0013070481,533886.5988346018,534428.4517325477,535000.1001298316,536921.271143955,535199.4911916371,534390.4505981148,534747.6670052423,537497.8990723386,535101.5415115639,537956.1611921838,538039.6520916239,535431.4039540656,537404.7980176435,538279.6122449262,539016.4980098124,538044.911242639,536830.3712208229,535735.876515996,536599.1879056704,540334.1982435742,540297.6276285613,538630.6940724638,537440.2513883136,538216.2685407832,533763.7943068802,537041.9579843673
553,zipkin2.SpanTest._Benchmark.benchmark_18e56ff2_traceId_zerosInvalid,775118.5568318086,792820.1878718728,785810.4450074437,782512.2877042138,791457.0772378707,808669.4300238647,786623.6877715023,800777.3675846593,791089.7924219625,776095.0703233322,785641.4684106325,792340.4711844067,785924.6458926997,788923.8698095144,792947.4387327855,778631.2568271542,787983.2561437582,773086.2768213389,767443.607824117,798692.4660450653,796043.8518450757,800765.603035582,803813.3985612185,794225.2463113333,797488.8033081609,794288.1501380224,795704.8153721621,814279.8912510347,813474.7820422638,819953.756638073
554,zipkin2.storage.GroupByTraceIdTest._Benchmark.benchmark_ea2db8c4_map_groupsEverythingWhenNotStrict,1549233.889214729,1550564.6244572012,1583377.2692594212,1586565.332572264,1576023.517406529,1551186.8309906684,1556331.581840985,1523693.6743865032,1558426.2866718257,1556226.2316092872,1563570.1253435928,1570478.4608015134,1580638.3234410814,1587975.3117836625,1611629.0953107886,1581511.642705026,1554703.632193309,1563707.2715516074,1532419.3941617953,1530662.1304523854,1518841.56618135,1512406.2500555925,1518178.0447541252,1525461.2464366434,1536291.9908422383,1540438.6802940257,1534992.944938099,1528735.8091734662,1541256.0467908261,1537014.6740126635
555,zipkin2.internal.V1JsonSpanWriterTest._Benchmark.benchmark_b80fa652_tagsAreBinaryAnnotations,662854.3187992481,669721.5102227605,669835.1201864621,673783.8852155317,663890.8741402568,681694.3927827365,673725.5769216338,671899.3878364684,672235.2875422018,673316.6780359586,673586.2907664949,666630.8477255906,677967.1355553035,672301.330269656,671074.2462830234,674652.676174279,680642.3817104186,674868.2350912157,675629.2524448186,664156.6982864221,671707.5913067322,678522.8898763895,674844.1301289521,666985.8727518653,676492.9987451438,684350.3936332706,684032.5824783524,658417.2672552279,670272.4601516064,674338.2658158035
556,zipkin2.EndpointTest._Benchmark.benchmark_0dfba2e7_ipv6_localhost,231276.25687091995,232557.27861842755,231297.9391669801,230844.55014749517,229885.23998907523,230313.33006956623,229608.55913014925,231259.29894255914,229652.2236518367,229956.70379209978,229702.16266869564,229801.49956743247,228730.99850835922,229953.75926254166,227667.78309746907,231063.84636139934,229645.55395568794,231658.53202390316,229935.81545145545,229857.78049327157,222062.20544841542,229110.56897538618,228425.9057766443,229962.61027408938,229722.00112017925,230158.71072266888,229998.24070401792,232028.5871506977,231812.89608061034,231544.39854842538
557,zipkin2.internal.Proto3ZipkinFieldsTest._Benchmark.benchmark_96ddaaaf_span_read_annotation,1274262.4220011751,1268416.47370183,1273270.6593855403,1284305.775186751,1289964.8005135818,1266818.1450704306,1275804.631585625,1296256.2494994248,1290789.9009425123,1275838.2839156308,1284143.990427545,1275020.907135871,1277525.2489520446,1243058.880438111,1274943.9674090757,1282516.7522290316,1293041.06145157,1300150.802109615,1255939.9827707456,1295632.8168623236,1290325.5003589212,1279741.7775772824,1265868.6694575981,1262762.4176649256,1273652.3182644434,1278568.0851791908,1271825.3466840636,1280188.750592598,1264806.0303308824,1274837.9135424166
558,zipkin2.internal.Proto3ZipkinFieldsTest._Benchmark.benchmark_38c5e3d9_span_read_name,1890525.472097931,1905026.3262997204,1905767.2213575593,1904345.440799834,1909306.7613646742,1905105.4626133787,1906749.9592945834,1912650.121891096,1911502.7580850485,1912501.7274258041,1901200.2606003983,1901138.9087070376,1909721.4876941934,1915611.641330593,1917518.5581508232,1914952.656363578,1913953.4544032228,1907079.4359213714,1908957.5660750035,1910549.23426266,1912968.749401094,1913888.023605476,1906347.8260443497,1906962.4677351099,1915768.8341472803,1906403.712729316,1912588.294310175,1911795.520060731,1909996.4197043045,1913567.2890072525
559,zipkin2.codec.SpanBytesEncoderTest._Benchmark.benchmark_6be3e454_noAnnotations_rootServerSpan_THRIFT,1211086.0366934543,1217410.4064333576,1221216.627962203,1220667.2208966054,1209664.0246980384,1217200.4497894365,1218144.4483361964,1216607.220808888,1222097.8133597577,1223012.964942789,1213184.252780502,1230371.5189192893,1223351.1567634027,1226313.2132874457,1227013.215651576,1232409.8193659743,1227059.723313689,1219560.5157861016,1213817.5513009073,1219843.5998609003,1208436.1498978317,1219916.9415605762,1213991.3557195792,1222659.9266454438,1231588.062408859,1225894.8059696394,1226828.6654193294,1228410.7741001183,1220941.402040367,1220060.1494377395
560,zipkin2.SpanTest._Benchmark.benchmark_847b9bff_builder_clear,23650.782670565164,23732.1140089877,23645.44646009837,24101.410704775306,23993.626796751167,24096.48946336501,24034.447158403542,24140.379851451682,24098.45228752571,24025.788601205575,24062.74727036117,24057.850647565298,24157.290276749656,24163.083939932814,23958.476980706117,24078.57994166936,23913.934786699836,23992.804250533405,24071.772772880493,24207.68528061241,24364.114977199075,23916.190693213503,24194.89165620812,23924.239735509684,23989.536346585814,24081.686833571202,24050.661893324243,24077.253749017345,23969.1844118147,24146.88190795968
561,zipkin2.v1.SpanConverterTest._Benchmark.benchmark_56e70049_server_incomplete_shared,8308.949583893283,8346.236294340359,8308.75989265974,8311.53315991761,8322.04745012681,8313.628239486015,8381.047385011077,8398.315768162589,8396.736349956485,8408.53229220831,8410.988990712327,8449.506768491896,8493.88780183734,8444.59499672904,8461.146041913427,8493.890723087177,8517.690637476047,8525.698215860253,8475.176984038257,8587.358618772123,8498.611879228707,8494.459743865831,8538.738666062987,8459.696157789376,8450.181689903966,8507.95369250174,8495.055511233206,8458.055890479405,8423.78685675961,8457.563149948179
562,zipkin2.storage.GroupByTraceIdTest._Benchmark.benchmark_39e8a857_map_groupsByTraceIdHighWheStrict,1024959.2931021499,1005749.6154966292,1011871.6753460116,1022755.307467726,1025486.4066342426,1040159.4805006244,1041032.7862814614,1037558.0914487009,1037121.5397108282,1028410.4401259721,1025006.8857536509,1036192.2863853638,1025689.96173894,1024300.3632145356,1041550.1756229791,1033131.5723419485,1033670.455903039,1033316.1108815818,1024495.5495826168,1026881.0202026122,1025912.9164291933,1020438.0739057309,1015255.1519987009,1017351.2069823764,1016373.9865881789,1003866.7793340471,1027572.0630737271,1011001.6327827264,1012271.489920986,1024027.3451786564
563,zipkin2.SpanTest._Benchmark.benchmark_65b14e09_debug_canDisable,3274293.3675138596,3270137.67650094,3265481.9413899295,3271578.7733316584,3264899.3032119423,3252190.059576194,3257770.9233187693,3269020.147425423,3274284.605551624,3258930.880889958,3254498.937602879,3260408.770861889,3256210.4530767067,3263318.4645437803,3273840.043980212,3265480.8304262543,3263103.328601433,3258664.2611185373,3270536.9675612077,3268375.019103884,3273022.4576452808,3260554.9759232923,3252261.660258965,3271356.7866632445,3277935.182440455,3253640.5270672445,3272072.5625341977,3270742.4208426303,3266636.4145648787,3284902.820289577
564,zipkin2.storage.ForwardingStorageComponentTest._Benchmark.benchmark_6121b76d_delegatesServiceAndSpanNames,29887.44792834814,30410.768521326154,30078.77970479731,30748.197592758974,30494.9696073905,30629.53357614101,31549.937675223984,31350.107519409485,31328.977808469397,31353.8985990081,31286.356052622705,31478.562405533503,31425.091365650816,31545.053197041943,31529.89219517686,31223.704275566306,31192.92298802992,31298.47386509742,31438.75649889748,31491.066133628734,31592.388711758853,31593.298226991003,31584.150242656888,31535.781080517423,31540.04331017993,31585.75680101711,31664.05020119791,31437.117545401383,31499.420071498465,31547.864686993507
565,zipkin2.codec.SpanBytesEncoderTest._Benchmark.benchmark_b6aadb1d_span_noLocalServiceName_JSON_V2,1005790.4528652352,997973.1239569562,996539.8840386608,1001391.3737105818,918292.4204143619,959123.1323560434,981269.7914033019,1003214.2244563204,1004916.1207714259,1004741.3266263756,1007718.4415479602,997000.7849681248,1002166.8800602197,1006831.192494159,1006211.2191498581,999662.9364508573,1006807.1840367592,1002168.3330475934,1004610.1079249781,1007755.1184391382,1008620.0061407947,1005984.853003318,1004800.7250193782,1008908.1392203616,1004976.3040804943,1003193.4109784226,1004760.7781792897,1010729.8354068081,1010148.1269666754,1002971.3264286242
566,zipkin2.internal.ReadBufferTest._Benchmark.benchmark_1fd3a77d_readVarint32,5705100.5495537,5738899.099993526,5768432.182324641,5799946.589713745,5819109.156884407,5850058.030264901,5842558.7985856645,5866069.738604664,5879387.122184677,5884459.406607926,5881884.412087143,5890887.556169972,5889365.376669035,5906900.416824506,5907413.586274379,5898437.845532689,5901751.883732974,5831326.1217165245,5895398.820975034,5912735.198901868,5916290.928073458,5898519.7423778,5911004.518075381,5903492.707811402,5874644.165753159,5899684.304377855,5909095.790456025,5917970.953480001,5888047.71120271,5894880.8743471205
567,zipkin2.internal.Proto3ZipkinFieldsTest._Benchmark.benchmark_c611a8a1_span_write_writesIds,443277.2305549111,444687.1914822765,442792.4185082103,451872.08279880264,456690.8196104696,445117.6476200344,450541.9043961435,460613.76640640263,455043.35077307024,449005.87278296694,449136.7237400992,453194.7947632703,467040.9755326201,455596.4371441935,455908.4848561822,447923.47261415346,457506.2833092145,469310.7319448107,464126.41649143986,471729.3314525237,462396.5821159309,463853.9683972189,461257.25361705356,464473.01486313646,474213.5704789253,462928.0872127218,467066.17077369004,468366.93433358485,465675.6378308723,481665.76046662644
568,zipkin2.codec.SpanBytesEncoderTest._Benchmark.benchmark_af8d8523_span_shared_PROTO3,1212380.8086395056,1240014.154173961,1268016.0108011372,1205150.5498879137,1186549.6508982056,1216189.4942419354,1211771.9328717438,1200976.8425637581,1202345.0452851804,1204536.0777402662,1221023.5527900655,1182478.7190683938,1218656.5143467642,1220827.8440768367,1161383.901287408,1178644.5157886492,1210346.706807326,1200772.1211419723,1214272.0679150543,1189608.7362652095,1191323.3191475642,1195337.4894668874,1226644.9824326227,1243526.6087599525,1237803.4484738496,1199081.1888764868,1162926.2494152652,1210904.6350058485,1221001.5995015556,1238189.7914147864
569,zipkin2.codec.SpanBytesDecoderTest._Benchmark.benchmark_0ccb5d50_spanRoundTrip_shared_JSON_V2,194244.80489505068,193666.50518808016,193695.50752028343,194458.7769302207,194442.1982336891,194692.42783411447,195041.9032254714,195359.76505785642,194249.81119904324,194231.86771701433,193041.08932204335,193890.88136989795,192216.0424480587,193473.60653278488,194186.94578844387,193950.52572859,194071.77997253786,194403.9157309241,193944.89488914158,194587.45960153342,193813.5734034916,194189.59310275476,192720.82701593262,193866.0642861885,192314.3085127368,190893.87327580628,188721.87204929267,188061.00061758276,188372.5974257727,188716.8240845675
570,zipkin2.codec.SpanBytesDecoderTest._Benchmark.benchmark_6255a69e_spanRoundTrip_noAnnotations_rootServerSpan_PROTO3,979493.0816609942,991549.1106773613,991635.7798132726,998144.567876275,1002319.0139850663,949771.6841261194,970349.3092128624,988271.4256590309,987524.7322426685,998921.9434376439,998956.6692111422,999617.5627368322,1013296.1272905016,1001272.7645837362,1004089.9154357797,975522.5927820982,1003866.179218301,980270.6713614947,998218.2207892443,1008385.5776959584,1009626.5226486326,994171.2221343813,919417.0176421091,956818.5345641979,963543.4595413838,988950.9875546983,1006785.2437931458,1011085.8186191092,1007055.7993395461,1026962.5170995677
571,zipkin2.codec.KryoTest._Benchmark.benchmark_e5e90133_kryoJavaSerialization_span,61918.8683293965,64937.13263597133,65041.94317863086,65580.84385630857,64189.91086624393,63509.49607460776,64649.96456051578,65027.498341372324,64165.21725303639,65236.65452120569,65156.38962364712,64075.35872551434,62695.490062617835,64581.10365446423,67114.75029401138,66100.78988124021,66607.90513029603,67175.80543361229,66272.54863118498,65538.82804323865,63873.34626295556,65046.93573549444,66146.639015642,65612.85811714793,66453.67022586569,64064.219890705346,60830.843546596276,61434.800546954124,61640.47317868661,59706.51716419024
572,zipkin2.internal.V1JsonSpanWriterTest._Benchmark.benchmark_65b7ec3b_writesEmptySpanName,944746.3767663066,959224.92709209,966061.8451350369,968976.4713458859,971505.4438235139,976252.583801929,980905.9568101431,973814.493945366,971492.9235750214,972168.8644833071,975610.1736410636,977168.4587219747,983099.0774951039,982548.4762759118,981191.9955232795,978858.9463079397,975848.0675642675,964487.3704493104,969304.2675839389,963768.4077325931,948923.9901199713,970360.9322869768,973171.5114189922,971987.450609514,959256.5649626144,974689.3524048344,978633.0062080522,973973.3277382801,965755.5578607384,975154.846429991
573,zipkin2.SpanTest._Benchmark.benchmark_108713af_builder_merge_remoteEndpoint_null,24126.927038555776,24449.580384014163,24486.734710716144,25037.38491341139,25000.85453584773,25094.627047859583,24950.72526780009,25079.288413803624,25054.731043556694,24671.62260798142,25006.887317298024,24977.319875601246,24763.627550233912,24882.039718264878,24569.985629728148,24823.735677494475,24201.320384287854,24248.987188569427,24510.570358442594,24644.987213552206,24804.493066356797,25010.3598063774,24778.603651348436,24549.000140252574,24810.78020280211,24607.544119259728,24906.434057771487,25055.57376157477,25058.89452686795,25074.449070101666
