,benchmark,Iteration 0,Iteration 1,Iteration 2,Iteration 3,Iteration 4,Iteration 5,Iteration 6,Iteration 7,Iteration 8,Iteration 9,Iteration 10,Iteration 11,Iteration 12,Iteration 13,Iteration 14,Iteration 15,Iteration 16,Iteration 17,Iteration 18,Iteration 19,Iteration 20,Iteration 21,Iteration 22,Iteration 23,Iteration 24,Iteration 25,Iteration 26,Iteration 27,Iteration 28,Iteration 29
0,zipkin2.codec.SpanBytesEncoderBenchmark.encodeListJsonV2,311409.0701740462,310886.01372060913,310979.41863095545,310453.84392622265,311004.41453293967,311811.508953896,310728.49675535265,311334.14650641853,310873.75335849565,310323.5361654934,311382.1210834628,311167.125566978,310635.0799823232,311025.09030215704,310856.87189258623,310876.5928660583,310512.05382094,310245.2846427276,311169.10102846136,310783.51104973425,310353.40430561244,310558.9776403056,310300.415896032,310701.76038935466,309951.6433059226,308431.5187667462,311200.19589548104,310377.2646000789,310454.0145913387,309402.4894218821
1,zipkin2.codec.SpanBytesEncoderBenchmark.encodeListJsonV2,30990.03039762805,31142.343188621937,31118.89303310941,30986.24218146729,31007.91921358117,31032.9799702348,30932.570741489388,31129.476865826433,31001.540943477037,30932.420435950437,31013.890218090135,31013.785686235242,31060.366430645547,31059.787890846626,30961.848863626503,30954.371712379227,31053.10827569695,31184.106906422032,30920.012043775176,30955.40520625415,30825.881143818006,30962.575599367992,31087.10545853204,30890.297369296037,30961.509487138363,30981.59830649928,31093.74172372609,30969.332982744203,31064.934263767376,31048.392183443728
2,zipkin2.codec.SpanBytesEncoderBenchmark.encodeListJsonV2,3137.0725276442745,3134.8301440868295,3140.2991354777473,3124.837907155546,3134.1037278205404,3132.284141517729,3144.1362460346254,3140.8840762505138,3135.4775353782798,3133.4950466737137,3132.202807402474,3137.709234760633,3139.0924632561328,3133.2557420973008,3126.1940046617183,3119.1912623278863,3131.4253333485253,3127.145835750694,3132.1197741156407,3143.4722173016594,3116.1790955923107,3139.1130310566227,3134.8911200432362,3134.6051776702416,3125.7661801866575,3119.8007851208663,3134.8273932688994,3141.361709855536,3138.5810182655478,3131.909440945478
3,zipkin2.internal.ThriftCodecBenchmark.benchmarkReadOne,1723719.489404562,1723555.7425275883,1723571.7465680349,1710034.0334760526,1721881.194559949,1733569.5559380269,1734127.833719592,1721597.819441745,1732019.6200352216,1717620.5547980042,1729308.9732540923,1727220.7761639128,1708638.5221217517,1707987.2787070144,1726744.7996370061,1716362.0478570026,1715185.0315616021,1716906.436909434,1719762.0225503736,1705620.0800630848,1725552.1272721838,1720840.9105223867,1721677.3127107988,1706422.7485737826,1714258.458378268,1715226.1871644575,1715079.003542062,1713783.3734362326,1712697.174041163,1720292.7685278275
4,zipkin2.EndpointBenchmark.parseInetAddressIpv4,12853812.522570807,12546388.541041445,12666275.674624389,12684432.497702366,12499004.4645388,12379504.069878101,12571764.561803244,12723211.255691681,12738495.14565364,12594216.990891704,12803841.3615081,12674916.345026309,12703687.599226678,13038702.64398746,12526639.015230682,12693792.253145313,12527066.489449527,12742564.764984287,12773285.954465194,12576220.136018056,12635267.442811511,12705495.636773597,12717366.742943078,12793290.413249953,12567929.39241585,12892351.05972874,12177276.141423065,12248711.381016789,12280118.839388788,12166629.626632102
5,zipkin2.codec.SpanBytesEncoderBenchmark.encodeProto3,4366373.673382456,4343034.73183705,4385883.799461316,4357394.717460187,4356368.849699352,4386486.577279677,4379223.052449465,4342163.329044527,4363093.551798253,4330178.02167273,4319675.638860238,4328537.118185806,4348494.183066149,4318593.167911147,4361362.684284007,4384009.697717434,4394973.0632247655,4395444.4029148165,4355730.482013002,4350641.64342979,4340873.20674857,4308111.755612549,4347784.055005942,4371218.989181253,4345388.257920968,4382980.999604463,4370014.291968816,4316623.274423595,4381372.792396814,4366773.246628108
6,zipkin2.codec.SpanBytesEncoderBenchmark.encodeProto3,4404935.798026821,4366549.512910325,4378900.7463256745,4384899.704511648,4387429.648359068,4408754.242177808,4396241.938432604,4371042.908799598,4388221.025859321,4398026.533016957,4408111.654532029,4382381.958558698,4394855.902453883,4379555.0804889975,4361806.737766877,4356503.394502954,4361866.025482236,4390525.68295881,4383996.489458888,4391154.876520513,4397047.970278965,4373813.5510494,4386939.535629579,4367977.168647584,4393349.78626354,4365445.460150043,4362231.079281436,4343814.843623982,4348229.185240185,4348767.026039764
7,zipkin2.codec.SpanBytesEncoderBenchmark.encodeProto3,4343208.916184467,4373648.053015351,4351791.047089569,4367750.608171806,4388133.445800389,4401963.528622321,4355113.95257033,4367147.360879485,4365354.199049058,4369505.132721253,4321696.976864797,4411223.841823767,4384846.78631515,4380411.9645418385,4390169.406156904,4394757.779694248,4369427.499279067,4385064.005929293,4405277.727189641,4365718.437534994,4340452.518876932,4391260.054401145,4358976.902442677,4375298.438229935,4383256.720538839,4377610.091361452,4322223.740172231,4349911.3752392875,4357502.366977529,4363823.811973395
8,zipkin2.internal.V1SpanWriterBenchmark.write,4731088.839186996,4693035.405130024,4644932.186970508,4682941.317616832,4662862.098081816,4681052.826700641,4647632.389128484,4747702.07165722,4700983.018336468,4680308.904365469,4684899.652093986,4670163.788464996,4656977.105111951,4669420.770314177,4679050.051000913,4691321.518759023,4674621.380261891,4663846.6404823,4689444.248720614,4670477.490096434,4719556.962708185,4674421.87462202,4632164.800781866,4695336.154088386,4707383.150779069,4695457.481919946,4696125.351582693,4721741.148930695,4687340.560117417,4711870.537271253
9,zipkin2.storage.cassandra.internal.HostAndPortBenchmark.parseIpv6NoPort,6845980.704191094,6841981.827808545,6856569.752371194,6884095.546522464,6851485.753305884,6865764.105399039,6860190.160288269,6868092.601557435,6859350.43585853,6861654.181610696,6860901.598988504,6839536.270971912,6880855.688603322,6850761.384765498,6877855.715844031,6850036.095306344,6853827.209606334,6861071.152319336,6884293.805636248,6868874.114317889,6866622.78905194,6862320.703454269,6854242.9215395255,6860522.2473393995,6855656.3530174475,6853366.732388237,6854924.789279067,6850658.328122667,6858063.226116014,6878016.958251852
10,zipkin2.storage.QueryRequestBenchmark.testQuery,4982961.61000314,4993251.309238268,4960251.559091077,4931349.12032956,4956859.335665637,4953994.794079844,4959756.497076821,4944692.175762056,4929030.048252748,4977666.521397195,4968211.299272486,4960008.104943694,4960676.177194973,4900212.75246904,4916663.849321141,4842402.600624637,4857018.535459081,4870681.683663727,4859590.625942661,4863412.284798867,4895378.185995037,4910501.137035544,4917273.337345896,4905653.785867588,4927137.687271398,4938185.473313617,4934354.855330919,4946679.134817849,4962436.956653669,4951490.497611114
11,zipkin2.storage.QueryRequestBenchmark.testQuery,656154.0618734095,642629.5575578246,648284.6329870833,668300.1044828459,672181.6354322605,653426.0481841527,659812.8453568257,653057.6790097171,650204.4180143336,657120.137860789,647877.0635340107,650425.951027604,646794.6825163973,645479.1932803525,650061.3328387662,647382.7787925112,646425.2107346187,646960.4229558215,647757.9751085698,646323.4419596753,647291.147964709,649386.4681825525,656662.3734604914,655702.3218467281,649714.043882993,649454.517054601,647964.6177017455,647936.2548319121,646984.1390118058,646046.9698794085
12,zipkin2.storage.QueryRequestBenchmark.testQuery,62529.958417762646,63234.03100660947,62782.45435342098,62818.32406013097,63384.361088765,63386.702791127376,63023.12561047621,63012.37206902286,63713.80719495678,63468.848288730354,64127.17680345601,62711.805909417744,62169.33183470358,61985.92840121546,62256.485003936796,62326.015851285374,62096.20455306343,62001.6091700418,62345.89841624559,62687.69078544772,63012.92511541699,62924.972127894405,62256.65118106424,63319.92109186452,63994.67737717927,64290.440431184645,64529.63999034441,64416.68498855712,64558.878496637895,64634.18438555898
13,zipkin2.internal.ThriftEndpointCodecBenchmark.benchWrite,27492879.00904462,27503035.908419706,27431241.126833938,27295423.774887074,27469710.451415595,27417916.14293006,27476325.07239184,27346575.703556024,27323863.28848312,27891378.25324918,28225405.329230677,27377062.056473736,27263062.935651995,27199216.430267632,27180077.08009164,27420269.89432237,27437327.39620485,27427074.983551685,27267377.35584588,27219011.664322738,27097332.64601248,27340812.237747453,28076403.901018996,27306865.760490377,27310084.405530915,27283544.940557376,27540515.135849543,27416059.89468396,27473603.870703053,27471799.537294306
14,zipkin2.codec.SpanBytesEncoderBenchmark.encodeListIntoBufferJsonV2,378434.10156569985,381382.36172040214,380457.5682049776,381403.7054892931,379379.4899759046,378938.7589367948,378364.42906499055,379125.98946570384,379226.7223153217,379622.8613417161,382067.6855673606,382221.1285335749,383177.1313322739,382872.0014902387,383565.6747948662,382144.6497715991,382498.77836098324,382733.99346309097,383306.6796875998,384461.69428628776,384925.19639681856,383391.4136740639,384130.92854309996,383652.1806695904,384042.6682055282,382257.64870972215,380638.39071497315,381163.3814552561,381282.21781572065,381571.6041791155
15,zipkin2.codec.SpanBytesEncoderBenchmark.encodeListIntoBufferJsonV2,38363.37218573202,38461.66626147625,38484.70970983466,38575.287051544714,38498.473651015156,38079.26674563954,38168.076946843124,38167.4431881598,38115.255355889916,37927.431153687154,38095.92373406057,38134.89461060344,38190.99754885598,38372.450827415196,38251.448842500715,37970.196689789096,38320.56509990668,38224.116717110905,38173.56852935372,38345.07784050801,38247.84255394506,38121.90356215741,38180.1369620368,38265.46463649692,38255.62891611978,38214.2524622349,38231.64580994596,38060.423918267516,38079.73174269901,38227.772926404854
16,zipkin2.codec.SpanBytesEncoderBenchmark.encodeListIntoBufferJsonV2,3850.2081931344574,3837.412204385593,3837.211322608019,3847.1448335635264,3844.1094659129076,3850.0430717945055,3864.3205763063693,3861.206701978377,3864.3716443497806,3863.81422008467,3856.8150850007496,3863.2987759374346,3836.3780540626317,3854.384300651814,3885.843545759877,3877.301577789491,3878.1985392462766,3876.166903199829,3880.088862013067,3879.9863147754018,3879.5436609177973,3880.6542996730223,3866.905075214214,3868.7882380070046,3875.169658802832,3874.017026304831,3859.729294026234,3857.618165238768,3861.0729641034645,3851.1066024818633
17,zipkin2.internal.V1ThriftSpanWriterBenchmark.sizeInBytes,6915369.090227743,6920344.210237301,6909435.273048881,6900130.8781350525,6897819.160169153,6893753.33181022,6918109.111027727,6926620.662217966,6939684.159873845,6928797.006298353,6922630.690238964,6910650.159284527,6920034.292858823,6919152.412751442,6905394.864399472,6924860.420164047,6918662.885842397,6914831.7365835775,6921772.761997409,6940895.453807956,6934165.366287693,6921809.958128477,6917491.430283554,6905905.9526772695,6908934.854248396,6914939.20734716,6909086.556507689,6906935.508609745,6897492.973502589,6938162.497841
18,zipkin2.internal.V1ThriftSpanWriterBenchmark.sizeInBytes,1486263.4181333478,1485153.95864316,1485926.1207430507,1482099.155888782,1510835.9149968238,1517286.73957162,1484471.6034255875,1484063.2192004716,1487532.5855604718,1497468.3527658624,1482754.702684497,1486999.1171138047,1485834.306372159,1485535.3632601742,1485007.6785233875,1487911.9653785448,1485615.4428008995,1521299.4370743898,1506019.6372387633,1483068.9321903689,1485457.820208581,1487103.168454542,1485456.1222637233,1486606.0637053484,1485075.997031506,1482266.3897997506,1482967.6867009935,1488465.92227708,1488890.5585264084,1492472.417096572
19,zipkin2.internal.V1ThriftSpanWriterBenchmark.sizeInBytes,160066.87199987235,160086.189730171,160273.5524618704,160175.6253304631,160279.3502728384,160241.53796486315,160126.80426220698,159914.33509741537,160051.727083088,160452.70369125353,160387.51412161754,160591.747501656,160270.21399886906,159920.62270175415,160061.19237509713,160283.20748357582,161939.51221732204,160233.68944278543,160266.03503754496,160610.105008192,160128.11577188075,160643.66001696297,160133.67561083502,159968.35406821803,160188.7214325014,160337.02341543714,160281.4219659115,160043.52383880786,162427.942043384,162841.37822709946
20,zipkin2.EndpointBenchmark.textToNumericIpv6,5986725.28239737,5992630.117273297,6004866.495297426,5976189.193311862,5989089.158800446,5972256.019007203,5998288.183316841,5973692.886837016,5984013.736577509,5972825.071550347,5956363.93041956,5983635.570685517,5976815.741984565,5990830.4151373925,5979106.804664759,5990547.647900629,5973775.327874299,5955565.696432699,5988435.15329943,5968318.077517609,5980036.732992399,5963569.394991752,5947599.461907265,5956693.3399288645,5963289.139234898,5975750.454017626,5982091.40187737,5984327.627992604,5987731.611156436,5972885.88001435
21,zipkin2.internal.DependencyLinkerBenchmark.benchmarkPutTrace,953223.4882517607,951056.8938116814,952448.4995993901,947731.0086031569,953547.1591769232,955169.4635254848,957891.7951970013,956635.7412416862,950744.1468177305,950792.0047862001,952426.5288162162,952975.0175696146,947593.4112981177,954256.1543648896,954755.0393405475,950975.962728259,952598.5511604777,953803.2879226682,950394.3340556491,950479.2451446257,948486.2179824042,953868.827548893,950865.5671544883,954127.6628855616,953415.5466027407,950253.2197806567,952887.6907521787,953418.845009954,953809.0434716636,949637.5318301608
22,zipkin2.internal.DependencyLinkerBenchmark.benchmarkPutTrace,74224.14831749341,74496.52331150338,74474.11714799736,74266.08509006418,74431.8823111737,74277.04904346532,74313.030006411,74497.99835156911,74607.85999751896,74133.55251551258,74300.63721261147,74246.8178390597,74538.26485642041,74417.52702895598,74289.45977474001,74457.77901642873,74395.2403293805,74352.2954424386,74320.05932849647,74284.39882620928,74467.44709934255,74282.41377986124,74522.58561640304,74421.6527341113,74379.18168353179,74335.90595113998,74273.09653975519,74518.22203166831,74207.62739799338,74287.46575892142
23,zipkin2.internal.DependencyLinkerBenchmark.benchmarkPutTrace,7203.464120061396,7209.621507710857,7200.431331659831,7157.920836182247,7153.910923770108,7162.187860161218,7187.497439960604,7210.425953686538,7188.319845491413,7145.596793310688,7176.164800625647,7153.010390505123,7161.683110526171,7140.747425955683,7155.66459170005,7189.198487858976,7157.218225727163,7179.901172858221,7190.400882672597,7177.938394569088,7157.702911436336,7156.818721829502,7084.860909788592,7201.551986092814,7156.469329599844,7171.911131100977,7187.46134350545,7184.539651962647,7167.32565304743,7164.611236932035
24,zipkin2.internal.ReadBufferBenchmark.arrayReadBytesAsHex,25473284.89002671,25395548.54756543,25440564.6005497,25930471.952332668,25634139.80891492,25471993.558706116,25430692.25497616,25478499.12247146,25472803.0397419,25447094.94343491,25483197.669507116,25798804.071447413,26115004.455885928,25494115.07141712,25425724.746121366,25452415.462946236,25431176.20379027,25410984.382696353,25448680.023018606,25452459.671179354,25476314.3494979,25406794.401932117,25418844.477533393,25429503.01248375,25418151.054492746,25465738.46767127,25430559.40200429,25449397.704644505,25479150.488150723,25620604.424173474
25,zipkin2.internal.V1ThriftSpanWriterBenchmark.writeSpanList,196252.54699467417,196131.62189135925,196084.2093295328,195870.4242710186,195884.68583567915,195884.93344361125,196119.00467444162,196163.76369022665,196301.1592002401,196250.26590899596,196087.83916416104,196398.9711407829,196030.95547768005,196255.2297092488,196469.65427040518,196318.32976574343,195821.63861185292,196339.73001598704,196533.18045534956,196306.03358539665,196391.69153257788,196041.48058741572,196036.9072988081,196060.16406342288,196272.4727131566,196155.12986847115,196114.32467367523,195953.93066422705,195884.0602907453,195729.3126681067
26,zipkin2.internal.V1ThriftSpanWriterBenchmark.writeSpanList,44394.44807394136,44410.17527471831,44482.80733546911,44458.43869756495,44356.091498533926,44429.636743289986,44449.91036086434,44433.55626488984,44467.36117436066,45071.25294809323,44821.4697950212,44480.52326885974,44519.931381388364,44481.64078273616,44461.34516861864,44371.60912458554,44401.56257622238,44422.07012758538,44392.100595191834,44101.67553298768,44392.81420031567,44510.54626711593,44588.67425475087,44645.806283662445,44447.739743538565,44423.472260004935,44634.79468406425,44446.006294800005,44397.483373052484,44456.93444191196
27,zipkin2.internal.V1ThriftSpanWriterBenchmark.writeSpanList,5012.1174914127,5002.0043510339265,4993.090039298878,5007.419780255223,4991.013141944482,4996.563413070291,5001.945709891052,5005.464795682186,5029.2617295244145,5001.535917485288,5006.342376878058,5015.48823964198,5013.78178138545,5024.779712147786,5018.944330306396,4997.484479491033,5019.84391488687,4989.425512557059,5023.9190184165645,4992.942969008746,5054.442767902609,5076.204695781697,5025.330128519198,5024.537084373879,5009.256531154902,5014.821141389171,5023.951225062012,5033.783476837527,5027.202263436029,5015.461219094
28,zipkin2.internal.ReadBufferBenchmark.arrayReadInt,61462523.71379475,61666486.51282937,61472729.91964068,61316359.08312417,61589994.836858794,61675927.60214923,61419262.54937244,61725882.694894485,62945665.62575136,65444509.026838504,63067764.259768106,61686402.9980262,61718026.39731736,61547917.15307509,61905747.16956899,62243971.55337633,61948299.82813592,61908887.834399305,61941407.06495106,62227755.10258772,61844205.55482773,62804792.73053339,63602856.67536356,62094314.81753582,62201522.91476224,62038201.31450758,63068010.6181218,62065266.42204456,62371350.58769019,61779482.98708244
29,zipkin2.elasticsearch.internal.BulkIndexWriterBenchmark.writeSpanWithoutSearch,538157.2387530184,540098.5298164859,546083.8182597999,546386.6258050976,546776.1860604389,540444.4524713955,524636.8472934612,513901.0894690097,513513.51397294214,516049.35771917936,536911.5238555247,522317.12249043,536627.9327000153,546456.8240437675,546133.2324019318,545882.9905132023,543797.9617874675,525101.6222692654,514312.9232195217,514265.1980633173,513920.17053023906,513666.6613372629,513879.7653500791,513852.6377760073,513645.4204452751,514109.2479521636,513326.19719839544,513363.6871931625,514048.2115671418,513522.6391709419
30,zipkin2.server.internal.ZipkinQueryApiV2Benchmark.benchWriteTraces,325081.02523342357,325782.1945254954,326933.6884669052,326917.6843596488,326126.6371800108,325801.6665120337,327522.57259027055,325431.8047580595,326625.32897009864,325212.0680234426,325624.3326159343,325970.66440621245,327428.39358779194,328135.8826855244,326434.48997816944,326745.90956691257,326049.83762718085,326204.8491873617,324794.4428933511,323433.69381901616,325364.7859426093,324551.03908756224,324180.2519593076,325585.86326158914,325407.24329525465,325000.3287571245,325465.7899144724,324756.5322235415,325605.47031029634,325353.33049901755
31,zipkin2.storage.cassandra.CassandraUtilBenchmark.benchmarkAnnotationQuery,1855702.6699086637,1839596.196859731,1841076.3336282298,1846954.2848635635,1858354.0538314886,1867688.1815957439,1854861.950738394,1861292.5736378198,1862034.736440849,1857795.0104433454,1846841.583965048,1850718.1786099616,1860553.4769944975,1859182.7514399262,1863302.6605045118,1866825.839790117,1855104.0836505084,1858922.5939088888,1856366.9446505113,1868964.6403756198,1856763.0335024633,1859802.9161969477,1864826.8141512692,1868119.4733545224,1863097.0097911158,1862162.1749851622,1850146.468841307,1866939.5143325054,1862205.793132764,1863828.16009218
32,zipkin2.SpanBytesDecoderDetectorBenchmark.detectJsonV1,22130452.64330208,21903487.44435984,22238381.086227484,22272527.886082213,21967442.770512696,22142460.304716576,22041932.211298704,22073558.063164443,22051348.685418606,22017646.325753283,21994901.694029916,22023065.463561032,21969110.48718484,22200914.725174516,22103646.694907285,21943016.126859315,22141212.208635584,21989188.959346853,22071079.306419987,22167037.897671856,22249374.84880128,22145171.236476786,22076257.024004605,22430025.543979134,22097507.827432938,22285228.438315995,22026121.72256951,22067200.708422963,22271465.40066107,21959034.404673487
33,zipkin2.CallBenchmark.baselineMapping,100179034.6501454,100400379.36270979,100431870.94919434,99993647.72560987,99464014.30623153,99433712.62343478,100315695.9134487,100491662.92273687,100291947.50589809,100416987.77351107,100296216.0274089,100064928.23922409,100628088.42445502,100021380.96573669,99370473.90567015,100401983.31171654,100744054.83447954,100294478.91396806,100139366.31754272,100457738.2172576,100683701.63272196,100707277.80047226,100163216.29662405,100811503.18279485,100633897.7682474,100308754.19797243,100457625.30992043,100408088.28685583,100280141.20570593,100467112.45470357
34,zipkin2.internal.DependenciesBenchmark.serialize,16852.553177804115,16678.61217268111,16476.75700078775,16431.778888783658,16797.630646328438,16898.33942701346,16894.038610944768,16964.81439698105,16938.388727427606,16901.245596001576,16924.990745876832,16979.60787590947,17030.969190976735,16693.313020089285,16159.9715470908,16204.4793824864,15983.096044037038,16111.585980575057,16189.853044703914,16275.542282924378,16290.797445914137,16286.474305182377,16319.21184734462,16350.119453972731,16364.167931153204,16393.187324131595,16415.49271202872,16427.01240801403,16442.173846532907,16434.55534667054
35,zipkin2.EndpointBenchmark.detectFamilyEmbedded,26174023.447128728,26109490.873027306,26069550.130153425,26038545.23142927,26017264.04771038,26142475.99239556,26125103.513813917,26068938.86910726,26062466.286149696,25894832.436521526,26133149.393197633,26049961.56961334,25946312.244484637,25948770.497125417,25917677.76052027,26106155.294912763,26015100.69032671,26104642.56008286,26003260.386566825,25984143.228106648,25898450.394873053,26143283.883597177,26129428.73573671,26084573.73334722,26093681.64753448,25958536.974701535,25918998.410125673,26074244.828584787,26084729.16625489,26012393.01876742
36,zipkin2.storage.cassandra.internal.call.DistinctSortedStringsBenchmark.sortAndDistinct,698850.7886472986,652571.103497531,640473.9575481912,647813.1457579578,660411.8542509873,647222.3326221332,654119.4048132391,654609.4904474721,648857.4070395086,628960.8439616526,638065.8092781682,644962.3806093765,658486.7506981911,660073.8386216146,668119.0840956052,669993.9019321463,667600.9353974664,668676.5535021849,669065.5045736445,669562.273233877,665431.1414070096,666081.3124532601,669063.9214743405,661909.4430784263,662584.7729797546,669270.3817963208,667279.1844773378,656270.2034204137,663076.4729626226,664866.7417249056
37,zipkin2.storage.cassandra.internal.call.DistinctSortedStringsBenchmark.sortAndDistinct,72586.88702526124,72240.7551473073,72253.97183604035,71547.10254313606,70717.52591428798,69668.54381320997,71391.98935322724,72616.80423711808,71813.20165380418,72496.49360006097,72882.19696347289,73350.04962218055,73008.4491610666,72938.30778992137,72475.08738244398,72220.18947910624,72278.80655505747,72621.41925262402,72092.25265307054,72082.74257697517,71723.42422868508,72394.17107229198,71713.78672035842,72124.54126762351,72350.34960892853,71897.60940483726,70489.18109717096,73046.2723756744,72416.76463620635,72155.70306750425
38,zipkin2.storage.cassandra.internal.call.DistinctSortedStringsBenchmark.sortAndDistinct,4340.100887339775,4360.957922938566,4391.887425118032,4310.29930912371,4400.5042435924215,4326.527685952107,4448.067974077052,4473.219906234112,4432.146466097852,4390.815590666864,4452.696210348353,4437.734135347951,4396.520348423028,4425.738863704086,4396.793522179405,4394.339825145049,4257.41930503647,4436.638396224154,4314.559552502642,4432.373537189001,4355.748172419411,4414.447615755393,4412.7723671374415,4417.746089038817,4422.903338200697,4437.220038773245,4410.682651383233,4412.056830199352,4360.552772986497,4320.193264390581
39,zipkin2.storage.cassandra.internal.call.DistinctSortedStringsBenchmark.sortAndDistinct,122.35941712006066,133.71189897848217,127.5639665897813,134.952027253352,129.56071209736623,124.80170799734846,148.30187766072294,124.11892825879178,132.30806154600944,132.0809369895556,130.82014767605406,128.37485100877063,133.73927488239895,132.9173097490935,129.3528551680598,132.1993328992257,144.67991290959716,127.16957142094759,131.90758551477782,130.642854591504,133.63987008453347,123.27547710649276,135.00411014185812,129.52310176783044,132.83069757929425,124.61724573138802,129.74748233593823,128.47335114993203,130.6975153517153,136.9106891870333
40,zipkin2.CallBenchmark.baselineErrorHandlingFailure,1127746.875506703,1127496.480299625,1128296.8494107234,1131058.2573334014,1086579.9597803813,1116394.1489455374,1129530.9427946785,1128947.0938553216,1125905.824645854,1122918.2042268112,1127138.4679000282,1127772.8693579189,1124943.3511423157,1124775.3735748099,1126043.483680289,1125626.1064164068,1125778.8487109663,1124265.945111366,1124852.7761176205,1123817.9538186034,1127153.5400754365,1123980.8478419383,1126154.9799585883,1124637.9664027086,1126863.7547936565,1127811.4457657265,1127786.041937224,1124840.7227784472,1126438.1195301034,1126117.0352648261
41,zipkin2.internal.ThriftCodecBenchmark.benchmarkReadList,16740.945973300575,16774.965404008708,16827.08832518163,16696.971144231462,16801.812447896184,16785.02415088208,16801.98446754724,16788.17806758999,16803.898319611268,16788.553968269604,16816.188568453006,16728.288378261426,16717.258556148518,16713.81908511254,16832.693059212805,16759.1692144637,16712.399252974752,16744.922748884797,16777.143342283798,16772.450879664302,16774.0113900907,16784.264674875263,16821.22270325162,16816.296895899275,16767.549387779192,16800.847324233193,16778.61795086926,16771.8028622553,16726.409485722004,16787.490754218725
42,zipkin2.codec.SpanBytesEncoderBenchmark.encodeListIntoBufferThrift,329632.586233503,329568.39888058876,329247.1753360875,329816.60909210163,329118.7033869412,329714.19703561184,329510.86404725583,329634.7184640867,330013.64046847855,329871.6276289242,329862.6892209629,329608.0235659514,329900.85250916163,329600.8924681393,329766.0377622776,329408.45555970306,329568.61815837864,330133.29767103633,329596.72320958815,329319.54132655956,329285.2387227785,329593.42800182174,329565.839079949,329753.75340580905,329507.95808542776,328756.8028880297,330213.4125034367,330501.3161965756,329439.334903198,329302.50415795407
43,zipkin2.codec.SpanBytesEncoderBenchmark.encodeListIntoBufferThrift,34202.84038689952,34238.67509124528,34303.33597947497,34287.99548949569,34239.4847299943,34241.9212093393,34271.46713437607,34262.70806466943,34241.410116704414,34273.89028289366,34295.974627063304,34251.94603336861,34270.72083070812,34305.47584663454,34275.88455988877,34280.03145199136,34211.664923988006,34294.29032674434,34297.521913995595,34328.14828431292,34301.417058205596,34286.369443128395,34276.6649707522,34258.12743227718,34267.271044839435,34273.871284128414,34237.31888277815,34306.895855156516,34285.79623234266,34297.01269389647
44,zipkin2.codec.SpanBytesEncoderBenchmark.encodeListIntoBufferThrift,3337.073324771371,3333.241943366459,3338.673410966939,3335.357853558528,3324.791906937487,3331.57733651945,3330.9170256092975,3332.541135745937,3331.7889644869892,3334.492076828889,3341.5657969403455,3333.1255345172663,3334.435920144261,3335.415164969559,3328.2642306113316,3329.65833044008,3337.69797171054,3339.9946348949397,3340.604582697343,3337.16958205837,3337.890298342974,3338.714389677535,3340.00659853743,3334.804897239487,3338.1479510880768,3339.0886758840456,3336.344718542865,3334.2918630941163,3339.030282164484,3338.779153114138
45,zipkin2.internal.ReadBufferBenchmark.byteBufferReadLong,60971570.16227568,60773816.85691257,61139896.66423918,61888758.63536243,61849263.03319235,63498256.45129301,62081576.39344191,61149698.807382405,60952286.74641389,61080994.45797867,61590285.32703758,61065485.32163897,61156177.45598663,61324957.1068784,61314618.79864881,60978475.79340243,61994745.36176177,64005654.032136075,63076068.24107149,61420978.83090331,61524277.18801219,61371989.36273077,61946461.963582665,61375372.30551983,61572102.33598878,61666846.647150874,61604483.73618181,61615515.54760534,61517007.54149075,62977365.090997115
46,zipkin2.EndpointBenchmark.parseIpv6String,4112774.406594368,4076486.3430202175,4083410.093553571,4084919.5562053486,4080772.671365297,4075013.8088796064,4097005.7227508207,4142197.191313318,4111453.1426775716,4119417.4895443767,4092063.019984703,4061031.2638323405,4091329.3048396087,4134403.1829980914,4086664.4025644134,4074945.571354342,4045638.4663848667,4148968.1459851325,4065306.3671045476,4060225.9875204046,4072070.9131718623,4068410.1011563344,4077442.417713365,4085877.477754734,4061425.079159317,4073016.5290615247,4070634.341123975,4100739.244493776,4083140.707870423,4096539.6382774585
47,zipkin2.storage.cassandra.internal.HostAndPortBenchmark.parseIpv4WithPort,30446388.745844573,30315141.282295078,30411198.27126197,30494318.768086534,30419303.596846335,30507053.90987759,30501812.543589078,30488384.056471076,30580078.02581031,30304268.0845613,30406038.185308747,30422529.008283284,30399626.303568043,30277189.491894506,30636405.9849123,30719732.30374861,30519408.55799231,30388517.895313255,30568466.59701197,30542085.11494864,30929887.078667384,30505863.628916312,30454384.6850745,30474286.920054242,30447779.659738775,30649350.456106886,30521817.469205104,30592757.57585819,30559544.152579077,30632144.975153267
48,zipkin2.codec.SpanBytesEncoderBenchmark.encodeListThrift,187965.70738226705,187294.11937593648,188265.03940447673,187753.80633098178,187687.68993979224,187980.8329267015,187770.06596128902,187877.51269299618,188093.03431006332,187422.5784407389,188107.05508752615,188082.50284335416,188180.79642461726,188137.13364490113,188223.28438143656,188105.68961843036,188109.23916583514,187971.55124268628,188072.83042534947,188171.9075617738,188071.2820938036,187574.22779869576,187896.31651221815,188289.70343048725,187924.92705159285,188394.02207381642,188138.48571727687,188218.5734650276,188308.7285394649,188243.76404882837
49,zipkin2.codec.SpanBytesEncoderBenchmark.encodeListThrift,19419.856034540575,19282.59299720851,19465.52445484975,19436.019783214273,19378.257638328134,19372.37514203496,19349.900502811615,19389.427614367614,19353.632859374815,19383.410037024893,19396.723895233677,19380.1605320631,19372.192303247415,19393.09763916685,19329.83777417399,19361.770062918524,19346.750702920108,19378.22733789781,19368.934960373335,19340.157832827168,19402.939260713556,19378.398375374276,19360.979289171875,19420.200256733227,19371.907291599102,19410.60707542566,19411.741439743753,19373.22220387496,19395.17233041597,19396.916720994966
50,zipkin2.codec.SpanBytesEncoderBenchmark.encodeListThrift,2007.4722375562187,2021.6916131830167,2020.8584352576488,2022.3375853462574,2020.9638619328064,2023.1250732614421,2022.6371975432394,2021.6866304855282,2021.6016312689487,2022.2881161596376,2022.694829962919,2020.225655587116,2021.9537013041474,2025.9193401833174,2026.9864277336626,2023.2521089044476,2020.6020707106024,2023.3694634442152,2021.9581213753015,2020.8246813339463,2020.9919373056398,2022.632586767981,2025.9593457224762,2022.3263307420086,2024.477785955113,2026.370605237272,2023.8115952833487,2019.6057749723311,2007.8789369473757,2021.4740245876465
51,zipkin2.internal.WriteBufferBenchmark.asciiSizeInBytes,32755770.981540557,32775567.79472656,32770278.12414143,32780114.719842512,32770506.05794389,32777185.578639086,32769909.489569057,32762932.0902535,32773250.886316847,32773534.803714402,32778014.088436574,32765443.714342326,32773775.22351675,32796904.443315282,32775406.6823433,32770549.70839206,32758424.894430317,32764701.742184453,32775565.16674072,32765048.16028762,32774872.7034573,32748051.460911695,32790809.92562633,32772460.839973368,32765052.474808812,32777105.217380658,32775312.738040682,32766418.50218509,32759158.129510086,32769179.676757183
52,zipkin2.EndpointBenchmark.detectFamilyIpv4,40340265.30269079,40817503.543269485,40352090.407812536,40251092.9897391,40376408.5277515,40439979.500536606,40884104.77988066,40463928.895154946,40663797.4711604,40552611.19627236,40147182.959664956,40073161.05488021,40372181.57673404,40531703.743088916,40762516.78115204,40769091.35346457,40155100.619686015,39745692.9880665,39968471.61651256,40995612.56495741,40429199.426939346,40419602.670886986,40476108.93986604,40605680.40137598,40617042.55295137,41350313.6543293,40685519.463506676,40344487.30928066,40536816.87723829,40363979.33821893
53,zipkin2.elasticsearch.internal.JsonReadersBenchmark.benchmarkCollectValuesNamed,983867.2655231712,986326.9065266101,984824.5154817844,978815.0037113009,976415.962295975,978065.5171632379,978307.6486571619,975685.285119835,975874.3907768539,978350.7601672964,976064.589192162,977952.5883058885,976441.6388795377,977182.9393566222,980047.8052427975,987630.8441023106,1007788.3825875554,1005271.5513789745,997672.5360664793,1005881.420743206,997884.8243552617,1000907.7423726174,995596.7090429933,1010919.1714730466,1003027.915293698,1001926.8010011007,1002180.5563314132,1014223.0069911941,1006565.6255789408,1010541.2112472046
54,zipkin2.internal.WriteBufferBenchmark.writeVarintInt,34576314.25507897,35074011.929368444,35220524.678258106,35012772.23272724,35217250.71437844,35560539.93626947,34233770.12467555,35236167.593047015,35426009.53069228,34348767.17851444,34981068.2568505,34779533.46607363,35136964.65871499,34354269.022972465,35084364.00901937,35752991.235747054,35382442.588882945,34931810.0024398,34820687.15302192,34471176.936542496,35041735.3187133,33893419.601910725,34802704.00146343,34169656.808902316,35340234.14380376,35060361.8664541,34848397.64263658,34845224.19900483,34869197.07928922,34940523.69647591
55,zipkin2.internal.V1ThriftSpanWriterBenchmark.writeSpan,2010162.5370459426,2010818.1573092556,2011452.5180699455,2009451.5051791123,2009390.7141174418,2010499.940872178,2009501.5271075668,2009848.2116389344,2010124.914311828,2009081.2432126135,2011931.805556496,2009985.4863980175,2010455.2207001843,2012629.0870056837,2012185.6533570676,2009864.4807389912,2009998.9125905882,2009956.5966775503,2012293.2151349527,2010324.3830121385,2009360.7293959388,2003046.7417544648,2010291.4593526954,2010343.9716603819,2010915.7308446309,2008653.785800547,2011002.1611380808,2010015.4283065305,2008354.8783674976,2009229.7003122228
56,zipkin2.internal.V1ThriftSpanWriterBenchmark.writeSpan,424108.3905955141,428156.853190075,426445.3404720057,424133.93486331234,423422.3800532745,424111.27530260483,424356.74190622417,424856.0634349879,423842.3835959757,423432.0495434117,423431.994443152,423822.21213152667,424274.2579502434,423998.4513390543,428544.3848286581,424777.27349201543,423992.3717552348,424194.0930463309,426838.9347320786,424891.8244560854,423105.64265436365,423435.1923174004,423953.31764915114,423761.88770309975,423519.5486702983,424845.8865549094,426073.9263161804,429475.122719163,426210.50451383047,423638.1605800824
57,zipkin2.internal.V1ThriftSpanWriterBenchmark.writeSpan,49937.664015952665,49831.74361864895,49662.39391621685,49831.90907617573,50211.32910877072,49685.34277818288,49752.61744665571,49717.35041324443,49748.72583649584,49748.56858845881,49787.447049077666,49699.047131114705,49805.503543840525,50194.86046206268,49750.19505533198,49769.9329599003,49875.119761708884,49904.26060004885,49738.48830581753,49692.029214121365,49715.950152079255,49727.307779716255,49711.26119950577,49686.143328196114,49708.90751535317,50214.9164826853,50183.066596993216,49697.798536618226,49738.55908021314,50098.9353479269
58,zipkin2.elasticsearch.internal.IndexNameFormatterBenchmark.benchFormatTypeAndTimestampForInsert,10930621.130403506,10967146.807359826,10948740.068010792,10966125.037134083,10949732.04445402,10977756.965738699,10965488.034711165,10959505.63704608,10968224.843286043,10959219.890412562,10977200.002409939,10970399.323331736,10970524.48879163,10939522.852144895,10928325.484622348,10960147.678275801,10943783.735765837,10919066.509329734,10944888.464140674,10932597.581063401,10949409.747497281,10925020.130205382,10932954.868972074,10912450.439536294,10945284.739633584,10975178.162849985,10945673.276893117,10942652.711918976,10915370.869168913,10939540.112405723
59,zipkin2.internal.ThriftEndpointCodecBenchmark.benchSizeInBytes,84404404.57881597,82866314.1388559,83227773.80422302,83057623.9716596,82897381.31200957,83124449.73185332,83119645.03376852,83299893.77158092,82913922.91469896,83367193.70576786,83103580.5888095,83961322.92703947,84902295.76890923,84131739.86274244,83112982.54813461,83333693.83270101,83180817.186877,83454613.96318719,83421132.21116608,83317986.95767191,83263398.47290619,82967081.28400579,82151066.88048522,80715849.4112392,79908803.97963957,81355457.47742404,82705508.25882691,81481665.41634496,84372018.43211162,86167707.52677575
60,zipkin2.storage.InMemoryStorageBenchmark.benchmarkGetServiceNames,24695321.695893433,24853774.856996324,24789837.456162196,24898549.104655854,25535705.24902474,25095310.474403236,24935212.19315609,24949511.20777937,24997060.394308925,24927749.689351514,24836389.297330994,25028964.23825992,25191086.67249947,25043260.193985935,25030095.75951708,25135259.439270798,25624050.16454847,26045972.912770882,25369782.265992597,25264758.626784265,25088389.932445318,24995691.898267888,25116321.885303244,24986736.970254794,25129147.660910938,25119293.78843225,24852860.553411976,25238507.346390862,25160937.016635533,25729363.557748087
61,zipkin2.storage.InMemoryStorageBenchmark.benchmarkGetServiceNames,25220555.917769954,25300100.549398236,25749302.75961348,25753294.775399648,25268193.629765768,24859873.994164724,25456086.78366295,25295109.622257918,25110591.515962638,25023911.708811846,24975377.224110495,25021251.95362358,25203920.192762572,25147619.958775256,25391241.514457393,25908941.309074406,25422002.095889043,25186695.32592907,24969167.01397221,25514374.496003047,25379350.40757717,25006297.841376714,25181756.878574252,25067280.597630803,25045774.837785255,24957133.193443365,25095219.837811176,25042363.89704012,25525604.902351383,25239293.30663524
62,zipkin2.storage.InMemoryStorageBenchmark.benchmarkGetServiceNames,29079033.99850102,29528344.888518836,28993589.987889025,29235544.533964124,29149413.816218883,29021641.782078043,29258251.41931048,29096158.842022635,29034992.543045584,29053845.91830538,29113963.107462477,29008658.840823974,28877331.32414873,29659697.84404718,29652839.526183143,29000408.658267885,29041223.68819655,29047097.0022596,29502633.707151704,28877580.03141296,28961081.21164534,28845150.224811733,28997398.922796987,29032423.045386918,29179854.192834884,29258757.272243887,29828430.14926723,29453892.284740858,28952280.45327548,28831120.791054208
63,zipkin2.internal.V1JsonSpanReaderBenchmark.parseSpanList,479.9420618742326,482.34314847680633,481.154919227221,482.855357297734,481.0412771899131,480.76895542078654,481.2327946171816,480.80390893378046,478.42442145285827,479.6911609195563,483.2781646179289,480.12365957172693,479.042269951377,479.31105315084363,478.31794491803385,478.619415720582,480.70346460815944,480.842157791599,481.1592089258651,480.4736742425508,481.7699909620649,482.3568952576133,481.5178758931012,481.3644761435491,480.9958662955792,481.8929325463539,482.6426253374984,482.24429473773256,482.22728285976376,482.22143420561764
64,zipkin2.SpanBenchmark.encodeJson,1560724.516941712,1561809.4456844677,1559120.6860199017,1558965.2428460568,1558630.3204656802,1561222.945317847,1560753.2647880884,1559039.7303277785,1560901.2288586763,1561439.0816796639,1562246.1880288965,1559229.6795985186,1557231.3588486358,1556389.211908109,1561513.5762349074,1561195.1269732215,1555016.3824758444,1551165.0964524567,1564398.052746079,1560616.2718130546,1558094.157829536,1558400.9679522086,1560171.4903570288,1559957.79689196,1556617.170792807,1560375.32420377,1559895.4106495013,1558744.0321876355,1560051.788284004,1561433.6806376476
65,zipkin2.elasticsearch.internal.BulkIndexWriterBenchmark.writeSpanWithSearch,389814.3186428735,394069.1553179603,394694.659969709,395042.4661401464,395488.20069037797,392302.36309245066,392808.0900045334,390877.7957700986,391057.5929191013,389583.5246586945,391803.0140925722,393348.83922728646,397719.3800998285,396407.57114713854,395336.77486882283,393636.7030734536,393113.3318256308,392877.21651942754,393701.7963844124,393104.5046168419,392992.85285101575,393818.9497213308,395397.85503304884,393860.3361630373,397311.6525451971,393308.1494561609,394713.3676722445,394894.17499797745,393344.8137791236,392033.3822637607
66,zipkin2.internal.V1SpanWriterBenchmark.sizeInBytes,24177167.837718256,24193350.622936197,24211065.61457919,24191207.916520685,24225540.78839668,24224017.333188206,24222912.912789673,24267598.070540067,24005754.421124503,24444337.723851904,24099687.483585037,24190154.657366194,24039218.719051808,24369001.132310443,24268159.873268574,24072308.325533055,24116796.168110274,24140300.255958542,23961611.534508675,23970197.985901956,23960952.11907751,24102855.04546143,24072213.743024915,24156455.773209646,24123429.05625143,24034291.59748793,24097765.957759134,23967860.902427536,23982234.56999796,24184614.002181176
67,zipkin2.internal.Proto3ZipkinFieldsBenchmark.serializeSpan,2262152.369148858,2258154.7608839963,2258134.044834347,2264525.1045754766,2258958.8058335786,2256403.543451577,2256934.437180508,2262718.2948828605,2265371.0951787448,2264578.124366412,2263408.990146055,2264372.5246470165,2263393.6302068383,2262091.621239342,2269259.8342043296,2267595.4530297564,2265471.676691682,2268231.61498091,2265651.59083703,2263497.00480951,2261347.5825473457,2266807.833184819,2263176.531248543,2265157.8119637654,2258784.1201077234,2266230.748176107,2263290.9558596103,2264554.933448607,2263173.892066955,2261419.5681022354
68,zipkin2.CallBenchmark.baselineFlatMapping,95934804.06527832,95901904.00980066,95866286.48391844,95756110.08916664,95897315.41504776,95945976.68796077,95933957.84474942,95952696.93655571,95951415.29064123,95899772.05490428,95945061.58686689,95913084.78470792,95945363.78785773,95950090.6833645,95175451.02773164,94796699.21515542,95915212.63340536,95924960.18219371,95909164.8962321,95702495.42720206,95938517.43797587,95925722.44634226,95919036.35380462,95906895.22440478,95924514.07321803,95934100.93481216,95907194.83667754,94979013.01140465,95093876.182674,95944904.52444924
69,zipkin2.elasticsearch.internal.IndexNameFormatterBenchmark.benchFormatTypeAndRange,678054.4069704239,676653.9407829745,676469.3283825144,679645.3759949341,678540.5805226059,677026.9014150437,676469.7055832924,677359.0987441605,677919.8698513844,677834.0004476403,678949.9931938706,679361.1254410668,677817.5912884548,676599.9361643156,679204.6600915905,678374.8950040407,677596.1300210388,678986.9075671461,678433.7533993247,676673.4112852106,676218.6040865942,675142.0704936406,673162.0285950655,674450.0524190828,673800.6195977831,674814.3174692427,675180.5133101695,675153.2214958548,675358.3808390367,675856.0168231043
70,zipkin2.internal.Proto3FieldsBenchmark.sizeBooleanField,95680235.5617947,95682350.99587104,95638413.3277696,95673837.21112667,95676153.1969505,95704244.53641042,95655861.4143233,95697753.0968401,95706218.63342719,95675632.07703379,95691007.5119631,95687480.66186802,95675244.1087789,95693580.99952,95704120.27989212,95628517.12156685,95662582.41127053,95683445.91046983,95701953.98685656,95687617.47205819,95695108.71205187,95700730.45571433,95681728.21791552,95684198.85901457,95662418.90386322,95692178.22575906,95680562.91209501,95703370.22083567,95672255.36116308,95687142.28224851
71,zipkin2.internal.Proto3FieldsBenchmark.sizeBooleanField,95702643.62346219,95664353.67604218,95708112.46445356,95687426.94409376,95648294.58499505,95679833.14886159,95692200.5423049,95699666.08925118,95686518.2609091,95682290.2395373,95704072.57303448,95706468.91245912,95687011.69154905,95677250.81258494,95677704.72026679,95620252.3994866,95695046.27106924,95695654.88599624,95698103.64712836,95684419.80369973,95707521.04812749,95712150.70676748,95661627.59901984,95696709.11431512,95704796.90034518,95699593.50862953,95704229.03922978,95689189.20483728,95691984.79409258,95683342.57808532
72,zipkin2.internal.Proto3FieldsBenchmark.sizeBooleanField,95705234.24921177,95679141.29041834,95694802.88191645,95706065.30947866,95622622.74723728,95703700.02299269,95702783.50589201,95712866.00552084,95687833.83918644,95716149.14864941,95717544.84271033,95713418.99941345,95706293.57449323,95659831.9204561,95705669.3472191,95707597.90928687,95704962.7486728,95719164.97566877,95693218.77466416,95722564.94090846,95715832.3907609,95717725.8218619,95680270.24333808,95701093.06648207,95695490.0234322,95706299.35916075,95704271.42151046,95711193.33564448,95700720.12778416,95696535.60134165
73,zipkin2.elasticsearch.internal.JsonSerializersBenchmark.parseSpan,488730.4153363471,491387.62383888615,488305.8193828576,491316.21984996623,492450.7133254658,505756.6136048941,528306.8996773101,572839.2983380123,573945.9708057485,569094.7753564582,577045.7370452067,569172.4148850027,580347.626073938,578679.6483323125,576072.5265681242,589773.0344931034,582916.6809238899,600377.0332249064,606660.8903429096,598517.0145414341,597997.0413457592,597002.0821929565,600775.3137000372,599234.1949746105,582709.9257825915,591619.6319205529,583893.4448691576,583102.4641523353,555805.1605115716,525211.8418108313
74,zipkin2.collector.InMemoryCollectorMetricsBenchmark.readBytes,278434362.771843,276931181.03249544,277309895.7430961,278563764.9298069,276804727.7790149,276974963.7683534,282746286.88113284,283393105.16995394,276595453.13384473,278418599.6803863,278799160.8316428,281054051.1571901,279778742.47268534,280094597.7069825,278152578.66979635,279899514.9686352,276574815.0250915,277326530.5553733,276964316.6968881,286306741.49412,282299124.5278332,277087647.650942,277745391.2424843,280477494.7725091,282030761.0531292,281057469.6386577,277046305.95354307,278736830.6820095,279431248.2441716,279124863.22046363
75,zipkin2.internal.WriteBufferBenchmark.writeAsciiString,21231425.42577577,20817389.902076196,21628262.496250566,21595228.087424178,21498591.282524116,21759248.95638856,21484212.20768211,21810742.426546585,21766923.706466034,21736588.775049403,21674571.64393182,22587508.699585825,21686636.660447855,22052403.651817176,21263731.804190747,20749673.637839414,20481371.059140433,20514600.308752246,21440654.686291967,20985866.198113464,21080611.111173294,20635817.6316583,20879299.479333032,20832983.90278239,20577748.484509803,20861997.287456118,21357274.03211983,20839417.472625736,21963338.8029129,21541109.562046714
76,zipkin2.elasticsearch.internal.IndexNameFormatterBenchmark.benchFormatTypeAndTimestamp,10098493.43778209,9986640.91801217,10035025.404148845,10044732.844744453,10057789.526779305,10148996.494676864,10227624.67100417,10235674.870962797,10216554.916774822,10160467.62943511,10108951.33690777,10123062.62419291,10121605.669018824,10186522.085293323,10151749.371081457,10166369.959861891,10216513.672545316,10292036.941570584,10368430.04234845,10417126.975209624,10172328.43255412,10309562.369056398,10263279.614545714,10222526.296668824,10356748.039534908,10301563.198615232,10249973.204071986,10072318.9101134,10103483.475579701,10151513.453066701
77,zipkin2.internal.WriteBufferBenchmark.writeLongHex,27913071.409080863,27746582.735937484,27819662.26443479,27892806.951558944,27801361.32918576,27725108.53048346,27786156.84684684,27763879.615338348,27542043.59636889,27740950.42205018,27791624.579634547,27854095.83558219,27805454.638939526,27821014.078449138,27848368.46852431,27835203.95663093,27933193.370309647,27835600.852884036,27809110.637922075,27844692.87459348,27778842.371571206,27884132.020028375,27882531.06270551,27897699.798889983,27852935.536133848,27759667.15236172,27831541.071187653,27817172.147477925,27633638.298011623,27692711.80995078
78,zipkin2.storage.StrictTraceIdBenchmark.benchFilterSpans,13950434.510756237,14018293.340219025,13988983.091756463,14004557.73972493,13975413.373633115,14002572.183510048,14062309.86957477,13984200.525721293,14200263.958007922,13900326.52855487,14132191.65241776,13948480.598724898,13959935.102916224,14004649.969809748,14300572.984368782,14131071.777351892,13972533.688818129,13920512.427753948,14110233.92677536,13911433.234457942,14046378.856844816,13920804.372174665,13955866.82662651,13862087.419432407,13873669.504591497,13937544.860545764,13897740.145143697,13910323.722307317,13838000.798963718,13929874.494211474
79,zipkin2.storage.StrictTraceIdBenchmark.benchFilterSpans,13952628.911598243,13834922.177120322,13917512.32140724,13900615.304577451,13998916.239837663,13870781.929917617,13693406.32739452,13715280.582176287,13813014.397996705,13848980.749707107,13857000.100536698,13690321.634503877,13900657.062820762,13753016.546379063,13759630.761843275,13780472.825912578,13700271.068648195,13850854.827943606,13767497.030349066,13729193.072908714,13811901.73815995,13782736.725826632,13748305.554161014,13750642.32207938,13810569.983163297,13878293.81775243,13792735.60593109,13845486.149651065,13885964.836242335,13944418.588508522
80,zipkin2.storage.StrictTraceIdBenchmark.benchFilterSpans,13897742.823166395,13837682.725779396,13802569.82651618,13976783.232792553,14005521.943911547,13963571.036955915,13822734.880042778,13906696.380827777,13810911.831490727,13899702.672045385,13867063.959295832,13913328.985178873,13836818.406868808,13828439.377497151,13909690.768112602,13770900.776934404,13726254.3429076,13833077.731718162,13910391.04829533,14128853.364701383,13914766.217722904,13824619.853303947,13860655.383769691,13900400.02094325,13943825.63152151,13878007.910571272,13793230.516149865,13877166.847553585,13698109.276565965,13707472.86347634
81,zipkin2.storage.StrictTraceIdBenchmark.benchFilterSpans,4109750.406450744,4102839.7375257746,4091244.424864031,4140107.1202674364,4134695.8577816756,4125677.6441354984,4106520.810224561,4100042.276141846,4141468.425080113,4131627.3799159504,4131905.461184035,4071441.800411136,4101228.094129113,4112869.3119079983,4112242.7457084088,4059972.8404369913,4122924.9747166806,4098976.993649011,4133314.275764873,4151145.3067384204,4097459.7668748307,4100110.033924885,4090659.691785605,4147969.4834751547,4129036.392210398,4078771.400950204,4092313.735975248,4093590.7144119074,4141217.80321249,4136324.607427671
82,zipkin2.storage.StrictTraceIdBenchmark.benchFilterSpans,4129428.6529887053,4083183.6149108815,4089169.006902693,4135924.2218910325,4112954.5236979253,4071780.32271898,4071531.9051998006,4078409.580542486,4166228.0780614982,4136785.0258528455,4100142.762759418,4141133.3439168944,4154008.0687075974,4197287.481717331,4171162.600566967,4135274.140663709,4142163.7894222504,4135232.679313655,4159941.7826626627,4112801.723470322,4103000.1314393566,4101384.5294889747,4133085.4980291906,4142265.22969118,4132441.0837306203,4096570.087261491,4152197.592144356,4121408.569585637,4141121.458122569,4097977.717946565
83,zipkin2.storage.StrictTraceIdBenchmark.benchFilterSpans,3972825.5590242166,3980356.8427948947,3998822.848720097,4044479.2907877783,3996218.5974173634,4069017.9911162253,4051605.7011772515,3990277.953767845,4006165.6667715125,3983307.8837293717,4010370.952455869,3974961.2916850285,4006707.35400151,3997290.688544709,3996950.4056990263,3983261.4868264496,3985339.682560254,4031720.698084995,4024847.422057006,3984210.496068,3972455.70045938,3978957.520073489,4030315.613027455,4037085.089977634,3989134.845159144,4022222.0988496253,4000605.4393777153,4057751.983768992,4042105.2189485035,4070825.1186311143
84,zipkin2.storage.StrictTraceIdBenchmark.benchFilterSpans,740549.8701503632,735574.9705593443,733917.7147532717,738447.4504566616,731883.8702980939,741069.539224346,733081.1833117652,748072.2231180312,733332.1850269961,730118.7830717253,732181.9364688003,736535.819705312,736099.2092652513,736279.0976008401,727533.5794346405,740918.8162679997,734210.3724143148,736125.329048022,734347.1841620541,734128.2615880967,737598.1300270396,736331.8269624526,743008.8887751844,741892.876897607,728520.8224819703,733427.0360605511,728689.2906468296,736669.2219581467,739538.1458734428,732617.7583279922
85,zipkin2.storage.StrictTraceIdBenchmark.benchFilterSpans,728264.2128873573,733904.0714125414,737365.2345703696,733015.2901572747,735623.5270167938,738077.4707414887,744161.3827746683,742340.6215112745,737779.335148051,739326.027536318,740737.535639776,749436.23014463,745483.203781828,739773.146281388,752713.2939693205,740909.585148141,746933.1299710434,744325.636365585,745790.8753747349,732708.8208340862,736279.4517218089,745603.8214054687,746208.498506488,738528.5914726919,750367.2594649247,741949.9663151423,744525.917259601,743585.9715118574,739975.1380217242,739075.3586747047
86,zipkin2.storage.StrictTraceIdBenchmark.benchFilterSpans,741340.2930725628,743965.0037086303,743660.0617332348,734300.6987580011,735534.0627638374,735052.0202217859,743765.8328031191,744042.6206138041,736023.7635063515,748824.4434141589,740156.9639989262,741812.8269604373,743552.4039103447,737907.1237553727,737081.5862775175,731846.7259475235,742210.2329026378,748661.9320162096,737487.2324249092,743824.4396244775,750499.8680109199,746307.8415426003,735853.1316725735,735173.536931008,739950.3109736728,736001.5278386681,747693.2777443095,737637.6062965046,729792.3096331769,735166.7053242822
87,zipkin2.storage.cassandra.internal.HostAndPortBenchmark.parseIpv4NoPort,60891306.835778736,60794264.597661234,60648139.63624083,60969659.49182073,60767872.99443981,60843139.7482893,60769192.800579235,60923002.68705675,61023025.894297995,60979836.77068427,60959923.02097361,61049283.94756558,60979389.30970625,60902101.6186073,60900414.78157213,60888080.931601286,60813618.358783826,60715372.79667027,60765583.19977728,60880242.417010255,60771250.162717886,60834190.58178281,60768783.01871778,60808552.97095296,60746679.661636695,60835714.31279931,60793695.926523395,60725663.88965651,60759141.491319716,60674648.0605761
88,zipkin2.elasticsearch.internal.BulkIndexWriterBenchmark.md5Hashing,248700.15307494623,250165.83874143838,249975.5308501509,250368.09105106976,250390.79533018093,250585.21385238174,250091.9699889636,250387.10032697182,250289.29760033646,250036.40068484307,250367.43976095563,250284.39260588674,250589.41098099307,250362.6743178375,250184.88721063914,250291.71226328766,250010.74385223037,250147.99073677967,250105.86742123374,250380.79268445267,250146.3589072013,250283.7043295387,250190.02891704196,250232.4342935417,250058.83112230792,250460.96578232787,250288.5946808373,250241.70885517655,250506.68500061927,250183.6732478095
89,zipkin2.SpanBenchmark.normalizeTraceId16,63684179.65050945,63408445.53050536,63535307.10064654,63547747.09908747,63784253.69976964,63758847.51037765,63781445.604007415,63778467.9831263,63563568.9689705,63383351.13890705,63880444.24548927,63588891.61557965,63978998.22082617,63675316.06674018,63523506.24711484,63529531.04078674,64143850.70147398,63743530.14895987,63516095.67817992,63654873.13937784,63755188.920524865,63736295.58556272,63743708.4899627,63875602.58481332,63987308.14752462,63696717.07193233,63648990.24985972,63863016.55168935,63860567.14109461,63566554.43554405
90,zipkin2.SpanBenchmark.buildSpan,8162013.838087117,8256504.908658349,8331467.204021246,8326920.505048157,8294406.487304505,8296108.769580801,8344876.48130113,8346152.399806949,8208998.165679423,8231299.842262452,8248388.245394601,8312106.041029298,8285365.853634148,8206425.575134692,8232136.632441988,8351416.197377969,8274651.392942238,8322762.543718969,8184830.016822558,8229057.400522147,7438655.082229299,7302104.0201891195,7400130.443942859,7316478.988840087,7296001.724066831,7155133.628537685,7172358.752254338,7133140.930525368,7146749.680467449,7069054.102334693
91,zipkin2.collector.CollectorBenchmark.accept,5032998.27692934,5110321.067874926,5136046.565820645,5066264.868667371,5079762.584005762,4946480.596506483,5105039.407017282,5076598.180020147,5033938.672914224,4957339.122614423,5078460.174104481,5103246.34692331,5093970.309045133,4909904.356106767,5108332.260459909,5116061.755733381,5129082.855199333,5130983.882296015,5182708.9779959945,5157689.507428034,5111704.311082951,5109922.590854855,4956782.558368052,5112945.064063498,5110315.502769004,5116265.109150709,5119331.224584437,5063666.655396963,5113784.624240286,5095276.839955409
92,zipkin2.collector.CollectorBenchmark.accept,532629.2900761049,530855.4689013334,529342.7348574603,530972.5303861338,533113.208945991,531595.5388063379,530817.0184549743,529701.1071504803,531696.0607265165,530584.9880217254,529425.2214798458,532751.8738975695,531342.8360707139,533555.4701384073,532554.0264000075,530555.1873804095,531867.4474063512,531267.1129473874,531419.2882164954,531260.0291594648,532845.6066160046,531811.5608449723,532534.7760654532,531947.4173402268,532773.689003797,532788.0263528056,533331.898192807,532706.258035493,533710.4459574309,534522.6859826917
93,zipkin2.collector.CollectorBenchmark.accept,50057.48816686017,50718.13008263282,50469.83898243445,50730.63032152705,50447.62416913975,50405.08722774988,50397.232165890084,50392.4022888659,50256.38320189601,50425.52743468777,50431.47907585684,50297.258447333814,50361.63290253031,50269.60325907345,50317.80596134499,50435.46880853117,50373.663248546414,50514.45290974093,50532.53831899499,50433.31654409332,49857.31499851616,50418.65164692548,50248.45316268506,50484.76402759536,50488.82159561357,50453.72101267138,50353.27246393717,50188.37107964072,50211.204039314274,50363.63565877436
94,zipkin2.internal.Proto3FieldsBenchmark.writeUtf8Field,16672338.581523962,16672956.98625669,16621757.592832176,16862999.677527066,16788063.053560596,16753169.120581744,16840121.53333874,16458988.764913386,16864960.329514895,16679013.548147032,16533623.660059206,16464758.089581449,16453899.631273046,16667375.023651246,16582618.967278332,16383044.763134107,16549741.040786887,16383717.17232734,16479121.249034697,16556355.479088524,16352758.431671126,16640333.827195443,16503681.828953391,16723367.42715752,16601749.565034458,16709250.223634956,16513951.736440025,16388623.955500172,16429145.231765298,16425501.736403378
95,zipkin2.internal.Proto3FieldsBenchmark.writeUtf8Field,5302743.526783525,5238336.709436915,5228480.960153897,5236528.796072596,5225439.800844161,5260682.416534592,5201019.733746766,5212849.306106263,5228553.755032925,5233462.169976482,5196288.621261198,5199616.851580473,5299943.088259445,5236695.828179929,5190072.780560919,5206975.168204569,5236583.753425593,5246699.407779056,5251308.882388205,5213274.9981024,5206511.553711986,5178409.464808229,5164540.538683352,5206814.128433448,5194594.56685482,5128112.914868626,5184060.463362785,5265236.093464581,5289229.524504938,5193934.058683654
96,zipkin2.internal.Proto3FieldsBenchmark.writeUtf8Field,1413639.4587908639,1382953.846069921,1389694.1684478368,1373462.271052361,1377014.3386139947,1364594.4040730996,1372950.9932934889,1387234.0814170486,1378136.3068360034,1363733.4878646429,1373923.6836680784,1374187.6148158265,1375053.0780969497,1373018.5650973837,1376144.600980074,1378091.2462372829,1366887.8531272681,1384300.8851601665,1374273.5545831372,1361914.548926796,1365145.4243319584,1367094.0799456842,1371495.3834111784,1365806.1549179377,1357771.1093589587,1370912.3865233634,1351591.3424256416,1381664.9923983007,1366737.3998813152,1361419.1325785927
97,zipkin2.SpanBytesDecoderDetectorBenchmark.detectProto3,97162545.7658114,97601000.51034692,98881881.9711913,97257575.96462688,96881771.16066514,98159171.37619987,98122751.02177721,97703460.0382433,97620547.12691388,97518379.55762458,97772484.46197432,99007111.09879196,98139013.46663631,98297173.38527793,97194142.82192834,98320716.20783798,98076785.55015427,97636192.66862763,98137005.12455441,97704589.20849574,97254384.24209237,97987587.9971693,98117569.41394007,98072486.58504128,98026890.93881261,98253572.00744542,97635949.26362762,98100229.01638317,97869899.59404017,97983843.8544026
98,zipkin2.internal.HexCodecBenchmark.lowerHexToUnsignedLong,101895184.50054324,101424504.85783805,101401573.72101605,100852301.6372943,101137239.70923488,101626357.25938858,101370380.41054815,102501683.23831643,102065548.11413586,101079245.39773692,102477554.70949484,101657077.76911633,101744071.50851487,101671838.7284427,102582317.58560722,102037603.40241799,101588776.2716941,101246321.25212882,101089068.00439832,102078836.43225306,102289323.66485283,101934614.65449746,102504066.63328615,100658803.89463893,101918307.3757355,102325596.24797957,101923869.90886731,101902183.74873152,102278014.91873169,101581702.68950127
99,zipkin2.internal.HexCodecBenchmark.lowerHexToUnsignedLong,69602300.12772374,70292320.04179549,70081180.57919829,69899297.97535315,70255869.80491757,70542591.89274947,70611888.35752964,69984581.28993972,69902551.28061768,69538013.74940978,69835178.3725357,69736830.07952677,70031152.40137197,69684425.64327231,70024262.08681858,69697848.20866223,69756298.48293953,69145964.79609415,69671314.75214063,69058716.20892583,69259588.26277897,69402868.17353989,69658923.75937133,69584655.86333008,69497937.1918272,69561029.40841778,69244536.73404434,69005074.49271204,68994261.77803212,69759353.64789887
100,zipkin2.internal.HexCodecBenchmark.lowerHexToUnsignedLong,65504639.447251126,65962777.37562648,66333875.03856875,66281302.75599788,65538963.0986975,65466384.502646916,65563690.6255192,65427781.15019991,65210733.52737583,65875397.59060862,66066859.85484885,65486944.87263201,65242177.03146883,65871327.20363002,65598005.402787425,65966982.81740907,66213480.79873025,65943907.51053734,66345245.62543221,63971743.48307974,66085279.70682751,65929522.15311013,65326281.978122875,66320932.8653801,66004534.156083815,66133290.392779045,65937258.50297783,66285643.28558125,66331440.22223034,65485821.49688388
101,zipkin2.internal.HexCodecBenchmark.lowerHexToUnsignedLong,53745599.7931522,53754097.30503506,53578239.42635958,54055549.99532938,53484479.17554189,53955442.68566273,53475092.76456648,53713862.98925135,53300333.44107661,53684067.21429799,53700206.843616985,53810125.571549386,53518309.22841422,53881725.08307718,53619502.39064295,53652627.53779237,53410088.06206795,53744757.29077357,53971718.034714,53638178.61842559,54100856.75014342,53864537.484468296,54159617.816891424,54459797.86622256,54041749.1168885,54280385.978992075,53682888.38989902,53915174.06555365,53409526.5013607,53163751.15281561
102,zipkin2.EndpointBenchmark.writeIpv6FromBytes,23487342.759295583,23491771.536464795,23503869.792439688,23497435.91143421,23564577.366274223,23522780.480268642,23530083.04708194,23587011.720422134,23551153.557276316,23577555.131088164,23530627.726830423,23509265.884861138,23506452.55843944,23450871.193644453,23521538.979662716,23550289.24618942,23466492.189363346,23481319.819846336,23530564.87915115,23511060.926850736,23449336.997709002,23542736.317019057,23367315.382735915,23412858.0579379,23464302.637746014,23551233.18490196,23523036.37391667,23531339.089472443,23467132.877813544,23516175.92281184
103,zipkin2.elasticsearch.internal.JsonSerializersBenchmark.parseDependencyLink,3263162.475248355,3241520.71491359,3254725.74787957,3248429.647275142,3264925.452889262,3260357.0066827936,3255251.8450288004,3260499.2470208844,3259831.979133869,3264132.8291030624,3253028.415231776,3255659.7731270613,3247840.8464190657,3253486.389795463,3261831.5185381477,3258971.997514046,3257408.1112887855,3248144.1182127376,3256938.938717625,3255183.9894409087,3252327.8008163543,3263402.6252744286,3256776.347154602,3254380.821878714,3253955.1151086916,3239060.769303304,3255276.586282465,3264512.6024827696,3261669.647194751,3261471.145066798
104,zipkin2.EndpointBenchmark.getIpv4Bytes,90478755.70716551,90560808.4859839,91762021.73536439,93178404.66194835,90888589.24849276,90031805.14684594,90405442.57693785,90696415.01340888,90399470.59605622,91311878.8832344,89311784.02421412,91039116.98414618,91133289.66567759,91202625.26614526,91469464.00293148,92596603.15508614,92341596.74934515,91236304.4510856,91109376.22554117,91509193.62366839,90340452.07211132,91017747.63547328,90563301.97001657,89827300.31593718,91014514.43259011,90747112.41482635,90567920.564058,91216236.7589516,93319410.44253124,90989645.49565783
105,zipkin2.EndpointBenchmark.parseIpv4String,24689961.69656755,24617661.3241742,24998582.534779094,25043244.027369842,24576787.93416791,24566567.142522253,24089915.104611415,24366785.29702332,24660857.483821474,24541478.48436796,24349452.08005821,24026080.940929364,24650353.77554179,25095117.966517463,25100164.78978144,25356809.58230173,23840030.06283333,23787385.377129734,24947834.773011994,24540606.944973633,24481685.63543461,24471406.383916184,24702727.858996697,24547154.552568536,24987817.453785695,24833814.59797763,24858134.68520845,25122869.796714265,25127404.62037087,24596758.798317943
106,zipkin2.storage.cassandra.internal.HostAndPortBenchmark.baselineConstruction,100892279.87197316,99976658.92445746,99349566.41377483,98780579.63576843,100215687.92033051,100501342.11641662,100449530.74033622,101342149.15409912,100966179.24984373,101967796.69423173,101750240.21475962,100411251.1231599,100770856.84805998,98887593.63627657,100778594.53328198,100816881.28164043,99787710.31110665,99887588.56708992,100438704.3829689,101739560.01596168,102087579.35376312,101175156.47181286,101434612.7086934,98457378.83366387,98907010.79426603,98784506.25221689,99048767.54742168,99535605.56051098,97915293.19371562,99681482.14079665
107,zipkin2.internal.Proto3ZipkinFieldsBenchmark.deserializeSpan,1307040.3564197484,1311067.5968298684,1312050.2693351146,1313623.9349529382,1306299.6660107567,1316096.5175341526,1323803.3472915518,1314443.4275358687,1308058.4363150913,1311283.3546456648,1306541.8056388574,1310993.2458568988,1311643.6514169604,1311822.79737397,1313521.226249403,1316541.124700735,1308594.0780599078,1319141.6756617697,1315921.3877207574,1311116.359923988,1307258.5368977918,1312359.4652427596,1309951.5900211951,1303465.7710835491,1309812.5074150583,1311226.5085662666,1302565.2944926156,1311686.843762348,1303996.5436349923,1318371.425582341
108,zipkin2.internal.V2SpanWriterBenchmark.sizeInBytes,14345611.015562816,14410011.250170352,14410812.388515895,14461829.041777452,14264736.315732328,14281393.519091303,14398617.335435867,14500163.38266198,14230060.18341138,14258569.833886096,14407533.28371858,14445668.176533122,14253904.710184123,14378958.110917576,14370423.512271063,14529613.964420155,14469801.71450396,14372506.470987486,14303747.951391056,14421552.148711385,14460853.57418062,14392362.736454155,14449842.716733186,14319298.582175545,14269050.416597335,14304446.93854831,14456260.794668498,14239957.040741358,14414070.665458389,14319140.11908656
109,zipkin2.internal.Proto3FieldsBenchmark.writeBooleanField,64842957.968590625,64162495.65870437,65197544.278268196,64624106.59075489,64367290.41313339,64997296.11177619,64888702.671330534,65166804.02568369,65524823.27502299,65266664.53989774,64551156.29036716,64225369.77450988,65270543.52172104,64431664.503281005,65059212.584345534,64976718.90580704,64670531.312343,64468115.82686703,65125602.03648759,64957255.46656846,65367801.44855639,64635616.90719685,64768314.918249816,65095767.48904941,64928164.36906519,64991718.7301606,65468189.126963496,64666268.55528493,65067230.321750745,65166689.78569197
110,zipkin2.internal.Proto3FieldsBenchmark.writeBooleanField,32384501.905787464,32690398.50319235,32715470.740465794,32377525.749350976,32498594.523104005,32588422.754790813,32183296.586291447,32552625.279994346,32718769.197884828,32194080.201399405,32472725.388954084,32843020.921164047,32394538.092005182,32676779.93332937,32625599.314563125,32479095.553885598,32417009.445576705,32838927.849440366,32478324.025006123,32707108.662699148,32698708.305966653,32373525.745013777,32297120.494630713,32672415.382387545,32558596.628391746,32607580.673743494,32442786.158722665,32510281.047488946,32462598.546022773,32368839.662844073
111,zipkin2.internal.Proto3FieldsBenchmark.writeBooleanField,9907090.552771304,9492640.997773608,9813836.597723888,9815845.887210468,9743163.676341353,9797980.799750077,9979225.170695018,9636708.684557896,9726888.67903187,9827529.104431316,9756954.344738882,9859176.14589925,9944350.644222075,9667937.988142053,9822511.123179307,10002581.5386559,9836267.591722175,9814920.965154614,9942921.856669568,9678887.755416181,9787103.377328571,9922050.004691057,9780559.16636523,9741082.038496805,9899527.389897896,9717000.220295906,9722018.186895669,9974899.043675914,9903134.12543453,9856743.785895739
112,zipkin2.collector.InMemoryCollectorMetricsBenchmark.incrementSpans,16961707.348188676,16977637.72399664,16997457.781696774,16860219.637291107,16777439.748951286,16954369.6398102,16781509.084038567,17243626.15128073,17081932.317051444,16782996.353814807,18577025.272767175,18930569.098254293,18687750.026006654,18696330.571732458,19184875.593460348,19207749.306360014,19061694.407351628,19191485.558252215,19101357.357986256,18906976.170917824,19190440.20599651,18936220.779546622,19178967.803273927,19182542.671768278,19239281.486103185,19227887.84982594,19209755.277098276,19286263.154131692,19099593.62825729,19220073.486461148
113,zipkin2.collector.CollectorBenchmark.sample,5020044.491452825,4996838.880068738,5003157.247199624,4946157.19814701,5220745.379641964,5015719.266131881,5067312.1179827675,5066410.531590897,4986143.980935349,5018062.3937341515,4941756.348835126,5021470.02947648,5114760.227051295,5007908.325467986,4911001.795099958,5058990.633969478,5166108.989889901,5040032.120795412,5032930.134088179,5024729.829381366,5038026.589505945,5096273.393534877,4992260.686501316,5089331.074763791,5108075.019791053,4988345.898540984,5074171.967430867,4969990.348074428,4965905.718648275,5117999.655884312
114,zipkin2.collector.CollectorBenchmark.sample,547715.2748295277,545729.6101234771,539579.185012553,543688.8704976736,539548.8011313833,542171.2271819446,544073.0047235419,549183.7081250272,536280.2921688894,539088.4390944968,544287.0809388156,544590.2299494148,538817.7945923201,543726.8192135282,537176.7573418055,541915.2623623143,540405.5982759723,536403.6557835178,541166.4976158408,538779.1232171311,542213.9645297831,538915.7253913949,537522.9494493022,535979.6136538388,547432.5712096348,544893.4985716353,544745.1047305767,544025.0841951689,541701.0379341228,538522.7377391397
115,zipkin2.collector.CollectorBenchmark.sample,51712.166390004146,51379.966226796845,51319.599255435736,51296.11096766367,51116.837348845445,51506.94270240201,51660.46485762629,51548.7167849149,51708.79534380172,52088.68095983499,51716.80591066833,51412.210065008614,51834.799246875446,51947.12462275788,50995.81839388752,51275.29387303415,51114.71409887078,51207.71959928564,51282.042000354384,51756.383027081465,51560.25187183039,51516.92113768133,51003.969599146265,51631.40687586758,50278.4342914981,50996.65222941753,50443.03115965865,50490.23290599329,50564.84511272086,50148.8090138819
116,zipkin2.storage.cassandra.AnnotationCodecBenchmark.innerToOuter,17214806.478383023,17465478.22492033,17401569.108087495,17786531.789277002,17786188.61035328,17801053.922364417,17764165.81958973,17647704.00515813,17613834.32285325,17482293.862268772,17656697.645185523,17682177.205451794,17651838.841002464,18003716.62499079,17821974.30686309,17927040.318047326,17678505.988900557,17826269.19454437,17684280.27807826,17615155.93586906,17741168.32131818,17559467.994571947,17631960.457542066,17614538.743895307,17605877.018641975,17773359.201385416,17924945.713324793,17769896.04625917,17426488.419103995,15997891.186548064
117,zipkin2.storage.cassandra.CassandraUtilBenchmark.benchmarkInetAddressOrNull,77446243.8650522,77479668.7261033,77424166.8523724,77182294.76283544,78748905.83825816,77414087.79972526,77323137.1491192,77445608.21858312,77409287.01594612,76851442.69994554,77478630.39654621,77721427.56416422,77467673.45220263,77713708.9505624,76831665.3665962,77422399.41989622,78049971.14569321,79387494.35852125,79260296.22112754,77869873.0235891,77532913.08207904,77875037.42376348,78200185.82066338,77515312.82081011,77723701.25006655,75877562.83806013,77598110.53019488,77779563.09470947,77633305.05056685,77987695.639334
118,zipkin2.CallBenchmark.baselineConstant,95647604.90969162,95528944.09855606,95617982.99442714,95799901.4583064,95288317.35847175,94017356.84573235,95466943.29017653,95802018.11141878,95763709.8981312,95499149.91437615,95575128.94222164,95571272.38798249,95639995.26537356,95659593.16336752,95538678.50953493,95690090.1157036,95573935.99795601,95595341.88236462,95395298.92096044,95639768.2824731,95782864.51163264,95627033.63677436,95627411.46187851,95594012.78386338,95520763.0729977,95659900.41027378,95653833.47620793,95626832.80439983,95654744.24984011,95865340.73421818
119,zipkin2.elasticsearch.ElasticsearchVersionBenchmark.parseVersion,4647306.276098297,4669393.001979545,4689147.294739887,4676222.703254798,4658301.895449758,4684186.740249243,4683346.333525815,4677388.325883717,4684017.999419609,4735517.6706813285,4702936.777034233,4697953.349480391,4708143.6017117165,4674299.703428594,4659032.415584563,4681751.5793920355,4683729.712174129,4694424.424214303,4723319.0428469265,4756131.96704523,4707177.7061396055,4703820.107949018,4692694.216830832,4716340.479405347,4662537.726497919,4700648.127899022,4694319.768749065,4720970.790533292,4693471.439119325,4689966.408153487
120,zipkin2.codec.SpanBytesEncoderBenchmark.encodeJsonV1,1452137.5583755814,1459480.5090449078,1449317.2015764301,1457177.2455585964,1452376.7625965734,1445233.8300311253,1453117.3143255345,1472064.451702345,1467595.9458334493,1448738.3542666335,1450430.6851690374,1451916.6817307607,1447669.2500574596,1454915.6157372089,1451561.6225523164,1450645.7520571447,1476068.6850112278,1473563.8194996992,1461092.401476253,1457310.5910894233,1456984.130011253,1459563.5479305235,1454031.909597226,1461984.7969712252,1453600.7831041282,1460186.1355298636,1456423.0005673312,1452572.5048721866,1447485.3806577346,1457239.7132384188
121,zipkin2.codec.SpanBytesEncoderBenchmark.encodeJsonV1,1478925.633702139,1495272.2070959166,1498388.5833125322,1496729.3866733473,1483094.6427424715,1484466.6564455263,1481073.4586379149,1488387.1518221914,1480367.796125178,1490395.0715476149,1483503.5427182647,1508720.5392073065,1494147.1557480611,1490567.1804319723,1494935.8751748244,1476827.058885001,1490239.8887840854,1498572.1683184905,1489694.8204185339,1482538.9743029245,1487823.7680120629,1497685.3111692318,1495516.2347292465,1488092.4662423385,1484812.018449808,1489128.51558199,1484879.061736261,1483754.2955462437,1486345.5085360594,1487766.302969272
122,zipkin2.codec.SpanBytesEncoderBenchmark.encodeJsonV1,1449817.2975405573,1445778.9017347686,1455662.7829486327,1448137.3990796346,1452629.2210005268,1444866.967983267,1454286.6946756223,1454411.0933749585,1454224.9505569707,1456128.006626222,1452994.0222623504,1459700.1586012,1468792.3158235683,1449228.82509711,1464107.2761801812,1453441.5868313604,1461164.8857744667,1454330.6414498505,1451685.9725436405,1453704.1485976789,1453586.220324215,1446968.827359864,1455055.6820830617,1445476.4135357616,1442635.0597250874,1451890.2420019063,1472554.0094217337,1463660.9733180392,1459227.4406023046,1459836.4577466093
123,zipkin2.storage.GroupByTraceIdBenchmark.groupByTraceId,363666.82608545333,364349.7016002413,364410.3162605828,362035.1791568904,364100.71305733715,364585.7346067164,365927.0624401037,364978.83648160356,365996.3942797443,365679.5851307081,365164.39361491334,365879.10229195317,365169.90192114934,364565.15856577444,364659.2205208226,363076.4173112284,363531.3463605014,363959.17240118963,363660.5774212632,364988.79785158066,365390.0006085384,367051.31118840055,364482.53649658326,364688.4397897433,365053.08537237725,366377.3890799957,364309.6290481312,360762.5921782525,360985.9777229979,363130.6955556407
124,zipkin2.storage.GroupByTraceIdBenchmark.groupByTraceId,368043.8679259919,366509.1274664251,364045.6981677675,363693.1362270085,362354.41714467335,362331.7262261604,363034.891776819,360783.7868734908,357657.5588923486,360202.4969915371,361043.46691732615,361236.9905802381,359503.53366692836,359933.91870414675,360653.6729995283,360802.94687822566,361669.83781799854,361714.3052515844,363012.4537313395,360725.7785343882,360670.47230735276,361327.7299798179,360209.7852142218,358136.38894333615,359332.4030126087,360907.3631895853,359299.4059069775,357935.6871533679,360712.7249459701,359461.27896096464
125,zipkin2.storage.GroupByTraceIdBenchmark.groupByTraceId,28914.882187283958,28830.246919175584,28922.723926240626,29098.233126186344,28964.23976597678,28891.58685909918,28895.80736283069,28830.80824971019,28935.644885878704,29034.372244140042,28860.693793859584,28861.785608360984,28962.11533651369,28864.466604076126,29237.64107871812,29114.764723586268,28973.683698856694,28112.858784110707,28722.050477733257,28838.172230425076,28920.677949048913,28769.193294661094,28745.8188343041,28423.914764765028,28465.019005467333,29028.24678690525,28956.87343617172,28413.689929998396,28675.08317820486,29146.726030728536
126,zipkin2.storage.GroupByTraceIdBenchmark.groupByTraceId,27789.38840999794,27457.75019432233,27528.313401781867,27062.41348276897,27390.30642996313,27461.496514252543,27355.23963933822,27265.293019913104,27333.57182087236,27387.92235221036,27365.222937129478,26984.880451279838,27396.846428384288,27149.553120395303,27542.641091843932,27324.825025902413,27314.847316882955,27294.813849369548,27696.13316983982,27551.29118793161,27607.10176328986,27340.002019992382,27487.099946033093,27499.825808771908,26879.97568476658,27569.956845638084,27424.760702488617,27272.48258634138,27389.033112353067,27805.71540375406
127,zipkin2.storage.GroupByTraceIdBenchmark.groupByTraceId,1757.989323730837,1772.2581717189983,1776.2662119939619,1785.4995137732922,1788.752368699582,1789.1439143175821,1753.1574132624546,1719.5837197339595,1796.704993616983,1804.188952115222,1796.9774928519048,1793.1107443816495,1761.102557986373,1784.9244619967683,1793.3927858969798,1791.110108435945,1780.5055233475725,1778.7578791429314,1782.40945210033,1750.9120847834165,1790.394010710377,1784.730014966986,1785.2781120837103,1785.176132289068,1798.835027040835,1781.3413009577557,1775.170844326178,1795.4276356240393,1819.3726148249941,1808.4925098743415
128,zipkin2.storage.GroupByTraceIdBenchmark.groupByTraceId,1720.590496020766,1740.2478144274178,1765.4805373650495,1757.5466144875936,1775.0920067118188,1765.588524297647,1768.5995660664482,1765.4693246375846,1770.9857617671933,1780.8556100079961,1764.4849080366762,1751.5599818591572,1771.0368304749304,1765.807767103242,1746.5228534494834,1760.0278260399298,1750.8538088066261,1776.6136398317458,1768.609430835006,1766.0881333749758,1766.312794811425,1766.3530502327626,1773.3583670223607,1781.0632206200792,1762.2371645384517,1772.288029363692,1765.3978933944788,1772.9548165413266,1772.0542333909884,1771.6700884544784
129,zipkin2.storage.GroupByTraceIdBenchmark.groupByTraceId,55.1546299298512,48.72735558366593,52.82746433926375,51.960448849465664,53.41237943277241,52.72507296306994,52.904127563262875,53.65109832342702,51.92925521773922,50.81614591368066,56.42562512911557,52.89397175916796,51.62210138761191,54.31385041205203,52.4213538056352,53.61646729300326,56.73410184531518,51.64174843559044,50.75285392508324,56.360784060492435,53.81756673666797,53.82154782285674,56.93895159345319,53.80349564499561,46.59488371898298,55.107897529327296,53.712911898285505,52.904110191251455,53.52093613445606,52.744386934629794
130,zipkin2.storage.GroupByTraceIdBenchmark.groupByTraceId,52.9836663542873,55.73909183260532,52.30974690871485,54.66683836559786,53.38648877833041,52.57903081826125,54.60868555995947,62.365272697361874,46.685841541725736,53.78025693563564,54.42532400166404,54.79487445596124,53.841559742206336,57.85014890807864,55.95146747330778,58.693293732908366,48.209536386244004,55.44100958965519,51.56861916675007,53.97949087030027,49.35094393042711,60.38667584272235,47.75598672656176,54.96597723302745,53.268468332597436,59.485944064789784,54.91955668917864,48.09438018534924,55.90965787613393,53.526416625260595
131,zipkin2.collector.InMemoryCollectorMetricsBenchmark.incrementBytes,16088510.202850962,16088294.844039917,16096346.788962316,16122816.95065473,16168943.41144818,16135927.465450985,16094672.248247616,16098663.101920925,16107311.465370776,16135783.545306483,16147164.016095642,16130502.093837418,16078056.897793243,16108785.294628683,16094747.943894321,16100308.328964628,16132531.302629363,16158409.345999727,16117368.784871671,16111908.15455594,16074554.381189683,16071623.548397258,16168318.341357797,17038068.51421399,16147572.920858633,16226980.706277823,16147500.64618599,16070261.40773258,16140964.557685398,16156818.722729245
132,zipkin2.internal.Proto3FieldsBenchmark.sizeFixed64Field,100349044.48458925,100950584.82122771,100900235.00588663,100431281.76631677,100489870.16304018,100564951.27060473,100832449.01272972,101478103.01950984,100714142.48380269,100639269.27925561,100179149.88228777,101659669.13202442,101361487.58630593,100833501.57779808,101445314.80770603,100109622.18825687,101514605.43399656,101245658.44958614,100901151.00842628,100227123.04791124,100309365.09712751,101510043.88763127,101233521.63357428,101155160.94634502,101379514.86011524,101493433.9899545,101840628.13492385,101502394.65664953,100712688.32761215,100584496.42708609
133,zipkin2.internal.Proto3FieldsBenchmark.sizeFixed64Field,100074348.58142906,101728974.89738892,101480505.12371275,100354167.50478932,100833438.03854744,100224247.54723795,101467616.21805514,101208070.03042392,100491283.31233667,100930998.83826151,100548448.4606784,101362031.71886028,100916910.49029568,100319931.18887481,100525963.4611452,100043193.56150953,101224884.99110255,101288386.11737351,100533861.34810787,101155497.34857465,100682043.45438479,101008784.4763145,101157457.25962736,100810848.49359325,101491670.68412942,100165171.32871343,101019590.66229582,100844324.16729988,99460848.45992441,100901517.19987324
134,zipkin2.internal.Proto3FieldsBenchmark.sizeFixed64Field,101553091.81916828,101142708.76222508,100982008.74624531,101500391.93819204,100831686.63331501,102053766.69177158,101563826.58121756,101710747.40024576,100310263.45228356,100410580.76846635,101136235.87198436,101632369.81328563,101767503.44137834,101504471.02373102,101078577.12985398,101690570.54052034,101955076.18621284,100780659.7443479,101056617.56268385,100955035.46177784,101680846.41482803,100685909.85777475,100273003.66598597,100490679.83559708,100460079.32176317,101139881.40712458,100752504.16363522,101451263.70778298,101193833.86960274,100363089.71957122
135,zipkin2.internal.WriteBufferBenchmark.utf8SizeInBytes,21665185.099705383,21931975.577645924,21846247.180511244,21781684.35489738,21866596.587716244,21894755.60106816,21849771.324517515,21997822.949682016,21786698.273140904,21894275.9914766,21852446.170709826,21903081.063706715,21753206.29283991,21767412.903536174,21826227.48770969,21726058.75728673,21811832.956794053,21645752.11105875,21599016.89558865,21649684.296557356,21640717.20065635,21661439.0003824,21588047.38642061,21622602.892230317,21671425.2116987,21695663.77475526,21569252.99567717,21587969.951228626,21766574.108087085,21555653.978268422
136,zipkin2.internal.ReadBufferBenchmark.byteBufferReadVarint32,58101845.33279884,60254386.36348826,58092110.061697915,61866865.19036564,59974032.836279765,58045387.014377415,57915851.49165308,57827118.67673968,57936369.984700255,57439837.81174854,58062321.47593814,57927635.08907426,57894607.19354473,57816019.31403437,57893298.929463476,61837476.59570487,60001056.04949918,57906327.05018143,57939031.25011832,58007740.815640144,58610903.83291951,58051312.436020896,57988476.8152329,57896713.13886919,57915186.4567962,57995560.868321605,57859102.9446886,58240511.300790444,58054116.17538889,59689986.605541684
137,zipkin2.collector.InMemoryCollectorMetricsBenchmark.incrementMessagesDropped,14508242.49048898,14517171.321188442,14424418.437651683,14553027.436778497,14473289.844040943,14461021.021069784,14524232.219610645,14287590.12960535,14388046.112807918,14364345.299650718,14426690.625610447,14496076.838422576,14398852.713947214,14393074.655956944,14500937.182180421,14312298.672316138,14486591.403641399,14739569.549075391,15129516.035073843,14951704.893200394,15113488.611744566,15401101.865765324,14917838.518062769,15229371.264951482,15241431.26596578,15013015.79248435,14946161.103851015,14810808.494771512,15152551.639140155,15230605.33743631
138,zipkin2.storage.StrictTraceIdBenchmark.benchHasClashOnLowerTraceId,10396944.942312693,10403872.64590268,10410459.216082478,10438288.499074813,10429034.922632694,10408989.200827004,10393814.774752032,10388277.322891628,10404616.034912584,10407441.835215459,10407657.332551422,10402152.326794991,10400976.93995547,10443688.521199066,10512444.809685003,10471049.77801337,10487078.348565692,10545420.836492792,10549854.507557355,10556148.245324017,10575839.912053572,10564077.990175433,10552499.024333464,10429408.708417725,10492994.171835093,10562364.345308842,10520101.716441832,10509451.340833327,10493225.940888923,10478474.094069032
139,zipkin2.storage.StrictTraceIdBenchmark.benchHasClashOnLowerTraceId,10088312.916343287,10207692.793115305,10218063.831693983,10076775.134854473,10063865.343420206,10084865.686616693,10090136.587539397,10080539.471220285,10074433.859767905,10091465.859316492,10143849.771595037,10187386.132313898,10184115.667339629,10217954.360850146,10269065.538523844,10215164.898111388,10086835.63780672,10084687.20146761,10105030.75124793,10180429.859886514,10183327.185893748,10174865.886390239,10210224.687551942,10270437.863328796,10210897.244040826,10163261.926554415,10129386.995532585,10134416.798802547,10094349.361058693,10157032.844042744
140,zipkin2.storage.StrictTraceIdBenchmark.benchHasClashOnLowerTraceId,10511790.685107514,10493846.368426722,10465826.66720106,10456248.290374195,10467447.079117687,10373723.65531314,10466641.893774992,10411687.765534084,10453200.978434041,10441820.797585176,10412639.692588486,10473194.76060665,10506044.83758675,10488656.607487928,10461245.242015477,10356571.61535498,10422829.062333856,10419569.524355497,10444000.007856756,10390681.234988606,10468967.011749491,10435264.564517315,10450276.034182863,10451546.784291403,10483374.023314632,10411697.935424762,10466534.841050623,10442523.93723186,10487837.20800431,10485367.417648936
141,zipkin2.storage.StrictTraceIdBenchmark.benchHasClashOnLowerTraceId,10129225.50590998,10138082.444754036,10209102.416105086,10216875.243469577,10138936.170371268,10220988.069376457,10193612.524205899,10147546.661012378,10201393.234450895,10140438.682168277,10161883.116275424,10177715.567465061,10196910.390838685,10170870.996322962,10176087.119430026,10263336.088023676,10219926.653711941,10202034.558336645,10180360.79743163,10140107.902417105,10239020.670816882,10178648.131980529,10218288.00743384,10222385.903679973,10220275.775869811,10204092.86690531,10208947.93838602,10179191.112875499,10236427.536974534,10170729.156995304
142,zipkin2.storage.StrictTraceIdBenchmark.benchHasClashOnLowerTraceId,10594365.053322311,10599122.836834596,10529847.79675429,10627001.508857397,10542122.303464396,10587578.5742281,10569182.959815932,10578740.392320627,10596379.781803735,10614089.86872927,10574003.38598488,10569014.33887135,10560781.369150344,10567903.766212862,10443898.346478885,10559038.518540278,10566909.99602595,10606444.28376813,10595782.221055046,10632807.825085916,10629999.61255966,10586419.119727368,10603961.076212933,10612057.756265111,10503345.667596592,10560834.326802753,10547171.291750584,10558310.684209885,10518976.190779874,10525372.259231055
143,zipkin2.storage.StrictTraceIdBenchmark.benchHasClashOnLowerTraceId,10382333.377723027,10398854.049857745,10358733.901598008,10313609.657292133,10322270.426121794,10339919.96364866,10386917.588591676,10374546.210500736,10379869.73134606,10403943.318864636,10385331.326112283,10397202.240449237,10427102.970911918,10405147.377544073,10367401.028522734,10451249.110257322,10398099.87460081,10399371.563378472,10340341.539798642,10376517.837614756,10538232.482373305,10704914.407822423,10778867.971322857,10559627.267880773,10566867.1362099,10630851.73211111,10607102.508610506,10628475.321720181,10625334.247731017,10593560.648703646
144,zipkin2.storage.StrictTraceIdBenchmark.benchHasClashOnLowerTraceId,10395811.601387184,10347667.729939116,10251397.349224221,10172638.793695737,10257466.432960665,10227388.081793733,10288240.493432485,10232540.015064524,10251735.813578365,10283569.554205032,10293038.897326367,10292951.657173445,10254021.597075542,10158879.033708872,10233449.96741345,10192057.624404987,10199805.98989781,10221392.893371226,10226012.855596675,10286928.119035663,10308992.192245211,10262032.08585561,10273509.78690959,10180022.535559911,10254729.358680904,10261417.137100657,10211377.343850274,10269534.031798279,10203879.900390198,10248695.922447179
145,zipkin2.storage.StrictTraceIdBenchmark.benchHasClashOnLowerTraceId,10086812.43236367,10073818.325386656,10076464.915835835,10086970.00209071,10086698.792966593,10130460.579363069,10123181.70462789,10105279.788765471,10176158.181060802,10169326.366667787,10229285.000612136,10327402.256784083,10362199.476207381,10227273.310195316,10265192.560675528,10339990.605800062,10290158.989834825,10272226.49674595,10258885.180874754,10291867.181012703,10231769.096109904,10289223.748299625,10254835.687020281,10288516.994980862,10277895.722672686,10263586.120117575,10288979.729982901,10228130.847398087,10265775.443768598,10193190.585739478
146,zipkin2.storage.StrictTraceIdBenchmark.benchHasClashOnLowerTraceId,10620113.024939395,10562725.852101868,10454692.43246624,10563711.449930275,10565028.249642262,10504236.433962297,10566700.327727137,10546987.430833403,10560063.273983993,10594938.30690232,10571686.358165622,10625143.986487852,10462868.67667791,10564302.34594591,10570367.580190955,10566296.85114508,10601641.740336912,10507566.28415548,10589951.802384738,10579122.514192648,10561647.549675439,10646690.485683015,10537836.345110543,10538813.300789142,10570364.934050983,10601320.168628223,10627856.04358346,10619899.0620473,10614241.521391694,10624473.275583446
147,zipkin2.storage.cassandra.CassandraUtilBenchmark.benchmarkDurationIndexBucket,109074115.40917805,111281944.08862366,110630178.53458275,111684212.87058379,111238017.75252691,110742034.8322949,109413525.15905674,109676357.47262563,107697948.29247606,111169761.58576553,108454696.00724234,111153848.8068559,112389167.80183797,108396307.38936993,108021460.4483837,109331343.93912,110944278.27779266,104645802.06233065,107382174.83028582,107560712.56973451,106746165.44838761,104039742.4076014,104428793.75642943,107806896.32392494,108631713.37615797,105673011.38095213,108026315.73434474,106464209.00318277,107816303.65032755,110870429.94395286
148,zipkin2.codec.SpanBytesEncoderBenchmark.encodeListProto3,429580.4684960333,428866.5912909385,434592.4224663732,438910.38832925365,433596.6505285701,431860.85954720346,436495.32470936596,436269.4301378154,437365.7985165462,437765.2495051728,431664.5236300963,432045.0164243545,433320.446066178,439175.83172154217,440580.9117474266,432466.2676226257,432864.5568843351,437333.89240184164,440191.17402937345,435343.5063002371,432752.9878069444,433276.37686970184,436849.4626572727,438907.4910009325,438226.7319802435,443177.89352915366,440081.14255619026,447104.3125908591,449193.56821392325,451144.27303320443
149,zipkin2.codec.SpanBytesEncoderBenchmark.encodeListProto3,41016.70192903129,41221.99351512497,41443.1914535918,40970.890596199984,41132.81586759087,41021.132896780684,41010.218591294964,41535.61804074809,41469.62142692382,40789.49528025282,40947.39206059966,40827.24828429289,41191.12802799564,41213.458115409565,40831.17150603491,40979.028007214234,41081.42214076067,41949.89076248446,41389.9900785315,41755.67074341892,42429.55998099498,43074.64877029687,43257.37123020107,43523.21399202594,43540.093176299364,42906.85007941512,43321.868477427175,43655.76401649228,43632.01221487547,43364.04545237932
150,zipkin2.codec.SpanBytesEncoderBenchmark.encodeListProto3,4244.396917886334,4220.198820575107,4269.457351970565,4248.526811829279,4199.614387628175,4217.402819978094,4236.081558213037,4244.774369018415,4232.146409926289,4205.376367916896,4183.237274530972,4215.828564580074,4237.78933562923,4208.971710330421,4282.302661270033,4246.6446450227495,4306.960937060013,4366.930342247319,4366.94805461702,4295.552815769667,4264.5932900025255,4296.424953594936,4357.397145390141,4409.599145389689,4384.638968827307,4383.963188321999,4407.490864285322,4406.226579454735,4412.198299156845,4362.333217367725
151,zipkin2.internal.ReadBufferBenchmark.arrayReadVarint32,61836632.72652734,61524097.915523745,61922099.81938707,62007574.48300975,61951037.23238815,62285954.05422848,61677575.813288085,62239730.56324611,61698293.74862143,61514604.4918098,62470679.63927194,61502390.11289472,61980651.34554061,62177807.168045714,62288190.25330672,65432900.12808451,65088176.490986004,62955446.39539858,62514432.23828102,65361385.54145846,65063484.36040782,61883729.56339314,62471349.991591096,62255683.272291005,62285099.71699124,61492741.09699498,61903621.92119795,62333046.54742696,62853230.39729902,61786885.12336363
152,zipkin2.elasticsearch.internal.JsonReadersBenchmark.benchmarkCheckStartObjectFalse,12357079.2580421,12574994.995722203,12675057.869693315,12696648.562838254,12613623.08031795,11881543.60236834,11885730.055886326,11199665.542300303,12307130.066652045,12172171.72581755,12152939.61391731,12354003.320279216,12791618.14826562,12823326.244444458,12828230.410337305,12803093.025277345,12836327.61706061,12811669.169764271,12718143.879119875,12797548.133246435,12804400.567014478,12857579.659003219,12736198.192948813,12819947.40734137,12852680.827885278,12836803.20007744,12667508.68281404,12673151.08927766,12371894.236683695,12551181.29599223
153,zipkin2.codec.SpanBytesEncoderBenchmark.encodeJsonV2,3262625.206967112,3233262.6209135777,3235689.167416804,3235053.9990713396,3275836.6754114856,3252590.4290251764,3256883.038492268,3247988.325586691,3233177.971691036,3219897.8232905986,3226430.75172114,3223358.6049304213,3235567.839854455,3184938.5246065566,3222380.460631362,3196231.6662524617,3183389.0083177546,3150306.877872777,3201954.7764176386,3244188.899795396,3233897.63043356,3182487.9516706993,3226657.4369390984,3215695.783289397,3249839.871813214,3211813.789631909,3226765.4129336164,3212471.0685877223,3184934.941109889,3233801.287663927
154,zipkin2.codec.SpanBytesEncoderBenchmark.encodeJsonV2,3283720.3777442537,3224141.112893065,3249406.416496945,3169800.7003781907,3229609.30495519,3229713.988670427,3211635.345601465,3219628.972650207,3180269.3991530663,3251564.2759998026,3226315.2706516366,3199069.939901531,3197264.7416355615,3204522.742181767,3233055.9492187994,3208509.129131428,3181399.2143137623,3222399.9234162318,3211889.423425313,3263458.4334749333,3190695.9825933864,3185506.2084394596,3217554.6118169106,3177151.448528957,3217475.6185357315,3192059.101747534,3177904.977522414,3204971.3900014376,3165142.2252477724,3215173.064335368
155,zipkin2.codec.SpanBytesEncoderBenchmark.encodeJsonV2,3190353.8005462578,3190941.230398173,3175725.191510348,3203627.2708687936,3211701.2191840103,3234290.6956129507,3156433.031092704,3176501.790559034,3216555.4217623067,3219071.0046878667,3189907.4783149464,3226437.636828184,3164901.46730107,3251973.6360904044,3242285.502438078,3213397.513399109,3191969.984325057,3196236.1134791044,3195706.905967565,3200207.439929182,3167321.731016705,3190477.4237931375,3189741.6143723796,3205099.6173324734,3239648.0856075436,3200449.690019181,3181541.919656875,3191776.228971244,3210099.9257385638,3215152.048584056
156,zipkin2.internal.WriteBufferBenchmark.varintSizeInBytesLong,34297988.27415816,34191377.224766865,34370546.208430216,34590995.44683236,34457586.57601194,34705214.07225602,34238041.47492744,34422111.37838286,34167944.23273735,34568171.494196616,34493715.01018954,34250456.71278114,34211049.47506439,34362848.03845451,34352979.03029968,34313222.3835776,34189147.43527622,34538022.29572652,34281160.005382694,34819765.42863409,34507723.439020954,34388582.347896725,34526396.74382401,34327082.16853275,34525177.97100089,34854225.30991448,34118189.02996504,34310375.484248,34229294.68197964,34693156.68612355
157,zipkin2.codec.SpanBytesEncoderBenchmark.encodeListIntoBufferProto3,425654.5385113557,426865.3918025881,431362.2496701778,427435.59530503995,420654.2047403164,421934.5229286805,420938.5865210835,423509.28424092237,422707.5104151058,422321.71041571634,427830.0723142378,419612.25831011793,423206.92596559343,420283.2170123667,418533.3505253774,419411.3207021294,423903.2673029071,423959.6054172715,422484.16548746376,422622.26480810024,431165.80811907526,428746.10955780186,425419.2287187098,424484.67838728474,422116.4750906831,421639.99636236945,425369.28511394147,424112.42834591394,420076.7566870873,424880.4377603592
158,zipkin2.codec.SpanBytesEncoderBenchmark.encodeListIntoBufferProto3,43484.24436711792,43985.42153060446,43844.0350857236,43511.68293036349,44055.36592967107,44273.15956475689,43622.18632535983,43565.869922943646,43575.73394926316,43579.094962729374,43936.52257150692,43647.81468486218,43956.06259682576,43414.00060397583,43668.74132169262,43848.20393371867,43520.813296735905,43677.886863833526,43356.775233792425,43383.1269768759,43449.91205847389,43585.0337633865,43560.93313606349,43312.952246938454,43699.652107069574,43822.47662816163,43482.86216508166,43662.441468254845,43529.85000593417,43650.47979589851
159,zipkin2.codec.SpanBytesEncoderBenchmark.encodeListIntoBufferProto3,4489.341427883614,4482.143462384338,4459.149131917542,4459.991524556433,4471.54080853129,4474.751105915841,4464.221774539154,4467.184917439964,4470.381075740063,4464.486865273166,4488.3180135427965,4442.361659283731,4436.7397630292,4409.132869066039,4418.533204059657,4448.434199205769,4412.1360861057965,4390.216886282476,4387.849681045626,4443.3837115659735,4384.722383976479,4411.105403363614,4469.416070790351,4450.675679263252,4455.865669017676,4450.757749706441,4450.5297970764095,4439.992709531971,4447.404656007436,4503.301056152977
160,zipkin2.collector.InMemoryCollectorMetricsBenchmark.clearMetrics,264277120.0073816,263769503.50144207,263111760.16284412,260821295.48132908,263743035.60477653,261758006.5769499,286417687.62470627,278940602.6001931,264849387.36554638,263752349.85461158,271838853.0915673,268716998.5387142,263308642.72985548,261673539.5883928,262509772.19782785,262755662.68648592,263098803.75079134,262357052.44844282,267648897.15219417,285173129.93892086,270582225.4463541,261879477.60936645,264277571.2366963,271247294.74656075,265730944.69303414,263365607.88113502,261772855.36287117,262582504.1786133,264415801.1031229,264102095.3430977
161,zipkin2.internal.WriteBufferBenchmark.writeVarintLong,31491891.541343506,32036693.125287052,31209988.98089989,31182820.93205566,32577628.41979373,33026752.57684683,32526007.63859669,33044030.796140205,33309783.653006114,32808888.426357836,33737428.921453625,33390857.21072712,32875503.40966462,32385945.56493625,32491434.0438284,33114353.064284366,32824395.15928956,32995755.014436748,33062130.56836331,33088136.784464285,33160533.75317489,32973890.805005822,31948102.873942588,32761800.135330457,32345141.278798524,33296420.6252304,33394219.669261195,33344018.49472894,33359132.485994916,33400735.498561576
162,zipkin2.codec.EncodingBenchmark.listSizeInBytes,88064985.12381518,90205656.20232125,90211581.99317937,87071693.0853549,80321241.31410512,80088549.76114364,82521707.9719821,80377548.80532682,79922053.61643818,79266978.64698099,77459823.6266507,79064791.6669956,77759379.63470212,79891224.16215527,77784290.63353248,79797645.1131944,79975925.184226,80142410.23986444,80295077.95959212,79413323.73599568,76657903.72065303,76667170.04921742,78234366.1767817,76948748.71143901,76442512.79069714,77244838.89290415,76148928.05635968,76814893.5988467,76571527.38275895,76175659.41767938
163,zipkin2.codec.EncodingBenchmark.listSizeInBytes,16358849.332728138,16508956.085771572,16381892.739993175,16683662.661035834,16421967.782074701,16555677.700157162,16625847.407138744,16457480.515139107,16709748.849336049,16522587.056087963,16641959.718788741,16747766.999036493,16801631.76159312,16540952.47214477,16591483.44841999,16630691.486666033,16730917.031853333,16967262.7518499,16867593.731415875,17133465.708293427,16967355.48046294,17060399.748940527,16846631.530430555,17064337.21291071,16743896.356922926,16942715.325098053,16636780.49695265,16892624.948871925,16643250.25797306,17060601.333912563
164,zipkin2.codec.EncodingBenchmark.listSizeInBytes,1418061.0499849615,1424034.7512483837,1443239.0617775042,1394126.6176982105,1370515.1441085006,1384668.683525422,1354785.0355166206,1355140.0023330431,1352893.197746891,1350202.3432543506,1332433.264111656,1328534.0812885193,1322615.5854284388,1331591.8667193665,1338945.6845459035,1344024.7243407671,1344055.5231953487,1346331.4308470374,1346736.5158011855,1342689.062504758,1333689.4811724129,1330707.476335866,1328370.8629846536,1322428.2199281808,1334047.9034736129,1331093.3515941494,1330316.7382259234,1324772.8087439642,1323602.5445124193,1335344.8545485372
165,zipkin2.codec.EncodingBenchmark.listSizeInBytes,87661967.89132941,87843729.01303,87653092.30077825,87916534.20779748,90225305.7373246,90798378.70522822,88093038.23312417,88227435.34248413,88472791.84529236,88450485.45856288,88372605.84963493,88457446.2220735,88593353.99606484,88780778.87362099,88817905.40281694,88575716.10552369,88890175.18086794,90305426.47736195,91186423.47476548,91141237.84264834,90677994.75026985,91483121.20095734,93863478.72736524,92426935.3846651,91354041.72043677,90674389.2245481,90953273.93354037,89933172.44958246,90917051.21183385,90877831.2350116
166,zipkin2.codec.EncodingBenchmark.listSizeInBytes,27152854.743888076,27582333.689337153,27851230.067804176,27880343.94935503,27842462.200672872,27811576.782712594,27221005.630441517,26706018.413664695,26590007.207533944,25284457.239858903,26214328.683309402,26441039.994026665,27157471.04361022,27376840.992043577,27280487.392625604,27276350.840958707,27330238.510649078,27724932.26237718,27642397.601773698,27843047.9454526,27919359.82561595,27948384.503470507,27811279.808085043,27874933.750078723,27886881.187731657,27089207.103799418,27269462.349242378,26751396.431716423,27083539.156112075,26835544.308672152
167,zipkin2.codec.EncodingBenchmark.listSizeInBytes,1714746.907104462,1697793.7758565128,1792962.1697196898,1920322.4120654985,1930049.6155628413,1924882.1158362313,1964089.5312450847,1958523.164754155,1956022.9697717533,1965524.881330432,1956455.886031842,1966414.5278927328,1968112.9960617132,1959684.0326585735,1968049.504795582,1971882.0762523348,1953066.6037666705,1967941.921312909,1946714.2320380008,1965853.9852988883,1967872.796633301,1953827.3284577096,1919824.0504930096,1942984.516354171,1965994.0106714668,1971029.1644379261,1930773.1425353386,1781409.6104023757,1768348.2475612827,1945814.317852361
168,zipkin2.codec.EncodingBenchmark.listSizeInBytes,108202613.78735076,106713032.30631593,104349075.4004348,104710797.86946711,104940448.22702077,100987613.04963318,105126580.55732453,105343310.48177668,106052662.23619346,105941850.32141577,99700484.03289735,90482044.3525105,100951261.64364761,106645136.64291595,107065936.90915029,105170734.57278034,104604569.57665375,105393735.41110753,106201475.40997623,105713864.12652095,105733594.51167887,105988632.38896921,106754948.68933974,106596663.92133546,106567085.60011771,106172730.33377163,107228583.76322842,106164508.38616303,105520085.19544849,106862389.30358465
169,zipkin2.codec.EncodingBenchmark.listSizeInBytes,26427454.385781124,27110412.527565088,25028290.864062607,26357132.868325774,26525917.613315918,24644755.862031735,23216779.93860091,23240988.31562551,22513832.64257753,22315692.174152594,22041153.072489087,24089783.90003827,23897612.52459866,23245730.85633807,22988972.337664522,22460799.37889455,22226773.249063868,22179637.105334755,23045851.44327312,23549202.634940002,22641688.503428724,23433068.225714862,23128073.761148527,23089581.164583635,23294007.262302186,23463311.251764715,23017425.203103278,23014753.39532735,23046537.863658965,22880960.103180017
170,zipkin2.codec.EncodingBenchmark.listSizeInBytes,1732409.141399421,1777522.9240830825,1732594.3993131316,1778492.667728962,1818791.5577135899,1780434.4953660453,1804900.4717773143,1806365.0680681118,1768093.444786081,1781161.1968902308,1753672.9192110875,1791132.783570381,1769607.154759273,1738098.612421299,1765846.9356721125,1756592.4628641603,1790365.3529737606,1802826.82004655,1783396.3538687476,1820594.3830955222,1788965.7379027533,1821878.135112154,1800388.815543252,1752948.6069366434,1807358.1552444708,1766950.5349954318,1800152.7461972327,1781312.4158013037,1749053.6930279115,1792285.6055623898
171,zipkin2.storage.StrictTraceIdBenchmark.benchFilterTracesIfClashOnLowerTraceId,4866442.193382866,4841243.793853654,4879170.719044979,4895530.838821522,4862451.545530474,4881318.157090468,4850649.7110312125,4884408.358787449,4872692.674546875,4846586.179728987,4830929.9842087235,4841317.068137467,4845520.670196424,4800806.479728351,4874288.559778255,4843764.282105679,4894412.647163552,4857193.272989997,4914015.233909247,4919580.438440389,4905318.748276106,4913580.947647773,4890728.897636691,4910889.104012105,4879880.413634942,4909596.185254036,4955427.581769802,4930562.697665888,4874793.508597665,4813114.267278864
172,zipkin2.storage.StrictTraceIdBenchmark.benchFilterTracesIfClashOnLowerTraceId,698420.0800431999,695891.5246983307,696907.3699477344,694389.7652317741,680083.9983040428,679018.6514624023,686551.7430665034,692349.6630086764,691884.439983845,691037.5144677499,699794.7192425878,698440.1573813541,698208.4269788539,699352.9131183812,697720.6706432387,699700.6483183366,699513.2138101388,698687.7636385534,700149.2614237287,694374.331165063,696885.7651938488,695854.2645258808,699361.4608050633,685399.4304732302,694324.6713809344,696114.4527253576,696412.4908651877,700110.9640809622,697722.147383294,693035.127413868
173,zipkin2.storage.StrictTraceIdBenchmark.benchFilterTracesIfClashOnLowerTraceId,74468.50772486173,69460.16983011524,73637.07548651726,69908.0563818849,68543.1072945706,71653.55912443729,72749.37104312425,72287.9324186212,63726.231979419965,69803.71922519642,65755.34539824375,64103.48673257366,64452.31285417249,66728.07043752358,62951.56176417901,63593.44615773658,63338.86989784289,64205.22241421224,62252.90562549604,64016.8632451386,66013.43655714425,61399.93755531455,59276.60428413271,62286.146671620976,62873.196171631615,61969.08640431722,61466.300036069326,62980.80341851917,60302.04051897956,61596.023294734994
174,zipkin2.storage.StrictTraceIdBenchmark.benchFilterTracesIfClashOnLowerTraceId,3290075.5296763773,3301952.169622519,3307056.480823591,3293520.7678301283,3258440.441115833,3217850.741635971,3208310.6604683627,3225253.100180348,3236721.0423780526,3256984.0764697534,3295541.772085305,3270790.9903186243,3237571.8588742213,3239835.4168567955,3250480.265601194,3231017.3327931594,3234675.834382819,3239202.0971052963,3292149.6930294964,3295087.0450706915,3273314.5993511574,3323348.8477138598,3309075.6325730775,3328401.9656321895,3400124.4453720558,3396559.69756626,3416126.5850317543,3355389.2922482677,3402019.557179004,3350158.5596531695
175,zipkin2.storage.StrictTraceIdBenchmark.benchFilterTracesIfClashOnLowerTraceId,474248.6028545563,475395.23569913855,474052.64013614075,481839.8533771235,479260.3726176348,474566.21746995265,479216.7210234317,479958.3975124137,480929.16418876447,464248.4680152551,475608.28732346604,471532.35217206273,470802.5458910386,475141.3103376451,484198.4703388974,479555.1969025623,485660.7071711975,482884.85210455727,484804.5889674693,475427.7690667287,480761.09646378685,484379.00386868324,485659.44519048004,484235.34031529445,466726.4356034397,476442.2473436466,483600.8175411188,480773.5589595963,479226.5700712576,483546.60308843816
176,zipkin2.storage.StrictTraceIdBenchmark.benchFilterTracesIfClashOnLowerTraceId,50509.61974471783,49871.049849462994,49886.883997928344,48079.358135429175,44953.53581838486,46647.55678756569,47934.40242722903,49119.006029125776,49865.701939126135,50173.280260645784,49206.861143534516,49419.67387247131,50266.74859590057,47993.64577209063,47227.16896735625,49354.599073287056,49283.14911329459,48016.53828054167,49316.75298078394,50394.88801487531,51904.339861665976,52467.682468437524,51165.53423057436,50096.853116074664,49860.70474958935,51319.600962613804,51648.028181580084,51597.47847209428,49285.78558965346,49985.40192355542
177,zipkin2.storage.StrictTraceIdBenchmark.benchFilterTracesIfClashOnLowerTraceId,1728114.0989165225,1740088.605266422,1767869.7000026542,1780624.3622455453,1781836.6052575142,1802438.9278146895,1766235.9305279155,1782239.7086162188,1774637.2956502116,1785998.0657874765,1786348.8717382494,1783989.9003750791,1796104.3985315398,1733647.2114269368,1755685.779098606,1760243.0924323627,1781290.0529984792,1782909.5627620576,1784764.527980368,1788535.32364014,1789703.9116506844,1751924.372160493,1770048.0517811344,1785324.2220269127,1785262.297484424,1797890.3435502858,1708095.8940793434,1704250.6212849866,1709837.277381912,1774617.3616800543
178,zipkin2.storage.StrictTraceIdBenchmark.benchFilterTracesIfClashOnLowerTraceId,235391.45588213502,235974.0321629591,234820.7375975269,234577.81745657147,235756.4028281277,236051.65129301988,234964.46817886626,236611.63798836165,236735.54667615012,237254.51894610332,236624.1227110461,235189.45601187504,236995.53497220334,236573.67283095024,237172.52929782274,237597.87967652176,236602.66034658547,233874.37522761882,237422.28944045395,237379.70872557964,238233.9588014586,236316.44236385677,237442.3993101038,235615.43485961753,236087.4971926371,237186.15848666552,237688.46298699707,237191.6333021049,237316.04474136073,238681.5855461166
179,zipkin2.storage.StrictTraceIdBenchmark.benchFilterTracesIfClashOnLowerTraceId,19340.366860741546,19510.304066818993,19678.597840868046,19677.248508433015,19594.489877050542,19451.722819331404,19542.20264499613,19336.26165829276,19724.536991642257,19658.31363122346,19551.484525331474,19624.064851340943,19465.861831058737,19747.463165213852,19671.493341745547,19668.883529787778,19594.198137133506,19568.27971119211,19319.322387321175,19208.97746771144,19429.87487423566,19436.71567972304,17220.729247947336,17495.531049785743,18965.104738172722,19089.65202240174,19092.630103790052,18454.315732426956,17969.48400448196,17588.35165485961
180,zipkin2.codec.DependencyLinkBytesDecoderBenchmark.decodeList,3838.112236963366,3827.3291916672347,3837.432501294546,3819.1960554111397,3839.300744316137,3859.742434159072,3853.4534646951024,3853.6795318638096,3847.5594621367045,3822.3464284512384,3826.9898583729027,3831.065951641396,3832.6218658614703,3836.774915599576,3836.8268977176826,3845.7975033782573,3839.528252521726,3845.795792089236,3847.6248104094875,3838.6348394216125,3837.5057177510366,3827.2510988139884,3848.3761551349958,3842.4804390074396,3821.116700725157,3844.0051291885097,3838.2734647306816,3834.811775933602,3834.703646432796,3864.41207607557
181,zipkin2.internal.WriteBufferBenchmark.writeUtf8String,15695005.158201527,15618919.777290883,15616206.217077108,15680365.355729572,15581605.494615842,15533268.934762523,15539169.944940839,15619875.959711384,15649145.881941658,15580463.877726672,15565522.952660002,15614557.179202044,15555784.149280155,15531217.861152088,15570500.44662623,15615653.094244624,15585901.545066396,15580818.650495974,15539980.105927877,15571162.021479255,15613212.711998565,15568532.763877166,15567544.807253001,15578623.360400286,15653533.476350535,15637930.220157333,15596324.051389445,15571573.218092825,15663522.223554749,15587530.954397898
182,zipkin2.internal.Proto3FieldsBenchmark.writeFixed32Field,100820743.34054604,101326304.49879776,100131049.02760999,100347291.53707212,100566194.28315963,100822005.62918472,100384617.7534277,100947574.17123142,100736862.59452853,100902278.4951727,101774971.20312378,101372632.37231113,100995870.09114802,100962985.73455611,101164664.69823352,100574277.1272488,100327015.23389632,100857709.79548725,101318916.48249817,101425229.1791326,101153124.79497227,101157831.65756878,100678938.73037043,101017224.40329911,101036867.0736281,101323311.41991414,100597685.42134885,101502946.35332984,101342204.35322388,100899522.73306757
183,zipkin2.internal.Proto3FieldsBenchmark.writeFixed32Field,102064578.20203602,101881520.58231045,102086307.52034937,102041935.55419247,101498608.90395962,100986278.14171165,100832632.95644696,101604047.31360301,99816983.90333122,100425755.05914375,99582427.60275318,98986900.30704318,99702380.38842675,100505063.69730806,100585400.80162376,101619534.09173237,100229490.9154206,100838759.313118,99598058.31073508,100391568.43640642,100534994.90380381,100163144.6746972,100826907.49685383,100162020.91208693,100876112.4894988,100768520.47818516,100920954.19792216,100583969.94843438,100854762.46127023,101015231.0050025
184,zipkin2.internal.Proto3FieldsBenchmark.writeFixed32Field,103513921.58561602,102377747.51073521,102964065.8699678,102838683.86118743,104012307.20928603,102689963.68730631,101666362.6421763,102804640.34095885,103095599.717418,102850673.59930731,103771992.92362773,102353720.06725103,103100951.30937317,102436504.20163664,102071446.24387379,102704062.16904274,103194662.16089249,102518914.97802004,103188031.4025364,104232172.8292079,102806225.89528055,101784793.2138222,101960323.64574641,103080734.38553458,102442520.26642923,102767939.40835245,103287934.51331425,104376612.69757847,104256319.56550096,103148050.3916159
185,zipkin2.internal.ThriftCodecBenchmark.benchmarkWriteList,16471.33604916098,16422.080347078485,16516.372723771525,16315.303576440454,16591.053074778785,16571.088904960918,16538.05132392266,16577.59921550401,16523.065141497358,16569.060070360327,16517.65007852968,16565.04674781985,16603.975187424207,16570.075298859374,16623.643881081804,16614.994477149237,16580.906655081195,16450.67922431712,16637.035572279197,16588.45923281747,16606.32365765007,16534.871280081807,16588.9498033548,16575.36466627234,16628.940187755015,16610.950623966768,16597.018863649304,16473.60906729201,16592.193204605424,16583.17994625136
186,zipkin2.collector.InMemoryCollectorMetricsBenchmark.readSpans,277868720.8907604,279542671.57251865,278624788.07358146,283313038.4268577,284856043.0775153,277352334.8258646,275785825.97088563,278318244.65190506,276681052.1573949,277199594.99248767,277280506.3649472,276505747.009549,274507478.5008811,277954708.0753971,275716203.27366006,277917914.93450546,276606983.5190711,277458571.4213823,277318342.5429073,277717198.8264265,276535515.57915086,278178300.51662505,277296414.3131378,276813387.7562768,275684243.6101104,276648848.0163177,275482055.54229057,278674325.56043386,278401442.0085306,280348931.4295668
187,zipkin2.storage.StrictTraceIdBenchmark.benchFilterTracesByIds,3493341.8521343074,3483578.3960010805,3489039.751187311,3491876.1265394315,3485976.5812147153,3483045.7750066645,3492510.250179295,3484347.0165244928,3482967.8436103077,3477494.5109311985,3478545.4349666433,3490622.726508454,3477146.655636686,3477883.033899039,3488949.3358687987,3477858.9626679374,3479073.889550459,3481861.098814983,3486291.4121824307,3488901.320525202,3481519.721803529,3481546.921857874,3481769.722051526,3484457.999342648,3492612.4099206524,3485809.6082302625,3491156.9053481244,3479917.4391490077,3473091.2665535915,3452817.314460276
188,zipkin2.storage.StrictTraceIdBenchmark.benchFilterTracesByIds,283198.96241829457,283446.7556679726,283664.60429643677,283037.32105175627,283499.873301601,282432.18351529096,284062.74221031606,283622.0731154836,283670.4938428135,284319.37773055094,284394.6287651635,284407.22490544233,284305.84348174534,283950.2428219303,284284.6852396141,284153.0337696983,284477.189596692,283810.26600098505,283832.3049149185,283289.3421327273,283468.90056893916,283291.6558298438,283902.0841585833,284227.2169485699,284523.87074739,283289.9780095808,284655.88447236724,283688.9832366886,284366.80097543116,284723.9236075857
189,zipkin2.storage.StrictTraceIdBenchmark.benchFilterTracesByIds,19672.530127566457,19851.825569989844,19730.90576342817,19583.337139676794,19691.1312020072,19906.581317669235,19796.18885751734,19803.463438088835,19943.05430036508,19779.423766047425,19759.11830681881,19824.225553394943,19775.208141340398,19750.204173185146,19756.448597519644,19663.035311824566,19683.274100534447,19688.151597575412,19691.892311365595,19802.454481983932,19814.648403203122,19759.62150952463,19773.863062195513,19731.96117144021,19716.351555279165,19782.57565455287,19799.61705614748,19801.01261196616,19777.172641759706,19745.5612141387
190,zipkin2.storage.StrictTraceIdBenchmark.benchFilterTracesByIds,2883737.860888705,2886369.597451696,2886585.702544823,2887191.241370969,2891703.834887424,2902220.480210617,2891432.282192457,2895539.988714151,2895757.800162226,2904029.715015919,2896746.8536293074,2897865.207161875,2904336.0906468234,2891381.696221148,2893225.387305899,2901648.145391717,2887653.6304993755,2891451.159243342,2893178.437050446,2893024.102106626,2894670.4192096456,2910940.7383129015,2907126.535594256,2909154.0728914496,2900961.684986184,2889492.3975974903,2887075.8061988824,2885301.210171865,2896017.0588311646,2887504.4554686267
191,zipkin2.storage.StrictTraceIdBenchmark.benchFilterTracesByIds,235942.13906847185,235937.32957981812,236544.41545683012,237417.40002325227,236928.8654579323,236970.10253889082,235893.29552332344,236542.35658062354,237416.9907345328,236984.1271131665,236526.42740401629,237504.8323134727,237505.51331728155,237688.1754886458,237374.85376610764,237754.4658175998,237550.24085249958,236686.39242603866,237507.58056501838,236979.36230943602,236868.1693318431,236796.5011116512,236001.02535300786,235672.48766214843,237205.13346997884,235874.61298064952,236061.5102027091,237053.61588771327,237626.8181769046,237989.3192462221
192,zipkin2.storage.StrictTraceIdBenchmark.benchFilterTracesByIds,17810.676773579784,17839.35531847577,17889.867821825028,17860.706616930336,17703.01087967312,17611.100413876058,17671.952335977712,17677.54151359154,17706.939938626696,17700.927235304905,17694.705999689548,17732.80331352393,17680.789088047695,17712.64670065413,17744.990221331456,17622.47999061089,17645.908529973785,17713.587539114153,17699.374468707527,17789.45496667873,17649.3270311603,17751.192604755564,17789.132317282092,17759.283164294357,17739.085177638302,17756.237143020204,17641.882563158448,17704.62211254563,17740.73162639237,17567.837971830384
193,zipkin2.storage.StrictTraceIdBenchmark.benchFilterTracesByIds,1376126.9012550006,1387103.515447134,1385428.0301418141,1389521.06066114,1389914.1039525503,1394061.5206356253,1393498.3303474183,1388297.367047011,1383188.8109306053,1383758.1748966284,1388662.904148442,1392691.1260919075,1390853.0849710142,1391389.2637783817,1377927.3434972104,1380953.2491046654,1384707.1376824016,1390160.0956615354,1391664.6463077152,1388353.1355198463,1387220.3427662125,1395187.1147326357,1387552.4547339885,1382790.5363971565,1386746.0095878905,1396908.3280789596,1396521.9556836719,1400326.5555659675,1397534.938760971,1386354.2993111212
194,zipkin2.storage.StrictTraceIdBenchmark.benchFilterTracesByIds,139621.58287115733,139911.35646129565,140065.80432845134,139702.30804358923,139295.2801179125,139929.3551098855,140129.64329899102,138831.05469952256,139815.17999716758,137733.02748272926,138127.35096370667,138193.23955300247,137372.64363872493,137203.27348443173,137146.10806605138,137784.92148040398,138101.93938867617,137640.90406083205,138224.85860595954,137882.04048617723,137668.04050884067,137076.49939423232,137325.90437775647,137220.5261468229,137239.94326166427,137208.22317511865,138229.26994276626,139475.0559915388,139855.0857766877,139805.41401842993
195,zipkin2.storage.StrictTraceIdBenchmark.benchFilterTracesByIds,10570.732590303887,10557.397362643746,10596.355603826665,10489.21025687055,10594.11682145118,10702.247603275193,10606.224791030023,10544.382420330447,10595.813989348544,10536.512139120834,10576.049879406984,10576.500114789222,10539.880422281904,10556.753764661327,10584.265229723487,10584.206417371239,10551.133836321109,10654.599591393506,10579.230117686646,10591.561414033406,10566.355103648959,10623.635192210491,10620.102420803702,10455.267524867742,10601.144243833205,10607.457927077552,10559.412337025207,10621.457774580607,10531.862632558723,10551.786776659994
196,zipkin2.internal.ThriftEndpointCodecBenchmark.benchRead,12189935.291184232,12226792.34581143,12241516.589780774,12154992.212788325,12232077.849513924,12268639.367808005,12298911.053937143,12217496.150068782,12263040.320831722,12211799.987935413,12132103.150859285,12237535.477441944,12377705.227845374,12165690.641263759,12228844.630965471,12244160.62123339,12170355.24940091,12089831.168522842,12181896.38005064,12157773.10389739,12180676.50092283,12238931.436818711,12115990.290705731,12239301.597424544,12301783.163437495,12170755.48290937,12166354.438321538,12110500.966037016,12109480.278253634,12092228.1484679
197,zipkin2.elasticsearch.internal.JsonReadersBenchmark.benchmarkCheckStartObjectTrue,12444750.088632286,12495869.872306483,12749569.642944392,12485853.224409472,12486182.97974896,12482514.440180983,12158544.451427573,12213284.833338443,12459221.015766887,12476398.275827361,12475202.169007989,12462802.233975414,12409652.507029109,12183408.968621448,12346277.033655519,12523426.087368809,12426187.15517717,12493221.24320862,12558599.034371024,12454005.168975675,12295264.146025868,12511869.462717347,12563578.31840605,12369974.439707965,12277952.912978513,12446869.105850177,12551735.71783485,12209444.95368914,12371563.004401622,12440505.355529455
198,zipkin2.elasticsearch.internal.BulkCallBuilderBenchmark.serializeBulkPayload,1550758.6440611626,1576604.0975157216,1559910.4044004101,1529128.3562294096,1528072.8775507577,1579027.9836601622,1527187.3031938302,1528268.069666136,1527864.651402732,1527354.082332678,1528796.8057440699,1526164.963920634,1526925.0893586394,1535958.746592585,1532608.1064259352,1551470.4440713266,1527210.8785513893,1534590.7581232397,1527220.3225727994,1528833.6620511983,1527551.6446732837,1526090.5784893658,1526770.5466177978,1529094.2683740002,1527556.720949425,1525893.2041189503,1535326.6486798413,1560102.1940690374,1530841.398487511,1527388.7502110847
199,zipkin2.internal.V1JsonSpanReaderBenchmark.parseSingleSpan,280028.63866768556,279583.55489530106,279515.1649068777,278840.8968616624,279968.44891983585,277485.6526929604,276437.7060395057,277938.2686064351,279575.82856123056,278599.7908160163,277748.88969690853,279127.59976907494,277090.97131042177,277748.8572367524,280614.0915979108,279817.783582471,279312.2314584397,279523.25953180745,278596.28953669907,280280.2099731783,279588.8384986896,279444.81320961803,280794.83440960466,278726.4840066535,278864.97704480274,279450.39928160526,279931.1102060251,280174.61550208,279868.609111932,278028.1215936864
200,zipkin2.internal.DependencyLinkerBenchmark.benchmarkLink,11174909.155896015,10986639.13528231,10989918.282742921,11003494.392517248,10920378.621378085,11016083.762924429,10853306.575270562,10944519.745167125,11053980.345150705,10939088.238266053,10973574.591971166,11144643.0926593,11070621.037829334,11048226.748186884,11046316.281547077,11077298.35549983,10962713.55799789,10973671.810062831,10930952.547937531,10794894.031549765,10795891.50457246,10881238.70731301,10587374.086525211,10774759.33215398,10775626.256414207,10501254.564644767,10533870.746412002,10566428.688631415,10957302.286061982,10989904.459880646
201,zipkin2.internal.DependencyLinkerBenchmark.benchmarkLink,8698888.122173699,8735855.058160799,8691256.546229066,8763444.608218592,8743290.275546644,8784115.206004487,8789611.58338175,8762437.511594646,8770947.787814036,8778757.41844286,8795034.473811533,8827986.956441762,8664866.032264857,8711142.203639058,8677142.380197452,8647521.610047823,8697205.095787719,8646390.06955904,8635488.343953764,8703075.843280016,8695233.626644569,8803194.687082225,8634984.889125856,8661694.001491418,8778111.09071913,8814338.88786282,8947385.423387451,8893244.427121056,8923187.141575724,8911907.24172656
202,zipkin2.internal.DependencyLinkerBenchmark.benchmarkLink,8648621.116909241,8655655.905104406,8650154.72880865,8675260.80432776,8596862.87339774,8715820.869255546,8587116.52528371,8581153.087792436,8500197.433428327,8528215.537842268,8502167.457338449,8473901.192725036,8585214.74080275,8558469.00546299,8634528.660793934,8602800.910283677,8503415.396656947,8613501.092624778,8636165.41204215,8762125.913468514,8855639.198318494,8813107.636244219,8837900.0604987,8846712.783944827,8922632.77137906,8841089.74086937,8889293.958400605,8885909.787021862,8909478.265397485,8893249.862921445
203,zipkin2.internal.ReadBufferBenchmark.byteBufferReadInt,65145368.09810175,63624113.63302478,63869540.524229296,63600921.10044862,64887399.07803028,64230366.62963061,63376944.91648752,64354469.153480664,63495255.73347461,64560753.660961,64927107.33613736,68514741.22752555,65301634.159658186,63803059.59591865,64239318.616040066,64416994.5440569,63811400.17363973,64412641.73404122,64373674.33829957,63985866.2706531,64896747.58799688,64209389.69140898,64626441.944754384,65984716.781021155,69481095.72707884,65233576.41088744,63182416.146721505,64234438.827018425,65664691.02865965,64453220.75673691
204,zipkin2.internal.ReadBufferBenchmark.byteBufferReadBytesAsHex,26125929.875060145,26244534.030756477,26179490.667423885,26296167.829730332,26074661.699277233,26073116.835053045,26110624.60204485,26051254.188976157,26160397.751572426,26109796.570375063,26180002.740802716,26807478.93973125,26720114.76601557,26145301.802926023,26021969.820552934,26036041.073053405,26202728.018741023,26232092.007519443,26124325.699268468,26159974.64859453,26031661.463093974,26134845.1928604,26060440.166278202,26313677.095556997,27010839.834171202,26457968.52879342,26146328.439212818,26152801.041998524,26328994.924652703,26188230.613781787
205,zipkin2.codec.DependencyLinkBytesEncoderBenchmark.encodeSingle,15440539.876481349,15530903.900785198,15448635.015274106,15339685.935283681,15110108.570873456,15384904.498437196,15475003.704931557,15287839.371781783,15290074.05721903,15318678.233984878,15291332.359818572,15367807.31312539,15336165.13139304,15332675.170694973,15496667.085984142,15291547.366000546,15392078.802196756,15356172.529321851,15362252.201517371,15300587.917010786,15369450.287616868,15294580.592551837,15392438.010946661,15477163.129917968,15320171.35273686,15357744.990669804,15381338.591790976,15345349.725872673,15310637.797657622,15358354.04971538
206,zipkin2.codec.DependencyLinkBytesEncoderBenchmark.encodeSingle,15472607.260366354,15358160.527936915,15311504.454751363,15314423.124108063,15342915.041742966,15161625.571787264,15277634.582831945,15404883.692224309,15228523.663587786,15232011.896535868,15307471.313164337,15369974.361879589,15377641.283776164,15371149.572539248,15202379.826100472,15248711.565928595,15366372.60409894,15374283.045685913,15408810.461544922,15347955.260276482,15313005.169708142,15304192.187921269,15235838.293384537,15275341.464910224,15244945.294498976,15236683.914267993,15307402.419773737,15196728.61814457,15152210.455638759,15254924.461382223
207,zipkin2.codec.DependencyLinkBytesEncoderBenchmark.encodeSingle,15391566.517194675,15502957.820629288,15475250.258234622,14797286.495325282,15423801.037347978,15481862.716005502,15416358.28038369,14490903.91861097,14568796.82050074,14274531.81455657,14400559.387323912,15404104.121195853,15153530.433401544,15435428.255542494,14111717.390024286,12887233.999248812,12330058.747088823,12165767.8978792,13879667.498177512,13259907.93290675,13263779.560467046,13813706.658920262,14023103.155568073,14305018.884135364,14313413.90259668,13039605.34773671,12194157.060616227,12535428.796826169,12786028.654285625,13016069.659578744
208,zipkin2.internal.SpanNodeBenchmark.buildTree,1353090.090118206,1349990.3753179614,1337361.1179253638,1357176.5696974127,1350411.917784672,1336023.1900231456,1328711.6287285252,1348417.145701167,1343988.4400650247,1347782.0514593113,1356690.20092737,1340352.0736602016,1344419.5681958767,1358674.2713990363,1349407.587734117,1356555.735091843,1346567.5556066493,1358806.1769792938,1362365.5859454111,1351159.38685115,1336063.5048578712,1341224.6074018155,1342571.7882296748,1349878.803991736,1341095.7834894932,1351688.6968259711,1349102.5849813528,1234755.9960546247,1147205.300176404,1153875.0245595481
209,zipkin2.internal.SpanNodeBenchmark.buildTree,114059.88350174588,113613.69151387771,113847.21899797037,113501.1997030409,114850.13586704576,113234.77127120178,114765.16199849614,113340.41592696005,113962.70629558212,114242.56810861414,112918.97419186123,114065.1002282883,113158.49189724842,113497.80506280407,113413.16107297414,111454.21958366706,112672.55265887079,113720.61526977629,113585.9514237844,113150.72882140023,112697.78279807502,113313.70542366372,103796.7127944957,104460.020399277,100585.17313650285,102915.18446875604,100028.98562651814,99579.66419727202,101792.35979527874,99880.79410661977
210,zipkin2.internal.SpanNodeBenchmark.buildTree,10440.002353375112,10368.033232741212,10381.495781131407,10316.391951858357,10395.681557290814,10403.417252582596,10458.967825383248,10540.12261444016,10379.813255190908,10295.672125983223,10411.593541799723,10468.50042222285,10512.967111494263,10469.083934217588,10509.21708434565,10418.046092445637,10454.99368594774,10609.650622195266,10516.831537948809,10457.019591671164,10455.496426425405,10263.526291050446,10421.111548134964,10404.859138410051,10448.208401938635,9522.989001395656,9519.472916304097,9586.913936867748,9551.07193189145,9430.333643194439
211,zipkin2.internal.SpanNodeBenchmark.buildTree,1655.741174539596,1647.0650188360823,1674.485855815915,1650.603983791001,1659.2596914219976,1664.3201967653897,1668.6284615181298,1676.0381552234803,1664.9028406823102,1674.807475856228,1666.3283280458895,1574.0617128314132,1575.333055970093,1554.5768954700907,1577.1937874288737,1536.013456956933,1531.3588812907587,1558.439681713716,1544.559031485629,1537.3158083755875,1550.7687059490452,1534.1872811638636,1558.6620647462287,1550.0243648329908,1541.1948289619208,1563.6863808047203,1549.339457714277,1550.817958784726,1551.0630727623743,1532.8614492521865
212,zipkin2.internal.SpanNodeBenchmark.buildTree,661.9974723518653,669.7201915736807,672.1274508645621,672.195361985842,666.6213943789267,636.3139123408081,615.0720298552723,623.5513030826738,612.2627028447683,616.133541259064,612.786815756306,620.6900559378072,609.9649575131908,628.1149608954998,618.3385057948702,618.3804433969997,621.077037909505,617.9435106939699,611.9491574281534,621.5794002183101,617.5573546500223,619.5176008492643,625.8136183107538,613.8320053708364,624.8562580663944,621.4644554913382,615.5404030648092,614.1425967489639,614.8443152709302,612.3557607118951
213,zipkin2.internal.JsonCodecBenchmark.writeSingle,47808461.72020723,47063512.4127644,47402788.55003084,47727343.03157648,47719499.425544746,48190083.33586609,48197627.50627808,48781816.22486268,48175090.631392874,47903088.04091397,47663993.830044806,47545631.343541205,47912502.60188035,47566954.34925599,47586938.23165271,48064236.59459393,47842735.20879964,47832338.28565742,47820341.54804227,47542524.561926834,47931334.17906297,47807094.968209006,47505608.04445329,47776595.514469564,47913426.29291163,47850152.31678506,47601379.078584634,47558744.998028636,47443341.856172785,47783294.13962136
214,zipkin2.internal.JsonCodecBenchmark.writeSingle,39478019.84408459,39330264.42209369,39347137.35047581,39098639.53498336,39336435.20424132,39489129.838428624,40140353.23499087,39545506.04789958,39256632.361971386,39581946.46585015,39593226.367934495,39384055.316858396,39673425.94192451,39465670.643545896,39213326.12946243,39485259.595222,39486658.39700414,39227956.35129334,39712572.840086855,39924806.171942316,39208612.19447157,39164967.78533162,39499016.94599654,39323925.50932748,39360105.19107652,39321133.895679995,39196817.53069409,39411094.40686386,39545507.4050131,39325208.50599405
215,zipkin2.internal.WriteBufferBenchmark.writeAsciiLong,14651543.597826542,14737707.840273155,14766628.545183087,14715842.308119046,14684814.270316012,14614510.497338502,14746903.02096121,14704014.328859074,14818465.148728408,14765568.666022971,14595322.360367045,14729129.76773258,14632818.983132444,14771625.495546663,14612263.08406816,14608997.628697896,14620370.434463603,14701872.01971201,14746926.539878478,14787871.07298567,14685816.185162144,14694070.430612333,14623198.449077055,14882665.108338445,14657684.020734122,14640767.060449872,14784836.218483573,14712000.941258613,14578681.9439059,14622833.20184777
216,zipkin2.internal.Proto3FieldsBenchmark.sizeHexField,101432453.12852432,101810188.1533227,101495056.37406108,102356729.22707117,102190723.1654012,101842208.64574076,102049108.76961106,101613546.5760948,101958836.19321077,101238317.45080759,102242251.98732473,101527850.38180253,101784129.97022198,102296540.5219106,101923171.22589861,100793168.065127,101927681.8113658,101283908.44980556,101518367.58889438,101534490.91179165,101298574.96690868,101540266.13688374,101467652.99015905,101236841.12422904,102184911.23039082,102272169.9639729,102190844.05275735,101953347.86158447,102564902.37412988,102173338.20841995
217,zipkin2.internal.Proto3FieldsBenchmark.sizeHexField,101599368.36726613,101559272.548502,101532146.51643917,102468962.41565368,101591205.47184792,101571978.82124922,101392183.81554694,100684822.6918382,101279136.73405169,101575467.27650325,100613028.52623741,101375174.74295492,101091794.26268578,101022235.55841354,100880264.52674915,100962915.89767766,100980563.60635929,101186650.87324268,101443116.47010298,101306821.71471334,101246034.30585322,101248278.61863977,101082530.2312489,101129814.62168983,100405417.29191911,100970834.14224812,101504035.48089826,101168777.41921696,101922455.49496238,102195332.5536827
218,zipkin2.internal.Proto3FieldsBenchmark.sizeHexField,101395229.04964107,101080974.27706859,101126357.55575985,102076142.3990416,100726858.59265126,100928023.76709753,101534193.65713656,101137737.1188378,100598825.74094544,101248854.6407168,101023930.00267087,100867600.50737596,100988577.2716639,101948848.0333455,101729118.94844164,101582356.96381135,100650773.3205329,101363439.00199719,100425011.52160148,101529566.43686502,101263831.78413309,101239646.89319998,102182522.29353678,101697819.55878073,102042497.11884363,101350795.44717972,101691662.04305664,100913577.52893552,100806454.552343,101462320.40955742
219,zipkin2.codec.DependencyLinkBytesEncoderBenchmark.encodeList,1105678.5645785148,1088371.1575937483,1088491.6486158865,1081703.208497075,1085406.6724162376,1086961.8437565812,1079251.2176740696,1082546.473703559,1091655.573680312,1087408.6347257963,1084100.3853559976,1089974.2964522438,1090567.2194171601,1079921.6487424881,1084443.5959908864,1081639.4725853687,1084971.6483986657,1083276.4417816035,1080707.4971189178,1088537.5390407587,1101017.1762133352,1086099.9228268503,1087691.0647084452,1085092.5658760872,1089735.7327125936,1084793.6226909582,1083068.880912468,1090152.8075582436,1093516.5378020774,1093292.7627927416
220,zipkin2.codec.DependencyLinkBytesEncoderBenchmark.encodeList,96618.2468619107,97149.86700193008,97624.68859060417,97623.17964809561,97501.68528063704,97620.72482378829,97171.07242992983,97264.5699256704,96460.14169308136,96680.95463658753,96868.78492502833,96957.11649535543,97448.1892619225,97002.58036843325,97964.86108258412,97739.50456922685,97493.95742201294,97424.44147485068,96912.21309548801,97093.10617806984,97933.16572514031,97258.74303888815,96976.83971874724,97110.41700309243,97978.53417423043,97165.92143096038,96807.78179599586,96939.26825142067,97302.45152230684,96664.57285922761
221,zipkin2.codec.DependencyLinkBytesEncoderBenchmark.encodeList,9785.658073137114,9807.641256098135,9786.947002798075,9759.386558695343,9769.28923536168,9807.88404709568,9796.95903391481,9732.094613506011,9708.715808742547,9895.39025594782,9858.68184061964,9807.524423915012,9763.018494461696,9789.394291017637,9757.07675332992,9835.726037420729,9855.156201526026,9807.450155114504,9907.657026636709,9920.645783342306,9873.651529216579,9889.21847484237,9906.863841227232,9800.391072301505,9886.631871262274,9876.072251648753,9882.353101165998,9785.86292187193,9979.545381810132,9904.227945623183
222,zipkin2.EndpointBenchmark.writeIpv4FromBytes,39216394.346447445,39402627.74734262,39131810.31697047,39036884.05023863,38890236.09261999,39070533.02919446,39063092.92870587,39150911.01258809,38931101.54206278,39028461.26323584,38991608.34880022,39054782.42659345,39152120.13390321,39115129.95424605,39385751.199146576,39095463.688112095,39211486.20501115,39308239.964616865,39258028.15631613,39308017.516498916,39253909.80733149,39161869.47609692,39021476.65516825,39091003.098920345,39143786.51690906,39305953.64959007,39498770.87998182,39577245.1049715,39335674.32937201,39498296.04704449
223,zipkin2.internal.Proto3SpanWriterBenchmark.writeListReuse,488179.12037067424,488523.7658341429,485772.48132583464,484919.7651802931,485127.563269788,484706.21033758175,486315.51144313783,488176.0899103601,487983.1151543949,488082.62141080335,487861.71473921294,487744.506038578,486953.40243310283,487448.4881618835,488547.83277470135,487806.1897297183,487762.0007824439,488122.9428499414,487897.4448553953,486652.0632582124,488457.30565722653,486998.94886054564,488543.4805323131,487734.8077658572,488499.4682729507,486691.8572633336,487709.9031327202,489187.7814549162,489774.21571769804,489132.2899530425
224,zipkin2.internal.Proto3SpanWriterBenchmark.writeListReuse,51536.87933055896,51758.95912733195,50936.38805023397,51310.69695902376,51375.21003630712,51476.77175199405,51614.93501941601,51576.076117748504,51164.49188543109,51049.408395267164,51359.180505367534,51138.80216994134,51103.923499001554,51282.330058512394,51463.580542687945,51665.11372842156,51210.54638864076,51531.59074353797,51093.35888209267,50847.67329097494,51038.31236054661,51026.199059422164,50850.687840447514,51211.48828134575,51221.758689505026,51672.62435109546,51234.69192708041,51526.01655751863,51501.60831008313,51379.50110735409
225,zipkin2.internal.Proto3SpanWriterBenchmark.writeListReuse,4987.128504281005,4999.5951887458905,5000.950735634303,5002.923510942303,5027.714833042384,4997.312319851665,4956.623788448514,4977.4490704325835,4985.907022805839,4963.717430457837,4927.885766680042,4948.393273555415,4949.149597944897,4969.673631593266,4949.804314436233,4944.931148187388,4912.854977433921,4961.76399369564,4948.937292015573,4943.96562845518,4969.996247652833,5003.2434795664285,4991.409903589827,5006.732285017988,4997.11683758878,4999.576960795463,4966.193830545206,5008.269619000113,5009.561963901876,4998.156257359074
226,zipkin2.codec.SpanBytesEncoderBenchmark.encodeThrift,1801772.1185441364,1798704.5303786797,1796485.1505741223,1802018.8018790898,1801455.996261831,1804017.3194094473,1803351.4858774652,1805181.9902957107,1804098.4894777893,1804533.4039832202,1798722.3266892517,1799464.8643495182,1797829.954575491,1798857.6900132038,1798366.499179265,1799589.635540785,1800275.0636483494,1802063.2086193974,1801537.532629732,1801684.6914465784,1800461.6965105091,1800447.5755001951,1799406.1058370224,1799126.175255807,1795125.2816454961,1798826.4271112005,1799687.4616334147,1800429.586689071,1801446.1640038032,1803800.7524961694
227,zipkin2.codec.SpanBytesEncoderBenchmark.encodeThrift,1806766.656309739,1805775.9022171309,1809113.680687617,1807928.2457828934,1802145.7827799683,1807107.7236513053,1808437.5418497357,1807820.5667396092,1806839.3657422087,1805748.6451958015,1806196.3711972265,1809140.927348423,1808913.978563426,1806109.7603397323,1807684.7004166082,1800734.7798516355,1805934.639665631,1806927.1326933277,1806712.568985551,1803089.2649813306,1805926.772442168,1807235.5151021734,1806896.6582168976,1805356.3998575362,1806923.2726967367,1807400.4822617122,1809358.1252262902,1807280.634793475,1806394.2961895121,1805907.8029800302
228,zipkin2.codec.SpanBytesEncoderBenchmark.encodeThrift,1811824.6532709522,1813484.6896396081,1810962.8254706722,1810595.0472146017,1814081.9634647134,1815549.5741348236,1811288.1268572428,1810378.083505207,1815390.7813121448,1815149.9719134516,1810232.1250687295,1809190.5749681196,1808558.6071489828,1813510.8136551767,1811214.3874426256,1810544.376822307,1806475.107387054,1807979.0828229263,1809076.2244381458,1814370.4757370173,1810861.9660121105,1811221.8192268405,1812736.3146301117,1810507.1609692858,1812137.9085951897,1811012.963729618,1810823.4471223105,1809027.2545294396,1812588.1857362485,1806442.4697965812
229,zipkin2.internal.V1ThriftSpanReaderBenchmark.readSpan,3107672.13590409,3071250.8022565143,3132649.013196221,3119757.1499953247,3108339.2588831256,3111670.828109185,3096435.572851355,3122151.183950973,3108135.40268714,3106808.3266850244,3116479.4915725384,3108794.184396136,3114578.654600948,3127407.083444237,3105532.5665769307,3092696.158151137,3096604.5324476757,3131007.5260252417,3135487.553607012,3117951.012815819,3119689.1817943053,3109217.5396852377,3126638.728676251,3112592.2027711635,3096814.0318187512,3117093.3966363375,3110053.999456109,3098104.1636155415,3090340.5043255743,3115353.8241688632
230,zipkin2.internal.Proto3FieldsBenchmark.writeVarintInt,77603596.3074742,77975149.31472006,78342941.3801647,78598192.26133509,78899044.72127372,79089327.2879569,79325905.43684666,79459721.92499386,79116215.97927183,79204473.30153821,78743569.79837313,79379587.86370401,79005915.09093037,78837437.59909776,78894161.40272053,79124149.2848364,79161922.1236606,79405366.39047228,78940257.56992884,78942930.11968103,78878173.3655679,79263355.47735596,78874969.42601053,79023277.66539142,78876276.66475603,78619778.78748445,79168667.61347923,77865252.60507844,78230733.15609598,78568814.42088754
231,zipkin2.internal.Proto3FieldsBenchmark.writeVarintInt,35344602.27650837,37988144.606889285,39500229.837370425,39797607.49505029,39762795.19044679,39911219.27322779,31868013.478353795,29637198.449404996,29422981.961110625,29481924.8239761,28537596.84629818,28705077.50096749,28791670.593776673,28014002.11282424,27872826.041772008,27941159.588622227,27195686.807813562,28551966.560993344,28122108.30657637,26996345.620513663,28304014.175245322,27532438.267657388,27383789.28593537,27639082.7698207,27500257.534039233,27354496.345773496,27312964.886869248,27179143.215420958,27433657.34329807,27047460.00111695
232,zipkin2.internal.Proto3FieldsBenchmark.writeVarintInt,6809379.080191797,6902693.990652907,7056493.010822779,6819912.222367565,6564091.330480272,6558203.456582456,6676103.561385002,6535207.840546369,6582595.154292038,6846404.34170257,6768802.42926839,7112767.746662036,8264644.583936417,9220524.026722694,9731765.09661046,9994534.852256363,9905594.032518284,10194651.746298209,10270413.439753555,10351713.824393122,10442452.203519773,10512362.910019975,10509312.293166691,10524124.025252763,10560063.230694687,10622579.331511075,10632599.970391612,10612655.431858476,10628068.972064631,10593710.404216468
233,zipkin2.internal.HexCodecBenchmark.lowerHexToUnsignedLongWithIndex,98458455.85565741,99607299.5663217,99226767.87898064,97567267.50495099,98242383.59903008,98536830.82656957,98066868.48548521,98314423.41116798,98699005.36827834,98977537.833746,98053662.64501624,98120755.43570547,98622276.55290012,98578070.36927438,100986100.7346284,99818522.64010125,98599063.94309579,96691168.25779395,97748055.72502354,97900973.99293813,97877829.90995567,98122476.53976904,97843197.53872696,97590969.82146211,98801426.96314313,98872508.56047744,99368316.71526793,101052791.02205594,100022694.18375167,98506021.27462275
234,zipkin2.internal.HexCodecBenchmark.lowerHexToUnsignedLongWithIndex,83794858.84900503,83012541.61965129,83181947.78948294,83427933.98227638,83980945.78422338,83680606.44893529,83928388.93961737,83942931.77883497,83546966.9475893,84988182.51685226,84111337.8455435,83868417.62187938,83598956.77021314,83473166.92479706,83281770.91597942,83061229.73886728,84203318.98977956,85525421.42154394,83866807.18295936,83615751.74136372,83478169.99241845,83521732.61429434,83334395.72175492,84434964.15752515,84093979.37360057,83549935.36640829,83078012.26872848,83739338.13139464,83792331.11650297,85325920.8820471
235,zipkin2.internal.HexCodecBenchmark.lowerHexToUnsignedLongWithIndex,52922193.103435546,53249022.165499285,52827633.306086056,52990268.62997541,53180207.34678281,53259668.28155579,53107099.898237504,53085069.452268146,52935989.16456629,52978558.3480214,53388752.84839484,53089531.11673838,53065335.07542263,53371533.66479209,53540016.95321814,53142846.64704253,53182886.48083148,53309978.48852874,53334749.485277854,52767519.822314665,53153353.74570556,52935276.262455896,52970622.95344859,53193274.00135663,52933595.20084081,52738023.35726977,53105651.03535427,52922470.08424122,53281621.564789966,52899625.85478648
236,zipkin2.internal.HexCodecBenchmark.lowerHexToUnsignedLongWithIndex,53458756.03113614,52833197.78341638,52871040.30927476,53187547.570760876,52752138.53221685,53001231.811654,52848961.86299556,53024347.2730462,53370580.94849423,53536138.29228194,53350079.352260165,53293690.09992752,53386614.61533731,53141283.28628799,53044159.673377,53266428.49001634,52867692.315415315,53238618.78980118,53168930.39574728,53576399.55798345,52981069.27925916,53364989.4239599,53326500.57480143,53036338.46493879,53003549.921494484,53291858.319906965,53031845.35093665,53065639.01008276,53123113.794955134,53208967.43221056
237,zipkin2.collector.InMemoryCollectorMetricsBenchmark.incrementMessages,15877557.737101618,15891586.212656882,15974334.71950318,15867289.295205161,15890328.051324522,15882986.580603931,15842716.411892675,15874176.568385359,15948414.94097183,15829407.27995658,15860495.83496808,15787616.242827274,15858955.433873197,15843278.935345408,15781836.644785978,15863587.172832564,15870375.574633649,15902566.941339117,15897270.314250644,15944809.943811957,15943268.624730607,15993720.72684791,16041485.439501151,15964185.83446427,16064455.147346392,15814746.374145025,15761219.662569998,15691091.785840617,15481754.431012994,15627265.217287054
238,zipkin2.CallBenchmark.baselineErrorHandlingSuccess,122560273.18328398,121504032.24999209,122879970.94661339,122222655.80335565,122860226.60230441,122541036.09593423,122598437.04584712,122358197.3676955,123005161.16628294,122991610.78672914,122583753.50304529,120508786.1843515,121640714.5541677,122027769.22194818,122349999.0790777,120688708.40259685,122681622.25894558,122866707.0436791,121244710.32989489,122185386.54746075,122857344.15465394,123276046.81850518,122365278.63309157,123706956.7415561,123842551.81320602,122322027.95719641,122143715.16440299,122422582.77345772,123629934.0360799,123230973.37933376
239,zipkin2.internal.Proto3SpanWriterBenchmark.writeListAllocate,525162.5632438017,525783.0502530858,525262.2832863231,527992.6426154893,527073.1495132784,524650.7291640386,526804.918042516,524845.8458430704,524096.5146633814,523240.54652964795,521402.79560689133,523858.37882338127,520963.7337596503,523444.21759435156,527261.3461969147,522977.9153117251,521912.828726264,524534.3828394127,524506.2831050607,524615.3731567962,527548.236627233,524819.3490216209,524867.571979525,524555.0936792826,521703.748512616,521191.0801010615,515993.78291237116,523941.6180825485,524279.5103261032,523744.4906894891
240,zipkin2.internal.Proto3SpanWriterBenchmark.writeListAllocate,48605.92175660345,48980.848411273,49140.50867449122,48999.67236856348,49137.194699466745,49101.72030532966,48828.19936096925,49186.46432938461,49114.91055347523,48911.0427268032,48872.34852847528,48819.728685445305,48914.53740641701,48788.44158291184,48879.6962299757,48961.10262055915,48947.49286318886,48956.130952832485,49065.63444763201,49011.31584627636,48436.10480738102,48826.328028025,49112.20045723733,48837.81513645877,49123.09544846637,49243.57976591597,49446.42853848386,49314.51139215912,49358.39669008338,49463.6456163491
241,zipkin2.internal.Proto3SpanWriterBenchmark.writeListAllocate,4808.268301771178,4798.869933314883,4835.511884088372,4817.174866117183,4820.820706734615,4775.911956513979,4800.478058422142,4842.576337523959,4811.824750299337,4852.704072400257,4862.447484954732,4900.002384014627,4882.740648414701,4884.733484056376,4854.183526330871,4772.4506956973755,4829.082353625752,4822.472696367961,4842.2182529163765,4844.441076671149,4803.229782891394,4849.13983048203,4869.13901936204,4857.950808931992,4839.319790049631,4792.513559873672,4817.223415413201,4840.370451738306,4887.981212739773,4844.765616702817
242,zipkin2.storage.InMemoryStorageBenchmark.benchmarkGetTrace,7129129.434306459,7132508.739764202,7136147.380473925,7195803.22067135,7138256.395958159,7182442.032030764,7211303.557366894,7261065.235225289,7256185.063219141,7273642.505466629,7308228.384227911,7270993.890807805,7324842.89676955,7235648.974092642,7258903.324116387,7195261.387645255,7198516.209626864,7248137.465900787,7275229.41288739,7324935.591497023,7370230.686374979,7288540.998816716,7306160.310590894,7250704.4422684405,7376214.957480217,7303184.937839858,7216597.245382872,7260469.425382218,7240421.98172155,7225802.023957611
243,zipkin2.storage.InMemoryStorageBenchmark.benchmarkGetTrace,7241506.452700542,7342062.736030407,7369402.776155839,7309801.713249992,7426683.819120862,7479715.826047469,7325597.806086954,7333607.790570121,7361943.558987361,7238680.804388142,7302325.625579886,7346338.2426981535,7397198.232556096,7290947.826607348,7396389.44963053,7392563.448686238,7402653.810519018,7328984.854523509,7375562.430648872,7359578.591995253,7365809.613652327,7341934.026170719,7352238.962388723,7312686.7238914445,7335946.516011579,7304879.961694996,7354602.523748438,7292864.876826887,7327856.522070884,7319919.493693134
244,zipkin2.storage.InMemoryStorageBenchmark.benchmarkGetTrace,7489897.539385803,7612973.373092839,7620200.979577931,7571071.625798774,7582538.779327227,7476239.333868628,7600539.18181806,7624322.114979428,7526980.720206396,7550757.165334211,7665212.227762873,7637747.829509916,7632597.651255402,7532267.933577072,7625098.537745456,7555545.822538058,7664529.4158752775,7619803.077691315,7533362.563922113,7447018.0943514025,7526568.672557076,7596927.577223909,7641201.369640823,7513408.107089051,7600589.056386564,7419326.89075242,7522442.141034992,7537145.913029361,7559705.380717177,7560067.846742727
245,zipkin2.internal.JsonCodecBenchmark.readSingle,792388.8184091565,808492.4644751941,813074.8368032699,814249.8287572667,817219.6517176724,822566.3889140233,825486.279251215,829226.372785464,830361.5859678008,829777.408498021,831225.079077134,830920.829719789,831063.9821099417,828331.076496788,825741.5072068652,832129.956144852,834563.627728267,835767.2806268078,840026.5448820172,830378.0860684877,833676.4317296417,839046.774695677,838484.2610919671,843001.4541498354,837489.3693917086,836601.4004145565,839267.943493065,842067.7759895818,839038.1190887926,835716.549463342
246,zipkin2.internal.JsonCodecBenchmark.readSingle,766519.1203223926,778150.1643975129,787605.3377804862,794873.9037061917,795081.261841619,797775.3199090683,799515.1658148348,808140.6259977872,804302.5587082141,811192.6238896722,807061.5385230589,808753.9603545626,807138.8419292347,802411.3841683023,798655.8055516853,809394.3830251528,810456.381738466,816702.1300398124,817260.8906304814,814603.9568560147,811827.6592680912,812804.4358206438,812503.5643270018,815037.7196618824,812795.4188618911,809532.7309296865,813011.1673308678,817919.1777213173,815722.4576266673,816818.7750195229
247,zipkin2.EndpointBenchmark.parseInetAddressIpv6,5142295.571048807,5128150.4567145575,5150362.311953202,5150657.105064479,5142124.356051107,5156024.769126382,5153368.320910211,5150048.353805257,5141993.83854826,5138180.350680797,5137285.612522078,5145995.906680774,5137716.07212488,5130230.596664955,5133790.638743485,5143396.532997024,5153447.220012248,5142495.454764045,5147188.013520878,5136537.133413459,5153127.934712814,5145464.464129358,5148530.087994519,5149014.187547006,5142910.964108591,5123119.461763952,5130450.029294096,5144351.863999415,5158209.504209232,5156368.353814568
248,zipkin2.internal.WriteBufferBenchmark.varintSizeInBytesInt,36048755.00516691,35872219.23570188,35828384.1116851,35723263.36396337,35959962.506167345,35820006.6847073,35729754.34134571,35948590.010451324,35814586.51135788,36054135.61900461,35945424.00255955,35873571.26929036,35928891.92017028,35900187.35283197,36012304.921108626,35928884.25967676,35473175.50230458,35741189.243566126,35639370.93246512,35721768.124407396,36010871.658143185,36046079.42470609,35785874.967857465,35909978.91648523,36324669.998148866,36077438.77598399,35860694.61610683,36041382.77257187,35750102.950975835,35760052.85892451
249,zipkin2.codec.DependencyLinkBytesEncoderBenchmark.encodeSingleBlackhole,12724379.347225316,12711888.317255491,12678217.729849698,12703143.680363316,12696654.150896125,12717945.383087274,12722598.86888195,12724934.696306316,12672816.27067124,12727298.86118135,12710206.757739507,12690573.761361295,12682940.587150658,12700522.087915955,12726471.092491653,12728448.047387064,12730336.130757252,12788905.69307242,12799315.310645625,12735152.242457915,12766059.045954816,12708776.656277524,12630878.000233665,12707781.660427434,12713852.736437883,12729774.324068394,12713574.162808768,12601452.683243457,12617362.860967776,12668526.674309107
250,zipkin2.codec.DependencyLinkBytesEncoderBenchmark.encodeSingleBlackhole,12673366.79266555,12619462.910811719,12606870.882820457,12620554.003280433,12689585.144353174,12635483.743421141,12593268.316496711,12637276.087590901,12638190.507052163,12604273.583849965,12581806.909417138,12640530.312164435,12664286.732072828,12681081.990139853,12655074.749627948,12631456.433252143,12646873.153202197,12632482.359516885,12719962.926826352,12684602.016173227,12668512.482477698,12655783.419510836,12648298.99293344,12627453.652319435,12645553.27536547,12679480.975002851,12578418.996584408,12622938.216288446,12641786.063632661,12682811.764978696
251,zipkin2.codec.DependencyLinkBytesEncoderBenchmark.encodeSingleBlackhole,12684124.64687507,12641481.581516162,12679694.121979252,12787151.915996151,12705476.916745972,12750480.06245119,12711498.532505395,12786687.433946332,12771534.891342165,12774586.156877313,12728011.56034848,12716820.560833326,12750789.117330542,12746174.012572447,12726986.24851211,12770681.598601928,12778376.088644933,12738526.286798617,12682113.64950244,12693971.73070388,12686816.323297512,12600600.425615784,12650227.355234228,12701474.037718415,12727171.431905845,12691960.056063887,12722986.001217736,12731531.768703468,12743142.11715856,12863259.700802092
252,zipkin2.storage.cassandra.internal.HostAndPortBenchmark.parseIpv6WithPort,6452098.036999341,6446250.972790458,6508270.452833108,6489004.80890524,6502929.997814082,6498667.839294551,6502427.745995589,6447854.810612004,6443287.138422491,6479391.711466917,6502067.29412152,6488662.789407028,6505630.760466958,6455700.7667695265,6446412.835662424,6502762.138068094,6499441.038282634,6484685.679976895,6508288.559451103,6499574.213072794,6484825.205793117,6478541.423999251,6448312.3504185,6489165.320789677,6540358.459045028,6524782.721459795,6561303.880987132,6564215.119145394,6577530.186350453,6586476.891477942
253,zipkin2.v1.V2SpanConverterBenchmark.convertSpan,6764485.171691092,6688192.333906436,6749250.300584552,6780005.017931596,6730994.762557425,6738124.627352175,6823200.231148224,6806880.982409952,6814979.457276776,6799729.321551066,6724691.62076032,6784004.713158686,6802252.590916467,6806303.727691909,6832804.641103773,6822289.211696842,6795591.55709121,6723277.952886356,6743295.277754464,6676932.885828265,6688768.789373213,6685998.555885578,6641471.974181371,6695265.634460548,6691235.5173400715,6654609.007455389,6628658.841903678,6682287.841254257,6686394.395912697,6695330.290189623
254,zipkin2.elasticsearch.internal.JsonReadersBenchmark.benchmarkEnterPathDouble,5380064.483361865,5386383.678887363,5355047.540906381,5374088.468825599,5345493.261610433,5404920.547555254,5386809.632890943,5403102.64336314,5381709.710784002,5359544.384244195,5355310.600628825,5324943.380830241,5348694.541230885,5354069.625921073,5369336.518432291,5345978.42912834,5373490.636461305,5353869.721888769,5316302.023125326,5302122.936858564,5273634.55837227,5249616.691674371,5366988.370625258,5300767.104999643,5381371.936948868,5385361.229733137,5298845.793217463,4879751.124666089,5019238.494837478,5122330.35514551
255,zipkin2.EndpointBenchmark.parseEmbeddedIpv4String,14812785.560548162,14978131.337871486,14802503.96676519,14742042.686206715,14748863.756350389,14866764.760562127,14766599.933375536,14769160.781888034,14776775.655873341,14731729.7937595,14759694.406397222,14780207.674732074,14772172.924615474,14784668.714934692,14777952.098911755,14725026.948823662,14752873.431872815,14757530.472608842,14860507.514789721,14752317.75144873,14752317.268273676,14729492.495821206,14744328.805985967,14744114.856653674,14731075.61257866,14732056.688868733,14879093.148097973,14998737.133843249,14747669.856614556,14756956.786157912
256,zipkin2.storage.cassandra.CassandraUtilBenchmark.benchmarkTraceIdsSortedByDescTimestamp,6145.4640663697,6140.726953613793,6204.808503032779,6203.585880191438,6224.767921977565,6215.099264308921,6202.029680052497,6224.246772776793,6204.732943894993,6217.350311761822,6168.184041774034,5927.5946355132555,5848.880758867969,5811.044641016838,5820.1439906822825,5581.649784965892,5811.140160457298,5784.800152509131,5806.131489821095,5786.523670730997,5761.701174274491,5752.181706134848,5815.976173002433,5771.189961548187,5819.602829565691,5777.612559079401,5808.979188087277,5851.902148045614,5838.104697454122,5828.509414362593
257,zipkin2.SpanBytesDecoderDetectorBenchmark.detectJsonV2,13244281.880572092,13231778.756592846,12987911.23927007,12994448.282755574,12954799.372988757,13130195.387388323,12919956.440344367,12843657.371007258,13005176.082096789,13066510.60451254,13054830.195812091,12969218.045379953,12973290.403768117,12980870.27801133,12826609.914285846,13117060.937515141,12999874.40599594,12868771.442172805,12961251.054791786,12809554.158063982,12824307.969897637,13030158.805758253,12976846.681108594,12748554.98899836,12924920.680558292,13087375.123380087,13044334.67187017,12934169.482043283,13078299.09585297,13002056.639129171
258,zipkin2.internal.ThriftCodecBenchmark.benchmarkSizeInBytes,5083789.771124818,5131285.441100556,5056450.479905363,5084298.8020014595,5160535.788165879,5053843.483035094,5119299.218455571,5158443.011878511,5052902.7273542145,5016414.274346097,5089268.12826668,4979172.132126109,5167842.938881538,5038995.970506378,5049502.91477428,5133803.249404344,5163751.57634089,5103068.776171993,4991107.829833905,5036755.898937518,5106483.21272675,5050052.979401946,5019796.321340381,4960738.486716782,5012813.023063297,5018253.886363677,4958613.421168322,4968217.312391338,4980162.535112441,4956751.106668818
259,zipkin2.SpanBenchmark.normalizeTraceId32,40317850.48772312,38757220.70047105,39384001.3517929,39840537.67364862,40229717.825650804,39752880.7352799,39907775.58127322,40074258.60993217,40458573.12050807,39296546.468362875,39330548.56702471,39606036.47674629,39506531.83679208,38186926.43183026,39442589.2664399,39794790.66491307,40600149.70962829,40063382.62589586,39738069.41602722,39762525.1304138,38617269.04950823,39542052.803635925,39839788.79662144,38855939.139855765,38987815.955761336,39571552.57375716,38215970.92437894,39711107.932346895,39520639.854927115,38919135.46943334
260,zipkin2.internal.ThriftCodecBenchmark.benchmarkWriteSingle,1820824.100039975,1869982.0915068265,1849005.3613092396,1865328.8124095195,1839595.6775655174,1806381.2106222862,1884041.1959774003,1881313.5562925462,1855019.7775902145,1849253.5585448225,1837418.9800978184,1864829.7700273711,1828000.5249074379,1832829.3136134483,1838372.1215109015,1834309.8019752437,1860524.9167188695,1857794.4970527713,1820412.690561679,1820247.9741553871,1757515.899912056,1782045.0547129284,1750468.4450693144,1765918.4540085376,1763793.2728866073,1772747.7292317569,1772255.8725232563,1789824.8519016758,1770471.3153869114,1753293.0468571843
261,zipkin2.codec.DependencyLinkBytesDecoderBenchmark.decodeOne,532652.891178739,532554.3150578488,532049.7811485694,529814.4740269261,529471.3382373332,532708.4121511047,532951.2235778796,531621.6558041485,531142.2300091502,532179.8911641581,532104.704937511,531912.2656169055,526454.5211776347,531250.8155238393,530433.5187280646,529068.2440827977,526882.6380781218,531588.0265749656,531001.9720753327,530104.4894744814,531189.8101665532,529619.6471855954,530730.5994665659,527675.9092938955,530702.6404983773,529404.2704611197,525586.0342180654,529175.3207780654,529553.0611043256,530384.2113650739
262,zipkin2.SpanBytesDecoderDetectorBenchmark.detectThrift,95921437.79241781,96015066.21127178,96008324.80560698,96435794.58123355,96095361.04174557,96646915.89400063,96987773.2280774,96215349.05340444,96121756.91969001,96490860.08943775,96631146.84287925,97473585.57684638,98283763.64508629,97521521.79548754,97599742.82176694,96429823.13226463,96879539.12824807,96919526.00346081,97178662.64687611,96411288.93717873,96515401.62509423,96906474.40103106,96802189.8343661,97501001.51268932,98100298.87638085,97718837.62935683,97466277.0602814,96741491.6023179,97155324.59616308,97040788.94962072
263,zipkin2.storage.cassandra.CassandraUtilBenchmark.benchmarkGetDays,2129453.3124411986,2125899.8607682562,2156691.1261317884,2182440.2200719086,2159068.2629464786,2117231.3264340316,2127355.400668291,2114619.7186408592,2131652.983995898,2149573.856101349,2108500.636336814,2134691.444243397,2130788.244806764,2130101.1351283453,2048105.7855720706,2073527.2147157034,2059084.397231355,2081799.0732494136,2017922.1720472774,2074934.7582886766,2081385.7997583104,2113119.222469431,2150777.4039001805,2093822.0141415535,2116638.451217128,2135064.690506182,2092730.4483517616,2082982.8042063348,2141105.336750291,2021894.1119327717
264,zipkin2.server.internal.elasticsearch.InitialEndpointSupplierBenchmark.benchmarkGet,4338.310665903231,5065.522524100349,4447.785203059078,5016.046423237459,3729.9110867316003,3931.6494901950664,5388.813206756294,4687.338255647082,3772.4662927579648,3411.4545629986496,3255.9176420569283,4146.6533024680275,4167.329618353614,3122.524836758332,2987.261599756031,1712.3205283877094,545.6134679587518,533.8068259080144,515.6484698909617,514.0221379094048,541.0653311247835,347.55545985103157,514.4099193526907,586.2209091425176,332.737711384624,273.2455771588318,335.0075463553563,540.1984337916768,549.954727176904,605.5753337645662
265,zipkin2.server.internal.elasticsearch.InitialEndpointSupplierBenchmark.benchmarkGet,4205.190028564769,5154.585860360655,4458.134077553032,5168.328172552959,5686.857303917671,4082.1089029783197,4614.653609944506,3969.2849986321867,4603.194385191515,3919.373115941597,4062.469835499058,3890.7116970554753,3332.644174200526,3306.70330280934,972.8845128542121,808.9028030480886,574.3218091098498,256.6467734806745,483.6120163993721,523.3839682565729,542.8500764716887,515.540588892723,490.7218039206957,526.2440588474133,453.4626954752218,521.0686315186756,493.3347789973088,387.6696726772095,556.5421822788934,317.8982476451047
266,zipkin2.server.internal.elasticsearch.InitialEndpointSupplierBenchmark.benchmarkGet,3793.4964317187782,3698.2775447516888,4972.917604472553,3935.3026972341067,5088.477189499642,6061.843687399477,4347.69713618135,4843.716783730181,4018.41897717998,3741.3942414313133,3556.91940376323,4017.727549859389,4285.361665098361,3692.3769963065442,2805.1638044406495,427.27028034697,628.0562448948643,436.84274633854943,517.9607862247965,571.2689133644745,423.6383758667018,536.188110338562,619.4053559925186,644.7344447295726,432.4806345510527,171.81949768827255,481.71098066189495,482.19967618479785,550.9019824174843,720.9525172733657
267,zipkin2.server.internal.elasticsearch.InitialEndpointSupplierBenchmark.benchmarkGet,3097.0416595235297,4179.236161405562,4318.376380250729,3881.1390560958785,4343.7070069519295,5100.557171661689,5401.013431987928,4335.863238901374,4378.531667874273,4879.45958033364,3354.7223879873814,3878.7484092941518,3319.942773886864,3104.6420502948113,2480.7831166723377,2948.7682274504937,340.1547542890842,566.5332349673101,583.7493462032312,507.55546617339496,607.9041449533513,500.7482763452226,538.4429538191927,557.8962960049134,525.0192991844187,275.58030122956467,596.7692973444168,385.6698452733732,512.8502267069423,385.1598290039221
268,zipkin2.server.internal.elasticsearch.InitialEndpointSupplierBenchmark.benchmarkGet,7818.833918446733,9786.84831014707,10375.199749850963,7785.641463885772,7622.8075493839015,9859.038118287148,10313.569794912652,9122.448237450259,9324.428636310882,6965.430715644182,7576.752748410928,6138.105622767812,8633.062102268554,8162.268032289669,3693.5198423736238,348.95209969422706,813.8612469709607,580.8261732470015,509.54700208579675,1168.9851120680585,1233.1139471273982,1112.0438314971093,780.7898418253844,1205.7017828629557,902.9299064901671,785.2545628117001,984.7869536934381,1019.5152702854527,1215.9609506300314,711.8207884391986
269,zipkin2.server.internal.elasticsearch.InitialEndpointSupplierBenchmark.benchmarkGet,9353.47035038794,11932.129841187187,7785.426857735978,7334.636822791385,8702.892633639465,10397.475082443947,9654.007569117606,12439.634708267444,8908.258907521302,10113.354824137554,8129.957838038652,7008.780772819545,6994.241145818402,4990.859556580362,546.7274885810839,790.136343839775,333.2504943265001,1123.2769422025913,1105.3291703684006,1087.5047945003507,1138.81712508117,630.7859056216025,375.0008191477169,1111.8931770867978,1048.2987177565012,1101.8016120526192,1084.4393264317687,1034.7596643847496,1193.1537306603009,667.8234811327003
270,zipkin2.collector.InMemoryCollectorMetricsBenchmark.readMessages,283457863.7989705,281871631.33108187,283027723.5338415,281773838.6289108,285019160.8453212,284129623.63105595,281690197.0710579,283394202.83765984,280236754.5867083,282580833.099177,281337210.6783634,284019506.9976533,280496143.97209066,281093085.0858376,282904045.1241188,282517547.4545154,285369365.45518947,289124634.4561732,285450753.51445377,283530365.9476908,284055289.093053,281514232.39763117,284368738.812382,281676111.6270005,292690992.9653352,288308092.5083414,281157411.4370439,282105887.5489795,282691672.57568884,282912662.7286233
271,zipkin2.internal.Proto3FieldsBenchmark.writeVarintLong,54698155.16071927,54792143.62315979,55657706.86331813,55338368.25178629,55002102.36886037,54862110.193704136,54762964.02022003,55375880.92925688,55323481.62767344,55561669.49449634,55940559.54906702,55634715.864853725,55862680.91745039,55594873.866739616,55959776.97795894,55670362.2711415,55537739.05072142,55758667.42260825,55904867.189683616,55893217.857694834,55618812.87201687,55805518.16181009,55802493.59524297,56270387.17516137,55859886.66239195,55528306.454029016,55793966.97100818,55844505.73202904,55837358.15163728,55739360.89615373
272,zipkin2.internal.Proto3FieldsBenchmark.writeVarintLong,26493452.786045842,26547206.044930954,26836796.287141282,27108982.521470115,27124351.955700155,27200656.691620648,27288565.197494145,27296282.96095639,27193893.621386394,27350466.06135172,27280085.92075193,26893475.46309837,27057241.025759093,27241308.87213706,27079466.781932253,27054278.85976286,27135380.72037151,27129364.72695456,27217562.06452668,27182663.52238622,27269062.17759653,27139510.472936254,27186742.17418629,27113127.472897924,27103216.674346317,27207842.43176725,27173303.453700326,27137914.432962615,27323192.264870163,27158038.43708935
273,zipkin2.internal.Proto3FieldsBenchmark.writeVarintLong,8104019.409729209,7902806.839591613,7995038.6833338635,8152225.633760911,8185758.446082191,8164843.264281798,8250217.656920593,8140313.78879923,8106951.521548147,8177390.027769031,7903424.343134833,8013149.478163606,8163513.390408813,8184970.789798068,8174886.7528550215,8136957.140840032,8184101.790130324,8182202.542128213,8176058.53080821,8189362.983823004,8094179.856220382,7995938.891216346,8076557.855101903,8091773.680753339,8118104.6231663255,8176962.836926572,8226343.447647665,8212519.068160571,8180716.193853365,8154675.422215836
274,zipkin2.internal.V2SpanWriterBenchmark.write,2385513.5263233283,2389716.583068923,2387388.1371086813,2385055.6251462903,2381757.217062626,2391995.6325641326,2385846.4936475144,2383193.8507705037,2382695.658356178,2386786.5447657965,2387627.6841304805,2386925.740688479,2387840.468609451,2392308.2103605205,2386865.964157415,2387416.9358192096,2386347.142797025,2388363.2098689238,2386912.848224696,2388225.802044345,2388805.61089404,2387431.3903816193,2389393.2363163466,2385686.0739772147,2385001.692343213,2391696.360003919,2387178.180242093,2388048.0195739972,2389692.918135758,2388834.6569075794
275,zipkin2.codec.SpanBytesEncoderBenchmark.encodeListIntoBufferJsonV1,223587.282731997,223373.89813883058,223591.4527660873,223374.97212687673,222964.43680083455,223172.46779410256,223299.96961630907,223547.60618955048,223611.44978818754,223284.5877531564,223448.59087084286,223168.52310701818,223489.64528659024,223732.79568532488,223473.8653776379,223616.02114590292,223333.31182349593,223524.4034923478,223541.10367856288,223547.24910479024,223132.12552234478,223476.98343365025,223504.8001213009,223468.44089269938,223299.32370477746,223528.45848877958,223561.45955307924,223412.64393530876,223696.23119542713,223317.2505948463
276,zipkin2.codec.SpanBytesEncoderBenchmark.encodeListIntoBufferJsonV1,22521.076677530662,22536.747520256562,22538.009082041797,22693.58957071459,22645.571517348686,22676.171794677517,22683.69542727937,22648.23138697142,22678.95025942934,22688.88191458813,22700.790978573274,22712.119564685076,22710.513596885085,22694.575828609668,22663.99761314688,22682.869349694396,22676.850211923058,22646.306916802285,22664.59481778589,22655.520625133828,22690.480017979684,22689.618520329725,22703.41029009844,22689.232241759404,22707.977763748226,22695.755162856844,22700.137567213296,22698.964756744906,22694.384767182582,22695.332163704155
277,zipkin2.codec.SpanBytesEncoderBenchmark.encodeListIntoBufferJsonV1,2236.2135237037132,2243.6545400231635,2247.4159482856076,2245.3730357141026,2249.015533932301,2247.8825618433298,2249.136680131015,2246.9079284538157,2249.423313095798,2247.68666124099,2246.9264005903865,2246.3933390148654,2245.308664971438,2248.1592693669904,2247.4297304379097,2245.4113025555184,2246.646741759619,2245.940827781263,2246.1554567790286,2247.1525583215107,2250.3839303944474,2248.871569193555,2247.9564873587856,2246.731212311415,2248.6673906115852,2218.745911560884,2227.095921546128,2227.1005720713656,2227.2409718674744,2231.7507603068398
278,zipkin2.EndpointBenchmark.detectFamilyIpv6,29251367.358860377,29854923.358237673,29936575.099026117,30231349.85584286,29769847.8577658,29717743.18271055,29122255.19529488,29507412.2908561,29691447.805466887,29709394.68291153,29505261.24879789,29621504.353772476,29861746.34553463,30358686.14445105,29957186.152317863,29716713.307009157,29681095.903690986,29627192.268006735,29764136.987347998,29785523.15810846,29968882.39383641,29624805.33269107,29635945.88249215,30095454.982163604,29832319.584119625,29998666.93415592,30114939.152472354,29750553.182619773,29777550.550672155,29917143.458831616
279,zipkin2.codec.SpanBytesEncoderBenchmark.encodeListJsonV1,150294.20149941195,148755.63446839526,150049.59106339738,151308.58693220458,150096.70024481058,149411.41293079837,149034.79055922996,149289.45183527737,148516.89615095136,150204.53781198247,149533.44339730192,150083.8996717669,150165.3645941975,150504.4121740037,150590.3053472308,151695.69773635597,150767.68808619582,150063.82499833536,149818.43821644984,150088.70589162086,151685.98042788374,150307.5631504729,152726.54043097247,150693.72042080408,149848.33714353724,151309.0116356991,149047.74867797908,147990.26262509916,147726.9601441279,148237.8029015794
280,zipkin2.codec.SpanBytesEncoderBenchmark.encodeListJsonV1,15170.51105985101,15112.672789962913,15195.365996708277,15283.353417352875,15096.640170136676,15193.804019716588,15265.370654564023,15261.726851484322,15377.9878366325,15496.11071916419,15393.766882303893,15339.634174312754,15302.558437784926,15300.41002309334,15260.591718129173,15247.735924461524,15215.507115303875,15437.579526468466,15247.90948111432,15234.038488426764,15316.964833565653,15248.65751515221,15279.66689490242,15312.1816098295,15194.014060427618,15297.043292318413,15269.439428339707,15216.791862810052,15360.297896143466,15379.263164122543
281,zipkin2.codec.SpanBytesEncoderBenchmark.encodeListJsonV1,1557.1425843502088,1561.274023191956,1575.9646841844071,1571.1581970054174,1567.6419317710804,1564.2203659778504,1561.827077629619,1566.2627695119672,1556.1164090928216,1561.1588975430884,1562.1942889223226,1564.6110861869176,1566.0659716313976,1558.0234480410259,1575.2570819807675,1572.3127389571764,1562.8520291698783,1555.7607131119985,1557.9734653054713,1561.7758523678924,1554.3082333604277,1560.188664449958,1578.7213477885086,1552.9618900124215,1558.371798510815,1561.388591455358,1551.9341843679383,1542.1812004821409,1559.3033453664805,1562.808784094031
282,zipkin2.internal.DependenciesBenchmark.sizeInBytes,86491.2449078847,86971.97302370505,87566.26705680515,87584.81458294753,87581.00770604843,87306.8537848105,85926.6469560652,86426.42290293008,86513.02873052373,86111.87624001507,87411.44542259714,86908.8864627901,87277.71012599189,88181.33265024415,88240.51758797339,87203.54447234674,87347.32889108451,86961.90957265942,87126.42589975674,87877.565280701,87929.43112024969,87796.69032386207,87333.27736569317,87401.81467670239,86791.84702578124,87635.19036426245,87960.60304947084,87424.0340086972,87791.86061377206,87840.375028574
283,zipkin2.internal.Proto3SpanWriterBenchmark.writeSingleSpan,5424158.264017844,5454429.297568371,5458339.811052904,5422400.767780441,5427139.703863748,5452168.120893399,5451820.247970588,5469938.558886557,5443399.539879792,5421908.195166659,5425247.5318140555,5428105.129907272,5415261.281024534,5424535.554478399,5447431.786075345,5407558.0673625935,5447675.368437807,5468661.820737774,5446751.992923177,5481760.24150585,5434592.828166154,5414845.8325286405,5432800.828679412,5386663.327659267,5422243.080395028,5404241.54436838,5406760.04028419,5392185.400326254,5462117.9834071845,5434713.149868459
284,zipkin2.internal.Proto3SpanWriterBenchmark.writeSingleSpan,5772215.137965516,5803278.963594611,5591348.296184431,5715034.902676897,5650914.12005167,5676482.121025118,5838734.69899163,5768552.5917655,5723402.151061071,5915810.8597628195,5874197.791360157,5833486.13981392,5812257.689687173,5623907.5500090895,5805019.886108468,5803480.239418753,5860754.180481322,5657624.292740716,5863700.337656209,5874861.1747360295,5981302.847397819,5679713.9436686635,5625200.765030664,5845369.387161434,5830756.1783614755,5791715.425148488,6015781.652960017,6020840.458712272,5964387.925216934,5922348.96893919
285,zipkin2.internal.Proto3SpanWriterBenchmark.writeSingleSpan,6016877.995938544,6049439.300733957,6068193.371253204,6030008.224715683,5991582.357431654,5942640.265621136,6011664.145275445,5909996.540845462,5933421.610875515,5859422.455188375,5505675.007881477,5817454.875516434,5438032.286413893,6031066.019368027,6003139.20903783,6192407.353032391,6136762.172412731,6151995.2513051955,6109169.232779876,6112227.837094188,6171845.297930382,6227574.190980115,6273111.36780623,6096790.663940908,6252957.157864489,6103898.793465423,5687520.070972305,6027270.066245484,6109389.18656459,6227366.449188322
286,zipkin2.collector.CollectorBenchmark.acceptSpansFromBytes,111865.58039203593,112366.06022470233,113137.99732365565,114197.24475091172,113905.78345683502,114284.13596669941,113120.32187774143,113293.51806654132,112494.78552920636,113148.47666334843,114146.7087255183,112056.46889269545,112113.69371302448,113867.4166741311,113060.39232348179,112882.73537498758,113060.5641197584,112954.85480407924,112696.1260525179,112358.17601407101,112627.36330410586,112488.27263885483,112575.26105598643,114096.88212518045,112493.1746052753,112958.79694035396,112825.22326578977,111783.95792671488,112981.26021590308,112514.90315494275
287,zipkin2.collector.CollectorBenchmark.acceptSpansFromBytes,13562.404610437601,13516.276674723973,13460.999439724268,13405.79415700623,13582.289568692326,13584.158026717188,13469.615431290587,13517.685188832424,13623.426562729122,13567.938360856027,13560.912414824332,13474.648533176069,13563.49935767521,13469.417262655135,13340.312773787458,13517.483780811894,13566.664063456343,13482.549831143688,13324.253949789658,13413.207243348203,13489.055228951422,13513.484732956893,13493.468181938546,13451.057417151493,13479.204093435896,13496.355226181297,13395.944734453544,13491.273157658632,13570.223708493137,13518.98677897889
288,zipkin2.collector.CollectorBenchmark.acceptSpansFromBytes,1140.2198149965946,1129.5639149071912,1158.2039073860542,1250.5890114296399,1255.778969087872,1257.123553572426,1247.4572326055506,1238.1978553499,1245.4484568872128,1234.5609518541312,1238.8732050440833,1237.0505278454134,1244.6837432864033,1244.4911337978458,1243.4942932538308,1241.7390733685131,1233.080271320308,1241.5334391827557,1254.5170736524974,1230.8384204555164,1243.7704346674668,1237.4440275354245,1247.6760346792153,1257.0935111262204,1260.6406480800615,1256.5234245390175,1260.4013673289817,1252.2253370919402,1258.3484925846612,1260.2920775562397
289,zipkin2.codec.DependencyLinkBytesEncoderBenchmark.encodeListBlackhole,1047612.2462624932,1040874.9041572522,1045339.748007678,1042756.8237790794,1043202.6854322215,1040600.2971051194,1044844.1285824178,1040865.1043730304,1039885.5214161933,1041506.6094517559,1042009.1342127082,1044609.9250309226,1048553.7292194251,1049851.8477207632,1053832.7883844352,1052858.8846442467,1048802.657641544,1044224.4153175913,1043786.2280974993,1041176.6253149165,1040932.5992917075,1039664.9824771996,1047215.2261711998,1044493.4765523993,1044797.4515256588,1045478.4380521897,1042382.2328270405,1041195.2958755674,1044379.8488922456,1044985.1341512899
290,zipkin2.codec.DependencyLinkBytesEncoderBenchmark.encodeListBlackhole,92917.23250971716,92999.07298308064,92938.51798393873,93405.23185331213,92821.97264640675,93085.78178637376,93256.24105408994,96264.31409322761,95621.74127016864,93615.76295772837,93901.9471362246,92951.1843533573,93055.91237526832,93365.0875360068,93736.55750652106,93702.51349654993,92864.66030822134,92826.44094142786,92794.31448821147,92821.70179827652,92850.36221565875,93005.52569017009,93128.27116677407,93018.36924243817,93137.98882623522,93602.005209798,93739.09446302803,93150.32965998261,92888.95194990629,92853.37834702994
291,zipkin2.codec.DependencyLinkBytesEncoderBenchmark.encodeListBlackhole,9442.184893946845,9347.886105355692,9459.430069338323,9262.627985072235,9222.98680878412,9312.384442075994,9346.002398357998,9300.508096126796,9297.883751864054,9180.49612846999,9285.130614650288,9409.101553119997,9324.987651365605,9283.118734972251,9292.324262179654,9283.155882635592,9272.24945776764,9338.902520192534,9344.750223760324,9464.051408663257,9350.357050748476,9345.744773019536,9394.987380075214,9311.555419786482,9574.562145698515,9441.358015978987,9668.039035592019,9672.073488414366,9543.049111500432,9705.462802633874
